Actual,Predicted
0.455751,0.45381913
0.4600812,0.46600917
0.4549391,0.44862732
0.43355885,0.44559506
0.41190797,0.41577017
0.39648172,0.4005331
0.39350474,0.39659825
0.39783493,0.4272631
0.41407308,0.44525447
0.44627875,0.44784296
0.48092017,0.46569934
0.46035182,0.48053077
0.4075778,0.41509464
0.33991882,0.3456129
0.2798376,0.28484643
0.2397835,0.24178612
0.21759135,0.22070491
0.20838971,0.20877478
0.20866035,0.21378115
0.21677943,0.22090928
0.24221921,0.24325553
0.28687415,0.29221052
0.34533152,0.35224771
0.40947226,0.40497276
0.45087957,0.45181936
0.45981055,0.46409747
0.45818675,0.45418957
0.45304465,0.4513054
0.43491206,0.43986204
0.41840324,0.42182368
0.4127199,0.41498145
0.4224628,0.44354412
0.44682002,0.47213137
0.48064953,0.4864596
0.53504735,0.49905398
0.51637346,0.53023887
0.44221923,0.45101175
0.3602165,0.36173487
0.2993234,0.29888952
0.2630582,0.26407436
0.2481732,0.2477239
0.24952638,0.2470366
0.2549391,0.2652061
0.28200272,0.2845655
0.36265224,0.36002535
0.49688768,0.4964879
0.5564276,0.55365413
0.55372125,0.5585326
0.541272,0.553329
0.5339648,0.532758
0.5185386,0.52437
0.4993234,0.50276625
0.48443842,0.49262342
0.46359947,0.4772698
0.4562923,0.45659158
0.4668471,0.4884382
0.4963464,0.52241576
0.5345061,0.5445516
0.5615697,0.5530275
0.53207034,0.5496296
0.45602164,0.4695633
0.36265224,0.3675635
0.29391068,0.29457903
0.24871448,0.25797674
0.23112313,0.22954062
0.22273342,0.22979224
0.22246279,0.23391892
0.25087956,0.24894066
0.31637347,0.3296524
0.41028416,0.44412002
0.47090665,0.45442554
0.51447904,0.47924396
0.54695535,0.533326
0.5715832,0.5602839
0.58078486,0.57186925
0.5734777,0.5690133
0.57023007,0.5685644
0.55399185,0.56329894
0.54018945,0.5383452
0.5423545,0.5642904
0.5599459,0.58030903
0.56914747,0.5918976
0.5853857,0.5714005
0.54343706,0.5734698
0.4633288,0.4714342
0.36806494,0.37471598
0.29824087,0.29863045
0.25304466,0.2631005
0.2338295,0.23466358
0.2270636,0.23003623
0.2278755,0.24137768
0.25439784,0.254065
0.32313937,0.3373916
0.4465494,0.457332
0.49986467,0.50799036
0.5101488,0.5092116
0.5074425,0.5243049
0.51096076,0.5076796
0.511502,0.5058942
0.50284165,0.5014975
0.4939107,0.50217664
0.4803789,0.48589006
0.4714479,0.47214463
0.47631934,0.49549428
0.49797022,0.52038586
0.5185386,0.53698206
0.5631935,0.5314361
0.54343706,0.56139064
0.46982408,0.47652227
0.3759134,0.37700927
0.3052774,0.30447033
0.2654939,0.26610625
0.24709067,0.24714708
0.2397835,0.24242553
0.24221921,0.25101644
0.27117726,0.26845688
0.3534506,0.35071567
0.48903924,0.48927647
0.53721243,0.5416888
0.53315294,0.52962375
0.51962113,0.5368012
0.51285523,0.51214457
0.49688768,0.5026525
0.47658998,0.48043403
0.467659,0.4717935
0.45006767,0.46256042
0.43572396,0.4455505
0.43897158,0.46060762
0.46116373,0.48567024
0.49066305,0.5064924
0.535318,0.5152801
0.5188092,0.5393646
0.44925576,0.45966154
0.3623816,0.36478633
0.2933694,0.29508042
0.24979702,0.25627065
0.23058186,0.23312707
0.22598106,0.22637643
0.2240866,0.23689494
0.25196213,0.24724427
0.3217862,0.32915613
0.45250338,0.45074144
0.508525,0.51070505
0.5133965,0.5078671
0.51096076,0.5183808
0.49418133,0.50682473
0.48173207,0.4778091
0.46495265,0.46896902
0.45602164,0.46065176
0.44330177,0.4490982
0.43653587,0.43780497
0.4368065,0.46373627
0.44763193,0.47391668
0.46738836,0.48430166
0.50581867,0.4857303
0.49418133,0.5112432
0.4376184,0.4491454
0.3645467,0.36511153
0.29526386,0.29733023
0.2473613,0.25034752
0.22192152,0.22610742
0.21461435,0.2135771
0.21407308,0.22164449
0.22895806,0.22688548
0.258728,0.26373208
0.31474966,0.3194532
0.3729364,0.37781727
0.43355885,0.42575082
0.46143436,0.4664203
0.46495265,0.46949112
0.45439783,0.4546627
0.43410012,0.4435856
0.40838972,0.4173688
0.3948579,0.3943021
0.39133966,0.39564845
0.4,0.42381838
0.41975644,0.4443939
0.4384303,0.45472804
0.47469553,0.45329574
0.45953992,0.47526982
0.40568337,0.41341576
0.33748308,0.33780956
0.27198917,0.27969438
0.22273342,0.23000526
0.19512855,0.1981376
0.1864682,0.18476897
0.18213803,0.19273227
0.1894452,0.19252044
0.21136671,0.21641353
0.25087956,0.26182106
0.3052774,0.31637305
0.3721245,0.3671992
0.40947226,0.4198419
0.4156969,0.42418876
0.40784845,0.41401637
0.3948579,0.4004945
0.37699595,0.38104573
0.3602165,0.3668065
0.35778078,0.35975134
0.3691475,0.39026156
0.39891747,0.41517565
0.4265223,0.4444144
0.47388363,0.44972244
0.455751,0.47266132
0.3772666,0.3940836
0.2968877,0.2991532
0.23058186,0.24025932
0.19594046,0.19667117
0.18240866,0.18208095
0.1797023,0.18544088
0.18782137,0.1954772
0.21677943,0.21945694
0.29526386,0.29716668
0.4224628,0.42962882
0.4803789,0.48395932
0.4811908,0.48733288
0.4811908,0.487517
0.47983763,0.48153517
0.47036535,0.47660744
0.45845738,0.46025768
0.45656294,0.4574985
0.44546685,0.4555324
0.4376184,0.44075093
0.44763193,0.4644576
0.47577807,0.49252114
0.5020298,0.51768863
0.5288227,0.5163648
0.50635993,0.5187161
0.42138025,0.4436604
0.33261165,0.3280186
0.2600812,0.26677716
0.21623816,0.22136556
0.19566983,0.19695176
0.18619756,0.19386762
0.19079837,0.19695121
0.22083898,0.22145784
0.29905277,0.30387032
0.4324763,0.43625143
0.4871448,0.48859936
0.4836265,0.48347822
0.47198918,0.4881537
0.47063598,0.46974805
0.4608931,0.46704987
0.45169148,0.4504762
0.44005412,0.45538995
0.4240866,0.43284652
0.41190797,0.41591117
0.41975644,0.43716076
0.44411367,0.45740378
0.46278754,0.48377636
0.50798374,0.4856963
0.4939107,0.5120348
0.42381597,0.4321095
0.3369418,0.3341009
0.25981057,0.26778916
0.22300406,0.21874937
0.20189445,0.2050759
0.1932341,0.19785501
0.202977,0.20468235
0.2338295,0.23320669
0.31312585,0.31506848
0.44005412,0.44809216
0.4836265,0.48912108
0.47848445,0.47469974
0.47171855,0.48027197
0.467659,0.4710944
0.4600812,0.4608236
0.4376184,0.45020863
0.42760488,0.43428683
0.41244927,0.42258617
0.40838972,0.4070251
0.42949933,0.43608454
0.46305817,0.47364384
0.48092017,0.5064946
0.51447904,0.49831745
0.49418133,0.51357895
0.41975644,0.42920092
0.32828146,0.32930246
0.24682003,0.2580484
0.20324764,0.20397907
0.17889039,0.18259478
0.17023005,0.17349075
0.17374831,0.1821459
0.19945873,0.202336
0.27713126,0.27899945
0.41109607,0.4121341
0.46657646,0.46907052
0.4744249,0.46444425
0.4768606,0.48122337
0.47902572,0.48106644
0.46197563,0.4737753
0.44411367,0.44597802
0.43951285,0.44404158
0.42381597,0.43645993
0.4257104,0.41746283
0.42814615,0.45465082
0.4435724,0.4612894
0.4625169,0.47952652
0.5066306,0.48216322
0.4976996,0.50995934
0.42760488,0.4370053
0.33802435,0.33483952
0.26035184,0.26600406
0.21109608,0.21580818
0.18592693,0.1890375
0.17916103,0.18129349
0.18511502,0.18821499
0.20974289,0.21417117
0.2782138,0.28582865
0.3948579,0.41036007
0.45548037,0.45695928
0.46874154,0.46625045
0.4633288,0.47853318
0.45845738,0.4621704
0.44573748,0.45268092
0.43491206,0.4335771
0.4257104,0.43830976
0.41407308,0.41827458
0.39945874,0.40919253
0.39945874,0.41752586
0.40947226,0.42352608
0.42110962,0.441977
0.44709066,0.44210604
0.43815967,0.45342
0.38078484,0.39531383
0.3090663,0.3104158
0.2414073,0.24578544
0.2,0.19793223
0.17239513,0.18043636
0.15994588,0.16441168
0.15994588,0.16596141
0.17239513,0.1722375
0.20054127,0.20396084
0.25629228,0.2571779
0.32151556,0.32541317
0.3840325,0.3801333
0.4067659,0.41693342
0.40730718,0.41270122
0.39566982,0.39803252
0.37347767,0.38352388
0.3488498,0.35496226
0.33207035,0.33421534
0.32232746,0.33392456
0.32665765,0.3466466
0.3466847,0.36185783
0.36211097,0.38217992
0.40866035,0.38708326
0.41163734,0.41899768
0.36184034,0.37298256
0.2976996,0.29668212
0.22949933,0.24334067
0.18294993,0.18734634
0.1594046,0.16014957
0.14857917,0.15020129
0.15209743,0.15401639
0.16211095,0.1668012
0.18836266,0.18971923
0.23653586,0.24008141
0.30121785,0.30589423
0.36508796,0.36132908
0.38755074,0.403643
0.38294992,0.39271954
0.37185386,0.37577122
0.34857917,0.36157542
0.31339648,0.32877898
0.29066306,0.2965111
0.28606224,0.28691685
0.2993234,0.32008332
0.31962112,0.34277213
0.35426253,0.36454976
0.4075778,0.3963586
0.39539918,0.41863164
0.32963464,0.33811823
0.25439784,0.25688264
0.19675237,0.19832522
0.16129905,0.16517769
0.14533153,0.14300731
0.13964817,0.14666015
0.14451963,0.14801054
0.17374831,0.17392069
0.25899863,0.24983013
0.38917455,0.39231408
0.4541272,0.45076606
0.4633288,0.4580777
0.46955344,0.46403024
0.48389715,0.4696398
0.48010826,0.4844173
0.46792963,0.46233866
0.45683357,0.4652682
0.44871446,0.44500434
0.4435724,0.4463569
0.4495264,0.470266
0.47740188,0.47673884
0.49526387,0.49644095
0.5277402,0.5112827
0.5133965,0.52179086
0.4376184,0.44577685
0.34533152,0.34307706
0.27550745,0.2682934
0.23545332,0.23288327
0.21217862,0.21500663
0.20514208,0.20401031
0.20460081,0.21310213
0.23491204,0.22899768
0.3158322,0.31796083
0.44086602,0.45368955
0.49905276,0.48991325
0.50392425,0.495122
0.50257105,0.50823665
0.50717187,0.50306094
0.4947226,0.5020822
0.48741543,0.47436452
0.4811908,0.4902097
0.47117728,0.4712862
0.46359947,0.46495852
0.47794315,0.49577883
0.5050068,0.51179457
0.52449256,0.5206251
0.5564276,0.5407444
0.54695535,0.55195034
0.45899865,0.48044115
0.3610284,0.35900864
0.28768605,0.2835069
0.24979702,0.24064356
0.2270636,0.22914365
0.21542625,0.21781188
0.21515562,0.22343968
0.24546684,0.23828712
0.32746956,0.32622766
0.45250338,0.46406344
0.50554806,0.5024804
0.5060893,0.5018382
0.4985115,0.51034313
0.4930988,0.49607244
0.48470905,0.48455474
0.47307172,0.4690214
0.46278754,0.47395357
0.4435724,0.45375708
0.43410012,0.4373003
0.4414073,0.46672866
0.4638701,0.47542405
0.48660353,0.4828642
0.5277402,0.5101944
0.5217862,0.5299548
0.44898513,0.4567361
0.36075777,0.35306787
0.2841678,0.2855277
0.24167794,0.2368009
0.22002706,0.21855243
0.21299052,0.21068624
0.21515562,0.22155234
0.24600811,0.23796454
0.32395127,0.324824
0.45277402,0.45681337
0.5052774,0.5016513
0.50392425,0.49675092
0.4985115,0.50455606
0.4925575,0.49606523
0.479567,0.48319167
0.45953992,0.46164975
0.4427605,0.45646018
0.42083898,0.4301956
0.40487143,0.41485766
0.40622464,0.4300494
0.42300406,0.43417755
0.44086602,0.44298932
0.48443842,0.47281268
0.4895805,0.49693924
0.4173207,0.43287328
0.32665765,0.32408136
0.25223276,0.2511617
0.20757781,0.20703273
0.18240866,0.18440661
0.17212449,0.17580149
0.17618403,0.17492971
0.20460081,0.19831795
0.2811908,0.27549207
0.40866035,0.4138116
0.46522328,0.4742206
0.47117728,0.46672934
0.46224627,0.47445565
0.4571042,0.45634606
0.44709066,0.44913533
0.4248985,0.4325078
0.41542625,0.4198908
0.39566982,0.4052851
0.38890392,0.3883119
0.38511503,0.41261587
0.39188093,0.40241838
0.40351826,0.4023255
0.43572396,0.43235716
0.43978348,0.45389047
0.38024357,0.39908192
0.30960757,0.30710202
0.24194857,0.2415803
0.19675237,0.19298235
0.17537212,0.1727852
0.16454668,0.16677874
0.16508795,0.16808194
0.17834912,0.17454745
0.21948579,0.20689246
0.27956697,0.28361744
0.34776726,0.3456536
0.39729363,0.3973545
0.4270636,0.4234223
0.43870094,0.4329581
0.42949933,0.42897454
0.40568337,0.41243157
0.37943166,0.38695905
0.3585927,0.3604413
0.347226,0.3551945
0.34912044,0.37856823
0.36508796,0.37890172
0.38186738,0.38184112
0.4181326,0.40604898
0.42598104,0.43272123
0.37401894,0.3865484
0.30311233,0.31059235
0.2427605,0.24444802
0.20162381,0.20192006
0.1767253,0.18045801
0.16400541,0.16323611
0.16211095,0.16745612
0.17104195,0.16960266
0.19675237,0.1980228
0.23518267,0.24410461
0.29499322,0.29624462
0.36265224,0.3516325
0.40270635,0.4073289
0.4173207,0.4153182
0.4240866,0.41652545
0.41109607,0.41411427
0.38349122,0.39360088
0.36184034,0.36287183
0.3585927,0.35735956
0.37023005,0.39149585
0.39729363,0.39881447
0.41596752,0.41792277
0.44303113,0.43917134
0.4384303,0.4411333
0.35886332,0.37460682
0.27604872,0.27246416
0.21055481,0.2092159
0.16589986,0.16809383
0.14614344,0.14309116
0.14046007,0.14640978
0.14316644,0.14964809
0.17266576,0.17279613
0.25548038,0.25263554
0.3788904,0.39430225
0.43978348,0.44851282
0.44844383,0.45305923
0.45385656,0.45761052
0.46035182,0.4611744
0.44871446,0.46214518
0.43355885,0.43381578
0.4202977,0.43238345
0.40054128,0.4097661
0.38917455,0.39416802
0.38538566,0.41206905
0.3991881,0.4076275
0.41623816,0.41475
0.45899865,0.44668564
0.45737484,0.46775508
0.3805142,0.3992078
0.2893099,0.29094714
0.21948579,0.21718602
0.17780785,0.17799449
0.1518268,0.15492415
0.14370771,0.1434933
0.14451963,0.15092118
0.17239513,0.17024533
0.25142083,0.24883063
0.38024357,0.38521445
0.44709066,0.43826786
0.4600812,0.45011187
0.46820027,0.46559685
0.47415426,0.47195095
0.4714479,0.47066137
0.4625169,0.4565628
0.4541272,0.46422592
0.43626523,0.44070864
0.41623816,0.42634127
0.41542625,0.4318052
0.4292287,0.43434677
0.43572396,0.4421186
0.47117728,0.46048215
0.46738836,0.480792
0.38836265,0.4043529
0.29661706,0.29688495
0.22354533,0.22282988
0.1759134,0.17773345
0.14912044,0.14967705
0.13775373,0.13922706
0.13856563,0.14590575
0.16238159,0.1628294
0.24113667,0.24137741
0.37239513,0.37658685
0.4368065,0.43718556
0.44898513,0.44218412
0.45304465,0.45548904
0.45087957,0.45696542
0.4435724,0.44347024
0.42598104,0.42908457
0.42381597,0.42322066
0.4143437,0.4139168
0.40730718,0.40879765
0.41380244,0.4290721
0.43572396,0.43759784
0.45548037,0.45108107
0.48010826,0.47993234
0.45818675,0.48085386
0.3772666,0.39093655
0.2866035,0.28868473
0.21434371,0.21422577
0.16806495,0.1700639
0.1466847,0.14290659
0.13396482,0.1376969
0.13748309,0.1426075
0.16481732,0.16123061
0.24709067,0.24626164
0.37077132,0.3840581
0.42733425,0.43299347
0.43545333,0.4309636
0.43815967,0.4421333
0.43788904,0.44000638
0.43653587,0.43108627
0.42868742,0.42570457
0.42814615,0.42991635
0.4202977,0.42098507
0.4135318,0.41609222
0.41948578,0.43922183
0.43897158,0.44559148
0.45520973,0.45348248
0.485521,0.4775423
0.473613,0.48769417
0.40189445,0.41094366
0.31258458,0.31212768
0.23707713,0.23890013
0.1962111,0.19143349
0.17131259,0.175145
0.16075778,0.16462398
0.16562922,0.16558152
0.18917456,0.18934447
0.26414073,0.26427108
0.38971582,0.39388844
0.46305817,0.45683703
0.4895805,0.47402164
0.5020298,0.49924695
0.51772666,0.506026
0.52449256,0.5165571
0.5182679,0.5107031
0.51231396,0.51552033
0.49715832,0.49894455
0.4879567,0.484489
0.4917456,0.5148761
0.50121784,0.51074165
0.49959403,0.503788
0.49986467,0.5033634
0.479567,0.49676266
0.41407308,0.42641452
0.33667117,0.33605847
0.2638701,0.26485452
0.21515562,0.21314034
0.1864682,0.19021386
0.17077132,0.17437291
0.16671178,0.17492902
0.17916103,0.1742367
0.20811908,0.20960623
0.25548038,0.26634437
0.31962112,0.3233853
0.38376185,0.38235185
0.42273343,0.42772716
0.42868742,0.43850636
0.41948578,0.41977564
0.3948579,0.40489778
0.3661705,0.37691444
0.34749663,0.34739769
0.3404601,0.3441148
0.34614342,0.3739059
0.36806494,0.37550035
0.37834913,0.38261965
0.39891747,0.39589164
0.3932341,0.4111108
0.3428958,0.35327095
0.27496618,0.28297204
0.21217862,0.21626465
0.16914749,0.16940108
0.14479026,0.14504968
0.13125846,0.13291869
0.12638701,0.13362727
0.13450609,0.13370408
0.15967524,0.15944426
0.19161029,0.2059942
0.24573748,0.2515884
0.3112314,0.3070281
0.36048713,0.35582453
0.3753721,0.3775669
0.37428957,0.37586412
0.36346415,0.36515686
0.34912044,0.3512826
0.3396482,0.33548117
0.34154263,0.34104612
0.35832205,0.37631118
0.38240865,0.39067575
0.38998646,0.39991367
0.4121786,0.41061038
0.4232747,0.41742364
0.35236806,0.3692902
0.27659,0.27141127
0.21650879,0.21414687
0.17997293,0.17512432
0.15859269,0.16186523
0.15290934,0.15654023
0.15832205,0.16303498
0.1856563,0.18814844
0.258728,0.26600638
0.36075777,0.38842425
0.4232747,0.42349637
0.4392422,0.44118574
0.44086602,0.45165834
0.4368065,0.44552904
0.43274695,0.43474483
0.4173207,0.4242248
0.40920162,0.41496837
0.3924222,0.40137717
0.3745602,0.38641688
0.3737483,0.39419538
0.3864682,0.39904776
0.40108255,0.40232173
0.43572396,0.43311885
0.44925576,0.44693777
0.3780785,0.3981689
0.28876862,0.28722438
0.22083898,0.21680728
0.17753722,0.18005563
0.15696888,0.15383677
0.1458728,0.14920598
0.1466847,0.15095934
0.17483085,0.17072357
0.24871448,0.24964476
0.35074425,0.37699562
0.4143437,0.40539733
0.43058187,0.4249039
0.43545333,0.44134158
0.43788904,0.43662074
0.4324763,0.4360699
0.42056835,0.42028573
0.42056835,0.42138517
0.4156969,0.41272688
0.4143437,0.4127058
0.4308525,0.4360793
0.45169148,0.45421356
0.45656294,0.46328756
0.46278754,0.47698152
0.45602164,0.46208373
0.38240865,0.39302102
0.30581868,0.2901008
0.23653586,0.2325818
0.19079837,0.18839276
0.16454668,0.16110572
0.15453315,0.15306674
0.15480378,0.15816322
0.18078485,0.17565957
0.25060892,0.25446287
0.35290933,0.37827525
0.41786197,0.41031185
0.4338295,0.43178734
0.43410012,0.44328886
0.43734777,0.4369962
0.43139377,0.43556175
0.41596752,0.4214026
0.4113667,0.41755006
0.4,0.4025335
0.39188093,0.39771068
0.39296347,0.41072962
0.40162382,0.40995452
0.4105548,0.40919644
0.4338295,0.43802133
0.45439783,0.44907123
0.38917455,0.40474945
0.30175912,0.29606736
0.22625169,0.22797072
0.1797023,0.17933846
0.15967524,0.15335213
0.15074424,0.15011317
0.15399188,0.15749852
0.18457375,0.17559355
0.26116374,0.26328307
0.36346415,0.39177173
0.4257104,0.41656882
0.44627875,0.43397442
0.44898513,0.45226592
0.45169148,0.44864276
0.45223275,0.44448206
0.44221923,0.44106945
0.44411367,0.44189128
0.43139377,0.43427524
0.41975644,0.4216771
0.4248985,0.4334704
0.43951285,0.44106585
0.4541272,0.45112896
0.47415426,0.47886813
0.4714479,0.48162302
0.40189445,0.4099196
0.3104195,0.30569145
0.23815967,0.23156932
0.19079837,0.1910067
0.16644114,0.16278115
0.15426251,0.15802538
0.15426251,0.15466869
0.1759134,0.1741527
0.2414073,0.2446152
0.33829498,0.3643726
0.41082543,0.40686807
0.4368065,0.43607542
0.44682002,0.45138577
0.45764548,0.45518523
0.45520973,0.4594552
0.44167796,0.44810978
0.43301758,0.44208845
0.42110962,0.42252162
0.41109607,0.4171135
0.40920162,0.42307028
0.41028416,0.4115101
0.40920162,0.4081584
0.42354533,0.42862478
0.42598104,0.44048196
0.3686062,0.3853232
0.29364005,0.29499173
0.22273342,0.22065173
0.17428958,0.16814819
0.14749661,0.14383902
0.13342355,0.1338761
0.12611638,0.13243413
0.12990528,0.13089313
0.16048715,0.14969169
0.20703654,0.2180034
0.27361298,0.27592674
0.3396482,0.3383682
0.38673884,0.3784559
0.39864683,0.40655383
0.3907984,0.3902177
0.37077132,0.37932375
0.35020298,0.3549554
0.33585927,0.33200175
0.32990527,0.33431023
0.33558863,0.35446867
0.35074425,0.35556075
0.3548038,0.36055022
0.37266576,0.3740536
0.39729363,0.38930514
0.34939107,0.36292204
0.28606224,0.27999687
0.22733423,0.22535868
0.18294993,0.18217765
0.15751015,0.15542647
0.14695534,0.14250106
0.14695534,0.14704855
0.15588634,0.15116534
0.17861976,0.18203191
0.21055481,0.22714916
0.26792964,0.27142584
0.32963464,0.32773876
0.36211097,0.37260684
0.36671177,0.36989796
0.3610284,0.36346793
0.3466847,0.35127974
0.3285521,0.3336375
0.31339648,0.31409016
0.31096077,0.31329593
0.32286873,0.34330392
0.34993234,0.35464138
0.3669824,0.3723384
0.39566982,0.39784247
0.42083898,0.4085861
0.35967523,0.37293023
0.28281462,0.27849114
0.22083898,0.2201212
0.17997293,0.17882332
0.16238159,0.16104503
0.15696888,0.16115814
0.16346414,0.16729924
0.19485791,0.19252728
0.27388364,0.27505597
0.37699595,0.40404138
0.4419486,0.43363938
0.4533153,0.45413515
0.45683357,0.4582108
0.45656294,0.45914152
0.45223275,0.4539669
0.43707713,0.44024044
0.43031123,0.4342712
0.41190797,0.4222081
0.39539918,0.4043472
0.39431664,0.41650122
0.40784845,0.42010346
0.42381597,0.42607182
0.4511502,0.45450053
0.46955344,0.45850804
0.4,0.42107794
0.3179973,0.3063292
0.25142083,0.24596667
0.21271989,0.20976529
0.19215156,0.19083658
0.18511502,0.18573192
0.1834912,0.19168206
0.21109608,0.2065501
0.28227335,0.28796154
0.38322058,0.40996122
0.44790256,0.43129006
0.4700947,0.45512417
0.47740188,0.47863355
0.4820027,0.47919735
0.48335588,0.47822663
0.47902572,0.4703534
0.47794315,0.48128527
0.47063598,0.46783057
0.46630582,0.4635062
0.47334236,0.49184987
0.49445197,0.49470893
0.5017591,0.5064813
0.5069012,0.51716757
0.49201623,0.5008024
0.41975644,0.42720842
0.329364,0.32500878
0.258728,0.25291318
0.21217862,0.21235712
0.18619756,0.18595183
0.17374831,0.17743917
0.17483085,0.17977886
0.19864681,0.19790171
0.27009472,0.27430344
0.37510148,0.40111932
0.43491206,0.4334571
0.4511502,0.4474707
0.4549391,0.4638848
0.45764548,0.46227238
0.44925576,0.45624927
0.43572396,0.4373226
0.43112314,0.43789122
0.4173207,0.42197272
0.4067659,0.41356865
0.40216509,0.42426956
0.40568337,0.4113026
0.40784845,0.41036206
0.43031123,0.43327066
0.44546685,0.45218617
0.37401894,0.3963258
0.28525034,0.28548545
0.21705006,0.211977
0.17374831,0.17352375
0.15128551,0.14758857
0.13856563,0.1425472
0.13883626,0.14105253
0.15832205,0.16030183
0.22516915,0.22878364
0.33179972,0.34482944
0.4008119,0.3962551
0.42516914,0.41727313
0.43626523,0.43620104
0.44330177,0.44191033
0.43897158,0.4379476
0.4248985,0.42765087
0.41975644,0.42441702
0.40433016,0.40654007
0.38619757,0.39514583
0.38457376,0.39707527
0.38619757,0.39778128
0.38782138,0.3924105
0.40703654,0.41702017
0.4351827,0.43148926
0.37834913,0.39203495
0.29715833,0.28963766
0.2278755,0.22554612
0.18809202,0.18447088
0.16725305,0.16519707
0.15696888,0.16022907
0.15859269,0.1595105
0.1826793,0.17936397
0.25006765,0.2544201
0.35101488,0.37392622
0.41380244,0.41358382
0.4270636,0.4288974
0.43112314,0.43441042
0.4343708,0.43099663
0.42733425,0.42823896
0.41623816,0.41428915
0.40947226,0.41469944
0.39648172,0.39567974
0.38538566,0.38778612
0.38024357,0.39804575
0.38267928,0.38950416
0.37861976,0.3879393
0.3924222,0.40336156
0.4105548,0.41397992
0.36427605,0.3779072
0.29742897,0.29087877
0.23058186,0.22734801
0.18132612,0.18067619
0.15615697,0.15465795
0.14262517,0.1456754
0.14073072,0.1452212
0.15236807,0.14804603
0.18024357,0.17946647
0.2278755,0.233983
0.2893099,0.29266298
0.33234102,0.3460061
0.3488498,0.36137986
0.35128552,0.35133612
0.3396482,0.34354722
0.32395127,0.3273728
0.30690122,0.31272188
0.29391068,0.29291505
0.29066306,0.29767945
0.29824087,0.32001713
0.31231394,0.32257724
0.31853858,0.32559127
0.33640054,0.3466376
0.3631935,0.36242074
0.31691474,0.33134034
0.25087956,0.25146714
0.1902571,0.19026637
0.1466847,0.14605927
0.12341002,0.12074319
0.11041949,0.10873429
0.108254395,0.11056617
0.1158322,0.11415353
0.13504736,0.13862199
0.16535859,0.17344528
0.22219215,0.22210641
0.28010824,0.283698
0.31393775,0.31602687
0.3217862,0.32415122
0.317456,0.32252282
0.3052774,0.30997568
0.28822732,0.2957016
0.27875507,0.27518868
0.27631935,0.28022316
0.28768605,0.30354708
0.31150204,0.30974412
0.32449254,0.32952267
0.34641406,0.3590784
0.37401894,0.37534317
0.30635995,0.3278038
0.22300406,0.22725496
0.14830853,0.15824866
0.105277404,0.10708222
0.08822733,0.08341944
0.085520975,0.08420348
0.08930988,0.093509145
0.117185384,0.118590325
0.18998647,0.18843168
0.30960757,0.31241566
0.3759134,0.38515055
0.38971582,0.3966758
0.39783493,0.4020795
0.4067659,0.40615556
0.408931,0.41067562
0.40243572,0.40368924
0.40135318,0.40432078
0.38890392,0.3926036
0.37916103,0.3830128
0.3805142,0.39114285
0.38836265,0.3943716
0.3916103,0.39639008
0.405954,0.41855568
0.42219216,0.41655207
0.3480379,0.3727065
0.25196213,0.25708026
0.17456022,0.17882814
0.13098782,0.13019988
0.105277404,0.1077067
0.09309878,0.09515849
0.095805146,0.10145543
0.1188092,0.12514564
0.18673883,0.19550611
0.29634643,0.3059088
0.3594046,0.36568904
0.37401894,0.37731963
0.382138,0.3891187
0.38782138,0.3875453
0.38863328,0.38708678
0.38024357,0.38337937
0.382138,0.38136724
0.38836265,0.37397045
0.3788904,0.39094612
0.37320703,0.38789764
0.37239513,0.37750387
0.3737483,0.37392452
0.38511503,0.39893264
0.4127199,0.4041691
0.3518268,0.36732572
0.26143438,0.26410168
0.18917456,0.18671435
0.14614344,0.14284861
0.12097429,0.12589958
0.10690122,0.11585136
0.10987821,0.11634013
0.13477673,0.13686386
0.20270637,0.20740521
0.31474966,0.33720103
0.37943166,0.38306472
0.39188093,0.393061
0.3948579,0.4081396
0.40784845,0.40423372
0.41082543,0.41628045
0.40433016,0.4067352
0.40730718,0.411383
0.39783493,0.4078326
0.38998646,0.39338323
0.38700947,0.4040157
0.38755074,0.40067413
0.38673884,0.3938392
0.39891747,0.40074226
0.4292287,0.442444
0.37050068,0.38466325
0.2744249,0.27756646
0.19485791,0.19220316
0.14533153,0.15059124
0.12286874,0.12276536
0.11339648,0.11992386
0.11474966,0.12363822
0.138295,0.14038578
0.20324764,0.20884657
0.31610283,0.3354966
0.3805142,0.3877125
0.39864683,0.3950438
0.40866035,0.4181914
0.42083898,0.42261562
0.42949933,0.42908332
0.42462787,0.43002895
0.42192152,0.4324445
0.41407308,0.4187807
0.40135318,0.41059002
0.39891747,0.41303733
0.40324762,0.41382462
0.40351826,0.4118853
0.41596752,0.41430104
0.43410012,0.4535406
0.37050068,0.3840129
0.282544,0.27962053
0.20622464,0.20269047
0.16075778,0.16258802
0.13558863,0.13573611
0.12476319,0.13284495
0.12530446,0.12733196
0.15155616,0.14979531
0.21190798,0.21710466
0.32232746,0.34068552
0.38592693,0.39824808
0.40027064,0.40534368
0.40405953,0.41987792
0.40405953,0.41467777
0.40811908,0.40657106
0.40351826,0.40744838
0.4008119,0.4083816
0.38619757,0.39898047
0.37834913,0.3779139
0.36968878,0.39360043
0.3669824,0.37556773
0.3623816,0.36892682
0.36562923,0.36795372
0.3983762,0.40552154
0.35209742,0.37175974
0.28200272,0.27979556
0.20703654,0.20756945
0.15507442,0.15766048
0.12638701,0.12717035
0.11420839,0.115541875
0.10960758,0.11713291
0.11962111,0.1193338
0.1428958,0.14562248
0.18998647,0.20703113
0.26035184,0.26212928
0.31529093,0.32224315
0.3404601,0.355752
0.34451962,0.35390756
0.34154263,0.3446232
0.3328823,0.33937293
0.31691474,0.32700777
0.30852503,0.31391445
0.30473614,0.31321847
0.31096077,0.32796866
0.329364,0.33572814
0.33315292,0.34067005
0.3420839,0.3451453
0.37672532,0.3823339
0.3336942,0.3462256
0.26332882,0.26170665
0.1962111,0.19550139
0.14857917,0.15222347
0.1217862,0.12277245
0.11096076,0.11391049
0.10690122,0.11350543
0.11474966,0.1183842
0.12990528,0.13112211
0.16373478,0.18775313
0.22273342,0.23471346
0.28146145,0.28556916
0.31691474,0.32855815
0.32449254,0.33457363
0.32043302,0.3310802
0.31258458,0.3186714
0.29905277,0.30732173
0.28985116,0.296978
0.29309878,0.29466262
0.3074425,0.32324573
0.32990527,0.3407035
0.3420839,0.34687752
0.35588634,0.35873023
0.38186738,0.39767358
0.31610283,0.3379472
0.22868742,0.23607609
0.16156968,0.16103238
0.12341002,0.12493676
0.10500677,0.10551989
0.10094722,0.10716012
0.102300406,0.11222935
0.12963465,0.13352802
0.19675237,0.1954317
0.31312585,0.32848835
0.38294992,0.3899642
0.40243572,0.40549755
0.40838972,0.42034057
0.4189445,0.41875634
0.4248985,0.42804727
0.41677943,0.42025313
0.41786197,0.4221711
0.40811908,0.41816977
0.40108255,0.40139595
0.4008119,0.41618198
0.40487143,0.4215983
0.40784845,0.4124729
0.41759133,0.41795707
0.4414073,0.44625884
0.37239513,0.39451674
0.27496618,0.2769759
0.19891746,0.19534042
0.15128551,0.15576482
0.12774019,0.13152364
0.11637348,0.12523903
0.11826793,0.12709543
0.14560217,0.14785044
0.21028417,0.22163641
0.32313937,0.34428456
0.38863328,0.39635512
0.40433016,0.40407184
0.41975644,0.42483136
0.43788904,0.43623266
0.44763193,0.4500833
0.4473613,0.44889507
0.44979703,0.4565117
0.44600812,0.452846
0.4419486,0.44314262
0.4405954,0.4563798
0.44032475,0.45017126
0.43545333,0.44278273
0.4392422,0.43611044
0.46630582,0.4740645
0.402977,0.4258046
0.30554804,0.30386448
0.22273342,0.221459
0.16941813,0.17531163
0.14235453,0.141678
0.129364,0.13591202
0.12611638,0.13810569
0.14722598,0.15097013
0.20811908,0.21631783
0.32070366,0.33649787
0.39458728,0.40106466
0.41921514,0.4190726
0.43572396,0.4460227
0.4562923,0.4565574
0.4638701,0.47115862
0.4625169,0.46637294
0.46359947,0.47349587
0.45304465,0.4630672
0.4451962,0.44664368
0.44411367,0.45736924
0.4473613,0.4523195
0.44573748,0.4512793
0.4511502,0.44869202
0.4592693,0.47881863
0.39431664,0.40423164
0.29797024,0.29830307
0.21786198,0.21450293
0.17239513,0.17104489
0.14749661,0.14634521
0.13423546,0.14140774
0.13477673,0.14116918
0.1556157,0.15851228
0.2232747,0.22386587
0.3309878,0.3580987
0.40243572,0.40920863
0.4248985,0.42522535
0.44032475,0.44802806
0.45737484,0.4580008
0.45683357,0.46542782
0.45087957,0.45088676
0.45548037,0.458482
0.44600812,0.4547191
0.43464142,0.43796188
0.43951285,0.44728455
0.4451962,0.4563991
0.4414073,0.45165077
0.44303113,0.4419255
0.45087957,0.47180584
0.3848444,0.4011831
0.29066306,0.29650682
0.21055481,0.2095892
0.16238159,0.16572627
0.13396482,0.13642731
0.12016238,0.12909198
0.1150203,0.12328395
0.13396482,0.13779303
0.197023,0.1948542
0.3060893,0.32236055
0.3772666,0.3900553
0.40947226,0.40708753
0.42625168,0.44048586
0.44465494,0.44307086
0.45060894,0.45590702
0.4503383,0.45112407
0.4473613,0.4607177
0.43951285,0.44738188
0.42949933,0.43111187
0.42083898,0.4397144
0.41244927,0.4198086
0.39972937,0.4066435
0.397023,0.39268336
0.41867387,0.4314303
0.3699594,0.38812074
0.2917456,0.2957375
0.2135318,0.21447214
0.15886334,0.1616745
0.129364,0.12845854
0.11231394,0.11725803
0.10554804,0.11484121
0.112584576,0.11448166
0.13342355,0.13799183
0.17889039,0.19390658
0.25358593,0.25540686
0.3255751,0.324862
0.37023005,0.3783522
0.39106902,0.39602467
0.38998646,0.39797577
0.38186738,0.3882182
0.36806494,0.37640417
0.35507444,0.3636572
0.35020298,0.35505053
0.3602165,0.36842042
0.37401894,0.37974346
0.37483084,0.37973756
0.36941814,0.37687373
0.37916103,0.39804003
0.33396482,0.34602475
0.26278755,0.26577008
0.1932341,0.1962317
0.14424899,0.149064
0.1158322,0.117156565
0.1014885,0.10573134
0.09391069,0.105595596
0.0985115,0.10356839
0.11150203,0.11324695
0.14343707,0.16428544
0.20893098,0.21670626
0.28146145,0.2814484
0.3225981,0.33906093
0.33748308,0.34515244
0.3345061,0.34716362
0.3255751,0.331747
0.31718537,0.31901327
0.30500677,0.31644654
0.30121785,0.30803198
0.30879566,0.32854128
0.32341,0.33756292
0.3309878,0.33698642
0.34343708,0.34602547
0.37428957,0.38584077
0.32503384,0.3344381
0.24384303,0.2507372
0.17726658,0.17421685
0.13640054,0.13925724
0.11556157,0.11614217
0.10744249,0.11474807
0.108254395,0.11552985
0.13504736,0.1382507
0.20216508,0.20277245
0.32070366,0.335357
0.39431664,0.3998379
0.4224628,0.41869724
0.4270636,0.44298735
0.43734777,0.43538395
0.43788904,0.4438
0.4324763,0.4267126
0.4265223,0.43800506
0.41380244,0.42121664
0.40622464,0.40683445
0.4046008,0.42550862
0.40866035,0.4311147
0.41759133,0.42123792
0.42598104,0.42690974
0.44763193,0.4499947
0.38186738,0.40387788
0.28687415,0.2892527
0.20893098,0.20642951
0.16102841,0.16597486
0.14857917,0.14021052
0.14397834,0.14934857
0.14235453,0.15593347
0.15372124,0.1695982
0.21948579,0.22553279
0.33261165,0.3567387
0.3948579,0.40218264
0.4046008,0.40841457
0.41082543,0.42417094
0.42138025,0.4207354
0.4248985,0.42945707
0.41623816,0.4188147
0.41380244,0.42149392
0.4,0.41269866
0.3924222,0.39682278
0.39729363,0.41412124
0.408931,0.42326573
0.41082543,0.4233273
0.41623816,0.42215613
0.44221923,0.43937504
0.38240865,0.39595327
0.28552097,0.28987557
0.20920162,0.20262107
0.16752368,0.16756016
0.14479026,0.14694388
0.1391069,0.14140452
0.14046007,0.14691824
0.16887686,0.16573116
0.23437077,0.24438043
0.3480379,0.3742031
0.41001353,0.41208515
0.41786197,0.419001
0.41921514,0.43242487
0.43031123,0.42695603
0.43058187,0.43659565
0.42273343,0.42291707
0.4216509,0.42929256
0.41515562,0.41942307
0.41677943,0.41271037
0.43464142,0.43914837
0.45520973,0.46463937
0.46982408,0.46867254
0.4660352,0.4691424
0.46062246,0.4785748
0.38917455,0.39771038
0.29391068,0.29164073
0.21650879,0.21023801
0.17212449,0.17225546
0.15047361,0.14820415
0.13694182,0.1467927
0.13856563,0.14459422
0.16265224,0.16231309
0.22354533,0.23309258
0.3369418,0.3553767
0.40487143,0.40948364
0.4248985,0.42003947
0.43626523,0.44634712
0.4503383,0.45149198
0.45466846,0.46189466
0.44898513,0.4558846
0.45060894,0.45921645
0.44330177,0.45447713
0.4376184,0.4448273
0.4324763,0.45506844
0.42787552,0.44130966
0.43112314,0.4284226
0.43410012,0.43526188
0.45169148,0.46981552
0.38998646,0.40831706
0.2960758,0.29977626
0.21461435,0.21471605
0.16725305,0.16971079
0.14262517,0.1416905
0.12719892,0.14008793
0.1255751,0.12830716
0.1458728,0.14928558
0.20135318,0.20657301
0.3166441,0.3229221
0.38890392,0.40088362
0.4121786,0.41438434
0.42219216,0.43544292
0.4292287,0.43610513
0.42868742,0.43424824
0.4202977,0.42606953
0.4156969,0.42489284
0.4046008,0.41307887
0.3932341,0.39536646
0.3916103,0.40400684
0.38836265,0.3970398
0.37753722,0.38765112
0.37158322,0.37780362
0.39810556,0.4083511
0.36075777,0.3720315
0.28200272,0.2906069
0.20649527,0.20379409
0.15480378,0.15712586
0.12503383,0.12714474
0.1120433,0.113062136
0.10554804,0.11468743
0.11420839,0.11448188
0.135318,0.13978061
0.1894452,0.19813736
0.2600812,0.26669395
0.31610283,0.32329267
0.33883625,0.35769993
0.3458728,0.35079622
0.33856562,0.34641898
0.33044654,0.33296067
0.31853858,0.32522863
0.3098782,0.31738824
0.30338296,0.31360507
0.31177267,0.3254245
0.3301759,0.33714435
0.32990527,0.34030455
0.32909337,0.34052512
0.35534507,0.37053764
0.3188092,0.3274833
0.25196213,0.2531885
0.18403247,0.18646084
0.13721246,0.14097671
0.10852503,0.11302874
0.095805146,0.10021931
0.089039244,0.10064414
0.09526387,0.09988175
0.10419486,0.108554885
0.14100136,0.15471606
0.19945873,0.21508174
0.2638701,0.2655583
0.3082544,0.31382507
0.32232746,0.33086526
0.32746956,0.33239472
0.32665765,0.3293864
0.31556156,0.32437226
0.30960757,0.3132178
0.31529093,0.31454685
0.34100136,0.34506014
0.37050068,0.37692982
0.38430312,0.38662013
0.38349122,0.39177242
0.38619757,0.408035
0.31610283,0.3342307
0.2308525,0.23627661
0.16644114,0.16153042
0.12746955,0.12876794
0.10608931,0.10785921
0.10094722,0.10518877
0.10338295,0.11148788
0.12990528,0.13431855
0.19783491,0.1968889
0.3209743,0.3297149
0.4051421,0.40646526
0.4376184,0.4344633
0.46143436,0.46204096
0.47848445,0.4818379
0.48335588,0.48642918
0.4803789,0.47802243
0.47929636,0.48771045
0.46982408,0.4759431
0.4608931,0.46028242
0.45953992,0.4740922
0.4625169,0.4725271
0.45520973,0.4652603
0.44709066,0.44971892
0.46711773,0.4711397
0.40649527,0.4281434
0.30635995,0.31207174
0.22083898,0.22439659
0.16508795,0.17322704
0.1391069,0.14014667
0.12341002,0.13485786
0.11989175,0.1330881
0.14343707,0.14787853
0.20730717,0.21867254
0.32530448,0.3415867
0.40433016,0.41160843
0.42814615,0.43089613
0.44709066,0.4519644
0.4638701,0.46534505
0.4760487,0.47302973
0.47171855,0.47666892
0.47225982,0.4788538
0.461705,0.47089684
0.45250338,0.4513168
0.4473613,0.46615067
0.44979703,0.45847017
0.44925576,0.45595244
0.44979703,0.45055804
0.45142084,0.4686348
0.3805142,0.39803782
0.28633288,0.28831366
0.2067659,0.20536366
0.1564276,0.16184092
0.12665765,0.13269177
0.11393775,0.11940952
0.11231394,0.12500705
0.13964817,0.13871685
0.20757781,0.21549127
0.3309878,0.3461368
0.40784845,0.41492486
0.4284168,0.4293531
0.4351827,0.44943726
0.45223275,0.44679755
0.45466846,0.46080917
0.45087957,0.4484085
0.45169148,0.45941213
0.4451962,0.449084
0.43464142,0.4393647
0.4427605,0.4486111
0.45764548,0.4622712
0.4579161,0.46864206
0.45223275,0.4549856
0.45142084,0.4703159
0.38863328,0.39508507
0.29580516,0.29697534
0.21921515,0.21327983
0.17239513,0.17469653
0.1466847,0.14698903
0.13667117,0.14038777
0.1315291,0.14618908
0.15317997,0.15424657
0.21867388,0.22359785
0.33342355,0.35344425
0.4051421,0.4125933
0.4300406,0.42504814
0.4419486,0.45468462
0.46359947,0.45655456
0.46549392,0.47582588
0.46278754,0.45967272
0.46576455,0.47314116
0.46305817,0.4649283
0.4592693,0.46051607
0.46738836,0.47423747
0.47631934,0.4801984
0.47794315,0.48110178
0.4752368,0.4707652
0.47631934,0.49640983
0.40947226,0.42331848
0.31637347,0.31721792
0.23599459,0.23443717
0.18592693,0.18844137
0.15751015,0.15601453
0.141272,0.1513853
0.13585927,0.14057371
0.15751015,0.15638644
0.21894452,0.22036111
0.32828146,0.34444228
0.4127199,0.41238007
0.44898513,0.4451593
0.46901217,0.4776568
0.48254398,0.48929462
0.48579162,0.49058273
0.4768606,0.48417515
0.46630582,0.48201945
0.44627875,0.4610943
0.43301758,0.43455043
0.43139377,0.44709364
0.4308525,0.44031188
0.42516914,0.43158138
0.41515562,0.41435012
0.42083898,0.43735954
0.36671177,0.3842698
0.28849798,0.29457477
0.21705006,0.21259338
0.16292287,0.169438
0.13396482,0.13392924
0.119079836,0.122500986
0.113125846,0.12153591
0.12124492,0.122575395
0.14397834,0.14841846
0.19188093,0.21020643
0.2638701,0.26771817
0.3391069,0.3313256
0.39269283,0.38950872
0.41623816,0.42020348
0.41840324,0.41942227
0.4105548,0.41484067
0.39566982,0.40488485
0.38186738,0.39082953
0.37780786,0.38688725
0.38782138,0.40576783
0.4051421,0.41333422
0.4051421,0.412482
0.3991881,0.39781997
0.40568337,0.41541
0.3602165,0.36491516
0.28876862,0.29096222
0.22002706,0.21971618
0.17212449,0.176995
0.1458728,0.1445125
0.129364,0.13762501
0.122598104,0.12963638
0.12801082,0.13366747
0.13856563,0.15065503
0.17618403,0.19636816
0.2397835,0.250402
0.31474966,0.31024557
0.36075777,0.37773663
0.3753721,0.38799658
0.3772666,0.38210413
0.37077132,0.37462148
0.35101488,0.36532313
0.33802435,0.34498844
0.3336942,0.34369898
0.3404601,0.36640972
0.35832205,0.37298572
0.35994586,0.37490273
0.35209742,0.37041107
0.37239513,0.38416275
0.3437077,0.3337537
0.27631935,0.27676484
0.20866035,0.2073268
0.16156968,0.17046693
0.13396482,0.13939011
0.12232747,0.13111357
0.11962111,0.12775174
0.12746955,0.14869612
0.14018944,0.18996894
0.1864682,0.23520035
0.2473613,0.2626366
0.3090663,0.30669788
0.34316644,0.36353216
0.35155615,0.3733194
0.34073073,0.3675385
0.32990527,0.33810478
0.31339648,0.33612925
0.2976996,0.31405813
0.2947226,0.30389556
0.3120433,0.31889117
0.33585927,0.35144597
0.3496617,0.35313073
0.35588634,0.37195066
0.38349122,0.39881325
0.3369418,0.3462575
0.24682003,0.25394264
0.17374831,0.16666187
0.13125846,0.13030261
0.113125846,0.112606004
0.107171856,0.10985653
0.111231394,0.11526477
0.13504736,0.13800284
0.19161029,0.20237377
0.3142084,0.31443286
0.38917455,0.38490638
0.41244927,0.4070193
0.42787552,0.42889744
0.4435724,0.44021073
0.44303113,0.4516659
0.4495264,0.43502814
0.4549391,0.46297005
0.44709066,0.45416546
0.43707713,0.4392456
0.43626523,0.45006227
0.43274695,0.44987944
0.4284168,0.43433985
0.42543977,0.4341192
0.44871446,0.45124885
0.4,0.40093789
0.30500677,0.30475956
0.22435723,0.21794859
0.17618403,0.17881541
0.15047361,0.15126917
0.14046007,0.144523
0.13937753,0.14882466
0.16427605,0.1641207
0.2240866,0.23389257
0.3242219,0.35579053
0.4037889,0.39746
0.43220568,0.4285368
0.45223275,0.45490137
0.46874154,0.47072634
0.4744249,0.47577623
0.46874154,0.47121784
0.47117728,0.47598645
0.45683357,0.46810833
0.4519621,0.44477332
0.46414074,0.46752068
0.47469553,0.4836731
0.47307172,0.48259416
0.4660352,0.46921703
0.46441138,0.48517814
0.39783493,0.40920213
0.30284166,0.30432886
0.22354533,0.21968867
0.17834912,0.17766841
0.15507442,0.15219475
0.14343707,0.14938277
0.1391069,0.15119195
0.15669824,0.16088206
0.21136671,0.22156273
0.33207035,0.33351356
0.42219216,0.41829172
0.4638701,0.4562761
0.4976996,0.49753794
0.5255751,0.5252955
0.538295,0.54575896
0.5461434,0.54396737
0.5583221,0.56264216
0.5599459,0.56552225
0.5653586,0.55638695
0.56887686,0.5844977
0.5645467,0.5732285
0.5529093,0.5588452
0.54830855,0.5427282
0.5653586,0.58465743
0.5288227,0.5302405
0.41596752,0.43862644
0.31826794,0.31728673
0.24682003,0.26219353
0.21136671,0.20602828
0.18971583,0.19971043
0.1826793,0.18245381
0.20189445,0.20161998
0.2533153,0.26519746
0.38159674,0.37823388
0.45845738,0.4858532
0.5098782,0.4971675
0.5669824,0.56106687
0.6113667,0.6118609
0.6397835,0.63884735
0.65602165,0.6538764
0.6722598,0.6786425
0.67848444,0.67911935
0.6841678,0.67023706
0.68308526,0.69728446
0.67117727,0.6802813
0.6511502,0.6573845
0.62895805,0.6306919
0.62977,0.65726566
0.5921516,0.59703624
0.49228686,0.50060904
0.38782138,0.38959298
0.31312585,0.3213095
0.26792964,0.27313912
0.24113667,0.24732032
0.22543979,0.23251489
0.22300406,0.23189539
0.22949933,0.23688668
0.2893099,0.2939198
0.38078484,0.38805106
0.46955344,0.47481564
0.5374831,0.543105
0.58294994,0.587916
0.61542624,0.6060039
0.6292287,0.6354486
0.6313938,0.6395992
0.63437074,0.63717747
0.6427605,0.64000297
0.6484438,0.6603937
0.65087956,0.656067
0.63707715,0.64006853
0.6094723,0.6120768
0.6092016,0.6167321
0.5718539,0.5891999
0.4887686,0.48425755
0.39783493,0.4052701
0.329364,0.33332658
0.28552097,0.28942657
0.25953993,0.2635907
0.24573748,0.24605171
0.23951286,0.25216818
0.23870094,0.24245593
0.2790257,0.29044092
0.35886332,0.3672525
0.45548037,0.45518562
0.53152907,0.5389382
0.58078486,0.5867138
0.6159675,0.60816014
0.634912,0.636384
0.6416779,0.6463095
0.6359946,0.6500977
0.6292287,0.63708913
0.6194858,0.643862
0.6092016,0.62516904
0.5894452,0.5983511
0.5686062,0.567656
0.55209744,0.5741712
0.48849797,0.5159223
0.39783493,0.3952863
0.31907985,0.3228504
0.26711774,0.26989448
0.23734777,0.23906136
0.22083898,0.2281797
0.21759135,0.220323
0.23626523,0.24170466
0.29526386,0.2943344
0.40920162,0.4275129
0.4836265,0.5157542
0.5155616,0.5337896
0.5391069,0.5556911
0.5556157,0.5697303
0.56562924,0.5675063
0.5713126,0.5703918
0.588092,0.58140683
0.58782136,0.594244
0.5870095,0.58137226
0.5872801,0.6031895
0.5826793,0.59507203
0.5653586,0.57481146
0.53477675,0.54896593
0.5277402,0.54084516
0.47496617,0.49399662
0.36752367,0.37825596
0.27280107,0.2830395
0.21813262,0.21739683
0.18376184,0.19276339
0.16752368,0.17349128
0.16129905,0.17130543
0.17564276,0.18560526
0.22922869,0.23327328
0.3420839,0.35752463
0.4143437,0.43334574
0.44113666,0.44633034
0.4592693,0.47326875
0.4684709,0.4806153
0.47307172,0.47250494
0.46630582,0.47571346
0.46901217,0.4747923
0.4571042,0.47080562
0.44979703,0.4490614
0.4511502,0.46985945
0.45818675,0.46215943
0.44979703,0.45841253
0.44032475,0.44519806
0.44871446,0.45682386
0.40947226,0.41442573
0.31393775,0.32059395
0.22598106,0.2322611
0.18024357,0.17432384
0.15615697,0.15938273
0.14316644,0.14865933
0.13856563,0.1492734
0.15615697,0.16148537
0.20568335,0.21733192
0.3158322,0.32878655
0.39133966,0.3968921
0.4097429,0.41770735
0.42462787,0.432589
0.4451962,0.44148257
0.4533153,0.45118186
0.45656294,0.45336977
0.4638701,0.46818268
0.46549392,0.46540856
0.46630582,0.46353444
0.46982408,0.4861766
0.46522328,0.4785079
0.45764548,0.46012172
0.4481732,0.45167005
0.46116373,0.46633276
0.42083898,0.42261574
0.32313937,0.32523245
0.24005413,0.23756537
0.19594046,0.18855447
0.17050068,0.17354012
0.15290934,0.1611744
0.14776725,0.15413216
0.17077132,0.1675894
0.22625169,0.23224309
0.33504736,0.3547778
0.4165088,0.4142249
0.44709066,0.44158456
0.46711773,0.47258642
0.4836265,0.48863295
0.4887686,0.4877118
0.48687416,0.48719928
0.49228686,0.49643254
0.48227334,0.49030063
0.47117728,0.47250322
0.46874154,0.48656318
0.4625169,0.47795358
0.45737484,0.45723823
0.44898513,0.45397753
0.45872802,0.46489698
0.4075778,0.42112765
0.31610283,0.3153629
0.23058186,0.23661828
0.17753722,0.1809406
0.1496617,0.15252843
0.13369419,0.14138706
0.13071719,0.13505904
0.15236807,0.15068716
0.20893098,0.21090658
0.3166441,0.332112
0.39783493,0.40292576
0.42868742,0.43312272
0.44627875,0.4550497
0.46035182,0.46282822
0.46116373,0.46281925
0.45439783,0.45529178
0.4465494,0.4578214
0.43355885,0.43674907
0.42516914,0.4248587
0.43058187,0.44685584
0.43193504,0.44632432
0.42949933,0.42617354
0.41461435,0.42279294
0.40703654,0.42560896
0.36048713,0.3755742
0.2857916,0.28863326
0.22246279,0.21543202
0.16968876,0.17671567
0.14370771,0.14512655
0.13044655,0.13371313
0.1255751,0.1337033
0.13450609,0.13369387
0.15209743,0.15789683
0.1962111,0.21116342
0.26901218,0.2718225
0.34154263,0.34168914
0.3872801,0.3913062
0.41028416,0.41345713
0.41326118,0.41322604
0.40162382,0.40966222
0.38971582,0.38949627
0.37780786,0.38401464
0.37347767,0.3788504
0.3805142,0.4012615
0.39269283,0.3984206
0.38105547,0.39210555
0.3677943,0.37645108
0.37050068,0.3882803
0.341272,0.35244405
0.27253044,0.27821624
0.20595399,0.21121383
0.15507442,0.16133071
0.12097429,0.12758973
0.10663058,0.107468255
0.0976996,0.11092145
0.10067659,0.10042508
0.10744249,0.11334525
0.14912044,0.15141484
0.21921515,0.22028846
0.29634643,0.29799393
0.3480379,0.3554208
0.37672532,0.3761616
0.38619757,0.3904448
0.38294992,0.3898902
0.37266576,0.3768227
0.3645467,0.37015918
0.3669824,0.3630167
0.38782138,0.39308017
0.4105548,0.4119659
0.42002708,0.41354543
0.41596752,0.41802156
0.42192152,0.43745154
0.388092,0.40330985
0.29634643,0.3075041
0.21705006,0.21962659
0.16589986,0.1697971
0.1391069,0.13883808
0.13044655,0.13188088
0.12774019,0.13600093
0.1496617,0.15470919
0.2037889,0.21028566
0.31258458,0.33163235
0.39539918,0.40415135
0.4338295,0.43578067
0.4579161,0.4669427
0.4811908,0.48223248
0.4871448,0.49531785
0.48606226,0.487707
0.49147496,0.4956014
0.47983763,0.49260333
0.4668471,0.4722141
0.46495265,0.48070905
0.48010826,0.4759051
0.48335588,0.48090222
0.47307172,0.47583845
0.46549392,0.47736567
0.40405953,0.4182516
0.30933693,0.3076945
0.22679296,0.23019014
0.17104195,0.1762537
0.1488498,0.14467272
0.13558863,0.14335974
0.1331529,0.1427615
0.1518268,0.16018197
0.21244925,0.21377084
0.3217862,0.34592038
0.3991881,0.40681592
0.43031123,0.42869946
0.45277402,0.45829606
0.47090665,0.4729277
0.473613,0.47797397
0.46738836,0.4695495
0.46549392,0.47257867
0.45683357,0.46095988
0.44871446,0.45038277
0.46116373,0.4700025
0.4760487,0.48327792
0.4744249,0.47526222
0.464682,0.46655637
0.44898513,0.46925637
0.39215156,0.3985731
0.30338296,0.30329344
0.22976996,0.22679566
0.17834912,0.1832851
0.15507442,0.15552586
0.13964817,0.14800908
0.14154263,0.14649329
0.16671178,0.16698755
0.2232747,0.23442873
0.33152908,0.3544114
0.405954,0.41003284
0.43788904,0.43133214
0.45737484,0.46546012
0.47225982,0.47568986
0.4811908,0.47668687
0.47225982,0.48013934
0.47171855,0.47701117
0.461705,0.46975103
0.45304465,0.4570022
0.45142084,0.47323206
0.45466846,0.46553692
0.45764548,0.45396835
0.4435724,0.45432958
0.44546685,0.4574812
0.40568337,0.40994063
0.32151556,0.31985348
0.2405954,0.24393284
0.18619756,0.19073084
0.15399188,0.16117793
0.13775373,0.14316937
0.13748309,0.1425572
0.16102841,0.16011328
0.21542625,0.22531797
0.32232746,0.3425005
0.3991881,0.40203688
0.43058187,0.42630896
0.45304465,0.4591055
0.4700947,0.4728581
0.47388363,0.47412446
0.4692828,0.4719609
0.47469553,0.47607055
0.46197563,0.47463638
0.4511502,0.45251796
0.45520973,0.4690608
0.45737484,0.46974513
0.45304465,0.45529404
0.44248986,0.44908103
0.44763193,0.45711866
0.40243572,0.40794566
0.3158322,0.31289965
0.23139377,0.2363886
0.18294993,0.18011765
0.15507442,0.15853027
0.14100136,0.14734323
0.13477673,0.14235912
0.15588634,0.15400109
0.20838971,0.21362919
0.3142084,0.32880682
0.39377537,0.39916378
0.42976996,0.42850032
0.44844383,0.4585475
0.4638701,0.46534723
0.46874154,0.46761757
0.46522328,0.46623662
0.46711773,0.47251654
0.46143436,0.46481022
0.455751,0.45306697
0.45466846,0.46973434
0.4481732,0.45532244
0.43328822,0.4359593
0.41515562,0.42403498
0.42462787,0.43980715
0.4046008,0.41299224
0.3269283,0.33282942
0.24086604,0.24703525
0.18511502,0.1827665
0.15047361,0.15663646
0.13098782,0.13621289
0.12422192,0.12985396
0.1255751,0.12834042
0.13558863,0.13958149
0.1932341,0.18738568
0.26928282,0.27765816
0.33883625,0.34626392
0.3729364,0.3909079
0.3856563,0.3951752
0.3872801,0.38754937
0.37916103,0.38853058
0.36833557,0.36949676
0.36129904,0.36567277
0.36346415,0.36323065
0.37672532,0.38898656
0.38890392,0.39557382
0.388092,0.38601112
0.37510148,0.38517174
0.37618405,0.4000902
0.36292288,0.36691844
0.29499322,0.29774094
0.22300406,0.22560833
0.16535859,0.17387807
0.12990528,0.13400649
0.111772664,0.11433267
0.10608931,0.11256235
0.10663058,0.10761072
0.106359944,0.114718765
0.1458728,0.1471714
0.21677943,0.21740659
0.28822732,0.29468662
0.3396482,0.34336132
0.3631935,0.36846122
0.3721245,0.37379363
0.37428957,0.37868804
0.36671177,0.37106273
0.3594046,0.36499208
0.36211097,0.3581819
0.38294992,0.39201924
0.4113667,0.40574506
0.41190797,0.41753417
0.402977,0.40729073
0.41299054,0.41962492
0.37401894,0.3789905
0.2933694,0.29150414
0.21975642,0.22123408
0.17834912,0.17385519
0.15507442,0.15401313
0.1420839,0.14926195
0.14046007,0.14469275
0.15805142,0.16678227
0.20487145,0.2159785
0.32151556,0.32419807
0.41623816,0.41574714
0.47090665,0.45998293
0.50960755,0.5091772
0.54343706,0.53867173
0.56075776,0.5640303
0.5664411,0.56580555
0.5751015,0.5783987
0.56914747,0.5789554
0.5545331,0.5619265
0.5361299,0.56464815
0.52801085,0.53660774
0.5142084,0.5177839
0.4993234,0.5013908
0.49039242,0.51289177
0.44844383,0.4534447
0.35669824,0.3535461
0.27036536,0.27396798
0.21001354,0.2167756
0.17618403,0.18056187
0.16021651,0.16497347
0.1556157,0.1628964
0.17266576,0.18069035
0.22219215,0.23181874
0.32395127,0.3504313
0.4127199,0.41426435
0.455751,0.45413747
0.47740188,0.49022955
0.50121784,0.49900764
0.50717187,0.511533
0.49742895,0.50415945
0.48985115,0.49990943
0.47713125,0.48284045
0.46495265,0.46587774
0.46278754,0.48026535
0.4684709,0.47323734
0.46657646,0.4683689
0.45006767,0.46250388
0.4414073,0.46224597
0.4,0.4039507
0.3112314,0.31745243
0.2330176,0.23305522
0.18078485,0.18436983
0.15345061,0.15688264
0.13883626,0.1440652
0.13261163,0.14511913
0.15074424,0.15471905
0.19837618,0.21187945
0.29715833,0.3192966
0.3797023,0.3788476
0.41948578,0.41576588
0.4465494,0.4502144
0.47171855,0.46838138
0.47740188,0.47950497
0.47821382,0.4740335
0.485521,0.48818186
0.48525032,0.48645693
0.48389715,0.48152074
0.48416778,0.5014537
0.4811908,0.4907428
0.47063598,0.47666436
0.45223275,0.46167564
0.45087957,0.46870002
0.42056835,0.41474965
0.3285521,0.3326551
0.24492557,0.24352264
0.18322057,0.19322768
0.14343707,0.15449005
0.1255751,0.12991007
0.12368065,0.12864994
0.14154263,0.14522623
0.18998647,0.20163801
0.28633288,0.30947363
0.37239513,0.37057447
0.42192152,0.4119322
0.45223275,0.45892853
0.4760487,0.47726664
0.49066305,0.4829485
0.49228686,0.4941146
0.49878213,0.5029199
0.49661705,0.4983751
0.49364007,0.4899551
0.49282816,0.5089661
0.4895805,0.4954132
0.47902572,0.48421738
0.46116373,0.46980217
0.46143436,0.48142725
0.43870094,0.43275446
0.3458728,0.35314643
0.25845736,0.25571907
0.19837618,0.20321809
0.16562922,0.16738018
0.1466847,0.15532418
0.14154263,0.14480549
0.15805142,0.16093472
0.20324764,0.2127799
0.30202976,0.3199618
0.39188093,0.39198443
0.44844383,0.438503
0.48308524,0.4867216
0.5150203,0.5103687
0.52990526,0.5283587
0.5307172,0.5331348
0.5420839,0.54179573
0.5404601,0.54524106
0.5407307,0.52871895
0.54397833,0.5505445
0.5391069,0.54307306
0.5225981,0.5237529
0.4955345,0.50617623
0.48687416,0.51306486
0.47036535,0.4688367
0.37861976,0.3938634
0.2893099,0.28462103
0.22110961,0.22760284
0.1834912,0.18483481
0.16156968,0.1667141
0.1526387,0.15776642
0.15453315,0.15730189
0.16454668,0.16853796
0.21488498,0.22357668
0.29282814,0.3023244
0.36887687,0.3778357
0.42192152,0.4296664
0.4562923,0.45751515
0.47550744,0.47014686
0.4879567,0.48449206
0.48985115,0.49266055
0.48768607,0.49256486
0.4895805,0.48929903
0.50121784,0.5077059
0.5101488,0.5152136
0.5069012,0.50071573
0.48903924,0.49091715
0.4887686,0.4996222
0.45764548,0.46721923
0.3788904,0.3786707
0.3014885,0.30023023
0.24303113,0.24544334
0.20730717,0.20571496
0.18511502,0.18948981
0.17266576,0.1776873
0.17131259,0.17582503
0.17618403,0.17645867
0.21244925,0.22699499
0.27875507,0.29232097
0.35534507,0.3652159
0.4181326,0.42158443
0.46441138,0.46236354
0.49336943,0.48877695
0.5133965,0.50934255
0.53342354,0.5216787
0.55155617,0.54443395
0.5729364,0.5611514
0.59458727,0.5992608
0.6097429,0.61490226
0.60487145,0.6077628
0.58619756,0.58465874
0.5734777,0.59269404
0.52828145,0.54009604
0.43491206,0.43347064
0.3556157,0.34850463
0.2993234,0.301139
0.26738837,0.2629565
0.25358593,0.25216454
0.24898511,0.24661465
0.27117726,0.27203208
0.32070366,0.3275021
0.43031123,0.43956444
0.54857916,0.5333482
0.63707715,0.6185013
0.7014885,0.6984521
0.75994587,0.7513623
0.7916103,0.7831687
0.80405957,0.8016423
0.8192152,0.8171525
0.8224628,0.8237078
0.8232747,0.8151841
0.8186739,0.83418393
0.80947226,0.81294775
0.77266574,0.7970251
0.73261166,0.7361746
0.7082544,0.72582424
0.64546686,0.66179276
0.5288227,0.5297382
0.4324763,0.4287692
0.35778078,0.3750624
0.3166441,0.3176772
0.29445195,0.3000732
0.2849797,0.29137734
0.29878214,0.30890733
0.34073073,0.35643378
0.44790256,0.4607162
0.5534506,0.5571673
0.62895805,0.62212706
0.6879567,0.6922945
0.74316645,0.736704
0.77780783,0.7702459
0.79972935,0.79151535
0.817862,0.82303905
0.81975645,0.8279455
0.8140731,0.8109573
0.8024357,0.8226044
0.7815968,0.7910733
0.7504736,0.7624812
0.7182679,0.72147906
0.679567,0.7187284
0.61163735,0.62756264
0.5106901,0.49775872
0.4156969,0.41693118
0.3496617,0.35590672
0.3120433,0.31474942
0.28822732,0.29676083
0.2782138,0.28449708
0.2933694,0.3000955
0.33748308,0.34975886
0.4435724,0.4570809
0.5461434,0.5487629
0.6056833,0.6107106
0.64925575,0.6574861
0.68525034,0.6920507
0.6874154,0.7007332
0.67631936,0.6840004
0.67334235,0.6844145
0.6516915,0.6718713
0.63031125,0.63579607
0.6173207,0.63781357
0.61163735,0.61744213
0.5978349,0.604185
0.57239515,0.5797627
0.5480379,0.58093214
0.5017591,0.51275504
0.40838972,0.41215518
0.32205683,0.3244499
0.26332882,0.26857233
0.22814615,0.23299068
0.20974289,0.21464664
0.20081191,0.21196087
0.21732071,0.21942887
0.27117726,0.27046013
0.35886332,0.3935029
0.44465494,0.44546267
0.49580514,0.49119493
0.52963465,0.53335106
0.55209744,0.5574204
0.5629229,0.5559678
0.5645467,0.5622983
0.5729364,0.57662094
0.5661705,0.5744469
0.55723953,0.5573808
0.5534506,0.57198524
0.55399185,0.5620559
0.5464141,0.5506655
0.5374831,0.53317773
0.5342355,0.5480113
0.4836265,0.49524486
0.38998646,0.3852292
0.30960757,0.30286723
0.25466847,0.25668705
0.21271989,0.22568847
0.1924222,0.19660929
0.18511502,0.19026035
0.19972937,0.20302069
0.24979702,0.254052
0.3369418,0.36942613
0.42002708,0.42099723
0.47198918,0.46771508
0.5087957,0.51074296
0.53152907,0.5390488
0.5437077,0.5394311
0.53152907,0.54518867
0.5339648,0.5336735
0.5242219,0.5321606
0.51447904,0.51052177
0.51610285,0.52596784
0.5307172,0.52061534
0.5217862,0.52715373
0.5052774,0.5044085
0.49418133,0.51904845
0.4549391,0.46447775
0.37266576,0.37393904
0.2933694,0.29001573
0.23220569,0.23474333
0.20135318,0.19823596
0.18240866,0.18657565
0.17347768,0.18059716
0.17726658,0.18108821
0.19837618,0.19101459
0.24384303,0.25937524
0.317456,0.3257385
0.39783493,0.4012315
0.46495265,0.45893687
0.5014885,0.5069244
0.51447904,0.51377356
0.5188092,0.5182717
0.52313936,0.5198834
0.5271989,0.52601004
0.53125846,0.533177
0.54343706,0.55101484
0.5526387,0.56008434
0.544249,0.5442324
0.5207037,0.52313983
0.5112314,0.5265024
0.48930988,0.4870611
0.41244927,0.4126564
0.33071718,0.33176214
0.26657647,0.2731974
0.22868742,0.22893521
0.20514208,0.20741418
0.19377537,0.19665098
0.1894452,0.19652888
0.19350474,0.19588575
0.2316644,0.24558891
0.30202976,0.31375143
0.3962111,0.38965157
0.47225982,0.47421825
0.5223275,0.523308
0.5610284,0.5468658
0.582138,0.581125
0.588092,0.5920988
0.5870095,0.5947925
0.59431666,0.5889424
0.60622466,0.6158186
0.6248985,0.6219385
0.6175913,0.6248826
0.5953992,0.59442735
0.58430314,0.5970849
0.5428958,0.54611874
0.4481732,0.44530067
0.36048713,0.3586431
0.30094722,0.30464143
0.26495263,0.2656318
0.24763194,0.2514233
0.24330176,0.2453385
0.26035184,0.2617967
0.30284166,0.31747776
0.40108255,0.41298172
0.50419486,0.5047003
0.5729364,0.5780704
0.6227334,0.6273619
0.65602165,0.6675923
0.6657646,0.6734557
0.67171854,0.66895497
0.6684709,0.68620324
0.6519621,0.66333365
0.63924223,0.6407149
0.63870096,0.65456975
0.64763194,0.64631283
0.6449256,0.6426146
0.63058186,0.6250546
0.620839,0.63326645
0.5602165,0.57199395
0.4579161,0.45343527
0.3721245,0.3648954
0.3090663,0.31419107
0.27117726,0.27462
0.24925575,0.2567916
0.24925575,0.24797885
0.25385657,0.27118403
0.3074425,0.30196342
0.3983762,0.42108533
0.49282816,0.49016306
0.5526387,0.5517156
0.5872801,0.5963354
0.60866034,0.6162888
0.61677945,0.61505955
0.617862,0.6173748
0.6135318,0.6278375
0.5991881,0.60744965
0.5840325,0.5903783
0.57645464,0.60340893
0.5772666,0.5886358
0.56752366,0.57125854
0.5474966,0.5520276
0.532341,0.554991
0.47929636,0.48265573
0.38782138,0.38637772
0.3014885,0.3067056
0.24411367,0.24570557
0.21109608,0.21558952
0.19377537,0.19821134
0.1886333,0.19764823
0.20595399,0.21095452
0.25845736,0.25781327
0.34235454,0.36680084
0.4338295,0.42824653
0.5066306,0.48934257
0.55669826,0.5529028
0.59458727,0.5918745
0.62219214,0.60904217
0.64411366,0.6295121
0.66955346,0.6618676
0.68362653,0.6766621
0.6941813,0.6830964
0.7047361,0.7147645
0.69201624,0.71324575
0.69364005,0.6740782
0.66468203,0.67911804
0.65304464,0.66681707
0.6202977,0.60759974
0.53477675,0.52012485
0.43410012,0.43840632
0.3504736,0.36685237
0.3036536,0.30642968
0.27659,0.28237233
0.25899863,0.27102417
0.25845736,0.27055642
0.2684709,0.30141392
0.317456,0.3449968
0.408931,0.40427324
0.5182679,0.49190208
0.602977,0.6069732
0.65602165,0.66522396
0.6857916,0.69182706
0.69878215,0.70535207
0.70175916,0.72071433
0.70419484,0.7081442
0.7150203,0.71082306
0.72828144,0.7377231
0.73964816,0.7351552
0.72774017,0.7344276
0.694452,0.70379627
0.6755074,0.7006
0.6376184,0.64184034
0.5799729,0.54357255
0.5001353,0.49677256
0.42354533,0.43303588
0.3772666,0.37790737
0.34181327,0.35479707
0.32368064,0.31983992
0.32611638,0.33622536
0.34506088,0.36459517
0.42625168,0.42667836
0.53802437,0.52547085
0.63897157,0.6283624
0.7253045,0.7173251
0.7826793,0.7881849
0.8121786,0.80959415
0.83031124,0.8246125
0.8322057,0.8527663
0.832747,0.8283045
0.8316644,0.82998526
0.8359946,0.8420528
0.8341001,0.8341576
0.81813264,0.8168943
0.77401894,0.7882173
0.76021653,0.77133596
0.72422194,0.72774804
0.6376184,0.63109314
0.535318,0.538008
0.44763193,0.45492736
0.39512855,0.40170303
0.36075777,0.365667
0.34154263,0.34863347
0.33802435,0.3489065
0.34100136,0.34848228
0.39215156,0.39389387
0.49201623,0.48947957
0.60622466,0.59991574
0.68525034,0.6972729
0.7239513,0.7404263
0.7388363,0.74428356
0.7399188,0.7510141
0.7317997,0.7472261
0.7288227,0.73369503
0.72963464,0.73715675
0.7388363,0.74857163
0.747226,0.7552142
0.7331529,0.7360153
0.7031123,0.705747
0.682544,0.7160487
0.65060896,0.6570065
0.5629229,0.5728109
0.4633288,0.47384652
0.3788904,0.39270145
0.3277402,0.3347251
0.29364005,0.29850394
0.2744249,0.28047174
0.26495263,0.27140266
0.2600812,0.26586616
0.2947226,0.30205488
0.36968878,0.38052806
0.47415426,0.4675558
0.56048715,0.56507814
0.60703653,0.61786485
0.6359946,0.6315839
0.65899867,0.65537333
0.68335587,0.67086077
0.69580513,0.70669234
0.7136671,0.7074716
0.72801083,0.745003
0.7391069,0.7444413
0.7315291,0.73364866
0.70392424,0.7042508
0.69905275,0.6994213
0.6549391,0.6551622
0.5526387,0.54810774
0.45277402,0.4538528
0.3848444,0.38604793
0.34262517,0.34435084
0.3225981,0.32412222
0.3201624,0.3139069
0.3369418,0.3440124
0.3840325,0.3943259
0.47658998,0.49645916
0.5745602,0.58346665
0.6419486,0.65445185
0.6933694,0.70184386
0.72584575,0.7410412
0.73477674,0.7408607
0.73342353,0.7409998
0.7317997,0.738732
0.72097427,0.7312703
0.714479,0.7133734
0.70257103,0.7322148
0.6876861,0.7019272
0.6687415,0.6727915
0.63924223,0.64645827
0.62354535,0.6430955
0.573207,0.57973003
0.47171855,0.47392413
0.37266576,0.37981907
0.30798376,0.30978543
0.2714479,0.27539065
0.24925575,0.2588773
0.24194857,0.24972649
0.25656292,0.26275274
0.30771312,0.3076893
0.40027064,0.41741797
0.48660353,0.4949273
0.54343706,0.5440028
0.58078486,0.5894586
0.61326116,0.61357474
0.62895805,0.6267065
0.63734776,0.63412535
0.64573747,0.6554203
0.6419486,0.6503352
0.63924223,0.6379683
0.63437074,0.65983725
0.63247633,0.6388488
0.6202977,0.62319136
0.59972936,0.60186493
0.59675235,0.61168563
0.5466847,0.5569784
0.45006767,0.4453908
0.35751015,0.35920808
0.2933694,0.2949846
0.25683355,0.25984365
0.2376184,0.241608
0.22895806,0.2377615
0.24600811,0.24813984
0.29905277,0.29902697
0.38917455,0.40997842
0.47658998,0.47926858
0.52963465,0.53250337
0.5618403,0.57322395
0.591069,0.5939975
0.6092016,0.6034199
0.61461437,0.6141746
0.6284168,0.6267173
0.63193506,0.6318376
0.6313938,0.62698364
0.6316644,0.6509317
0.6403248,0.6395391
0.63545334,0.6361439
0.61921513,0.6162433
0.6113667,0.6282151
0.56427604,0.5667013
0.46657646,0.4625818
0.382138,0.3742916
0.317456,0.3209342
0.2833559,0.28062788
0.2654939,0.26765442
0.25818673,0.26508617
0.2782138,0.2784823
0.32828146,0.33343172
0.4265223,0.43239126
0.520433,0.5170289
0.5872801,0.5777612
0.6248985,0.6357796
0.64925575,0.6597533
0.6657646,0.66216505
0.6790257,0.6718979
0.70067656,0.6994926
0.70040596,0.7112602
0.6976996,0.6964258
0.69526386,0.71688724
0.6857916,0.70010483
0.6714479,0.6737641
0.6473613,0.65200055
0.63924223,0.65790975
0.60487145,0.6020792
0.50554806,0.50772595
0.40649527,0.40876403
0.32584575,0.34229922
0.26711774,0.2830485
0.23572396,0.24228951
0.22679296,0.23005848
0.23355886,0.24121167
0.27361298,0.27675417
0.36129904,0.3738575
0.45466846,0.45942503
0.51285523,0.5208627
0.55669826,0.56170976
0.59296346,0.5960059
0.6129905,0.6102885
0.61840326,0.62130785
0.6281462,0.6347848
0.62760484,0.63335025
0.62354535,0.6202065
0.62868744,0.6364125
0.61840326,0.6350962
0.59296346,0.59934545
0.55399185,0.5685614
0.54695535,0.5638337
0.52151555,0.51983845
0.4324763,0.4389866
0.3369418,0.33896288
0.26522326,0.26961005
0.22868742,0.2264334
0.202977,0.20928548
0.18700947,0.19860654
0.18782137,0.18727626
0.19837618,0.20121582
0.24519621,0.25440192
0.32313937,0.33276248
0.4037889,0.41249004
0.46278754,0.4686549
0.4993234,0.5040553
0.51474965,0.51612234
0.5209743,0.5203346
0.5188092,0.5258548
0.5217862,0.52024186
0.53207034,0.5302148
0.5512855,0.5555544
0.56427604,0.57452625
0.5631935,0.5561332
0.5437077,0.54522884
0.538295,0.55608284
0.52313936,0.5117676
0.44790256,0.44857863
0.36211097,0.36344585
0.29905277,0.29914615
0.25764546,0.2618472
0.23572396,0.23252898
0.22083898,0.22698884
0.22083898,0.21993992
0.22192152,0.22687985
0.258728,0.266512
0.34073073,0.33771485
0.44167796,0.43581873
0.529364,0.5257339
0.5932341,0.5881381
0.6384303,0.6249937
0.66468203,0.6596688
0.6714479,0.67707705
0.6722598,0.682011
0.68849796,0.67880464
0.711502,0.7173481
0.7345061,0.7304256
0.7369418,0.734429
0.7163735,0.71346056
0.7098782,0.7206389
0.6741543,0.6728953
0.56562924,0.5740578
0.46062246,0.46066415
0.3932341,0.39422464
0.35155615,0.35312948
0.32801083,0.33140892
0.3158322,0.3168292
0.3301759,0.3316088
0.37077132,0.386556
0.47713125,0.4803893
0.5937754,0.58780634
0.6909337,0.6804613
0.7667118,0.7627127
0.83193505,0.8247473
0.8649526,0.8555355
0.8738836,0.8776305
0.88687414,0.88397324
0.89336944,0.89271915
0.89878213,0.89114404
0.9039242,0.9176842
0.90419483,0.90364337
0.89364004,0.89186656
0.8584574,0.8638284
0.8376184,0.8514315
0.78592694,0.789202
0.6606225,0.6731688
0.5420839,0.54529047
0.45981055,0.47039893
0.40622464,0.4188454
0.3713126,0.3811215
0.35615698,0.35983056
0.36941814,0.37370244
0.41082543,0.42776075
0.5112314,0.5253495
0.6216509,0.61654663
0.7060893,0.70093226
0.7810555,0.7724701
0.8451962,0.84174454
0.8774019,0.87357235
0.8909337,0.8935679
0.9028417,0.90882015
0.89661705,0.9141803
0.89120436,0.88692236
0.89282817,0.9061426
0.8895805,0.8899039
0.8744249,0.8758602
0.84384304,0.84715116
0.8294993,0.8408413
0.77537215,0.7862531
0.6487145,0.6608441
0.5285521,0.5351438
0.44546685,0.45321968
0.39594045,0.40365148
0.36427605,0.3728029
0.35128552,0.35607785
0.3631935,0.3677552
0.40108255,0.41933513
0.50040597,0.5103649
0.6197564,0.60593176
0.7036536,0.70326924
0.76508796,0.7694787
0.8246279,0.8192371
0.8581867,0.85153615
0.8836265,0.874311
0.8990528,0.9039751
0.9079838,0.909006
0.9093369,0.90956175
0.91041946,0.92529094
0.90852505,0.9098289
0.89147496,0.89758587
0.8635995,0.86057854
0.8595399,0.85923123
0.79810554,0.8127284
0.66359943,0.6772238
0.5526387,0.54958236
0.48335588,0.48424092
0.4384303,0.4476554
0.4075778,0.41695493
0.3916103,0.39746192
0.39756426,0.4072426
0.43897158,0.4499019
0.54560214,0.5536938
0.6700947,0.64993656
0.756157,0.751699
0.8051421,0.8218466
0.85520977,0.85344315
0.88010824,0.87777627
0.8922869,0.89132357
0.90636,0.90865827
0.9012179,0.9142543
0.8841678,0.8957306
0.85385656,0.8914689
0.8338295,0.8394035
0.8075778,0.8194488
0.77726656,0.77566624
0.76508796,0.77676845
0.70906633,0.7233913
0.60135317,0.60121644
0.49824086,0.5040587
0.42462787,0.43147105
0.38430312,0.3890263
0.36048713,0.3666239
0.35020298,0.35240644
0.3653586,0.3725883
0.4127199,0.41834196
0.51258457,0.5235907
0.6284168,0.6169703
0.7239513,0.70618093
0.79756427,0.788023
0.8614344,0.85347927
0.8960758,0.88652825
0.9060893,0.9075241
0.9158322,0.9209838
0.91772664,0.91612446
0.9198918,0.90950465
0.92368066,0.93096364
0.9112314,0.92137384
0.8895805,0.89226604
0.8614344,0.8613877
0.8435724,0.8679899
0.80108255,0.80397475
0.70338297,0.7044307
0.5921516,0.6003387
0.4993234,0.51831865
0.4419486,0.45696893
0.40649527,0.4137903
0.3894452,0.39695236
0.3797023,0.39906308
0.38294992,0.3910731
0.42733425,0.44322658
0.5136671,0.5207845
0.597023,0.61168045
0.6654939,0.67337704
0.7236807,0.7194829
0.7564276,0.75218546
0.7713126,0.77553225
0.7713126,0.787557
0.7615697,0.7791109
0.7607578,0.7652228
0.76589984,0.781474
0.7556157,0.7780105
0.7304466,0.73639524
0.6941813,0.70108664
0.679567,0.698261
0.63031125,0.6484822
0.52990526,0.5439714
0.43788904,0.44114897
0.3572395,0.37321636
0.3060893,0.31471518
0.27604872,0.27622056
0.25520974,0.26605448
0.24844384,0.24952278
0.24411367,0.2494329
0.27361298,0.286599
0.34424898,0.35655063
0.4224628,0.43654463
0.47740188,0.496011
0.5090663,0.5190986
0.52503383,0.52681303
0.5304465,0.5330844
0.51962113,0.53052104
0.5104195,0.51610494
0.51258457,0.5161283
0.5336942,0.5422749
0.5518268,0.56234837
0.55074424,0.5529132
0.52963465,0.53941715
0.5304465,0.5412408
0.49959403,0.5015936
0.40920162,0.41224882
0.32638702,0.32430202
0.26955345,0.27364224
0.23870094,0.23691131
0.22056833,0.22844505
0.21569689,0.21949512
0.23734777,0.23294638
0.28281462,0.29823345
0.37753722,0.39351687
0.46630582,0.4715326
0.5277402,0.52394736
0.5648173,0.5721781
0.5932341,0.5971372
0.6073072,0.6079408
0.6143437,0.610451
0.6300406,0.62583643
0.6292287,0.6358168
0.6292287,0.62445366
0.6330176,0.65176916
0.6381597,0.64362097
0.6248985,0.6309626
0.5986468,0.6048931
0.6021651,0.6051605
0.55155617,0.56154263
0.44871446,0.44479778
0.35805142,0.35409367
0.29824087,0.29674757
0.2638701,0.26466262
0.24330176,0.25091663
0.23734777,0.24116446
0.2525034,0.25709483
0.30635995,0.30616236
0.39594045,0.41922674
0.48579162,0.48388895
0.5393775,0.54131365
0.57401896,0.58009887
0.59945875,0.6055788
0.61163735,0.6077249
0.60351825,0.61518776
0.6056833,0.6081278
0.59945875,0.6062572
0.5956698,0.5919119
0.6005413,0.61824334
0.6121786,0.6127807
0.6113667,0.60826087
0.58998644,0.59689665
0.58998644,0.6023418
0.55534506,0.55537987
0.46305817,0.45645306
0.37347767,0.37041265
0.3082544,0.3120389
0.27036536,0.272197
0.24925575,0.25307718
0.24194857,0.24733797
0.258728,0.26003546
0.30554804,0.31269032
0.39675236,0.41127336
0.49201623,0.48296076
0.5594046,0.54710567
0.61515564,0.60198784
0.66468203,0.65593183
0.6887686,0.6804856
0.69228685,0.6951852
0.6968877,0.7061132
0.68362653,0.6995808
0.6554804,0.67415917
0.6405954,0.6653296
0.637889,0.64375734
0.61867386,0.63038635
0.5826793,0.5971422
0.57023007,0.5898013
0.517456,0.5246613
0.4067659,0.41689125
0.30311233,0.31423452
0.23599459,0.24129057
0.1991881,0.20456466
0.17943166,0.18406394
0.17185386,0.18216366
0.18673883,0.19087279
0.23355886,0.23751634
0.31393775,0.3409291
0.39296347,0.40544316
0.44167796,0.44707462
0.47036535,0.4839142
0.4985115,0.49538285
0.511502,0.50264025
0.50960755,0.5068294
0.5112314,0.51247704
0.5052774,0.50598955
0.49580514,0.4982204
0.49661705,0.51405585
0.5060893,0.5123097
0.5014885,0.50485826
0.4909337,0.4887214
0.49364007,0.5092494
0.4465494,0.44939402
0.3623816,0.35250327
0.28362653,0.2812519
0.2278755,0.23039643
0.20027064,0.19989605
0.18294993,0.1920932
0.17916103,0.18200165
0.19431664,0.19592021
0.24167794,0.24442433
0.32151556,0.34800386
0.41001353,0.40276876
0.46901217,0.46251836
0.50635993,0.5089959
0.53152907,0.535307
0.54343706,0.5377617
0.5423545,0.5397541
0.5404601,0.54845464
0.5271989,0.5335306
0.51772666,0.51379013
0.51474965,0.5325638
0.51610285,0.52269626
0.50419486,0.5061925
0.4887686,0.48748174
0.49147496,0.5122785
0.45818675,0.4691848
0.37916103,0.38192445
0.30040595,0.29669145
0.23653586,0.24269338
0.20054127,0.20247556
0.17780785,0.18263465
0.16752368,0.17537215
0.17050068,0.16933061
0.18376184,0.18642041
0.22462788,0.23917419
0.30419487,0.3035736
0.388092,0.38984555
0.44546685,0.4493286
0.48092017,0.4814869
0.49986467,0.49417827
0.51447904,0.504863
0.5142084,0.5214488
0.51772666,0.515098
0.5288227,0.5269433
0.54533154,0.55289006
0.55669826,0.56808615
0.5477673,0.54939365
0.52801085,0.5278381
0.5369418,0.5421
0.5047361,0.5111251
0.42138025,0.42131153
0.33504736,0.3397026
0.27090663,0.27334142
0.2330176,0.23313946
0.20595399,0.20858279
0.19431664,0.19709934
0.19079837,0.19067174
0.19783491,0.19632787
0.22598106,0.24814928
0.2849797,0.3015701
0.36346415,0.3702892
0.42814615,0.4347834
0.47171855,0.47519872
0.50121784,0.4947552
0.517456,0.51652014
0.520433,0.5205275
0.52124494,0.5243703
0.5166441,0.5277511
0.5285521,0.53978086
0.54722595,0.55072784
0.5461434,0.54519
0.53883624,0.5295756
0.53342354,0.54835916
0.47469553,0.4891585
0.38538566,0.37901178
0.31069013,0.3068171
0.26278755,0.25966674
0.2338295,0.23299919
0.21948579,0.22364129
0.21380244,0.2198584
0.23626523,0.2317362
0.29120433,0.29655212
0.37861976,0.40724075
0.46874154,0.46938702
0.5328823,0.52935314
0.5802436,0.58031404
0.6156969,0.6189377
0.6419486,0.6294466
0.65304464,0.65033424
0.667659,0.6623614
0.67117727,0.6722379
0.66955346,0.6649854
0.670636,0.68740535
0.6622463,0.67843044
0.6516915,0.6478574
0.62354535,0.63000786
0.6124492,0.6235533
0.5545331,0.5606094
0.4503383,0.44868216
0.35426253,0.3579677
0.28795668,0.2919645
0.24844384,0.25339925
0.22733423,0.23428884
0.21867388,0.22681835
0.23545332,0.23596542
0.27577808,0.29314673
0.35994586,0.383343
0.45520973,0.44902274
0.51610285,0.51704764
0.56346416,0.56464213
0.6008119,0.6051147
0.6156969,0.61894274
0.620839,0.6224144
0.6265223,0.6367471
0.6262517,0.63043916
0.62679297,0.6240277
0.6313938,0.6476172
0.63247633,0.6382655
0.61867386,0.62112594
0.588092,0.5990026
0.5853857,0.59710765
0.5307172,0.548627
0.43058187,0.42718515
0.3345061,0.33938065
0.26738837,0.27163768
0.22868742,0.23279238
0.20649527,0.21343616
0.19972937,0.20558563
0.21705006,0.21727486
0.26332882,0.27295166
0.35128552,0.3737473
0.44600812,0.4405432
0.50960755,0.5026542
0.55372125,0.5545304
0.5872801,0.5920683
0.6067659,0.6013789
0.6156969,0.61372626
0.6292287,0.6320424
0.6405954,0.63583636
0.6397835,0.6430416
0.6435724,0.65660906
0.63897157,0.6511307
0.61867386,0.626109
0.5889039,0.5951011
0.5937754,0.59897435
0.54181325,0.55461144
0.43870094,0.43768433
0.34181327,0.34729916
0.2730717,0.27744213
0.23491204,0.23708607
0.21596752,0.2225075
0.20622464,0.21825671
0.21975642,0.22816846
0.2668471,0.28114688
0.35534507,0.37001312
0.45385656,0.44651392
0.5255751,0.52251196
0.57564276,0.5762123
0.6175913,0.6172296
0.6403248,0.6442946
0.64925575,0.65379417
0.6606225,0.6709391
0.6503383,0.66720164
0.6365359,0.64264226
0.62868744,0.64462614
0.6243572,0.6327715
0.6067659,0.61514926
0.5894452,0.5879222
0.5848444,0.6023004
0.52665764,0.5225805
0.43355885,0.43314165
0.3396482,0.34362367
0.27848443,0.27912217
0.24763194,0.2450116
0.22895806,0.24231285
0.22273342,0.22942081
0.23870094,0.24600685
0.28795668,0.3012869
0.3721245,0.39187452
0.455751,0.46729097
0.5142084,0.52063966
0.55723953,0.5622498
0.5916103,0.5941913
0.6094723,0.61075234
0.6189445,0.617728
0.62977,0.637799
0.6311231,0.63465655
0.6240866,0.62728655
0.6124492,0.63564885
0.6037889,0.6126894
0.58322054,0.590899
0.55155617,0.568148
0.55372125,0.56984437
0.511502,0.51370513
0.42733425,0.43540466
0.335318,0.33854264
0.27009472,0.27017486
0.22841679,0.23740202
0.20270637,0.21126196
0.191069,0.1987857
0.19269283,0.19729531
0.21028417,0.2143226
0.24519621,0.2630257
0.3142084,0.32433793
0.38673884,0.3971525
0.44221923,0.44902137
0.47253045,0.47855672
0.4879567,0.48628503
0.48660353,0.4957526
0.48146144,0.4887114
0.4728011,0.48354083
0.47415426,0.48228943
0.48822734,0.4964994
0.50094724,0.5095767
0.49607578,0.49964574
0.4714479,0.4901916
0.4820027,0.49147642
0.44248986,0.4501228
0.36562923,0.3753615
0.28470907,0.2892124
0.22625169,0.22862306
0.1902571,0.19318372
0.16968876,0.17143221
0.15778078,0.1664136
0.1556157,0.16200995
0.16156968,0.1696825
0.18294993,0.20282283
0.2525034,0.25570923
0.33721244,0.33848625
0.39675236,0.412303
0.4300406,0.436848
0.4465494,0.4526082
0.45385656,0.45465568
0.45169148,0.45898667
0.44844383,0.45359865
0.44763193,0.4578053
0.46062246,0.47290686
0.47983763,0.4883789
0.47740188,0.48646608
0.45845738,0.47488543
0.46792963,0.47156677
0.41461435,0.41741645
0.32963464,0.33300367
0.25169146,0.25225797
0.20108254,0.20315303
0.1729364,0.17427886
0.16048715,0.17010784
0.16048715,0.16570376
0.1767253,0.18877803
0.22543979,0.24499853
0.3128552,0.33342177
0.40947226,0.4030408
0.46549392,0.47657505
0.49445197,0.5065336
0.5169147,0.5235578
0.52530444,0.5337009
0.52286875,0.5283369
0.52638704,0.53309596
0.51989174,0.52682126
0.5152909,0.51530814
0.5209743,0.5304065
0.53152907,0.543694
0.52151555,0.5312528
0.4985115,0.5197854
0.50581867,0.51413906
0.44844383,0.45502427
0.347226,0.36190242
0.26116374,0.26102003
0.2037889,0.21370819
0.17266576,0.17759275
0.15669824,0.16917288
0.15399188,0.1601725
0.17320703,0.18265891
0.22192152,0.24162963
0.30094722,0.32810327
0.38998646,0.3825088
0.44465494,0.4494438
0.479567,0.48300675
0.5136671,0.5095564
0.5345061,0.53480726
0.538295,0.5435692
0.5496617,0.5540155
0.5464141,0.55550474
0.5437077,0.5438305
0.54857916,0.56017745
0.5493911,0.56186193
0.5377537,0.5427624
0.51474965,0.53252184
0.5223275,0.5295794
0.467659,0.46873587
0.36968878,0.37433523
0.2806495,0.28026643
0.22083898,0.23117736
0.1856563,0.1905835
0.16752368,0.1776057
0.16373478,0.170421
0.18186739,0.1911328
0.23058186,0.24876827
0.3142084,0.33542788
0.402977,0.3977163
0.4608931,0.46450624
0.5006766,0.5019332
0.5345061,0.535662
0.5512855,0.5555049
0.55236804,0.5574945
0.5610284,0.56673706
0.565088,0.5643307
0.56346416,0.56762326
0.5615697,0.5792041
0.5610284,0.5705998
0.5466847,0.55369914
0.5339648,0.54060614
0.5461434,0.55450726
0.4895805,0.49054864
0.39350474,0.3954932
0.30581868,0.3045592
0.2511502,0.2510712
0.21596752,0.22104545
0.19864681,0.20532718
0.19756427,0.20160893
0.21677943,0.22429733
0.27253044,0.2787974
0.3610284,0.3771619
0.45439783,0.45125255
0.51258457,0.51840544
0.5534506,0.55493987
0.5867388,0.5889181
0.605954,0.605884
0.617862,0.61370754
0.6368065,0.6378647
0.64790255,0.6442076
0.6419486,0.64971876
0.64627874,0.6529826
0.65277404,0.65725994
0.64248985,0.6465602
0.6308525,0.62820005
0.64113665,0.6467271
0.5840325,0.5853894
0.48308524,0.48473135
0.39512855,0.3879368
0.33071718,0.33380038
0.29661706,0.29354042
0.27550745,0.28669888
0.27171853,0.27261186
0.28768605,0.29365182
0.3369418,0.3505503
0.4257104,0.43713817
0.51799726,0.5181273
0.5805142,0.5857372
0.6197564,0.6303077
0.6465494,0.6556456
0.6519621,0.6648655
0.64627874,0.6563829
0.6430311,0.6593118
0.62895805,0.63944185
0.61028415,0.61674535
0.6040595,0.61651766
0.602977,0.61099714
0.5932341,0.5953412
0.5797023,0.5795934
0.58971584,0.60295635
0.54343706,0.5512044
0.45845738,0.46300784
0.36968878,0.3707335
0.30500677,0.30542466
0.26197565,0.2712846
0.24005413,0.24310786
0.22300406,0.23758253
0.22516915,0.22734821
0.23897158,0.24542798
0.27415428,0.28335342
0.35101488,0.3534007
0.4284168,0.4370437
0.48849797,0.49195078
0.5101488,0.52518916
0.5106901,0.520759
0.50284165,0.5108079
0.49012178,0.50360894
0.479567,0.48862782
0.48092017,0.4932294
0.4887686,0.5082134
0.49797022,0.51179266
0.485521,0.4981821
0.46197563,0.48112813
0.47253045,0.48550037
0.42462787,0.43960458
0.34912044,0.35492957
0.26792964,0.2772832
0.20838971,0.21362573
0.17023005,0.1764774
0.15236807,0.15150568
0.13667117,0.15040888
0.13964817,0.13963085
0.14722598,0.15453298
0.17023005,0.18646446
0.23545332,0.24168092
0.3142084,0.31904408
0.3721245,0.38211706
0.4051421,0.40939584
0.42192152,0.42445293
0.42625168,0.42845634
0.4248985,0.42886624
0.42462787,0.4284176
0.4368065,0.43554673
0.45899865,0.4688458
0.48308524,0.48954067
0.47983763,0.49074388
0.46982408,0.47642493
0.48416778,0.48965523
0.42516914,0.4335629
0.33125845,0.33727458
0.25683355,0.24859463
0.2037889,0.20806514
0.17564276,0.17474382
0.16373478,0.17236881
0.16292287,0.16861947
0.18159676,0.18987417
0.23247632,0.250253
0.32043302,0.34074664
0.41407308,0.40959474
0.4820027,0.4786965
0.5301759,0.5282055
0.56725305,0.5652355
0.5826793,0.58878624
0.5916103,0.5882284
0.6005413,0.61094904
0.6027064,0.6021403
0.5991881,0.59898686
0.6024357,0.6119068
0.60703653,0.6161554
0.59675235,0.6006324
0.573207,0.5855657
0.5840325,0.5853145
0.51312584,0.5299233
0.40703654,0.41049686
0.32070366,0.31495106
0.258728,0.2661192
0.2270636,0.22532289
0.20866035,0.2215001
0.20189445,0.21137092
0.21813262,0.22562023
0.2714479,0.28581437
0.3534506,0.38196746
0.4427605,0.44065988
0.5001353,0.50719875
0.54316646,0.5452118
0.57645464,0.58054507
0.588092,0.59679425
0.5872801,0.5942651
0.58457375,0.60071814
0.5745602,0.5809852
0.5653586,0.57017374
0.5664411,0.5786294
0.57239515,0.57966566
0.5669824,0.5694621
0.5629229,0.56028795
0.56887686,0.57789624
0.49959403,0.5107316
0.40405953,0.4029989
0.32151556,0.31832647
0.26224628,0.26928896
0.22733423,0.23023446
0.21055481,0.21707608
0.20189445,0.21456105
0.22056833,0.22631535
0.2714479,0.2850617
0.3518268,0.37591973
0.43707713,0.43341714
0.49282816,0.49742237
0.52313936,0.5325153
0.5480379,0.5516275
0.55507445,0.5630467
0.5545331,0.5558796
0.55723953,0.56879306
0.5480379,0.55546784
0.54533154,0.5452198
0.54722595,0.5639781
0.5437077,0.56420124
0.52503383,0.53774595
0.51447904,0.52246857
0.5261164,0.5363883
0.45981055,0.47018066
0.3615697,0.36860597
0.27415428,0.27847737
0.22110961,0.22425649
0.18538566,0.19409466
0.16941813,0.17490676
0.16373478,0.17285365
0.17780785,0.19063632
0.22543979,0.24171828
0.30635995,0.3268613
0.39350474,0.3867147
0.45439783,0.45290592
0.49012178,0.4945714
0.5207037,0.5190284
0.5361299,0.5372306
0.53721243,0.5404395
0.5426252,0.55026066
0.538295,0.54365337
0.53315294,0.5364349
0.5336942,0.54882014
0.53504735,0.54697216
0.52313936,0.53006816
0.50771314,0.52180505
0.520433,0.5337788
0.4592693,0.4667562
0.36346415,0.36613333
0.27848443,0.27762634
0.21705006,0.22903982
0.18538566,0.1852017
0.16671178,0.17897178
0.15805142,0.16817804
0.1729364,0.18030268
0.21867388,0.23236592
0.2976996,0.318655
0.38836265,0.38592306
0.4533153,0.4534569
0.49445197,0.49904022
0.5255751,0.52674687
0.5369418,0.5425583
0.5393775,0.54026824
0.5426252,0.5519154
0.53883624,0.543825
0.53315294,0.5344622
0.53179973,0.544196
0.52828145,0.5382483
0.5120433,0.5178853
0.49688768,0.503456
0.50419486,0.5217831
0.45142084,0.46003777
0.3677943,0.36929557
0.2806495,0.28269657
0.21759135,0.22029965
0.18511502,0.18364473
0.16644114,0.17175598
0.15615697,0.16555806
0.15913397,0.1647257
0.17645466,0.18495141
0.20920162,0.23033912
0.2866035,0.2850376
0.36373478,0.37249815
0.4173207,0.4255022
0.44330177,0.44997677
0.4511502,0.45469326
0.44925576,0.4525216
0.4443843,0.44981542
0.43978348,0.44452056
0.43897158,0.4503881
0.45277402,0.46023113
0.46738836,0.47566807
0.4600812,0.4675528
0.4473613,0.45554063
0.46414074,0.4746208
0.41542625,0.4246249
0.33856562,0.34151164
0.25899863,0.2637554
0.20514208,0.20434287
0.17185386,0.1746445
0.15453315,0.15492508
0.14479026,0.15203735
0.14722598,0.15071213
0.1556157,0.16457933
0.17645466,0.19988242
0.23924223,0.2495417
0.3188092,0.3225725
0.37861976,0.38961974
0.41867387,0.41852674
0.43951285,0.4421355
0.4481732,0.4483007
0.44411367,0.45362768
0.43815967,0.44499162
0.44330177,0.44607016
0.4579161,0.4712517
0.47929636,0.4854019
0.4849797,0.4862888
0.49066305,0.4848393
0.49878213,0.51413155
0.43734777,0.4436886
0.34993234,0.35043845
0.27469555,0.26985344
0.2270636,0.22510692
0.19648173,0.1980277
0.17889039,0.19161439
0.1759134,0.1803149
0.19648173,0.20077552
0.2481732,0.26595247
0.33044654,0.35687324
0.42598104,0.4152834
0.49147496,0.49176306
0.53504735,0.5371026
0.57564276,0.57062745
0.60108256,0.60269225
0.6127199,0.611305
0.62679297,0.6329242
0.62733424,0.631907
0.62679297,0.62461984
0.6284168,0.6424545
0.63545334,0.6393782
0.62516916,0.63115525
0.6113667,0.6126685
0.6181326,0.62750316
0.5464141,0.5620887
0.4414073,0.44541737
0.35101488,0.34731257
0.28633288,0.29077303
0.24952638,0.25020114
0.22435723,0.23957527
0.21677943,0.22310084
0.2270636,0.23840778
0.27686062,0.29216784
0.3623816,0.38446543
0.44898513,0.45163646
0.51799726,0.51289785
0.56914747,0.56890225
0.6135318,0.6124391
0.6451962,0.6442425
0.6654939,0.6645783
0.6820027,0.69228673
0.6887686,0.69229853
0.6960758,0.6909871
0.6993234,0.71560025
0.6968877,0.7030288
0.67713124,0.6847434
0.66116375,0.6592792
0.65981054,0.67573416
0.58240867,0.5954246
0.47307172,0.47353145
0.37158322,0.37447613
0.30284166,0.30630103
0.26332882,0.26525265
0.24221921,0.249414
0.23112313,0.24242175
0.24465494,0.25093156
0.2960758,0.3087379
0.37564275,0.40480742
0.46657646,0.46386838
0.54018945,0.5361345
0.5989175,0.5981399
0.6525034,0.64782965
0.69066304,0.68795
0.714479,0.71543896
0.7420839,0.7440425
0.74857914,0.7589705
0.7526387,0.7464899
0.75507444,0.7700465
0.7450609,0.75777376
0.71772665,0.7294022
0.7012179,0.694021
0.6993234,0.7165338
0.6211096,0.6332823
0.5052774,0.51268184
0.40108255,0.40550932
0.33504736,0.3316426
0.2925575,0.30002218
0.26576453,0.27755374
0.25439784,0.26373434
0.2722598,0.2732309
0.3225981,0.33737147
0.40487143,0.43018955
0.4985115,0.4991906
0.5718539,0.57220334
0.6300406,0.6322187
0.68173206,0.68111455
0.7196211,0.7173605
0.74695534,0.7448436
0.7710419,0.78073335
0.77916104,0.7855296
0.77374834,0.77874863
0.76562923,0.78743565
0.74614346,0.7627132
0.7163735,0.72727025
0.70744246,0.68753207
0.7060893,0.71904147
0.6330176,0.63756907
0.5239513,0.5265854
0.4270636,0.4272809
0.35994586,0.35956
0.31339648,0.32345223
0.28687415,0.29888278
0.2744249,0.28281477
0.28308526,0.29348722
0.32584575,0.34219426
0.3983762,0.42500392
0.48227334,0.49556962
0.541272,0.5553124
0.5745602,0.596869
0.6,0.61199
0.6121786,0.61917794
0.6140731,0.621739
0.61515564,0.63143265
0.60622466,0.6176706
0.5916103,0.6006279
0.5840325,0.6019882
0.5696888,0.58843267
0.54154265,0.5553924
0.5185386,0.53200614
0.5225981,0.5428404
0.46359947,0.48246065
0.37618405,0.3882337
0.29120433,0.296134
0.22598106,0.23241693
0.1864682,0.19185185
0.16373478,0.16752426
0.15290934,0.16006766
0.15669824,0.16066167
0.1759134,0.1781767
0.21163735,0.2253921
0.27956697,0.28586602
0.3564276,0.36123565
0.40730718,0.41559082
0.42787552,0.43562558
0.4316644,0.43476945
0.4308525,0.4296591
0.42462787,0.4312715
0.42138025,0.4231964
0.42598104,0.43414164
0.43978348,0.45088962
0.45520973,0.46344653
0.44763193,0.45736006
0.4443843,0.44508854
0.44682002,0.47582692
0.38782138,0.39901343
0.3142084,0.3136487
0.23788904,0.24355328
0.18240866,0.18649441
0.15453315,0.15162203
0.13802436,0.14076233
0.12665765,0.13708614
0.13044655,0.13481888
0.1428958,0.14944759
0.16400541,0.19043243
0.22571042,0.23594098
0.3036536,0.30807355
0.36481732,0.37320915
0.39891747,0.4050868
0.4181326,0.41944453
0.42760488,0.42683038
0.42462787,0.43303528
0.4265223,0.42662302
0.43626523,0.43775478
0.45520973,0.46572602
0.48064953,0.4837148
0.4820027,0.48889974
0.49282816,0.47900182
0.4925575,0.51453996
0.41948578,0.42945385
0.32746956,0.33217382
0.25845736,0.2495247
0.21705006,0.2120705
0.18836266,0.1916413
0.17618403,0.1854772
0.17456022,0.17985481
0.19837618,0.20035055
0.25764546,0.26679504
0.35805142,0.3684078
0.43815967,0.44685957
0.48254398,0.4944568
0.5277402,0.52165246
0.5705007,0.5627482
0.5978349,0.5894332
0.6156969,0.60872734
0.62516916,0.6320474
0.62219214,0.6262946
0.61163735,0.61665505
0.61001354,0.62108517
0.61380243,0.6217476
0.617862,0.60783386
0.6230041,0.6082337
0.60866034,0.63680947
0.5307172,0.54022264
0.42787552,0.4361337
0.34235454,0.33931148
0.28822732,0.28754252
0.25548038,0.25764295
0.23870094,0.24838524
0.2346414,0.24179263
0.255751,0.25962758
0.31556156,0.3244003
0.4121786,0.426546
0.4955345,0.4998519
0.55507445,0.55274445
0.60649526,0.6054989
0.6481732,0.65058696
0.6760487,0.67289424
0.69066304,0.69189715
0.7104195,0.7117959
0.7169148,0.7193085
0.72070366,0.7155248
0.7236807,0.738927
0.7201624,0.7285826
0.7012179,0.7084788
0.7028417,0.6825992
0.68660355,0.71415305
0.5978349,0.61090183
0.48227334,0.49160162
0.38592693,0.3853416
0.3179973,0.32568353
0.27956697,0.28205252
0.25899863,0.26709622
0.24682003,0.2621197
0.26251692,0.26668406
0.32151556,0.32836354
0.42300406,0.43342814
0.4895805,0.5170796
0.5404601,0.54212224
0.59133965,0.5908861
0.64086604,0.6361909
0.6806495,0.67089105
0.7052774,0.70647645
0.7239513,0.7328707
0.7247632,0.73591554
0.7269283,0.72429585
0.7188092,0.7445047
0.7044655,0.71834767
0.6790257,0.68958473
0.68525034,0.6526065
0.66495264,0.6988847
0.5705007,0.58274233
0.4549391,0.46430475
0.36481732,0.36031163
0.3052774,0.30493656
0.27361298,0.2731992
0.25223276,0.2638643
0.2443843,0.2537939
0.2630582,0.26723406
0.32719892,0.32814616
0.43951285,0.44275588
0.5052774,0.5351689
0.5377537,0.5539961
0.5577808,0.58121395
0.5745602,0.58846164
0.5797023,0.58835995
0.5737483,0.5826436
0.56887686,0.58432573
0.5545331,0.56448674
0.54397833,0.5498116
0.5423545,0.5591463
0.5420839,0.5571612
0.541272,0.53850996
0.55372125,0.54545593
0.54154265,0.5797062
0.46955344,0.47619712
0.37753722,0.3879067
0.29120433,0.29841202
0.23788904,0.24096513
0.20811908,0.20998627
0.19161029,0.2031712
0.18322057,0.19502047
0.20135318,0.20539996
0.2608931,0.26144937
0.3548038,0.36471784
0.4316644,0.44327226
0.48227334,0.48163432
0.5158322,0.52496034
0.55020297,0.5436052
0.57618403,0.57097876
0.59133965,0.5878545
0.61028415,0.61132675
0.62002707,0.6222855
0.62354535,0.62252986
0.6248985,0.64024496
0.61921513,0.6319121
0.60649526,0.60630333
0.61190796,0.5927731
0.6081191,0.63522065
0.5426252,0.5532131
0.4511502,0.45597392
0.36400542,0.360859
0.2985115,0.29834273
0.26035184,0.26351273
0.23599459,0.24529518
0.2232747,0.23130569
0.22598106,0.22986473
0.24492557,0.24752676
0.282544,0.29690212
0.34424898,0.36415276
0.4248985,0.4240983
0.48416778,0.4959055
0.52151555,0.52534294
0.54018945,0.5440942
0.5491204,0.55288976
0.54830855,0.5601377
0.54830855,0.5535587
0.55318,0.5589551
0.561299,0.5740672
0.5729364,0.5778203
0.5767253,0.56994843
0.5853857,0.56689596
0.5686062,0.6052269
0.51285523,0.51092076
0.43193504,0.43824312
0.3534506,0.35199767
0.3001353,0.29458728
0.26495263,0.26529032
0.2435724,0.24315014
0.23220569,0.23384455
0.2278755,0.23298034
0.2414073,0.24710244
0.26711774,0.28832293
0.32476318,0.3320758
0.41461435,0.41049734
0.49012178,0.48986122
0.53667116,0.5356617
0.5629229,0.5630057
0.57780784,0.580034
0.5767253,0.5850009
0.582138,0.5807651
0.5867388,0.59081733
0.5956698,0.60861504
0.60189444,0.6127795
0.59485793,0.61304265
0.59512854,0.6053116
0.5799729,0.5683626
0.51610285,0.5263199
0.43572396,0.42029876
0.35534507,0.3600683
0.30067658,0.30073088
0.2668471,0.26725692
0.24384303,0.25012988
0.23734777,0.23538497
0.24600811,0.25661588
0.26332882,0.31105494
0.29715833,0.35344934
0.34993234,0.36683407
0.4216509,0.41825745
0.4909337,0.48667422
0.54018945,0.5413625
0.5631935,0.5707484
0.56346416,0.57607484
0.5529093,0.5728879
0.5445196,0.54909825
0.54830855,0.5399187
0.5677943,0.57020843
0.5921516,0.5894383
0.591069,0.60955155
0.6002706,0.59897727
0.5664411,0.5744978
0.48227334,0.5000409
0.3856563,0.38068804
0.30717185,0.30399275
0.25602165,0.25413126
0.2278755,0.2235721
0.21244925,0.21510386
0.21163735,0.20824638
0.2346414,0.23119873
0.30473614,0.30556718
0.42273343,0.43423215
0.48822734,0.48998964
0.5255751,0.5182333
0.5661705,0.56027704
0.60324764,0.59789205
0.6211096,0.61825466
0.63058186,0.62431884
0.634912,0.6388892
0.6262517,0.63621294
0.6135318,0.61864626
0.6129905,0.62976944
0.61001354,0.6171192
0.6021651,0.61554074
0.6097429,0.6087134
0.5853857,0.5849495
0.49607578,0.51956856
0.38782138,0.3894355
0.3112314,0.3067829
0.25520974,0.26410398
0.2240866,0.22555542
0.2067659,0.21145248
0.2,0.20855573
0.21813262,0.22130719
0.2833559,0.29248983
0.3916103,0.4143094
0.45250338,0.45533982
0.48606226,0.47662836
0.5069012,0.5153589
0.53504735,0.52893823
0.5480379,0.5523276
0.5585927,0.55165184
0.56941813,0.5773282
0.5661705,0.5731975
0.56725305,0.5618781
0.56941813,0.58987725
0.56941813,0.57794356
0.5594046,0.58023894
0.57428956,0.574314
0.55074424,0.55537987
0.4700947,0.48212138
0.3677943,0.36758614
0.2790257,0.28623465
0.22733423,0.22671376
0.19864681,0.19814247
0.18159676,0.18775949
0.17483085,0.18228388
0.19296347,0.19442907
0.2592693,0.26700276
0.3691475,0.3893956
0.42868742,0.43330118
0.45439783,0.45258626
0.46711773,0.47855228
0.47713125,0.48424503
0.48227334,0.48278776
0.4820027,0.4848147
0.47848445,0.4901211
0.47117728,0.47530428
0.46576455,0.4657986
0.46711773,0.48570952
0.4714479,0.4819744
0.46738836,0.49043095
0.49012178,0.49188423
0.47388363,0.47626522
0.39133966,0.41194403
0.2976996,0.30017072
0.21190798,0.22569261
0.16373478,0.16574456
0.13856563,0.1426697
0.124492556,0.13256751
0.12232747,0.1291971
0.14018944,0.1452229
0.20703654,0.21394496
0.31258458,0.32772157
0.37753722,0.380498
0.4008119,0.40714848
0.41759133,0.42158315
0.43193504,0.43074903
0.43545333,0.43690297
0.43328822,0.4364757
0.43734777,0.43863305
0.42679295,0.43803477
0.41786197,0.41725838
0.4156969,0.43508154
0.41948578,0.42083022
0.4181326,0.43627924
0.43653587,0.44562006
0.42192152,0.42559746
0.3661705,0.370301
0.28741542,0.29089123
0.21217862,0.21597421
0.16589986,0.16289964
0.13694182,0.1457573
0.12016238,0.12654099
0.118538566,0.12073265
0.12611638,0.12818167
0.14641407,0.15678245
0.191069,0.19570243
0.25385657,0.25645033
0.32584575,0.32517695
0.36725304,0.37315315
0.38457376,0.3877731
0.39133966,0.38743186
0.3907984,0.39278343
0.38511503,0.38665113
0.3813261,0.38259587
0.3797023,0.38516626
0.3907984,0.40114036
0.41163734,0.41110978
0.4240866,0.43099383
0.4376184,0.4499574
0.41380244,0.42124742
0.3526387,0.36394334
0.2811908,0.27958706
0.21488498,0.21729724
0.16860622,0.17135713
0.14073072,0.14099644
0.12719892,0.12714839
0.12097429,0.12443513
0.12584573,0.1242428
0.14316644,0.14947766
0.17131259,0.18521142
0.22625169,0.2328575
0.30338296,0.30213594
0.36184034,0.36287913
0.3907984,0.39357975
0.3948579,0.40248606
0.39539918,0.3980482
0.38078484,0.39060998
0.36481732,0.3730874
0.35832205,0.362574
0.3753721,0.383274
0.40243572,0.40387893
0.41082543,0.42908874
0.43220568,0.43607464
0.40703654,0.41033185
0.32313937,0.34451586
0.23924223,0.2452422
0.1729364,0.17923474
0.13288227,0.1349597
0.11150203,0.1165282
0.10365359,0.11004864
0.10473613,0.113156214
0.13342355,0.13635862
0.20811908,0.21244133
0.32530448,0.33804432
0.39106902,0.3968015
0.4135318,0.4205246
0.42273343,0.43258387
0.43870094,0.43344313
0.44221923,0.44540843
0.4419486,0.439845
0.4443843,0.4441219
0.43707713,0.44413927
0.42976996,0.4309452
0.43220568,0.45025918
0.44573748,0.4514466
0.45872802,0.4702648
0.4925575,0.48636052
0.45953992,0.47027883
0.3745602,0.38533786
0.28281462,0.2815084
0.20595399,0.21048981
0.16427605,0.16380677
0.138295,0.14475815
0.12801082,0.13336545
0.12746955,0.13572708
0.14939107,0.1584126
0.21569689,0.22805606
0.33125845,0.344082
0.40108255,0.39238957
0.43139377,0.4215429
0.45737484,0.45224717
0.48470905,0.47437343
0.4947226,0.495551
0.49418133,0.49113992
0.4955345,0.49735257
0.4863329,0.49285942
0.48579162,0.47774357
0.49878213,0.5093291
0.5169147,0.5125129
0.5285521,0.53637767
0.5583221,0.5503663
0.5261164,0.5390117
0.4473613,0.45307294
0.35074425,0.35380393
0.27794316,0.27261874
0.2330176,0.23180735
0.20405954,0.2063859
0.19431664,0.19143659
0.19431664,0.19761586
0.22083898,0.21877687
0.29228687,0.2983137
0.42083898,0.42540878
0.50094724,0.48828122
0.5374831,0.525287
0.5889039,0.564504
0.64573747,0.62290967
0.6874154,0.66839147
0.7150203,0.6998006
0.747226,0.73181725
0.7640054,0.76906836
0.7767253,0.7651551
0.7897158,0.7952639
0.7810555,0.7969619
0.7675237,0.7793976
0.7829499,0.7653749
0.729364,0.75327456
0.6202977,0.64340603
0.49336943,0.5021298
0.40135318,0.39871344
0.34073073,0.34474272
0.30554804,0.30513027
0.28606224,0.28705472
0.2774019,0.28240967
0.2901218,0.29415968
0.35236806,0.35980037
0.47225982,0.48290417
0.5377537,0.55087197
0.57564276,0.5698322
0.6129905,0.61481464
0.64925575,0.6521144
0.6652233,0.6687014
0.65629226,0.67395127
0.6525034,0.66485345
0.6362652,0.65028965
0.6197564,0.62224895
0.62679297,0.6320678
0.6365359,0.6381737
0.6368065,0.645718
0.63355887,0.6383132
0.59133965,0.5999695
0.5098782,0.52073175
0.41867387,0.41378674
0.33640054,0.34107617
0.27415428,0.2859947
0.2443843,0.24177839
0.22571042,0.2341738
0.22192152,0.22402138
0.2397835,0.24036723
0.30094722,0.31129354
0.41948578,0.42882034
0.48822734,0.499135
0.5166441,0.5194559
0.54181325,0.5449858
0.5653586,0.56442595
0.5699594,0.5749406
0.56589985,0.5697056
0.5631935,0.5725548
0.5437077,0.55987704
0.5328823,0.52830446
0.5166441,0.5531112
0.51231396,0.51598525
0.5044655,0.52246594
0.50581867,0.5126091
0.46901217,0.48421273
0.40405953,0.4169463
0.3217862,0.33086726
0.24519621,0.2523238
0.18971583,0.1967716
0.15913397,0.16559473
0.14100136,0.14741807
0.13504736,0.14178002
0.14370771,0.14168793
0.16535859,0.16900021
0.21190798,0.21361816
0.27767253,0.27809244
0.34316644,0.35131675
0.3805142,0.38938767
0.39296347,0.39719784
0.39269283,0.3909927
0.38430312,0.38828424
0.3745602,0.3763123
0.36265224,0.36770362
0.35615698,0.35992953
0.36671177,0.37939855
0.38078484,0.39530277
0.3902571,0.39961594
0.4143437,0.41637167
0.394046,0.40037417
0.33477673,0.34808847
0.258728,0.26944456
0.1924222,0.19860621
0.14451963,0.15218109
0.117997296,0.121273406
0.09905277,0.10814977
0.092016235,0.10227126
0.097428955,0.09617449
0.11474966,0.121774495
0.14749661,0.1525315
0.20649527,0.20635924
0.2782138,0.2855001
0.32341,0.33255178
0.34100136,0.3458736
0.34235454,0.3461886
0.3458728,0.3449046
0.34181327,0.34412628
0.33667117,0.3390976
0.34343708,0.33897692
0.36644113,0.37612653
0.3962111,0.39712986
0.41299054,0.42417964
0.44330177,0.44144353
0.4037889,0.41984648
0.32368064,0.33005106
0.2414073,0.24518904
0.1797023,0.17807005
0.1391069,0.14006467
0.118538566,0.120250456
0.10960758,0.114283085
0.11150203,0.11410518
0.13504736,0.14289746
0.20351827,0.2094519
0.32341,0.3291039
0.39783493,0.39301264
0.42435724,0.42784044
0.44546685,0.44405627
0.46062246,0.46011043
0.467659,0.46533087
0.46359947,0.46581084
0.45764548,0.46270818
0.44303113,0.45565417
0.42814615,0.43328032
0.43220568,0.44866753
0.44844383,0.45559937
0.46359947,0.47386274
0.49878213,0.48731345
0.45818675,0.47283253
0.37320703,0.38495192
0.2790257,0.28554302
0.20027064,0.20921601
0.15426251,0.15954527
0.12774019,0.13573657
0.11637348,0.12278034
0.12043302,0.12666263
0.14830853,0.15129298
0.2232747,0.23470947
0.34100136,0.35987306
0.39458728,0.40262738
0.40324762,0.4103953
0.41028416,0.4181184
0.4173207,0.41865656
0.41623816,0.4184518
0.40920162,0.41475675
0.4075778,0.41121888
0.39729363,0.40616548
0.3907984,0.39255455
0.40405953,0.4137148
0.42625168,0.43097153
0.4481732,0.45818013
0.4895805,0.48212284
0.455751,0.46973416
0.37428957,0.37848067
0.27713126,0.28303114
0.20108254,0.2030091
0.15290934,0.15921172
0.12963465,0.13133617
0.11962111,0.124186516
0.116644114,0.12996115
0.14424899,0.14330211
0.21732071,0.22604713
0.341272,0.34793323
0.39566982,0.40081403
0.40866035,0.40542158
0.41948578,0.42252797
0.42868742,0.42885926
0.4338295,0.43134296
0.43220568,0.4354547
0.4368065,0.44035834
0.43193504,0.43967453
0.4300406,0.43152484
0.4338295,0.45322803
0.44682002,0.45110413
0.46495265,0.4720444
0.49499324,0.49920788
0.45656294,0.4722834
0.37645468,0.37772375
0.28389716,0.28495693
0.21055481,0.2086298
0.16454668,0.16700737
0.13802436,0.1434895
0.12638701,0.13226372
0.1255751,0.13362561
0.14993234,0.15033475
0.22273342,0.23237976
0.34235454,0.35318467
0.40162382,0.402116
0.42192152,0.41422364
0.43572396,0.43714693
0.45304465,0.4487463
0.46224627,0.45976195
0.4638701,0.46502241
0.4692828,0.4752474
0.46711773,0.47156617
0.46414074,0.46388423
0.4692828,0.48385325
0.4768606,0.48103124
0.48416778,0.49562564
0.51474965,0.513592
0.47794315,0.49627575
0.39648172,0.39912996
0.29824087,0.3029733
0.22002706,0.21974075
0.16833559,0.17486715
0.14262517,0.14505813
0.12801082,0.13512611
0.12665765,0.1314002
0.14912044,0.15172645
0.21380244,0.22710878
0.32963464,0.33993244
0.38836265,0.39900306
0.41759133,0.41168246
0.43815967,0.44140646
0.46062246,0.45505953
0.46901217,0.47171125
0.4692828,0.47213945
0.4760487,0.47978374
0.4660352,0.47895592
0.46305817,0.4588597
0.45872802,0.48185828
0.45656294,0.45705974
0.45899865,0.4674997
0.48227334,0.48436877
0.44248986,0.46713755
0.37699595,0.37678492
0.2993234,0.30132544
0.22814615,0.22726417
0.17374831,0.17948802
0.14235453,0.14978032
0.12476319,0.1301591
0.117997296,0.124617115
0.11745602,0.12439176
0.14316644,0.14264965
0.19161029,0.19300002
0.25818673,0.26089355
0.32151556,0.333254
0.35372123,0.36815774
0.37266576,0.37116706
0.37320703,0.37654173
0.36833557,0.36985743
0.3631935,0.36259663
0.34857917,0.3605462
0.35101488,0.34718242
0.37347767,0.3756389
0.39648172,0.40074548
0.41705006,0.41657934
0.43815967,0.44536152
0.40622464,0.42115024
0.3488498,0.35533455
0.28092015,0.2838926
0.21921515,0.21941203
0.17428958,0.17700586
0.14830853,0.14559296
0.13477673,0.13522115
0.13125846,0.13106687
0.13261163,0.13491601
0.15047361,0.15533397
0.18457375,0.19166142
0.23518267,0.24868262
0.3060893,0.30954853
0.35994586,0.36356103
0.3872801,0.38923267
0.4008119,0.39962932
0.40405953,0.40830627
0.39458728,0.40088305
0.3840325,0.39061067
0.37997293,0.3838832
0.3924222,0.4051592
0.41596752,0.41680124
0.43815967,0.44049346
0.45548037,0.46256343
0.4075778,0.42414108
0.32611638,0.3371454
0.24627875,0.25122648
0.1805142,0.18632773
0.1399188,0.1417815
0.11935047,0.12277439
0.111772664,0.11755821
0.11420839,0.119791076
0.13856563,0.14521025
0.21380244,0.21530119
0.3428958,0.34474352
0.4051421,0.41331473
0.42625168,0.42918614
0.4414073,0.44594175
0.45439783,0.4544788
0.45845738,0.45927268
0.44248986,0.45592707
0.43788904,0.43721083
0.42516914,0.43794867
0.41867387,0.41508976
0.4284168,0.44250584
0.45548037,0.45651707
0.48985115,0.48618674
0.5101488,0.5131223
0.45818675,0.47287878
0.38024357,0.38312578
0.28958052,0.2932283
0.21488498,0.21785255
0.16968876,0.17267048
0.14722598,0.14981735
0.13585927,0.14466585
0.13504736,0.14480695
0.15778078,0.16371216
0.23518267,0.2401137
0.3610284,0.37226453
0.41596752,0.42035332
0.42598104,0.42522162
0.43734777,0.44131204
0.4481732,0.44498256
0.44465494,0.45278138
0.4384303,0.43842232
0.43788904,0.44210616
0.4300406,0.43982244
0.42760488,0.42610538
0.43788904,0.45590368
0.46549392,0.46295413
0.4976996,0.49744192
0.520433,0.52332854
0.46549392,0.48603094
0.38159674,0.38513133
0.28606224,0.29162166
0.21028417,0.21244508
0.16725305,0.16700286
0.14397834,0.14645348
0.1331529,0.13983956
0.13071719,0.14248073
0.15507442,0.15719219
0.22760487,0.23571293
0.3564276,0.36016798
0.41461435,0.4179583
0.42733425,0.42415306
0.4324763,0.44099328
0.44330177,0.43987933
0.44330177,0.4478226
0.44221923,0.4417151
0.44465494,0.45090964
0.43410012,0.4472799
0.42949933,0.42885306
0.4359946,0.45270947
0.4600812,0.45784634
0.4947226,0.4898509
0.5171854,0.5213532
0.4668471,0.4823881
0.38267928,0.38698432
0.28687415,0.29196715
0.21650879,0.21164896
0.16995941,0.17422533
0.14614344,0.14783978
0.13477673,0.14024809
0.132341,0.14271751
0.15859269,0.15622066
0.23355886,0.24026373
0.36265224,0.36654302
0.42110962,0.42372283
0.4359946,0.43016937
0.44627875,0.44899845
0.455751,0.45577607
0.4562923,0.45842817
0.4503383,0.454277
0.44763193,0.45635602
0.4338295,0.44729036
0.4284168,0.42748046
0.43220568,0.45049942
0.44871446,0.45103884
0.48146144,0.47583887
0.5098782,0.5119711
0.46820027,0.4821836
0.38836265,0.3931312
0.29526386,0.29890895
0.21921515,0.22030497
0.17131259,0.17502135
0.14533153,0.14861855
0.13288227,0.13850668
0.13450609,0.1368604
0.15615697,0.16000476
0.22625169,0.23452519
0.34912044,0.35574552
0.4075778,0.41727674
0.42787552,0.42497858
0.44113666,0.44682473
0.4549391,0.4509677
0.4571042,0.46098405
0.4503383,0.45567718
0.4451962,0.45389482
0.42949933,0.44299683
0.42056835,0.42143035
0.42273343,0.44163898
0.4292287,0.43193856
0.44898513,0.44755176
0.4638701,0.47592196
0.42543977,0.44100103
0.3645467,0.36690852
0.28606224,0.29279354
0.21461435,0.21618502
0.16292287,0.16722232
0.13179973,0.14127888
0.117997296,0.120283455
0.11231394,0.12130287
0.117997296,0.120481454
0.1488498,0.14630601
0.20514208,0.2027635
0.27253044,0.27384478
0.33748308,0.34039086
0.36833557,0.37976468
0.37320703,0.38188025
0.37050068,0.36897546
0.3623816,0.3664689
0.35020298,0.35616827
0.3404601,0.3457184
0.341272,0.34384075
0.35236806,0.36610624
0.37699595,0.37796804
0.40243572,0.40094373
0.4202977,0.43348315
0.3788904,0.39868876
0.3201624,0.32297826
0.25304466,0.2566318
0.18782137,0.19368334
0.14262517,0.14639413
0.11393775,0.11921178
0.1014885,0.1032372
0.09418133,0.1060146
0.10013532,0.099738345
0.122056834,0.1249612
0.16481732,0.16584289
0.22516915,0.2300035
0.2968877,0.2978605
0.33991882,0.34789968
0.35290933,0.3594262
0.35507444,0.35470676
0.3496617,0.3583247
0.34100136,0.34313658
0.33125845,0.33726853
0.33802435,0.33260572
0.3661705,0.37055266
0.40433016,0.39824808
0.4465494,0.43563744
0.45953992,0.47484833
0.4135318,0.42031068
0.3309878,0.33912143
0.25169146,0.25060546
0.18592693,0.18819025
0.1450609,0.14387444
0.12232747,0.12597245
0.11474966,0.11887041
0.11637348,0.12254891
0.14181326,0.1479287
0.21732071,0.21869947
0.34857917,0.34748483
0.41001353,0.41631302
0.42435724,0.4297241
0.43355885,0.4392237
0.44600812,0.4428738
0.45060894,0.45142782
0.4495264,0.45008686
0.45277402,0.452253
0.4392422,0.45590392
0.43355885,0.43299296
0.44086602,0.45779625
0.46305817,0.46212527
0.5044655,0.49021846
0.52638704,0.5333997
0.47334236,0.48635158
0.38511503,0.3933864
0.29445195,0.29139823
0.21677943,0.22100794
0.16887686,0.17221294
0.14235453,0.1472122
0.13125846,0.14044973
0.12909336,0.14153205
0.15480378,0.16004235
0.22895806,0.23738532
0.3594046,0.3751766
0.41542625,0.42652223
0.42868742,0.42172846
0.44303113,0.44724205
0.45602164,0.4583619
0.46197563,0.46357194
0.46305817,0.4632573
0.46955344,0.47597936
0.46495265,0.47134486
0.4625169,0.4643977
0.46820027,0.4854403
0.48146144,0.4939966
0.5136671,0.5234764
0.53207034,0.5225203
0.46711773,0.512237
0.3856563,0.3853499
0.2901218,0.29702163
0.21921515,0.21861532
0.17618403,0.17662835
0.15128551,0.15426624
0.13694182,0.14732565
0.13477673,0.1443094
0.15696888,0.16349286
0.22949933,0.23530626
0.3496617,0.37218523
0.4105548,0.41443712
0.42949933,0.42259938
0.44871446,0.4517183
0.47171855,0.46838173
0.47929636,0.48416686
0.48416778,0.48132482
0.49526387,0.50057054
0.4963464,0.50070035
0.4909337,0.49667144
0.4863329,0.50851357
0.4871448,0.50212
0.51907986,0.52218246
0.53667116,0.52791035
0.48985115,0.52285415
0.4046008,0.42271814
0.30175912,0.31208098
0.22652233,0.22727431
0.1797023,0.18156597
0.14614344,0.1548
0.12963465,0.13904256
0.12341002,0.13589996
0.14749661,0.14879268
0.21407308,0.22949839
0.33396482,0.35544297
0.39052776,0.40397695
0.41028416,0.40747812
0.42814615,0.43444383
0.4451962,0.44819227
0.45006767,0.45533982
0.45006767,0.4519963
0.45656294,0.46320027
0.45087957,0.45941097
0.4443843,0.4469151
0.44492558,0.4622337
0.45169148,0.4673265
0.49364007,0.49411345
0.50798374,0.5046473
0.46278754,0.4876915
0.3864682,0.39109156
0.29228687,0.2973289
0.21975642,0.22030124
0.16995941,0.17451182
0.14560217,0.14463142
0.12774019,0.14153285
0.12638701,0.1330272
0.1458728,0.1531931
0.21434371,0.22006725
0.33856562,0.35319299
0.40243572,0.4103201
0.42462787,0.41952953
0.44330177,0.4461266
0.4579161,0.4606001
0.4533153,0.46521136
0.4451962,0.44937503
0.44167796,0.45064476
0.4300406,0.43547347
0.41488498,0.4203377
0.41461435,0.42975745
0.42679295,0.438557
0.4660352,0.47266552
0.46711773,0.46901262
0.42625168,0.44673574
0.36292288,0.371014
0.28714478,0.2907709
0.21055481,0.22076707
0.16373478,0.162191
0.13450609,0.1400112
0.12016238,0.12416616
0.11231394,0.12350173
0.12124492,0.121699095
0.14830853,0.15392885
0.19864681,0.21628594
0.26955345,0.26973686
0.33342355,0.33744305
0.36644113,0.3795789
0.37428957,0.38418487
0.36806494,0.37697864
0.3585927,0.3645545
0.34343708,0.3509662
0.33396482,0.3383225
0.33044654,0.33699572
0.3428958,0.3594466
0.3759134,0.38603675
0.41975644,0.42601046
0.41407308,0.42136547
0.37699595,0.39222458
0.32232746,0.33124402
0.25466847,0.25786084
0.1962111,0.1992735
0.14641407,0.15712379
0.12016238,0.12162488
0.10690122,0.11202683
0.1014885,0.1106537
0.10554804,0.11110336
0.12422192,0.12879348
0.16427605,0.17568892
0.22083898,0.23050718
0.29986468,0.28978783
0.34939107,0.35890982
0.36941814,0.37370384
0.37645468,0.3770941
0.38349122,0.3795093
0.3797023,0.38470125
0.3721245,0.37957257
0.37564275,0.37177226
0.4097429,0.40877572
0.4495264,0.4625256
0.47983763,0.4958307
0.4533153,0.46652445
0.40162382,0.4152289
0.32584575,0.3395483
0.24086604,0.25021464
0.1797023,0.18073133
0.1399188,0.14262393
0.12043302,0.12130447
0.113667116,0.11825141
0.11529093,0.12523715
0.14235453,0.14921138
0.22056833,0.21911694
0.35696888,0.36456603
0.44682002,0.43256325
0.4668471,0.47038504
0.4728011,0.48473617
0.48687416,0.48161438
0.49418133,0.4949351
0.4909337,0.49055973
0.4939107,0.4955934
0.48822734,0.493035
0.48606226,0.48006085
0.50392425,0.50870335
0.51962113,0.53587556
0.54533154,0.5575751
0.5120433,0.5337261
0.4495264,0.47300562
0.37266576,0.3846141
0.2933694,0.28933528
0.22056833,0.2293987
0.17077132,0.17771614
0.1428958,0.14877933
0.13423546,0.14071706
0.13071719,0.14640757
0.14939107,0.16193986
0.22516915,0.23119098
0.3594046,0.3754024
0.41515562,0.43445235
0.4224628,0.4239584
0.43410012,0.43961704
0.44113666,0.4494616
0.4376184,0.44620517
0.43112314,0.43430933
0.4308525,0.43777615
0.4181326,0.4303935
0.4075778,0.41084653
0.41163734,0.42949572
0.43301758,0.4462709
0.4930988,0.483955
0.50419486,0.5041821
0.461705,0.4795131
0.38240865,0.39931813
0.2901218,0.29492027
0.21705006,0.2215629
0.17023005,0.1760913
0.14181326,0.14958924
0.1285521,0.13634534
0.1285521,0.13865621
0.1564276,0.15736958
0.2346414,0.23974459
0.37185386,0.38085133
0.42598104,0.4347132
0.43328822,0.42742774
0.43328822,0.44651613
0.43112314,0.43544793
0.4240866,0.42740473
0.4156969,0.41822788
0.41380244,0.42090097
0.408931,0.41331425
0.40189445,0.40637466
0.41082543,0.42644492
0.4376184,0.45289156
0.49688768,0.49705732
0.5017591,0.505921
0.4633288,0.47179136
0.3856563,0.3962898
0.29066306,0.2922917
0.21542625,0.2180498
0.17185386,0.17114538
0.14424899,0.15151486
0.13558863,0.13921064
0.1361299,0.14706334
0.15994588,0.16490601
0.24113667,0.23910892
0.3745602,0.3864379
0.43112314,0.43414372
0.43815967,0.431178
0.44384304,0.44949767
0.44898513,0.44832933
0.44167796,0.44850034
0.4324763,0.43429068
0.4316644,0.43885955
0.4232747,0.43129817
0.41921514,0.4189467
0.42516914,0.44457635
0.45304465,0.4637507
0.5120433,0.5113592
0.5104195,0.51632285
0.4660352,0.47789952
0.39133966,0.39931312
0.29986468,0.29956064
0.22543979,0.22749291
0.17564276,0.1800575
0.1518268,0.15289874
0.1331529,0.149153
0.132341,0.14081879
0.15669824,0.15958782
0.22516915,0.23555332
0.35128552,0.36419034
0.41380244,0.41787818
0.42895806,0.4251087
0.43707713,0.44546154
0.44303113,0.44649383
0.43951285,0.44558606
0.43355885,0.43521258
0.42760488,0.44039735
0.4189445,0.42386022
0.4046008,0.41537264
0.40487143,0.4228365
0.42219216,0.43153298
0.47307172,0.471553
0.46874154,0.47697505
0.4284168,0.44258308
0.36481732,0.37574297
0.28985116,0.29111934
0.2135318,0.22263102
0.15778078,0.16531992
0.13017592,0.13176383
0.11393775,0.12113893
0.11014885,0.117389396
0.12070365,0.122862235
0.14857917,0.1535034
0.20866035,0.2151677
0.27875507,0.28002512
0.3480379,0.3419909
0.3848444,0.39190826
0.39458728,0.40312707
0.38836265,0.39649323
0.37753722,0.3854023
0.3653586,0.36923194
0.35534507,0.36076
0.35534507,0.3555197
0.37672532,0.38452664
0.4143437,0.42225444
0.45764548,0.46329436
0.4405954,0.45024502
0.3991881,0.40642306
0.34181327,0.34943038
0.2744249,0.27055168
0.21082544,0.2158404
0.15615697,0.16790858
0.12828146,0.12929545
0.11474966,0.120514035
0.10906631,0.11828665
0.11529093,0.12060244
0.13423546,0.14159241
0.17645466,0.18999743
0.23707713,0.24446805
0.31069013,0.30635947
0.35317996,0.36757126
0.36508796,0.3741764
0.3572395,0.36908862
0.3488498,0.35608977
0.3369418,0.34445247
0.32665765,0.3354655
0.3328823,0.3293879
0.3610284,0.3706449
0.402977,0.4126334
0.464682,0.46088094
0.4511502,0.46656796
0.40784845,0.41511345
0.3328823,0.34849912
0.2608931,0.25411275
0.1932341,0.20290303
0.14912044,0.15273322
0.1255751,0.12899119
0.119079836,0.12270321
0.121515565,0.12999529
0.1450609,0.1552876
0.2037889,0.2223672
0.30338296,0.33625335
0.38294992,0.36794034
0.43410012,0.4151077
0.46116373,0.46417132
0.47090665,0.47616348
0.45953992,0.47256136
0.4465494,0.44840562
0.4368065,0.44950148
0.42598104,0.43241933
0.42083898,0.420118
0.43410012,0.4472812
0.48010826,0.47851032
0.5358593,0.5377605
0.5152909,0.5290923
0.4608931,0.4715095
0.3797023,0.39387372
0.28687415,0.2876991
0.21217862,0.21467373
0.16427605,0.16623792
0.1361299,0.14207624
0.12286874,0.13325159
0.123951286,0.13257974
0.14912044,0.1556417
0.22543979,0.23075148
0.35669824,0.37270558
0.42002708,0.4271551
0.43545333,0.43212143
0.44221923,0.45305482
0.4519621,0.44984064
0.44384304,0.456903
0.43572396,0.43477315
0.43707713,0.44320184
0.42598104,0.43766966
0.42002708,0.4211929
0.4284168,0.4466045
0.46414074,0.46697626
0.52476317,0.5204045
0.5069012,0.52657664
0.46576455,0.4692502
0.37834913,0.40565315
0.2866035,0.28426653
0.21677943,0.21788429
0.16752368,0.17552674
0.14154263,0.14366384
0.13017592,0.13655093
0.13288227,0.14020845
0.15805142,0.16359206
0.23139377,0.23770872
0.36508796,0.37454545
0.42760488,0.43172833
0.43491206,0.4344429
0.43951285,0.44842878
0.4473613,0.4476269
0.44709066,0.45121732
0.43328822,0.4427484
0.43545333,0.43732557
0.4284168,0.43799436
0.42625168,0.42409068
0.43545333,0.45330468
0.47117728,0.47434402
0.52665764,0.52833974
0.5133965,0.52460575
0.46197563,0.4757482
0.38240865,0.3959178
0.28687415,0.29085973
0.21434371,0.21606368
0.16481732,0.17063496
0.14262517,0.14095686
0.12584573,0.13901368
0.12746955,0.13507178
0.14939107,0.15566705
0.2240866,0.22945507
0.3610284,0.36755848
0.4284168,0.42994115
0.43897158,0.43692902
0.44303113,0.45227066
0.4519621,0.45103028
0.4571042,0.45614102
0.4511502,0.45539346
0.45087957,0.45947435
0.4414073,0.4520701
0.43410012,0.43823066
0.43220568,0.45605484
0.45385656,0.45752436
0.5152909,0.5044103
0.5074425,0.52127695
0.4592693,0.47452334
0.3813261,0.39454964
0.2917456,0.29209527
0.21975642,0.22176382
0.17158322,0.17516309
0.14262517,0.14832383
0.13017592,0.13800073
0.13179973,0.13793698
0.1556157,0.16108093
0.22571042,0.23043631
0.35209742,0.36616617
0.41759133,0.42374572
0.4343708,0.4314796
0.44411367,0.4514206
0.45385656,0.45612106
0.45087957,0.45968816
0.43788904,0.4478464
0.4343708,0.44013864
0.42300406,0.4304486
0.40649527,0.41481364
0.40433016,0.4230797
0.42110962,0.43084288
0.47171855,0.4702647
0.45223275,0.47430298
0.41515562,0.4226661
0.3564276,0.36863405
0.2841678,0.28684106
0.21028417,0.2195406
0.15832205,0.16402295
0.13071719,0.13427109
0.1188092,0.12218901
0.111231394,0.12439418
0.12286874,0.12243815
0.15507442,0.15533172
0.21299052,0.22551465
0.27767253,0.28214252
0.3420839,0.33883482
0.36292288,0.38447103
0.36725304,0.37182704
0.3564276,0.36729416
0.34316644,0.3500406
0.32909337,0.3336729
0.31853858,0.32562557
0.3150203,0.32086176
0.33802435,0.34480244
0.38376185,0.3879956
0.42814615,0.4397464
0.4051421,0.42590812
0.36725304,0.37731588
0.31366712,0.32354325
0.2533153,0.2505783
0.19512855,0.20061395
0.14830853,0.15650418
0.116102844,0.12451136
0.09932341,0.10792045
0.09418133,0.10208359
0.09932341,0.105475776
0.11962111,0.123149276
0.16292287,0.17196512
0.21813262,0.23058179
0.28822732,0.28496823
0.3285521,0.3441375
0.3437077,0.34718743
0.34614342,0.35027987
0.34560215,0.3496105
0.3345061,0.3446814
0.3217862,0.3333437
0.32395127,0.323373
0.34695536,0.36101538
0.40135318,0.3981527
0.47090665,0.4638756
0.45087957,0.4697918
0.3983762,0.41180077
0.31853858,0.33665696
0.24221921,0.242244
0.18078485,0.18473817
0.141272,0.14307661
0.12070365,0.12355802
0.11447903,0.11769748
0.1188092,0.12601236
0.1526387,0.15265799
0.23220569,0.23527673
0.37239513,0.37551945
0.4376184,0.43863267
0.44005412,0.4469112
0.43870094,0.4501432
0.44898513,0.44200733
0.44086602,0.4533671
0.43112314,0.43193802
0.4270636,0.43465984
0.41326118,0.425775
0.40730718,0.40757212
0.4143437,0.43351114
0.46062246,0.45749137
0.53152907,0.52438575
0.5112314,0.5312623
0.455751,0.4658858
0.37943166,0.38930586
0.28714478,0.28922498
0.21163735,0.21587898
0.16617051,0.16735765
0.14154263,0.14595613
0.13125846,0.14125594
0.13017592,0.14265642
0.15345061,0.1622458
0.23193505,0.23387581
0.3713126,0.37817743
0.4300406,0.43895197
0.43788904,0.43084374
0.44330177,0.45131895
0.4541272,0.45189968
0.4592693,0.45954
0.4549391,0.45566437
0.45439783,0.4634315
0.4414073,0.45369226
0.43734777,0.43347812
0.45250338,0.46699175
0.49526387,0.49624947
0.5428958,0.5489
0.51907986,0.53364205
0.46576455,0.47733417
0.38782138,0.4009869
0.29364005,0.29776642
0.21840325,0.2232292
0.17320703,0.1766651
0.14993234,0.15409377
0.141272,0.14663045
0.14018944,0.15415883
0.16644114,0.16902262
0.25223276,0.2493721
0.40433016,0.40377942
0.46522328,0.47216746
0.46278754,0.46258664
0.45277402,0.47056112
0.45277402,0.45063856
0.44763193,0.45093343
0.43355885,0.4398069
0.42679295,0.4352045
0.4165088,0.42506656
0.41542625,0.41192767
0.43410012,0.44664356
0.49147496,0.4813603
0.5426252,0.55158687
0.52124494,0.53232324
0.46738836,0.48089904
0.39377537,0.40148285
0.30933693,0.30435726
0.23572396,0.24034484
0.1805142,0.19238317
0.15209743,0.1565055
0.14100136,0.14668155
0.14046007,0.15354097
0.16860622,0.16796528
0.25087956,0.25187525
0.39594045,0.39928505
0.45439783,0.45942304
0.45520973,0.4514781
0.45250338,0.46422592
0.45439783,0.4527817
0.4533153,0.45401314
0.4435724,0.4467272
0.43870094,0.4487156
0.42814615,0.43874916
0.42625168,0.42387268
0.4451962,0.45762056
0.5014885,0.49487224
0.55399185,0.5573151
0.5342355,0.54074645
0.4871448,0.4921784
0.41407308,0.4222424
0.3269283,0.32145798
0.2503383,0.25406006
0.19512855,0.20323151
0.16725305,0.170546
0.15805142,0.16272712
0.15696888,0.17061943
0.18484439,0.1828584
0.26062247,0.26637667
0.402977,0.4045085
0.45385656,0.46872392
0.4600812,0.4528673
0.455751,0.47350982
0.46116373,0.4565505
0.4571042,0.46449032
0.44303113,0.4497381
0.4324763,0.4443266
0.41407308,0.4285551
0.40216509,0.4057667
0.4135318,0.4304202
0.45466846,0.45696348
0.51096076,0.5100437
0.49066305,0.50474775
0.45602164,0.45894018
0.39891747,0.41089374
0.32665765,0.32760942
0.2525034,0.25935167
0.20324764,0.20643793
0.17456022,0.18194135
0.16129905,0.16775334
0.16048715,0.1680604
0.17023005,0.17435952
0.20243572,0.20522091
0.264682,0.27246863
0.33504736,0.3274248
0.39594045,0.38997266
0.42002708,0.43471935
0.4232747,0.42928645
0.4121786,0.4224064
0.397023,0.40449104
0.38105547,0.38665563
0.3737483,0.3782307
0.3753721,0.376203
0.39783493,0.41276988
0.44384304,0.45073056
0.4768606,0.49285263
0.45060894,0.46260098
0.402977,0.4126375
0.34506088,0.35571763
0.2857916,0.27853328
0.22841679,0.23121974
0.17943166,0.19024321
0.14749661,0.15764697
0.13125846,0.139962
0.13071719,0.13589245
0.1315291,0.14495845
0.15426251,0.15595655
0.20135318,0.2123488
0.26332882,0.26992905
0.32584575,0.3289473
0.3623816,0.3769849
0.37780786,0.37888694
0.37699595,0.3844938
0.36806494,0.3763271
0.35751015,0.3635238
0.35399187,0.35899743
0.3572395,0.35967582
0.39729363,0.39431074
0.45899865,0.45835152
0.5074425,0.5111599
0.48146144,0.49310377
0.42976996,0.43651268
0.35236806,0.36669955
0.28173208,0.2759537
0.22002706,0.22442085
0.17645466,0.18357164
0.15345061,0.15876085
0.1480379,0.14957388
0.15372124,0.16122413
0.1805142,0.18689434
0.26414073,0.25999624
0.41082543,0.40938148
0.47767252,0.47596243
0.47929636,0.4809102
0.47794315,0.48782796
0.4820027,0.48003376
0.47794315,0.4819903
0.46792963,0.46844515
0.46197563,0.47077268
0.44844383,0.46023473
0.4392422,0.441679
0.4562923,0.46904305
0.5090663,0.5083911
0.57591337,0.5637317
0.54993236,0.567361
0.49986467,0.5009109
0.4248985,0.4375379
0.33937752,0.33307934
0.26792964,0.26740593
0.22165088,0.22475773
0.19756427,0.20534295
0.19079837,0.19547907
0.19458728,0.20616165
0.22354533,0.22600968
0.30554804,0.3082143
0.4533153,0.45391226
0.5166441,0.5120375
0.5082544,0.5092659
0.49742895,0.51019824
0.48985115,0.493285
0.48389715,0.48289746
0.46522328,0.47296432
0.44898513,0.46351394
0.4338295,0.44443032
0.42516914,0.4282705
0.44411367,0.45771232
0.5082544,0.4999049
0.57916105,0.5721627
0.5618403,0.5748992
0.5166441,0.52034366
0.44167796,0.45575926
0.347226,0.35032192
0.27361298,0.27438056
0.2300406,0.2334233
0.202977,0.21375132
0.19188093,0.19801052
0.191069,0.20289612
0.21542625,0.21692201
0.29418132,0.2937784
0.44032475,0.43654874
0.5090663,0.4984833
0.5044655,0.5028362
0.50284165,0.50621796
0.5031123,0.5037346
0.48903924,0.49839756
0.46792963,0.47291476
0.45304465,0.46661925
0.43274695,0.4502701
0.42625168,0.42703184
0.4368065,0.460044
0.49526387,0.48929477
0.5599459,0.5615969
0.54479027,0.5554632
0.49824086,0.5046966
0.42733425,0.43636063
0.3466847,0.33708635
0.27767253,0.27728212
0.22381596,0.23627156
0.1924222,0.20182592
0.18294993,0.18446395
0.18376184,0.19475585
0.21055481,0.20854974
0.28849798,0.29167324
0.42895806,0.4317889
0.49742895,0.48651657
0.49445197,0.49478346
0.4930988,0.49720177
0.5020298,0.49442133
0.5023004,0.500547
0.4955345,0.491326
0.49445197,0.5008122
0.48606226,0.4914225
0.48443842,0.4802138
0.50121784,0.5165991
0.52638704,0.54927826
0.5223275,0.57143986
0.4985115,0.50273585
0.4684709,0.47071165
0.397023,0.41292432
0.30500677,0.30877098
0.23355886,0.2348139
0.18809202,0.19092862
0.16454668,0.16424699
0.15101488,0.15653111
0.14560217,0.15559672
0.16617051,0.16833192
0.23274696,0.23843086
0.36048713,0.3567025
0.44032475,0.43424302
0.4533153,0.46021008
0.46820027,0.46610054
0.48173207,0.48573986
0.48010826,0.48273674
0.46576455,0.4694052
0.45466846,0.46346143
0.43815967,0.4449611
0.41867387,0.4383814
0.4156969,0.46590763
0.4511502,0.44636324
0.4939107,0.46101624
0.45737484,0.48678032
0.41515562,0.42758194
0.3572395,0.37417537
0.2901218,0.28733036
0.22056833,0.22572546
0.17212449,0.17477533
0.14370771,0.14562649
0.12719892,0.12984353
0.116102844,0.13357905
0.12963465,0.122450165
0.16211095,0.17038244
0.22002706,0.22951281
0.28037888,0.29159737
0.33829498,0.34369117
0.36346415,0.3805201
0.37483084,0.37763
0.36752367,0.3762354
0.3556157,0.35590553
0.3396482,0.34439498
0.32530448,0.33417496
0.32476318,0.33869123
0.3466847,0.39705208
0.408931,0.3997003
0.45087957,0.42852756
0.41921514,0.44283465
0.37834913,0.39374366
0.3269283,0.33791882
0.2663058,0.265141
0.20541272,0.20895706
0.16021651,0.16540967
0.13017592,0.13409549
0.12097429,0.11630197
0.123139374,0.12896821
0.1361299,0.13745263
0.16021651,0.17265266
0.20270637,0.21247616
0.30040595,0.26660818
0.34451962,0.3730873
0.37158322,0.37677196
0.38376185,0.38327315
0.38863328,0.38556018
0.37618405,0.38551253
0.35399187,0.36407563
0.35507444,0.34731442
0.38376185,0.37538046
0.44492558,0.47700933
0.5326116,0.5103344
0.54397833,0.5380324
0.49012178,0.5115006
0.43951285,0.44306996
0.36941814,0.38066524
0.2893099,0.29699698
0.26711774,0.22887494
0.197023,0.24255212
0.18484439,0.16272834
0.18159676,0.18272752
0.1894452,0.19400369
0.22381596,0.22379732
0.32070366,0.31084368
0.44979703,0.4649099
0.4985115,0.506083
0.49147496,0.498363
0.485521,0.48864493
0.48227334,0.48610124
0.47334236,0.47766367
0.455751,0.46073934
0.44898513,0.45245618
0.4414073,0.44949394
0.45304465,0.45665273
0.52313936,0.5367063
0.61677945,0.59453475
0.6124492,0.6269698
0.5718539,0.5733746
0.51447904,0.5344473
0.43220568,0.44903207
0.34560215,0.35121006
0.28037888,0.27805173
0.23815967,0.24051157
0.21867388,0.21142235
0.21001354,0.21947055
0.21623816,0.22023425
0.24979702,0.2525024
0.33558863,0.337159
0.46197563,0.4756129
0.5017591,0.50748193
0.4930988,0.4901094
0.47821382,0.49243966
0.4700947,0.47387177
0.46035182,0.4639096
0.43978348,0.45122215
0.43545333,0.4390443
0.42679295,0.4383215
0.43707713,0.43915477
0.49878213,0.51938784
0.585115,0.56813574
0.58294994,0.5956594
0.5477673,0.5468739
0.49120432,0.50937176
0.40730718,0.4230751
0.3179973,0.3209249
0.24925575,0.24515587
0.20811908,0.20593861
0.1843031,0.18369874
0.17077132,0.17737216
0.17456022,0.17835633
0.20974289,0.20753805
0.2993234,0.299132
0.43031123,0.44206247
0.47036535,0.4796284
0.46522328,0.4619514
0.46062246,0.47028622
0.45602164,0.46126977
0.45060894,0.45205984
0.4376184,0.44325766
0.43058187,0.4405797
0.41867387,0.4293218
0.42733425,0.4297987
0.49066305,0.5047771
0.5599459,0.5564736
0.54857916,0.5647793
0.51772666,0.51193106
0.46657646,0.48149046
0.3872801,0.3989447
0.29282814,0.29688483
0.22083898,0.21857418
0.1759134,0.17521106
0.15778078,0.15205634
0.14560217,0.15150869
0.14857917,0.1540942
0.17374831,0.1781715
0.25358593,0.25769237
0.37672532,0.39203557
0.43707713,0.43393257
0.44871446,0.44320995
0.45845738,0.4606976
0.47063598,0.46931225
0.47253045,0.47528404
0.46792963,0.46653143
0.46576455,0.47403005
0.4519621,0.4641246
0.46197563,0.4578614
0.50933695,0.5376036
0.55886334,0.5624982
0.55020297,0.5581839
0.5139378,0.5189884
0.46711773,0.47872257
0.39458728,0.40746173
0.30690122,0.311288
0.24005413,0.23571572
0.19891746,0.19779867
0.18322057,0.17698583
0.17320703,0.18066598
0.17483085,0.18177792
0.20568335,0.2064389
0.2925575,0.29287452
0.41461435,0.43970126
0.46576455,0.46998838
0.4752368,0.46953523
0.47713125,0.4844754
0.47794315,0.4795278
0.47631934,0.47178566
0.467659,0.46522257
0.46495265,0.466216
0.45981055,0.46056172
0.46738836,0.4667483
0.52476317,0.54042494
0.5848444,0.5782088
0.5615697,0.582656
0.53179973,0.5197573
0.48606226,0.5051358
0.42543977,0.43052474
0.34695536,0.35109267
0.28010824,0.2755745
0.22814615,0.23486948
0.20487145,0.19918464
0.18836266,0.19538835
0.18700947,0.19481081
0.20108254,0.20030865
0.24167794,0.24963924
0.29499322,0.3163987
0.35507444,0.35670447
0.39675236,0.41270918
0.4135318,0.43201023
0.40866035,0.4206618
0.4051421,0.40475643
0.3932341,0.39970344
0.3772666,0.38567162
0.36589986,0.37807405
0.37618405,0.38341838
0.4451962,0.46310437
0.5066306,0.51436436
0.48687416,0.50696504
0.44844383,0.45418927
0.40622464,0.4273063
0.3518268,0.36405984
0.28849798,0.2926811
0.22895806,0.23196068
0.18213803,0.19132732
0.15669824,0.15507282
0.14641407,0.14555253
0.14776725,0.1526611
0.16075778,0.16085486
0.1886333,0.19578533
0.23112313,0.24220164
0.29201624,0.293404
0.35507444,0.35512024
0.394046,0.39823037
0.40649527,0.41099
0.41109607,0.41001043
0.408931,0.41014305
0.40270635,0.40348312
0.394046,0.40372157
0.4121786,0.4095413
0.47902572,0.50256944
0.53667116,0.54344296
0.5069012,0.52570814
0.46143436,0.46623677
0.40866035,0.4250616
0.34073073,0.3487925
0.27550745,0.2738088
0.22056833,0.22159086
0.1843031,0.18653849
0.16779432,0.16162008
0.16048715,0.16684203
0.16346414,0.17011479
0.18971583,0.19648127
0.2600812,0.27615532
0.35588634,0.39246473
0.42733425,0.41959992
0.4633288,0.45548883
0.48146144,0.48273906
0.48146144,0.4931895
0.47631934,0.48078778
0.4608931,0.46639308
0.45602164,0.45795906
0.4443843,0.45457616
0.4541272,0.45194554
0.5328823,0.53118414
0.59810555,0.6016458
0.5799729,0.5912615
0.5393775,0.54207146
0.48389715,0.499562
0.40135318,0.4165028
0.31096077,0.31425682
0.2427605,0.2394314
0.20541272,0.20122518
0.18403247,0.18241186
0.17537212,0.17970909
0.1826793,0.18467094
0.21948579,0.21915624
0.3090663,0.31080014
0.4443843,0.45649448
0.50040597,0.49758324
0.5152909,0.49921212
0.52801085,0.52094126
0.53667116,0.53061223
0.5345061,0.53644335
0.5239513,0.5236012
0.5217862,0.5262733
0.51312584,0.5219816
0.520433,0.52041364
0.5867388,0.6001101
0.65818673,0.6508441
0.64790255,0.6542715
0.61705005,0.60943425
0.5680649,0.5799209
0.48849797,0.49890506
0.3991881,0.3965266
0.33423546,0.3245957
0.28958052,0.2927484
0.26603517,0.26268262
0.25548038,0.26125187
0.26495263,0.26722252
0.29364005,0.30135813
0.37943166,0.3793515
0.49959403,0.5239717
0.54316646,0.54580843
0.5396482,0.5401
0.5288227,0.5427299
0.5269283,0.52210397
0.5169147,0.52206737
0.4985115,0.5035758
0.4947226,0.49612942
0.4947226,0.49651435
0.51285523,0.5104737
0.5853857,0.60156906
0.65466845,0.6573216
0.64682,0.657856
0.6211096,0.6118768
0.5734777,0.5870671
0.49688768,0.50297123
0.40054128,0.40611836
0.33044654,0.32155
0.28876862,0.28569213
0.264682,0.2606772
0.25169146,0.25691605
0.2600812,0.26005706
0.28173208,0.2909906
0.36048713,0.3589551
0.48579162,0.49615148
0.5223275,0.5326265
0.51096076,0.51430804
0.49824086,0.51435983
0.49066305,0.49438307
0.4787551,0.4850672
0.45872802,0.46874598
0.44979703,0.45853478
0.44330177,0.45066175
0.45358592,0.46005356
0.5255751,0.53801954
0.5894452,0.59931
0.5797023,0.59687704
0.55669826,0.5504033
0.5171854,0.528627
0.4435724,0.45497343
0.3518268,0.35902715
0.2841678,0.27774683
0.2397835,0.24205948
0.2202977,0.21318859
0.21028417,0.21541068
0.21488498,0.21845192
0.2427605,0.24444374
0.32530448,0.3245371
0.44844383,0.46160975
0.49797022,0.49766096
0.49878213,0.49420136
0.4939107,0.5024457
0.4803789,0.49098983
0.46874154,0.46876594
0.4495264,0.4566282
0.43707713,0.4460899
0.42516914,0.43135914
0.4359946,0.4345955
0.49797022,0.5124271
0.5512855,0.5586888
0.53504735,0.5481208
0.50094724,0.50065625
0.4638701,0.47724304
0.40189445,0.41635814
0.3285521,0.33158806
0.26197565,0.26210147
0.21407308,0.21818575
0.191069,0.18779479
0.17834912,0.18291664
0.17834912,0.1857263
0.1932341,0.19277701
0.22679296,0.23851714
0.28092015,0.2941509
0.3420839,0.3424292
0.39810556,0.39786828
0.42354533,0.4347661
0.42192152,0.4305262
0.40135318,0.41572723
0.37483084,0.38624626
0.35669824,0.36024272
0.3428958,0.35343528
0.35615698,0.35954124
0.4368065,0.44127765
0.5044655,0.5090531
0.48010826,0.5037881
0.4473613,0.4451823
0.4143437,0.42855102
0.3602165,0.37343332
0.2968877,0.29788995
0.24032477,0.23913515
0.19350474,0.20310654
0.17212449,0.16652188
0.15859269,0.16266611
0.15832205,0.1622607
0.16833559,0.17144904
0.19269283,0.20335731
0.2300406,0.24674293
0.2901218,0.29162437
0.3564276,0.35265124
0.39675236,0.3991895
0.41786197,0.4136469
0.43031123,0.42257708
0.42976996,0.4305992
0.42381597,0.42329946
0.41921514,0.42391035
0.43572396,0.43477163
0.5101488,0.5237564
0.55047363,0.5760375
0.5236806,0.5275709
0.47767252,0.48511723
0.4265223,0.4359727
0.34424898,0.36242676
0.26522326,0.26393926
0.20189445,0.2060752
0.16292287,0.16405162
0.1466847,0.13893685
0.141272,0.14532685
0.14316644,0.15128817
0.17266576,0.17496356
0.2541272,0.25846544
0.3813261,0.39456645
0.44167796,0.45001593
0.45006767,0.459439
0.4571042,0.46337864
0.46197563,0.47104076
0.4511502,0.46509027
0.43545333,0.43966085
0.42543977,0.43470466
0.41299054,0.42115667
0.41623816,0.42341593
0.49012178,0.48517975
0.55669826,0.55865014
0.5461434,0.55370677
0.50933695,0.51371163
0.46549392,0.4724227
0.38592693,0.40423715
0.3044655,0.29729316
0.23572396,0.2363944
0.18755074,0.19380021
0.17537212,0.16153535
0.16833559,0.1751131
0.1759134,0.17986572
0.20541272,0.21241653
0.29120433,0.29390872
0.42002708,0.4368875
0.47658998,0.4696019
0.48443842,0.47378996
0.48579162,0.48804075
0.49066305,0.48837438
0.49201623,0.4888714
0.48470905,0.48503128
0.48741543,0.48818192
0.48579162,0.4894608
0.49661705,0.49678656
0.5780785,0.574787
0.64627874,0.64862466
0.6300406,0.6374687
0.60351825,0.5902579
0.561299,0.5669484
0.48064953,0.49208072
0.38863328,0.38363
0.32151556,0.3114934
0.27875507,0.27633733
0.26035184,0.25111085
0.25439784,0.2575228
0.25520974,0.26450756
0.2857916,0.28614527
0.3669824,0.370608
0.49607578,0.5072017
0.5369418,0.54207945
0.53315294,0.52855396
0.5223275,0.5352565
0.51312584,0.51750565
0.5036536,0.5069008
0.48822734,0.49407464
0.48254398,0.48866895
0.47253045,0.4839892
0.48741543,0.48548576
0.5683356,0.57535434
0.6351827,0.6443782
0.6300406,0.6367686
0.60514206,0.5998083
0.56265223,0.5740781
0.48389715,0.4982178
0.39106902,0.39649817
0.32205683,0.3170035
0.27794316,0.2787146
0.2654939,0.25189394
0.26224628,0.2653079
0.270636,0.27537572
0.30284166,0.30228376
0.38700947,0.38460177
0.51962113,0.52390623
0.5631935,0.56372184
0.55372125,0.5508032
0.53179973,0.5496534
0.5117727,0.5175769
0.49797022,0.49804056
0.47334236,0.4860095
0.4633288,0.4683206
0.45845738,0.46212965
0.4760487,0.47528616
0.55534506,0.5653971
0.6054127,0.6307554
0.602977,0.6041348
0.5715832,0.57609403
0.5307172,0.53509396
0.4519621,0.46591556
0.35805142,0.36168092
0.2849797,0.28259623
0.23897158,0.24089488
0.21867388,0.21358132
0.21001354,0.21497746
0.21244925,0.21964864
0.23951286,0.24150747
0.31691474,0.3214674
0.4414073,0.4501936
0.5006766,0.4937686
0.5082544,0.50101674
0.5182679,0.5136342
0.520433,0.52169275
0.51799726,0.51660234
0.5074425,0.5079844
0.49905276,0.50854564
0.49120432,0.4968454
0.49607578,0.5003822
0.55236804,0.5721487
0.57618403,0.60789174
0.55669826,0.55903065
0.5201624,0.5249562
0.47496617,0.49058998
0.41299054,0.4237695
0.33721244,0.34137836
0.26928282,0.2691322
0.22273342,0.2249763
0.1991881,0.19710335
0.18403247,0.1897494
0.18322057,0.19196677
0.19675237,0.19612718
0.2338295,0.24383238
0.29445195,0.30494055
0.3564276,0.36142403
0.41326118,0.41501454
0.4392422,0.4545779
0.44005412,0.44756582
0.4351827,0.4364097
0.42435724,0.42582098
0.41677943,0.4152627
0.41759133,0.41910812
0.44005412,0.43439686
0.52476317,0.5268948
0.57780784,0.59447885
0.5558863,0.56614006
0.5223275,0.5195739
0.48930988,0.49501085
0.43788904,0.44297034
0.37401894,0.3690043
0.32151556,0.31005156
0.28200272,0.2819149
0.26441136,0.25448462
0.25629228,0.25688016
0.2549391,0.26080453
0.26495263,0.26497412
0.29282814,0.30579087
0.34073073,0.356974
0.40405953,0.40031382
0.47631934,0.45854566
0.5169147,0.51415193
0.5309878,0.5277163
0.5377537,0.53100806
0.53179973,0.5355651
0.5142084,0.5249359
0.50635993,0.51069057
0.5261164,0.52015495
0.6159675,0.6172599
0.66982406,0.69200003
0.655751,0.6532216
0.6189445,0.620006
0.57104194,0.57873094
0.50798374,0.50470084
0.4384303,0.43059078
0.38322058,0.37436914
0.341272,0.34320337
0.3201624,0.31084812
0.3120433,0.31480303
0.31962112,0.31957725
0.3488498,0.35090446
0.43112314,0.42864767
0.5542625,0.5676662
0.60622466,0.6053791
0.60703653,0.6065819
0.6002706,0.60951805
0.59485793,0.59198177
0.58457375,0.58706224
0.57023007,0.5688803
0.5623816,0.56782764
0.5450609,0.56131744
0.5599459,0.55424917
0.6368065,0.650064
0.691475,0.7098099
0.68362653,0.6882678
0.65899867,0.6546166
0.61028415,0.6236199
0.52476317,0.53945994
0.42949933,0.43129277
0.35101488,0.3527038
0.30067658,0.30201644
0.28200272,0.26793987
0.2722598,0.27958924
0.27280107,0.28179008
0.29905277,0.30262402
0.3745602,0.38239506
0.5014885,0.5119513
0.5564276,0.54978764
0.56373477,0.55337644
0.56914747,0.5689169
0.5696888,0.57176054
0.5602165,0.56675816
0.54722595,0.5486218
0.5437077,0.549914
0.5326116,0.5452206
0.5391069,0.54367566
0.6005413,0.62465096
0.6346414,0.6679927
0.6189445,0.6262821
0.58430314,0.5905688
0.541272,0.5490492
0.45737484,0.4808981
0.37077132,0.37184042
0.2960758,0.3009368
0.24546684,0.25132102
0.22354533,0.21704602
0.20866035,0.21907079
0.20703654,0.21773922
0.22760487,0.23656313
0.29147497,0.3111434
0.3872801,0.42121
0.4638701,0.4417248
0.5104195,0.48436344
0.5336942,0.530477
0.5477673,0.54511046
0.5474966,0.54818183
0.5358593,0.5366552
0.5326116,0.53644574
0.51935047,0.5283412
0.5188092,0.5217341
0.56562924,0.5892981
0.5826793,0.619097
0.5599459,0.56912696
0.5255751,0.53228414
0.485521,0.4935344
0.4216509,0.42895433
0.34018946,0.34058842
0.26792964,0.27072042
0.21434371,0.22409043
0.19485791,0.18742754
0.18078485,0.19041021
0.1826793,0.18999107
0.19891746,0.21485709
0.23870094,0.280922
0.3023004,0.34009507
0.37645468,0.36076975
0.45899865,0.42359492
0.5152909,0.5034987
0.5396482,0.5362276
0.5336942,0.54591566
0.4887686,0.519125
0.43355885,0.47066405
0.397023,0.40966508
0.39377537,0.3955286
0.4392422,0.46683207
0.46224627,0.49974564
0.46035182,0.46324
0.45872802,0.45581532
0.45358592,0.45597374
0.42083898,0.420784
0.3713126,0.35838807
0.32990527,0.31125027
0.29066306,0.29569083
0.27523682,0.25881073
0.26928282,0.27130094
0.2744249,0.2771806
0.2909337,0.29713175
0.33179972,0.36035466
0.38782138,0.43058932
0.43193504,0.428935
0.46657646,0.45581278
0.48335588,0.4856294
0.48741543,0.48104644
0.48525032,0.4779056
0.47198918,0.4693445
0.46224627,0.46410713
0.461705,0.45885327
0.48173207,0.4744567
0.5686062,0.5665639
0.61677945,0.6366118
0.6040595,0.6072227
0.58322054,0.57594454
0.5534506,0.5597788
0.5006766,0.50119615
0.43410012,0.4255736
0.37401894,0.36134964
0.32882273,0.3252666
0.30852503,0.29625094
0.2960758,0.2990543
0.30175912,0.29872483
0.31096077,0.31603643
0.33937752,0.35049444
0.39052776,0.3999895
0.4473613,0.44127932
0.50284165,0.5013076
0.5242219,0.5383527
0.5152909,0.5256387
0.50094724,0.504127
0.485521,0.488817
0.47577807,0.47554204
0.47036535,0.47852904
0.4909337,0.48787093
0.57753724,0.582576
0.62138027,0.65147424
0.6002706,0.6042036
0.5602165,0.5643276
0.52990526,0.528369
0.47334236,0.48253927
0.40027064,0.40083644
0.33234102,0.33158663
0.2811908,0.28618118
0.25142083,0.24989091
0.23788904,0.23806097
0.23328823,0.24242896
0.23328823,0.24415985
0.25466847,0.263599
0.2933694,0.31007212
0.34912044,0.3579735
0.4135318,0.41499665
0.4638701,0.46165252
0.4820027,0.4859611
0.4879567,0.4878084
0.4879567,0.48916242
0.4820027,0.48416358
0.4760487,0.4885274
0.4909337,0.49753553
0.5713126,0.5908905
0.6024357,0.6322962
0.58105546,0.58504355
0.54316646,0.5532136
0.4947226,0.5093348
0.41326118,0.43701825
0.33044654,0.3361863
0.2684709,0.2679829
0.2270636,0.23001471
0.20866035,0.20241055
0.20460081,0.20877105
0.20974289,0.21550626
0.23788904,0.24355632
0.31989175,0.32289457
0.4495264,0.46189958
0.5117727,0.51950717
0.51637346,0.5281048
0.52151555,0.5274289
0.532341,0.5259094
0.53179973,0.5362321
0.52503383,0.5215781
0.52530444,0.5280894
0.51610285,0.5299623
0.5288227,0.52897537
0.59972936,0.6186981
0.6427605,0.6556655
0.6300406,0.63335884
0.5953992,0.6030966
0.54830855,0.5608101
0.46035182,0.48651534
0.36292288,0.36830753
0.2909337,0.28922758
0.23951286,0.24833393
0.22002706,0.21147546
0.20568335,0.2206395
0.20405954,0.21604253
0.22976996,0.23702513
0.30960757,0.31677148
0.4405954,0.4528601
0.4993234,0.50608635
0.49986467,0.5058284
0.49715832,0.50834084
0.49282816,0.5005239
0.48470905,0.49228522
0.47388363,0.47548506
0.4728011,0.47625384
0.4660352,0.47837737
0.47740188,0.48345163
0.56346416,0.5690495
0.6257104,0.6305407
0.62543976,0.62270415
0.59675235,0.60056365
0.55236804,0.5625876
0.47577807,0.48932633
0.37861976,0.3840287
0.30581868,0.30044532
0.25548038,0.2621388
0.23734777,0.22795434
0.22841679,0.23578069
0.23274696,0.23703885
0.2600812,0.26716426
0.3428958,0.34435812
0.4760487,0.48451927
0.5339648,0.5300098
0.52584577,0.5340568
0.51772666,0.5251752
0.50581867,0.51522565
0.5066306,0.49955904
0.49607578,0.5015769
0.49445197,0.49931663
0.4811908,0.5008379
0.4879567,0.49661943
0.57564276,0.5832144
0.63355887,0.6462537
0.6308525,0.6298344
0.60622466,0.6046485
0.5653586,0.5750363
0.4879567,0.5046901
0.3924222,0.39683467
0.31312585,0.31480524
0.26901218,0.2662054
0.24682003,0.24531904
0.22814615,0.24342099
0.22841679,0.23248678
0.2571042,0.25815418
0.33558863,0.34112045
0.4638701,0.47282523
0.529364,0.51821935
0.53667116,0.5333481
0.5391069,0.53948843
0.54830855,0.5410747
0.5474966,0.5519955
0.5391069,0.53712523
0.5420839,0.54355574
0.5301759,0.54802525
0.54722595,0.5411047
0.61163735,0.64110696
0.6403248,0.66369605
0.6278755,0.62508893
0.59512854,0.5966272
0.54857916,0.5578854
0.4684709,0.48175266
0.3713126,0.37262866
0.29309878,0.29074708
0.23572396,0.24616659
0.21055481,0.20672762
0.19648173,0.20447862
0.19675237,0.20621848
0.22056833,0.22643897
0.29661706,0.30270207
0.42300406,0.43603382
0.4955345,0.4931837
0.5090663,0.5127363
0.5171854,0.52123237
0.5220568,0.5241211
0.5185386,0.5224961
0.50933695,0.50473714
0.50419486,0.5113708
0.4930988,0.5036245
0.5050068,0.5032647
0.5783491,0.59187055
0.6067659,0.62879634
0.5872801,0.59287
0.55751014,0.5562711
0.5274696,0.53330547
0.47036535,0.48002848
0.39431664,0.39155832
0.32151556,0.31944627
0.26657647,0.27577817
0.23870094,0.23893793
0.22354533,0.23033056
0.2240866,0.23416248
0.23653586,0.24215859
0.27496618,0.28890595
0.3369418,0.36081085
0.40487143,0.40365013
0.46359947,0.46472564
0.4917456,0.5038137
0.49012178,0.50146735
0.48335588,0.48590642
0.47225982,0.47348705
0.4608931,0.46359274
0.4608931,0.46562776
0.4849797,0.4826899
0.5783491,0.58445907
0.6308525,0.64273214
0.6159675,0.62009037
0.588092,0.58708346
0.56211096,0.56299424
0.5082544,0.51869595
0.43464142,0.43229827
0.36968878,0.36040822
0.31718537,0.32389465
0.29039243,0.2836201
0.2774019,0.27851278
0.27388364,0.28356135
0.28037888,0.2867246
0.3112314,0.321239
0.3585927,0.3820056
0.4165088,0.42238262
0.48525032,0.4772344
0.529364,0.5290761
0.53856564,0.54471076
0.54181325,0.5395622
0.5420839,0.5414557
0.5369418,0.5392734
0.52963465,0.54338515
0.54533154,0.5500487
0.6359946,0.64515257
0.6979702,0.70168746
0.68146145,0.68140113
0.6519621,0.64403605
0.60703653,0.6146194
0.52584577,0.53917086
0.4300406,0.43508327
0.36048713,0.35245812
0.31826794,0.31452748
0.2960758,0.28714937
0.28687415,0.29116172
0.29418132,0.2933847
0.32368064,0.32825455
0.40216509,0.40781993
0.53856564,0.5412262
0.59837615,0.60194397
0.6108254,0.60659415
0.62679297,0.6192168
0.6308525,0.6315993
0.6278755,0.6260835
0.6159675,0.61569285
0.6121786,0.6174418
0.5991881,0.6163095
0.60351825,0.6117628
0.6760487,0.692302
0.7101489,0.7359377
0.6939107,0.69548714
0.65953994,0.66505325
0.61380243,0.62442863
0.52341,0.550712
0.42543977,0.42798147
0.347226,0.35054052
0.29201624,0.30179828
0.26820028,0.2605073
0.255751,0.26636153
0.2579161,0.2672368
0.29282814,0.29210258
0.38078484,0.38606974
0.5139378,0.5308484
0.5721245,0.57263124
0.57564276,0.5740339
0.58240867,0.58201647
0.5894452,0.58608997
0.5772666,0.5907253
0.556157,0.5604913
0.5602165,0.5552773
0.5751015,0.57082164
0.5813261,0.6007893
0.6600812,0.6703588
0.7104195,0.72622645
0.7050068,0.69875336
0.682544,0.67920613
0.64546686,0.64951885
0.5631935,0.5800481
0.45872802,0.46180338
0.38349122,0.37700915
0.33748308,0.33920383
0.31474966,0.30748847
0.30635995,0.3128686
0.3112314,0.3195358
0.34018946,0.34826285
0.4257104,0.42507285
0.5585927,0.5688987
0.6075778,0.61064786
0.6008119,0.60399044
0.5924222,0.59850204
0.5853857,0.5861889
0.57483083,0.5789257
0.565088,0.5608751
0.5686062,0.57171977
0.5618403,0.5785434
0.5772666,0.57772005
0.6673884,0.6751541
0.732341,0.73748386
0.72611636,0.7262759
0.70338297,0.69273925
0.6652233,0.66951835
0.5870095,0.59659874
0.4811908,0.4846178
0.40487143,0.39509085
0.35588634,0.35893273
0.33261165,0.3230571
0.32395127,0.32780653
0.32909337,0.33602616
0.35967523,0.36327854
0.44763193,0.44094792
0.5864682,0.5895959
0.63058186,0.638888
0.6240866,0.6245822
0.6189445,0.6219123
0.61515564,0.61248803
0.6056833,0.61060405
0.5921516,0.5930846
0.5918809,0.5969388
0.58782136,0.6005945
0.61028415,0.6066778
0.6968877,0.7129744
0.75317997,0.7649174
0.7539919,0.7483158
0.72746956,0.72609437
0.6895805,0.6928048
0.61163735,0.62465775
0.51447904,0.51094365
0.43897158,0.43209
0.38105547,0.39330128
0.35751015,0.34227714
0.34479025,0.3520245
0.34912044,0.3572236
0.37428957,0.3775177
0.45060894,0.45406392
0.58755076,0.58389455
0.6376184,0.64253676
0.64113665,0.6341636
0.64086604,0.6453862
0.62977,0.6349281
0.6156969,0.6195289
0.6027064,0.59801924
0.60162383,0.6044375
0.5937754,0.6078582
0.60784847,0.6086887
0.6847091,0.7040248
0.7266576,0.7436049
0.71420836,0.71715117
0.6909337,0.6851764
0.6657646,0.6695492
0.6110961,0.6202147
0.53640056,0.5310259
0.4633288,0.46199003
0.40622464,0.4166433
0.37916103,0.3760559
0.36562923,0.3717277
0.36644113,0.3749602
0.3737483,0.38635418
0.4075778,0.42040876
0.47496617,0.4855494
0.54343706,0.53164816
0.5989175,0.597319
0.62543976,0.6349392
0.6216509,0.6289468
0.6097429,0.6131803
0.5937754,0.5979316
0.5783491,0.585902
0.5797023,0.58109224
0.6008119,0.60187113
0.6912043,0.69778216
0.7196211,0.75880396
0.6847091,0.6990169
0.6503383,0.6539719
0.614885,0.6275234
0.55507445,0.57115316
0.49066305,0.4852133
0.42814615,0.42404678
0.37185386,0.3831916
0.34262517,0.3400215
0.32611638,0.33040246
0.32449254,0.33066326
0.32882273,0.33970287
0.35209742,0.36418253
0.3872801,0.41215572
0.44492558,0.4484138
0.5139378,0.51053214
0.57077134,0.5610373
0.60189444,0.5917556
0.617862,0.6113746
0.6181326,0.61823237
0.6043302,0.61393046
0.5907984,0.6067349
0.59296346,0.6046582
0.68660355,0.6823858
0.7307172,0.75338554
0.7101489,0.70604897
0.67036533,0.6764604
0.6135318,0.6306032
0.5288227,0.54714686
0.4376184,0.4462467
0.36833557,0.36859724
0.32395127,0.324129
0.30581868,0.29778117
0.29797024,0.30685377
0.31014884,0.3082552
0.34343708,0.3492381
0.4324763,0.42952624
0.5664411,0.5794356
0.61461437,0.63190305
0.60838974,0.62522924
0.60838974,0.6144762
0.6081191,0.6067573
0.6002706,0.603209
0.58755076,0.5860684
0.58782136,0.5866289
0.5840325,0.5955578
0.60351825,0.602443
0.6960758,0.70303154
0.7631935,0.76571083
0.76048714,0.75680375
0.73423547,0.7317133
0.6985115,0.7009915
0.6202977,0.63636076
0.52476317,0.5225997
0.44600812,0.44677138
0.39810556,0.39886254
0.3729364,0.36684203
0.3610284,0.37124175
0.36400542,0.37184268
0.39972937,0.3974236
0.49066305,0.48793846
0.6300406,0.63608694
0.6841678,0.6824838
0.6828146,0.68409216
0.6809202,0.68198633
0.68146145,0.67682266
0.6741543,0.674943
0.6619756,0.6603639
0.66305816,0.66900814
0.66116375,0.67217207
0.68146145,0.67943466
0.7612991,0.78131676
0.8070365,0.8235731
0.8018944,0.791082
0.7691475,0.7695843
0.72341,0.72760403
0.6330176,0.6498287
0.52828145,0.5254524
0.45520973,0.44439375
0.3932341,0.41101664
0.36671177,0.352649
0.35507444,0.36166358
0.35805142,0.36659944
0.38349122,0.3918952
0.46549392,0.46284088
0.58457375,0.60277915
0.6346414,0.6316123
0.63355887,0.6349461
0.6330176,0.6342943
0.6243572,0.631544
0.6097429,0.61641693
0.5972936,0.5935056
0.58998644,0.600682
0.58078486,0.59381354
0.59133965,0.5977664
0.68146145,0.6878108
0.73423547,0.75279975
0.7290934,0.7279662
0.7031123,0.69965136
0.6687415,0.66935384
0.5924222,0.6029657
0.49282816,0.4930493
0.40568337,0.4097565
0.35372123,0.35164705
0.33207035,0.3183645
0.31474966,0.32806495
0.31366712,0.32029587
0.3396482,0.34316212
0.4181326,0.41928795
0.55318,0.5540441
0.60866034,0.60772777
0.6024357,0.6080021
0.6027064,0.60103095
0.59810555,0.6030681
0.58457375,0.5925995
0.5596752,0.5701246
0.5526387,0.55664074
0.54154265,0.55780697
0.5548038,0.55821013
0.63951284,0.65431416
0.6917456,0.7083682
0.6876861,0.68750906
0.66495264,0.66105545
0.62868744,0.6325449
0.55020297,0.56440365
0.44763193,0.45001087
0.36508796,0.36234355
0.30257103,0.31471723
0.27469555,0.26592398
0.2600812,0.26647413
0.2579161,0.26866633
0.28552097,0.28290376
0.35967523,0.37012506
0.48687416,0.4964005
0.55236804,0.549314
0.5548038,0.56161404
0.5542625,0.56082696
0.5534506,0.5549799
0.54154265,0.54987526
0.5220568,0.5253397
0.5169147,0.520807
0.5087957,0.5223041
0.5236806,0.52549416
0.59675235,0.6210493
0.63058186,0.65544486
0.6175913,0.621704
0.58457375,0.59135664
0.54830855,0.56112576
0.48254398,0.5007236
0.402977,0.40524963
0.3269283,0.33008334
0.261705,0.2795395
0.23193505,0.22896022
0.21596752,0.22131792
0.21163735,0.2259654
0.22165088,0.22423607
0.25520974,0.26584998
0.3142084,0.3278173
0.38836265,0.38574138
0.4541272,0.45420846
0.49607578,0.49947384
0.50581867,0.5127826
0.4976996,0.50615907
0.47550744,0.48591456
0.46630582,0.46251076
0.46630582,0.47401568
0.4879567,0.48632202
0.5669824,0.58476436
0.597023,0.62458086
0.5767253,0.5812634
0.5437077,0.55262005
0.5082544,0.51896
0.44682002,0.46457615
0.37618405,0.37606516
0.30311233,0.30833036
0.2511502,0.25499776
0.2202977,0.22057143
0.20757781,0.20831278
0.20270637,0.21549529
0.20974289,0.21606095
0.23274696,0.24590448
0.27198917,0.2917811
0.33748308,0.33897346
0.41515562,0.41091993
0.47577807,0.4691765
0.5069012,0.5023409
0.5220568,0.5167635
0.5236806,0.52290374
0.5074425,0.5197184
0.50257105,0.5082885
0.5166441,0.52303815
0.5918809,0.61289525
0.62219214,0.648414
0.60649526,0.60490924
0.5734777,0.58033097
0.5328823,0.53891706
0.45953992,0.47567534
0.3780785,0.37932467
0.30879566,0.31057698
0.25196213,0.26427495
0.22679296,0.21930759
0.21461435,0.22298387
0.21434371,0.2223543
0.2376184,0.24536976
0.29797024,0.3227479
0.39052776,0.42674664
0.47090665,0.46201238
0.5207037,0.51314616
0.55372125,0.5521817
0.56427604,0.5692456
0.55696887,0.56812775
0.5426252,0.5438514
0.5307172,0.5410557
0.52341,0.5292728
0.53477675,0.53836274
0.5872801,0.6249584
0.61542624,0.63888407
0.59512854,0.6083038
0.5696888,0.5713779
0.5393775,0.5460447
0.47821382,0.48794508
0.39215156,0.39451846
0.3150203,0.3187806
0.25196213,0.2682099
0.22462788,0.2165235
0.21569689,0.22080956
0.21542625,0.2265253
0.23599459,0.24763104
0.28795668,0.31750545
0.37347767,0.40817583
0.44627875,0.4354841
0.49715832,0.48265326
0.52584577,0.52605
0.53477675,0.53581536
0.5217862,0.53617454
0.49526387,0.5085268
0.4836265,0.49008927
0.4787551,0.48269266
0.4871448,0.49565768
0.55372125,0.5797394
0.57618403,0.6164726
0.5377537,0.5716009
0.5074425,0.5118636
0.4925575,0.49579614
0.46414074,0.4571223
0.42462787,0.40103453
0.3721245,0.36803165
0.31718537,0.33698905
0.2925575,0.2840145
0.28092015,0.28951398
0.282544,0.28592277
0.28714478,0.3112974
0.31962112,0.3520128
0.36752367,0.41293934
0.43139377,0.41185555
0.48443842,0.4768036
0.49905276,0.5149405
0.49418133,0.4993691
0.48443842,0.4854264
0.46738836,0.47504562
0.44303113,0.46623394
0.43139377,0.43248078
0.4443843,0.44725606
0.5101488,0.53945494
0.5496617,0.57538366
0.54560214,0.550169
0.5345061,0.536579
0.5217862,0.52933955
0.47550744,0.48613313
0.41786197,0.4064846
0.35696888,0.35334164
0.3098782,0.31227195
0.29526386,0.2761638
0.28741542,0.28980586
0.28822732,0.2869537
0.30473614,0.309346
0.35209742,0.3650208
0.43572396,0.45262524
0.51312584,0.4793283
0.5661705,0.5388211
0.6067659,0.5755758
0.62760484,0.6108362
0.6330176,0.62609565
0.6262517,0.6179726
0.61921513,0.6234373
0.60838974,0.61593497
0.60866034,0.6141031
0.673613,0.6893827
0.7231394,0.72585356
0.72070366,0.7128589
0.68362653,0.6895813
0.6384303,0.6460278
0.56211096,0.57455146
0.47821382,0.46755886
0.40649527,0.40179846
0.3564276,0.35906482
0.32476318,0.3224876
0.30798376,0.3139867
0.30717185,0.3157436
0.32530448,0.33179903
0.3856563,0.4018884
0.47036535,0.5122131
0.53721243,0.52594924
0.58078486,0.56910014
0.6021651,0.6052518
0.6005413,0.60671735
0.59296346,0.5944239
0.5783491,0.57567906
0.56725305,0.57480824
0.55886334,0.5632217
0.56373477,0.570068
0.6435724,0.65031624
0.7047361,0.70147645
0.6909337,0.6996187
0.65602165,0.65123427
0.617862,0.6259699
0.55020297,0.56174684
0.46874154,0.46352646
0.39052776,0.38879701
0.33152908,0.33941045
0.30581868,0.2991437
0.2933694,0.29628053
0.29309878,0.30329508
0.3014885,0.3116997
0.32638702,0.3491303
0.3729364,0.39879695
0.4368065,0.43294072
0.49688768,0.5020157
0.5426252,0.5407963
0.55372125,0.5597007
0.54397833,0.5541359
0.5209743,0.5319911
0.4963464,0.5082342
0.48146144,0.49649855
0.49066305,0.49684414
0.5664411,0.5862615
0.61515564,0.6288943
0.6,0.60596997
0.57023007,0.57212937
0.53315294,0.5451076
0.4728011,0.48554292
0.39810556,0.39881486
0.32882273,0.32658356
0.27415428,0.28281552
0.24925575,0.24332593
0.2330176,0.23980166
0.22868742,0.23894984
0.23410013,0.24244824
0.2579161,0.2690948
0.30121785,0.316272
0.36292288,0.36925894
0.43031123,0.43337002
0.479567,0.4801984
0.50284165,0.50006676
0.50933695,0.5087719
0.50419486,0.50673854
0.49959403,0.4959025
0.5023004,0.50583434
0.5255751,0.5256243
0.6094723,0.62570536
0.64627874,0.6688057
0.6257104,0.6223104
0.5797023,0.59196305
0.5445196,0.5377389
0.45764548,0.4871672
0.37023005,0.36872506
0.3036536,0.30141747
0.25899863,0.26078844
0.2346414,0.2306534
0.22598106,0.23143534
0.23139377,0.2345227
0.26062247,0.2664128
0.31718537,0.34737855
0.41190797,0.44590852
0.4752368,0.48053178
0.5171854,0.5076195
0.5518268,0.5468024
0.57483083,0.56792295
0.57266575,0.5841534
0.5526387,0.56137466
0.5477673,0.55211675
0.55074424,0.55437505
0.5686062,0.5707743
0.6535859,0.66191936
0.7339648,0.7166548
0.72963464,0.73091567
0.70392424,0.69529724
0.6638701,0.6713306
0.585115,0.59955984
0.50121784,0.48741606
0.42949933,0.42887387
0.3772666,0.381896
0.35778078,0.34264386
0.34749663,0.35843116
0.35128552,0.35711485
0.3753721,0.38360307
0.44086602,0.45901504
0.53667116,0.5733017
0.5986468,0.5842545
0.6365359,0.6180345
0.65737486,0.6530163
0.66657645,0.66122425
0.6579161,0.6641282
0.63707715,0.6427362
0.62598103,0.63924146
0.61380243,0.629807
0.6105548,0.6272848
0.6806495,0.6990895
0.7317997,0.7475761
0.6985115,0.727195
0.6451962,0.66090345
0.6002706,0.61747575
0.55155617,0.5474646
0.49905276,0.48080435
0.4541272,0.43894795
0.40162382,0.42292547
0.3686062,0.36704665
0.34479025,0.3571539
0.3361299,0.34551826
0.34262517,0.3504415
0.36806494,0.4082505
0.40405953,0.4618657
0.4384303,0.44393265
0.48525032,0.46925896
0.5290934,0.5228125
0.55155617,0.5528712
0.55886334,0.5555736
0.5615697,0.55607784
0.55047363,0.5667087
0.5420839,0.54318655
0.5496617,0.55007064
0.6384303,0.6196356
0.7063599,0.7298415
0.6993234,0.69777143
0.6687415,0.67228806
0.62516916,0.63691247
0.55399185,0.55967975
0.4692828,0.4652996
0.40730718,0.39265868
0.37158322,0.36064568
0.35399187,0.33978707
0.34397835,0.3435637
0.3480379,0.34369576
0.38024357,0.3625101
0.44871446,0.45205796
0.55696887,0.5760505
0.62598103,0.6026551
0.65764546,0.63786054
0.6895805,0.6702429
0.7063599,0.699975
0.72070366,0.70057535
0.71745604,0.7130331
0.7188092,0.71229327
0.7150203,0.7125759
0.7112314,0.7131419
0.7734777,0.77351284
0.8300406,0.8468782
0.81082547,0.81448865
0.7661705,0.7722322
0.71935046,0.7278744
0.64113665,0.6511824
0.5577808,0.54611063
0.48768607,0.48764217
0.44600812,0.44398066
0.4156969,0.41936663
0.40270635,0.4031316
0.40405953,0.41295367
0.4270636,0.4241061
0.48470905,0.50379795
0.5696888,0.6134765
0.6292287,0.6159229
0.670636,0.6486999
0.6979702,0.6962621
0.71420836,0.70843375
0.7117727,0.7115687
0.694452,0.6947268
0.67848444,0.68167853
0.6673884,0.66192555
0.6660352,0.6657125
0.7285521,0.7268406
0.7870095,0.80281353
0.7810555,0.7732152
0.74316645,0.74730456
0.7066306,0.7071078
0.6443843,0.65324354
0.5680649,0.5624894
0.50040597,0.49668634
0.44465494,0.452475
0.41921514,0.41353428
0.4046008,0.40977088
0.405954,0.41106358
0.41975644,0.42214838
0.44627875,0.45986086
0.4985115,0.51227474
0.5512855,0.55743164
0.608931,0.6047817
0.64411366,0.6490977
0.65060896,0.6555126
0.6400541,0.63875425
0.6159675,0.6255362
0.58592695,0.5960034
0.56914747,0.56872624
0.57401896,0.5760751
0.64573747,0.6450707
0.70933694,0.72942746
0.6917456,0.6891732
0.6541272,0.65028644
0.62056834,0.6103897
0.5564276,0.5655128
0.4917456,0.4714547
0.4265223,0.42747727
0.37320703,0.38088885
0.3428958,0.34014028
0.31962112,0.33272174
0.3188092,0.3160833
0.32584575,0.32506496
0.3488498,0.35855788
0.38836265,0.41416988
0.43734777,0.45240918
0.4895805,0.49445838
0.5271989,0.5311203
0.5339648,0.5446662
0.52530444,0.53025067
0.50960755,0.51750946
0.49580514,0.4966214
0.48606226,0.49014398
0.5074425,0.5007857
0.5932341,0.5947781
0.65981054,0.6847732
0.6397835,0.6403022
0.5924222,0.6043347
0.54560214,0.54719335
0.46143436,0.47825187
0.37753722,0.3741438
0.3166441,0.31405544
0.27631935,0.27820742
0.25304466,0.2525826
0.2435724,0.2503109
0.24682003,0.25285172
0.267659,0.2750721
0.33396482,0.34382135
0.44546685,0.46677953
0.51096076,0.5145584
0.535318,0.5268821
0.5545331,0.558869
0.56075776,0.5691118
0.5661705,0.5608705
0.5545331,0.56035745
0.5450609,0.55255127
0.53504735,0.5371988
0.5464141,0.54021275
0.6081191,0.61833525
0.66955346,0.6733718
0.6600812,0.65172744
0.62354535,0.62397873
0.5802436,0.58376646
0.50392425,0.51444876
0.4216509,0.4088539
0.36129904,0.35044247
0.32584575,0.31967732
0.3060893,0.3004927
0.3001353,0.3011535
0.30690122,0.30896848
0.34181327,0.3348265
0.42435724,0.42569
0.56075776,0.5681956
0.61461437,0.61218923
0.61840326,0.60565543
0.62381595,0.62426937
0.63193506,0.6275233
0.6338295,0.6291381
0.6284168,0.6247125
0.62679297,0.62820685
0.6230041,0.62209654
0.6351827,0.6278008
0.7069012,0.71063423
0.78376186,0.7840061
0.7815968,0.77588534
0.75372124,0.74843884
0.71069014,0.7165247
0.63545334,0.64137757
0.5410014,0.5357932
0.47198918,0.46242294
0.42625168,0.4263151
0.4008119,0.39566174
0.3948579,0.39211676
0.3962111,0.40620625
0.4265223,0.41478872
0.49986467,0.50244176
0.63193506,0.63282645
0.68335587,0.6782999
0.67983764,0.6716734
0.67171854,0.6813942
0.6600812,0.66733766
0.6435724,0.64590836
0.62138027,0.62646806
0.6105548,0.6132218
0.6021651,0.6028697
0.608931,0.60954845
0.6792964,0.6835786
0.7556157,0.765532
0.7558863,0.7554264
0.72990525,0.72580457
0.68822736,0.692827
0.60703653,0.6193305
0.5139378,0.5063424
0.43978348,0.43550208
0.4008119,0.39220124
0.37672532,0.37181884
0.36752367,0.3667096
0.37104195,0.37573192
0.3983762,0.39014152
0.47902572,0.47202545
0.6129905,0.61574054
0.6568335,0.66007125
0.6470907,0.6430496
0.6416779,0.6484076
0.6384303,0.63817203
0.62543976,0.62883556
0.59972936,0.6101879
0.58917457,0.59219325
0.5797023,0.58389485
0.588092,0.5872263
0.6516915,0.66324353
0.7315291,0.7348453
0.7320704,0.7336886
0.70933694,0.70362973
0.6700947,0.6777849
0.5932341,0.605756
0.5087957,0.49891403
0.44871446,0.4352379
0.4113667,0.40733966
0.39648172,0.38216624
0.38349122,0.39215502
0.38863328,0.38984656
0.41326118,0.40875885
0.4863329,0.48494703
0.60866034,0.61746293
0.66495264,0.64820373
0.6565629,0.6534351
0.6554804,0.6553211
0.6608931,0.65394366
0.655751,0.65346014
0.6311231,0.6382798
0.61921513,0.6197338
0.5959405,0.6084294
0.5867388,0.5922884
0.6351827,0.65141165
0.68362653,0.703874
0.6692828,0.67090154
0.6308525,0.63701725
0.58917457,0.5989616
0.52151555,0.53649104
0.45169148,0.43965885
0.38105547,0.38351825
0.3201624,0.3342891
0.29201624,0.28911716
0.27415428,0.28237382
0.27036536,0.27918613
0.27848443,0.2840793
0.3036536,0.3146721
0.35317996,0.3694051
0.41326118,0.4172553
0.48227334,0.4694191
0.5361299,0.530289
0.55913395,0.5616329
0.5664411,0.560156
0.5564276,0.56013966
0.544249,0.54878056
0.5285521,0.53705657
0.5304465,0.53052735
0.57428956,0.5988711
0.60162383,0.6365832
0.57428956,0.5757108
0.52801085,0.53746283
0.48687416,0.4946117
0.42273343,0.44142547
0.36048713,0.34884098
0.30284166,0.30183843
0.25277403,0.265706
0.21136671,0.2217295
0.19377537,0.19691068
0.18809202,0.19230334
0.19485791,0.19614132
0.21786198,0.22488928
0.26332882,0.2808004
0.3142084,0.3371525
0.37997293,0.37974402
0.4257104,0.4378385
0.4519621,0.45218807
0.45520973,0.46224323
0.45602164,0.45168835
0.45060894,0.45086232
0.44627875,0.4457508
0.46224627,0.4562945
0.5396482,0.5374751
0.61001354,0.61757493
0.5959405,0.5869218
0.55209744,0.5588982
0.50392425,0.5093609
0.4248985,0.43783408
0.3526387,0.33750272
0.2933694,0.2900058
0.25629228,0.2525476
0.23734777,0.23080355
0.23139377,0.23362312
0.23897158,0.23833992
0.26820028,0.2704521
0.34939107,0.34840655
0.48741543,0.48980644
0.5399188,0.5523423
0.5277402,0.54034173
0.5223275,0.5370445
0.5201624,0.5290394
0.5066306,0.51775587
0.49526387,0.49496898
0.49282816,0.49718294
0.48606226,0.488383
0.48985115,0.49391368
0.55372125,0.55814147
0.62895805,0.62676215
0.6243572,0.6207198
0.58971584,0.59132445
0.5426252,0.55073035
0.45981055,0.4750679
0.37158322,0.3634457
0.3090663,0.29810414
0.25981057,0.26660585
0.23491204,0.23059449
0.21921515,0.22903714
0.22083898,0.22231463
0.25006765,0.24915594
0.3255751,0.32833487
0.45223275,0.46467704
0.51907986,0.50747037
0.51989174,0.5181347
0.5328823,0.52860355
0.54181325,0.54696643
0.54154265,0.54251397
0.5393775,0.5351945
0.53883624,0.54679674
0.52584577,0.5349189
0.5374831,0.5255797
0.5918809,0.60984564
0.6330176,0.65616584
0.6211096,0.61318874
0.58782136,0.59086895
0.54397833,0.5528017
0.46062246,0.47953045
0.37077132,0.36472514
0.30311233,0.29737395
0.26062247,0.26018354
0.23220569,0.23553474
0.22841679,0.22419775
0.23328823,0.23742217
0.2600812,0.264225
0.34154263,0.34213555
0.46711773,0.4889902
0.5188092,0.5237825
0.51096076,0.5164155
0.50798374,0.5183958
0.5017591,0.5134619
0.4895805,0.49241903
0.47415426,0.47966203
0.47063598,0.47540835
0.4714479,0.4652217
0.48010826,0.4801954
0.53721243,0.5486349
0.6230041,0.60900426
0.6262517,0.6227157
0.5932341,0.596982
0.5518268,0.5573946
0.47577807,0.48556146
0.38782138,0.38115227
0.32232746,0.31431863
0.2774019,0.28046322
0.25520974,0.25166747
0.24898511,0.24794246
0.25169146,0.25750595
0.28308526,0.27490222
0.3610284,0.36319828
0.49120432,0.49908808
0.5548038,0.54043067
0.5585927,0.54667723
0.5683356,0.56098795
0.57699597,0.575938
0.57753724,0.57443404
0.5677943,0.56888574
0.55886334,0.5679917
0.5518268,0.5485444
0.55399185,0.5540477
0.5986468,0.6197535
0.65142083,0.6653997
0.6484438,0.6423187
0.6173207,0.6197358
0.57239515,0.5823648
0.4947226,0.5062183
0.4046008,0.39966893
0.33315292,0.33020443
0.2866035,0.29040813
0.26522326,0.2590945
0.2533153,0.25966346
0.25304466,0.2602629
0.2806495,0.27749622
0.35236806,0.36174005
0.48173207,0.4914753
0.5426252,0.54414093
0.5450609,0.5457026
0.54316646,0.5583447
0.5423545,0.54747975
0.53342354,0.5359373
0.51258457,0.5197226
0.5001353,0.5054214
0.4863329,0.4893131
0.48660353,0.48750576
0.53477675,0.548803
0.6046008,0.60192347
0.5978349,0.6034626
0.56752366,0.5653595
0.535318,0.5404942
0.4744249,0.48833093
0.402977,0.39483204
0.341272,0.33354732
0.28687415,0.29717892
0.261705,0.25707734
0.24790257,0.25331938
0.24221921,0.25324777
0.2541272,0.25413024
0.28633288,0.29238206
0.34100136,0.35429877
0.41109607,0.4028995
0.46820027,0.46527007
0.5069012,0.50548863
0.5185386,0.52354884
0.51962113,0.51431847
0.51231396,0.5123005
0.5017591,0.50438166
0.49580514,0.49600905
0.50257105,0.5046468
0.5493911,0.57401866
0.614885,0.6181756
0.59837615,0.60145867
0.55696887,0.55730784
0.51447904,0.5217123
0.4511502,0.46450642
0.38457376,0.3766766
0.32124493,0.32327244
0.27550745,0.279544
0.24790257,0.24522054
0.2316644,0.23870811
0.22868742,0.23120338
0.23410013,0.23645288
0.2571042,0.2629702
0.30040595,0.31527096
0.36725304,0.36771774
0.43707713,0.43194994
0.48525032,0.48664108
0.5082544,0.51042414
0.51312584,0.51533914
0.51312584,0.5112722
0.5082544,0.50648314
0.50635993,0.5037672
0.5044655,0.5158279
0.5461434,0.57322
0.6027064,0.61840594
0.6,0.5922928
0.56048715,0.57016206
0.52449256,0.5232605
0.45385656,0.46577665
0.38267928,0.3718024
0.32638702,0.32271665
0.28552097,0.28836867
0.261705,0.2604452
0.25656292,0.25576976
0.2600812,0.2650259
0.2866035,0.28767657
0.34560215,0.3658182
0.43870094,0.4736771
0.508525,0.502875
0.5564276,0.5330502
0.5826793,0.5862807
0.5905277,0.59409785
0.58105546,0.5908966
0.5615697,0.56522363
0.55372125,0.5535212
0.55020297,0.54444957
0.55236804,0.5536822
0.6073072,0.6183107
0.6857916,0.68045664
0.6790257,0.68293476
0.6470907,0.6459241
0.605954,0.6124785
0.53667116,0.5434075
0.46116373,0.4487897
0.40162382,0.39438602
0.36725304,0.36053276
0.3526387,0.3426128
0.34560215,0.35086796
0.3534506,0.35312766
0.38376185,0.37878394
0.46549392,0.46332213
0.5956698,0.60625446
0.64763194,0.6434159
0.6489851,0.6401994
0.6500677,0.6489514
0.65466845,0.64815044
0.6481732,0.64634144
0.6381597,0.6334474
0.634912,0.63581526
0.6292287,0.6284251
0.6405954,0.6341102
0.6928281,0.71631145
0.7661705,0.767331
0.7615697,0.7654228
0.7271989,0.72944546
0.68362653,0.69380546
0.60838974,0.6166762
0.5239513,0.5155193
0.45548037,0.45122474
0.4202977,0.41022554
0.40108255,0.39618045
0.394046,0.39441603
0.39675236,0.40362248
0.4292287,0.41578156
0.5101488,0.50531745
0.637889,0.6463623
0.69066304,0.6799977
0.6925575,0.68141174
0.6963464,0.6914376
0.6960758,0.69511783
0.6757781,0.68382657
0.6625169,0.6536778
0.6554804,0.65830684
0.6405954,0.6458154
0.6397835,0.6410079
0.68335587,0.70873487
0.7699594,0.7602211
0.7759134,0.7804196
0.7453315,0.74568
0.70419484,0.711702
0.6224628,0.6397301
0.53640056,0.52709925
0.4668471,0.46522635
0.42543977,0.42267567
0.40622464,0.39988786
0.3991881,0.40033707
0.40838972,0.4091155
0.43707713,0.43043837
0.5139378,0.51187265
0.63734776,0.6492847
0.6790257,0.6797606
0.6790257,0.6687015
0.6719892,0.6807009
0.66143435,0.6642549
0.6481732,0.64391196
0.62354535,0.6315011
0.60649526,0.6128733
0.6024357,0.5945233
0.60622466,0.61265004
0.6568335,0.67644775
0.74100137,0.7406671
0.7453315,0.75260985
0.72070366,0.7161404
0.6841678,0.6897795
0.6005413,0.6198827
0.5098782,0.5027003
0.4465494,0.43652162
0.40811908,0.40466622
0.39188093,0.3808596
0.38755074,0.38730592
0.39269283,0.39743942
0.41921514,0.4122359
0.49607578,0.4919726
0.61867386,0.63078296
0.6738836,0.66119325
0.6690122,0.6675639
0.6606225,0.6672783
0.6516915,0.6535388
0.63572395,0.63498235
0.61326116,0.61639094
0.59972936,0.6026703
0.58782136,0.58942723
0.5894452,0.594016
0.6294993,0.65762496
0.70554805,0.7043874
0.70257103,0.7118342
0.6719892,0.6699469
0.63870096,0.6449064
0.57564276,0.5876832
0.49959403,0.49474445
0.4316644,0.42877766
0.38430312,0.38475242
0.35615698,0.3559797
0.33937752,0.34432372
0.33477673,0.3434093
0.3428958,0.34589657
0.37239513,0.38083997
0.4284168,0.4406556
0.48930988,0.48609656
0.5474966,0.5373437
0.58322054,0.58519053
0.5905277,0.59616494
0.5826793,0.5837059
0.565088,0.5710759
0.5466847,0.55181825
0.53125846,0.5375086
0.53125846,0.5382905
0.5680649,0.6018126
0.62977,0.639107
0.6140731,0.6233796
0.573207,0.5767914
0.5342355,0.5407115
0.47225982,0.48927107
0.40568337,0.40351698
0.34857917,0.34800532
0.3052774,0.31188366
0.27875507,0.2787942
0.27334234,0.2701011
0.27280107,0.27961606
0.28633288,0.28445256
0.3158322,0.31910503
0.3677943,0.37847868
0.42625168,0.43383512
0.4947226,0.4832013
0.5393775,0.5379721
0.5491204,0.5555798
0.5526387,0.5445529
0.5488498,0.5492946
0.5342355,0.5378531
0.52828145,0.525234
0.544249,0.5376281
0.6040595,0.62220633
0.69201624,0.6847012
0.68389714,0.68271995
0.6414073,0.6457399
0.5918809,0.5999497
0.50771314,0.5245497
0.43139377,0.42336348
0.37158322,0.37181404
0.32990527,0.331514
0.31150204,0.3063556
0.30338296,0.30771
0.30663058,0.31247872
0.32828146,0.33173802
0.40054128,0.40425098
0.52963465,0.5341675
0.5864682,0.593305
0.59269285,0.59030914
0.60135317,0.60533684
0.605954,0.6065352
0.6046008,0.602635
0.5905277,0.59223837
0.58322054,0.5839623
0.5677943,0.5737365
0.56914747,0.56891584
0.61840326,0.6401963
0.69742894,0.6895044
0.7023004,0.6963569
0.6671177,0.6706966
0.6243572,0.6284987
0.54316646,0.56144786
0.45466846,0.4505382
0.39133966,0.38464695
0.35074425,0.35054553
0.32801083,0.32619452
0.32151556,0.32272613
0.32503384,0.33127308
0.3661705,0.35060507
0.45223275,0.4532057
0.585115,0.59735954
0.6346414,0.6326581
0.6338295,0.62239385
0.62733424,0.635869
0.6232747,0.62403667
0.5972936,0.61319935
0.57699597,0.57479286
0.57564276,0.5731678
0.5715832,0.57157254
0.57943165,0.5785226
0.6246279,0.6557785
0.7136671,0.7017753
0.7266576,0.72472787
0.70202976,0.7004105
0.65899867,0.66831636
0.5751015,0.59233934
0.4863329,0.47835714
0.4189445,0.4123923
0.37239513,0.37432685
0.35128552,0.3428691
0.3420839,0.3448931
0.34614342,0.3509884
0.37428957,0.36729002
0.45250338,0.45013383
0.5870095,0.58765656
0.63410014,0.6347914
0.6292287,0.6209532
0.6248985,0.62989867
0.6094723,0.6211536
0.58971584,0.5923724
0.56752366,0.57326305
0.55751014,0.5626377
0.5526387,0.55101204
0.5577808,0.56392264
0.6056833,0.63071764
0.70040596,0.6883582
0.71745604,0.7165128
0.6947226,0.6915159
0.6516915,0.65965426
0.5718539,0.5837903
0.4828146,0.47522485
0.4165088,0.40722686
0.3753721,0.37243283
0.35399187,0.3468982
0.34830853,0.34588516
0.35236806,0.35709345
0.38700947,0.37144005
0.464682,0.46427047
0.5924222,0.5992273
0.64113665,0.6348915
0.6284168,0.62796676
0.6159675,0.62412894
0.60135317,0.6084243
0.5813261,0.5844393
0.5580514,0.5646838
0.5518268,0.55190027
0.5393775,0.5479876
0.5558863,0.54697454
0.5916103,0.63571656
0.6820027,0.66657484
0.6925575,0.6981822
0.6690122,0.6654011
0.6308525,0.6372802
0.55209744,0.56659937
0.46901217,0.4569505
0.40433016,0.39497015
0.3594046,0.36043876
0.329364,0.3277194
0.30933693,0.31699634
0.30581868,0.310665
0.329364,0.32285863
0.40027064,0.40158322
0.52449256,0.5307622
0.5813261,0.5771574
0.57943165,0.57853734
0.57483083,0.58704597
0.5713126,0.574709
0.5493911,0.56329405
0.5288227,0.5309527
0.52124494,0.5254737
0.5155616,0.514544
0.5150203,0.52397287
0.5464141,0.58158493
0.61326116,0.611866
0.61461437,0.61674404
0.58322054,0.5844948
0.5491204,0.5536484
0.49147496,0.5000174
0.4189445,0.41127905
0.35020298,0.3477642
0.3036536,0.3021393
0.27875507,0.27847636
0.26576453,0.26758787
0.264682,0.26646957
0.27496618,0.2794913
0.30284166,0.310087
0.3623816,0.36775935
0.42435724,0.42324293
0.47658998,0.4821155
0.4985115,0.5073241
0.4917456,0.5048988
0.47658998,0.4792778
0.4562923,0.46508744
0.44032475,0.44287607
0.43788904,0.4351322
0.45358592,0.45371792
0.4930988,0.50653374
0.5645467,0.5732895
0.5585927,0.5770313
0.52286875,0.516491
0.4871448,0.49610776
0.4284168,0.43610927
0.35967523,0.35880208
0.2968877,0.29635438
0.24979702,0.25304613
0.22273342,0.22577155
0.20730717,0.20904444
0.20243572,0.20781133
0.20947225,0.20605958
0.23139377,0.2376582
0.2782138,0.2868277
0.33342355,0.34157413
0.40162382,0.39778545
0.45358592,0.44725683
0.47658998,0.4774554
0.4820027,0.48181775
0.48227334,0.47646496
0.47848445,0.47267735
0.47225982,0.47619864
0.48227334,0.4796848
0.52963465,0.53041005
0.5834912,0.6065911
0.5556157,0.58183503
0.49526387,0.51117885
0.45981055,0.46017233
0.40216509,0.403771
0.34451962,0.33185342
0.28173208,0.2903936
0.23734777,0.24149853
0.22273342,0.2169987
0.21596752,0.22291842
0.22300406,0.22643273
0.25196213,0.25230438
0.33152908,0.3345504
0.46224627,0.4683603
0.52449256,0.52452016
0.5345061,0.5381866
0.54479027,0.5430839
0.5564276,0.5529094
0.55534506,0.55612457
0.5404601,0.54261094
0.5374831,0.53670526
0.52638704,0.5311973
0.5271989,0.5234134
0.55751014,0.5669477
0.6446549,0.63106334
0.65953994,0.66149235
0.6300406,0.6201665
0.58592695,0.5983814
0.50284165,0.5191686
0.41705006,0.41232124
0.35372123,0.34700298
0.31637347,0.3135389
0.29661706,0.29936552
0.28795668,0.29445148
0.29228687,0.29953533
0.32638702,0.31743607
0.4143437,0.41294
0.5464141,0.54921794
0.594046,0.59177756
0.5818674,0.5872135
0.56427604,0.57730615
0.5493911,0.55634785
0.5339648,0.5342879
0.5152909,0.5188081
0.50798374,0.5118021
0.50121784,0.5033326
0.5090663,0.50620925
0.54830855,0.5617132
0.6414073,0.6338222
0.6592693,0.6687287
0.62977,0.62314665
0.58755076,0.59595764
0.50581867,0.5193026
0.4156969,0.4145743
0.34912044,0.34300512
0.30419487,0.30793563
0.27929634,0.28173518
0.2668471,0.27128044
0.26955345,0.27455723
0.30094722,0.29396042
0.3691475,0.38059387
0.46441138,0.492537
0.5255751,0.5057968
0.565088,0.53902674
0.5972936,0.57754993
0.617862,0.6143081
0.6281462,0.6200731
0.6216509,0.6205858
0.61163735,0.6224077
0.597023,0.60075796
0.5872801,0.59293973
0.60866034,0.6272594
0.68362653,0.68096805
0.6828146,0.7018852
0.63897157,0.63721347
0.5867388,0.60465074
0.5082544,0.51892984
0.42733425,0.42331138
0.35805142,0.3613757
0.31962112,0.3169715
0.29391068,0.3045754
0.29418132,0.2861437
0.3001353,0.31031367
0.3301759,0.3283979
0.4181326,0.41336736
0.54993236,0.5593017
0.5894452,0.6052263
0.58159673,0.5917126
0.57401896,0.583043
0.5686062,0.5683987
0.5564276,0.55536425
0.5404601,0.54005563
0.5269283,0.5324899
0.5152909,0.5151112
0.51989174,0.5162604
0.5510149,0.56759846
0.6470907,0.6348895
0.6700947,0.68132424
0.64546686,0.63559556
0.61001354,0.62025446
0.5410014,0.54722023
0.45304465,0.45725015
0.38863328,0.38190138
0.34749663,0.34815365
0.3328823,0.32698435
0.32584575,0.3304486
0.3309878,0.33198613
0.36211097,0.35276178
0.4405954,0.4366485
0.56887686,0.5668727
0.6143437,0.6187397
0.6124492,0.6100904
0.59512854,0.6091336
0.5848444,0.5823188
0.57618403,0.56944275
0.5548038,0.5612359
0.54316646,0.5465255
0.5274696,0.5332669
0.52286875,0.52520144
0.54993236,0.5667703
0.6270636,0.62685466
0.64113665,0.65298307
0.61163735,0.60057324
0.58457375,0.585717
0.5269283,0.53214896
0.45818675,0.44578898
0.388092,0.38674906
0.34181327,0.3367563
0.31529093,0.31947082
0.3060893,0.304933
0.30879566,0.30555603
0.32503384,0.32130033
0.3623816,0.3647005
0.42056835,0.4380991
0.48335588,0.47274
0.5271989,0.53343505
0.5458728,0.5500897
0.5393775,0.5499399
0.5225981,0.525324
0.4930988,0.5092212
0.47740188,0.47329208
0.45899865,0.47447345
0.46657646,0.46604744
0.50040597,0.5213059
0.58755076,0.5866116
0.5962111,0.6168127
0.56589985,0.5593735
0.52828145,0.54334855
0.46738836,0.4795683
0.40541273,0.40307328
0.35155615,0.34776133
0.31096077,0.31284493
0.28768605,0.29236358
0.27604872,0.27618608
0.27090663,0.27758542
0.27794316,0.2757604
0.29986468,0.3066747
0.34857917,0.35176483
0.40054128,0.40839776
0.45845738,0.45894906
0.4849797,0.49468485
0.4849797,0.4912899
0.48254398,0.47912553
0.47198918,0.4758745
0.4562923,0.45915148
0.45656294,0.45035625
0.47469553,0.470889
0.5304465,0.5336901
0.61867386,0.62307954
0.6173207,0.6319727
0.57591337,0.57365596
0.52665764,0.53956527
0.45845738,0.46113437
0.3813261,0.3848618
0.32530448,0.32059753
0.28768605,0.28818768
0.27469555,0.26854715
0.27388364,0.27431434
0.2790257,0.28520525
0.3074425,0.3060897
0.3840325,0.38737896
0.5139378,0.5133251
0.5623816,0.5683882
0.5653586,0.5655478
0.565088,0.57036316
0.5648173,0.56418055
0.5618403,0.5603476
0.5556157,0.5516479
0.54830855,0.5573306
0.53856564,0.5428835
0.5426252,0.542611
0.5699594,0.59023976
0.65818673,0.6496116
0.6790257,0.68391347
0.65142083,0.6418668
0.6110961,0.6201377
0.52990526,0.54650486
0.44167796,0.4457216
0.37943166,0.37488115
0.3480379,0.34508345
0.33585927,0.3352339
0.33504736,0.33733854
0.3404601,0.34736007
0.37077132,0.36353716
0.45142084,0.4520045
0.5837618,0.5796824
0.6202977,0.6289984
0.6140731,0.6112145
0.597023,0.6122593
0.5848444,0.5861262
0.57699597,0.57007325
0.5596752,0.56426406
0.5477673,0.5548487
0.53721243,0.5380713
0.5361299,0.53797746
0.57699597,0.5843923
0.67036533,0.66615975
0.7012179,0.7029493
0.67794317,0.6678791
0.6397835,0.6458025
0.56373477,0.56942415
0.47983763,0.4714988
0.42002708,0.4081471
0.37943166,0.3805024
0.35751015,0.36171603
0.35128552,0.35228434
0.35994586,0.35838434
0.39052776,0.38398597
0.47171855,0.46624205
0.6046008,0.59694517
0.6397835,0.6480644
0.62381595,0.63016397
0.60622466,0.6146742
0.5886333,0.594473
0.5667118,0.5696894
0.5410014,0.5490804
0.5261164,0.5324824
0.5158322,0.51676893
0.51989174,0.52245235
0.55751014,0.5732943
0.6449256,0.6502639
0.67469555,0.67851603
0.6565629,0.6428503
0.6243572,0.62527335
0.5556157,0.55406857
0.46901217,0.46297392
0.39972937,0.39449844
0.35994586,0.3540649
0.34397835,0.34055522
0.32963464,0.34008986
0.33504736,0.33174464
0.3548038,0.3504052
0.4257104,0.41783068
0.5461434,0.54152477
0.60351825,0.5835557
0.6162382,0.5986159
0.6270636,0.6128602
0.63572395,0.6325432
0.63951284,0.6305816
0.6300406,0.62739533
0.6300406,0.62752914
0.6173207,0.6212549
0.61001354,0.613678
0.63031125,0.6512902
0.67469555,0.7017367
0.6744249,0.68437433
0.63355887,0.63611794
0.58294994,0.59828305
0.50121784,0.51364756
0.40920162,0.41154543
0.34100136,0.3374619
0.30094722,0.30151567
0.27875507,0.2815737
0.27009472,0.27153558
0.27388364,0.27688903
0.2960758,0.29955113
0.34316644,0.3678805
0.42192152,0.4543987
0.47496617,0.476782
0.5133965,0.50253534
0.5396482,0.5388514
0.5510149,0.55492103
0.55886334,0.5493318
0.55047363,0.5541349
0.54343706,0.5485339
0.54154265,0.5359982
0.5361299,0.5422101
0.54857916,0.56980914
0.60784847,0.6088699
0.6202977,0.62223756
0.58430314,0.58266044
0.5488498,0.55353
0.4930988,0.49993697
0.41596752,0.41673085
0.35453317,0.34296063
0.30554804,0.30854616
0.27550745,0.28073612
0.2630582,0.26238936
0.2579161,0.2651629
0.26359946,0.26918453
0.29878214,0.29389936
0.35507444,0.367621
0.41705006,0.41837823
0.47658998,0.48270124
0.5060893,0.5151826
0.50581867,0.5172961
0.49499324,0.4965389
0.4828146,0.48399398
0.47063598,0.46940678
0.46657646,0.4657183
0.47225982,0.47821862
0.5050068,0.51818156
0.5799729,0.58398056
0.5837618,0.5964391
0.5512855,0.5428557
0.5133965,0.52383566
0.44790256,0.46255538
0.38240865,0.37905076
0.32286873,0.32219383
0.2790257,0.2812013
0.26576453,0.25693423
0.25845736,0.25708264
0.2579161,0.26104015
0.26522326,0.26388064
0.28633288,0.29729694
0.33558863,0.34252942
0.3932341,0.39804214
0.45439783,0.45492747
0.4849797,0.493843
0.49147496,0.49413416
0.48741543,0.48915783
0.47658998,0.47935507
0.4600812,0.46368748
0.44790256,0.4517753
0.4592693,0.45469722
0.50392425,0.5139495
0.60135317,0.59240305
0.6316644,0.62173826
0.5956698,0.5988759
0.55399185,0.5566342
0.48470905,0.49084124
0.41677943,0.40622053
0.35778078,0.3575251
0.3209743,0.3173017
0.3052774,0.30188712
0.30175912,0.30436346
0.30690122,0.30970183
0.33207035,0.33300507
0.3983762,0.41058066
0.5006766,0.523273
0.565088,0.551895
0.5905277,0.58303714
0.597023,0.59889686
0.5956698,0.59759915
0.5805142,0.58813
0.5631935,0.56276286
0.54695535,0.5601734
0.5345061,0.5355767
0.53802437,0.53779066
0.5721245,0.58751416
0.6603518,0.65808153
0.68173206,0.68876517
0.6552097,0.644667
0.617862,0.623657
0.5404601,0.55285585
0.45602164,0.45352885
0.39296347,0.38909352
0.35751015,0.3564698
0.34073073,0.3427698
0.33829498,0.33936274
0.3437077,0.34881717
0.36887687,0.36613283
0.44546685,0.4451923
0.5631935,0.56968343
0.6129905,0.6017386
0.62543976,0.6092862
0.6292287,0.62268484
0.63058186,0.629076
0.6265223,0.6199212
0.6165088,0.60962486
0.6135318,0.61499023
0.6081191,0.60316694
0.59972936,0.6079037
0.6156969,0.64159906
0.68146145,0.6868131
0.6928281,0.70003355
0.6533153,0.6525171
0.6043302,0.6150708
0.51935047,0.53279066
0.43031123,0.42677584
0.36184034,0.35852998
0.31935048,0.32093582
0.2968877,0.3005479
0.28552097,0.29166168
0.28687415,0.29441229
0.31772667,0.31342942
0.39215156,0.39913496
0.50040597,0.5222969
0.5445196,0.5496075
0.55372125,0.55311424
0.55669826,0.56159353
0.5599459,0.5591325
0.5564276,0.55496764
0.55507445,0.54523444
0.5599459,0.55945325
0.55723953,0.55587494
0.5534506,0.55826986
0.5669824,0.5932013
0.62733424,0.63649285
0.6484438,0.6443304
0.6135318,0.615692
0.56941813,0.57381165
0.48903924,0.49982038
0.39350474,0.395897
0.32665765,0.31935716
0.28362653,0.28669393
0.25899863,0.26242143
0.24925575,0.25073463
0.2525034,0.25810423
0.2811908,0.27905393
0.35534507,0.35939103
0.46576455,0.48411185
0.51447904,0.5157628
0.5158322,0.52449787
0.5104195,0.5230887
0.5014885,0.5120126
0.48389715,0.49212822
0.46738836,0.47149053
0.461705,0.46570566
0.4571042,0.45750025
0.46495265,0.46294096
0.49797022,0.5084376
0.5667118,0.5774594
0.5937754,0.5890069
0.56752366,0.5699724
0.5290934,0.53313994
0.45899865,0.46319458
0.36806494,0.36878526
0.30067658,0.29386455
0.2541272,0.260301
0.2316644,0.22796182
0.22516915,0.22429265
0.22435723,0.23116452
0.24871448,0.24524651
0.31826794,0.31823173
0.42625168,0.44403103
0.4879567,0.48100504
0.51772666,0.50315964
0.53883624,0.53108704
0.55074424,0.5502453
0.55318,0.5492443
0.5374831,0.5455855
0.5301759,0.5351604
0.51447904,0.5233599
0.50960755,0.5099448
0.5301759,0.5438
0.5734777,0.59210217
0.5699594,0.5822674
0.535318,0.5342021
0.49661705,0.5102881
0.43193504,0.44852135
0.36292288,0.35910666
0.29418132,0.29783702
0.2465494,0.24809715
0.21948579,0.22359848
0.20866035,0.20917949
0.20351827,0.21399221
0.21786198,0.21598165
0.24844384,0.2541071
0.30284166,0.3157972
0.3623816,0.36776292
0.40947226,0.42798164
0.42787552,0.44338349
0.4265223,0.43313953
0.41542625,0.4182209
0.3932341,0.40468755
0.3772666,0.37757272
0.3669824,0.3688478
0.37077132,0.37659
0.39566982,0.41617277
0.46630582,0.47250527
0.5052774,0.49372515
0.47658998,0.48766914
0.44465494,0.44956034
0.38430312,0.39757055
0.31772667,0.31685352
0.26197565,0.25918013
0.2202977,0.22286472
0.2,0.19831271
0.19161029,0.19003765
0.19188093,0.19477968
0.20027064,0.19803785
0.22110961,0.23010767
0.26062247,0.2742282
0.3142084,0.3185658
0.382138,0.3765691
0.41515562,0.42574742
0.42056835,0.42749095
0.41975644,0.41908082
0.41082543,0.4141289
0.38998646,0.39810058
0.37861976,0.38039184
0.3805142,0.38742563
0.41786197,0.42883912
0.49364007,0.5001574
0.52990526,0.5139556
0.49445197,0.511078
0.4511502,0.4538718
0.38024357,0.38951793
0.3098782,0.3054004
0.25764546,0.2522338
0.22625169,0.22260252
0.20920162,0.20908174
0.20460081,0.20866488
0.21028417,0.21447213
0.24032477,0.23642571
0.3201624,0.3178892
0.43193504,0.4503721
0.4787551,0.48296258
0.4917456,0.489685
0.50094724,0.50180227
0.5074425,0.5050129
0.50284165,0.50662315
0.49120432,0.49274328
0.48903924,0.48966762
0.48768607,0.48597738
0.48416778,0.4948719
0.50933695,0.52556694
0.5886333,0.5915218
0.62868744,0.6163629
0.5989175,0.60415
0.5548038,0.5614815
0.48308524,0.4913002
0.402977,0.3989912
0.34397835,0.33543923
0.30554804,0.30583864
0.28849798,0.2867552
0.2811908,0.2857954
0.2849797,0.29176617
0.31637347,0.30638626
0.3907984,0.39880326
0.49066305,0.5164981
0.53883624,0.5250572
0.5458728,0.5426158
0.5480379,0.55122375
0.54695535,0.5492494
0.5407307,0.5398108
0.5307172,0.5306461
0.53152907,0.53053916
0.5301759,0.5292293
0.5274696,0.53393316
0.5496617,0.57169276
0.61326116,0.62997067
0.6603518,0.6390979
0.62868744,0.6421803
0.58755076,0.5891094
0.5120433,0.52561855
0.43355885,0.42605242
0.37428957,0.36636615
0.33477673,0.33506197
0.30933693,0.31594673
0.30473614,0.30142945
0.3098782,0.3154418
0.3377537,0.3343047
0.41867387,0.415202
0.52530444,0.54713356
0.57483083,0.56324214
0.58917457,0.5802629
0.58592695,0.59062505
0.58105546,0.5814148
0.5629229,0.5714073
0.54857916,0.5446539
0.54343706,0.54710746
0.532341,0.5348911
0.5269283,0.53318083
0.5496617,0.5704473
0.620839,0.6331042
0.6641407,0.65444136
0.63924223,0.6445825
0.6027064,0.6060048
0.5301759,0.54070544
0.45304465,0.44406012
0.39377537,0.38627836
0.35101488,0.35395753
0.3309878,0.3326938
0.31935048,0.32649958
0.3242219,0.32585424
0.3556157,0.34634736
0.43572396,0.43206343
0.5428958,0.5627036
0.5870095,0.58055806
0.58836263,0.5890839
0.57943165,0.58466053
0.5772666,0.5714438
0.56725305,0.56697434
0.5496617,0.55280733
0.5445196,0.5448566
0.535318,0.5374384
0.53721243,0.5369972
0.5526387,0.5845407
0.6092016,0.6319964
0.64952636,0.63969886
0.62516916,0.6317663
0.5921516,0.59503347
0.5242219,0.53192174
0.45006767,0.4392992
0.38971582,0.3826551
0.3504736,0.34751704
0.33504736,0.32802343
0.32746956,0.3313665
0.32963464,0.33101338
0.35751015,0.34935635
0.42516914,0.42851743
0.5277402,0.543892
0.5805142,0.5718807
0.5886333,0.58929
0.5834912,0.5892017
0.5797023,0.57803476
0.5664411,0.56792426
0.5428958,0.5514456
0.5285521,0.5350251
0.5155616,0.51955855
0.51285523,0.5141403
0.53315294,0.5563396
0.5924222,0.6099055
0.6384303,0.6208236
0.6113667,0.6217388
0.58294994,0.5842687
0.53315294,0.5400578
0.46630582,0.463945
0.40649527,0.40046746
0.3661705,0.36328077
0.34181327,0.34874484
0.33504736,0.33088762
0.3345061,0.33831915
0.34641406,0.34593064
0.37943166,0.37722856
0.4232747,0.44172382
0.47631934,0.4722596
0.52151555,0.527591
0.5399188,0.54587615
0.54316646,0.54394317
0.5304465,0.53058726
0.50635993,0.51691425
0.4828146,0.48845115
0.46414074,0.47346058
0.46955344,0.46283317
0.48768607,0.51082647
0.5391069,0.54239655
0.56725305,0.5776087
0.53667116,0.5557024
0.5031123,0.50141084
0.44465494,0.46084985
0.3772666,0.37421742
0.31610283,0.3205079
0.27415428,0.27701715
0.2503383,0.25553274
0.23815967,0.24400976
0.23247632,0.2432678
0.2376184,0.24176624
0.25981057,0.2625567
0.30500677,0.31406122
0.36833557,0.37038308
0.4359946,0.42796463
0.47117728,0.47964895
0.47848445,0.48372456
0.47902572,0.47572592
0.46792963,0.4751707
0.45277402,0.4547066
0.4324763,0.44490513
0.4351827,0.42911103
0.473613,0.4736855
0.5445196,0.5382605
0.582138,0.58994186
0.55507445,0.572816
0.511502,0.51884544
0.44546685,0.45359752
0.37239513,0.37066156
0.32151556,0.3155679
0.2901218,0.2906586
0.27415428,0.2767533
0.2698241,0.27214226
0.28146145,0.28306484
0.31853858,0.31362408
0.39729363,0.40073287
0.51258457,0.5292351
0.56075776,0.5648446
0.56887686,0.56565225
0.5648173,0.5752452
0.5686062,0.55951667
0.56400543,0.56339157
0.5510149,0.5513338
0.53883624,0.54663074
0.52584577,0.5331646
0.5290934,0.52205133
0.5491204,0.5652137
0.6165088,0.6107837
0.67334235,0.6649077
0.64790255,0.6626103
0.61001354,0.6081164
0.5404601,0.5517677
0.4549391,0.4517757
0.39756426,0.3880057
0.36211097,0.36365873
0.34397835,0.3453217
0.33640054,0.33777526
0.34479025,0.3458436
0.37753722,0.36999163
0.46197563,0.45387545
0.5713126,0.5913944
0.6105548,0.6044061
0.608931,0.6042403
0.588092,0.6101489
0.58105546,0.5735688
0.5548038,0.56950605
0.5396482,0.531266
0.52638704,0.5378486
0.51231396,0.5188571
0.51637346,0.50908315
0.54397833,0.55499995
0.60784847,0.6083437
0.64627874,0.65748596
0.61867386,0.63704824
0.5745602,0.5818982
0.5001353,0.5125735
0.4067659,0.40753087
0.3548038,0.33615226
0.31474966,0.3249575
0.29634643,0.29617608
0.28552097,0.2923627
0.2901218,0.29325292
0.3242219,0.31789884
0.40487143,0.39802164
0.52286875,0.5314778
0.57428956,0.56305754
0.58105546,0.56944287
0.58078486,0.5838417
0.5786198,0.5784693
0.5721245,0.56960124
0.55913395,0.55817926
0.5534506,0.55960405
0.5393775,0.5505744
0.5336942,0.5358237
0.55318,0.565429
0.61515564,0.61327076
0.6554804,0.6627451
0.63897157,0.645713
0.6027064,0.6087683
0.5358593,0.5421306
0.44573748,0.44739208
0.38755074,0.37659878
0.35426253,0.35501003
0.34181327,0.33730996
0.34235454,0.33690923
0.34857917,0.3533582
0.38078484,0.37606823
0.46738836,0.45828786
0.58105546,0.59741175
0.6189445,0.61664164
0.60784847,0.6108969
0.5905277,0.605502
0.57239515,0.5787419
0.55399185,0.5526109
0.5290934,0.5365318
0.51231396,0.5203146
0.49824086,0.50560725
0.4925575,0.4982377
0.5133965,0.52421176
0.57239515,0.5786295
0.63274693,0.62657857
0.6194858,0.6347463
0.5867388,0.588524
0.5223275,0.5305282
0.4392422,0.43398127
0.37997293,0.3711312
0.34506088,0.34497404
0.33152908,0.32750213
0.32638702,0.3279758
0.3301759,0.33345008
0.35805142,0.35130432
0.44411367,0.42284724
0.5577808,0.5715699
0.5991881,0.59552276
0.5921516,0.5914002
0.57266575,0.5881532
0.55886334,0.5580701
0.5410014,0.54295623
0.51231396,0.52444506
0.49580514,0.5028881
0.47307172,0.4899561
0.46711773,0.46761185
0.48768607,0.5016009
0.5396482,0.5423938
0.5894452,0.5860364
0.573207,0.587219
0.5420839,0.5444494
0.48092017,0.4988303
0.4051421,0.40258062
0.33640054,0.33605695
0.2976996,0.29051748
0.26820028,0.28138164
0.25953993,0.2585835
0.2638701,0.26352003
0.2744249,0.28064182
0.31150204,0.30669397
0.3526387,0.3806965
0.405954,0.4035305
0.45358592,0.45794663
0.47821382,0.4815934
0.47198918,0.48558196
0.44844383,0.4578171
0.41867387,0.43358973
0.40568337,0.40155628
0.39106902,0.4028391
0.39188093,0.3956605
0.41677943,0.43313447
0.47415426,0.47061208
0.5171854,0.5174535
0.49580514,0.5166788
0.4638701,0.46525553
0.40866035,0.42266598
0.3369418,0.34274846
0.28281462,0.28093758
0.24871448,0.2475991
0.24208389,0.23221399
0.23545332,0.24116252
0.23031123,0.23992112
0.23788904,0.2388149
0.255751,0.26430595
0.29228687,0.3042252
0.33748308,0.35269293
0.388092,0.39308554
0.42381597,0.4264327
0.44221923,0.43634737
0.4519621,0.44317016
0.44167796,0.45331156
0.42516914,0.42927882
0.40730718,0.41808322
0.40351826,0.406324
0.41759133,0.43816856
0.45845738,0.46871576
0.5150203,0.50211096
0.5529093,0.5263697
0.5255751,0.5331862
0.4571042,0.45989922
0.3772666,0.3731963
0.3082544,0.31327918
0.2730717,0.26761067
0.25845736,0.25543445
0.25087956,0.2560117
0.25169146,0.2586807
0.28146145,0.27592224
0.35453317,0.35595605
0.48470905,0.48132196
0.54560214,0.54036725
0.5496617,0.5494834
0.55399185,0.55554783
0.5542625,0.55798554
0.5396482,0.549472
0.51935047,0.5243444
0.5104195,0.5137365
0.49039242,0.5070443
0.4828146,0.48266587
0.49201623,0.5158204
0.5261164,0.5454786
0.5667118,0.57260656
0.58917457,0.57571745
0.5556157,0.56824124
0.47740188,0.48954657
0.38782138,0.38239875
0.31447902,0.31653517
0.26657647,0.2725659
0.24627875,0.24450076
0.23410013,0.242691
0.23599459,0.24245849
0.26116374,0.26305592
0.33044654,0.33913052
0.45385656,0.46181414
0.5120433,0.5093051
0.50960755,0.51324135
0.51096076,0.5148084
0.50798374,0.51618755
0.49526387,0.5008582
0.47740188,0.48356333
0.47117728,0.4768884
0.4562923,0.46863276
0.45006767,0.44913933
0.455751,0.47954005
0.47198918,0.49460164
0.5074425,0.5096321
0.5464141,0.5292103
0.5150203,0.54104567
0.4473613,0.4477472
0.35832205,0.35849154
0.28985116,0.2867962
0.25142083,0.25207523
0.23437077,0.23272653
0.22435723,0.23132432
0.22652233,0.23337713
0.25304466,0.2523805
0.32368064,0.3300383
0.4541272,0.4537597
0.51610285,0.50712025
0.52665764,0.5133748
0.52963465,0.5289655
0.5391069,0.53189576
0.5461434,0.53538805
0.5374831,0.53788173
0.53477675,0.5378763
0.52665764,0.52852845
0.5277402,0.51824665
0.5526387,0.5562164
0.5826793,0.6014315
0.59972936,0.6149807
0.58836263,0.5952395
0.54722595,0.56211066
0.4714479,0.4789717
0.3805142,0.38060012
0.32124493,0.3108973
0.28037888,0.28678933
0.25981057,0.26252508
0.25466847,0.2539919
0.25953993,0.26820612
0.28741542,0.28885823
0.35453317,0.36940378
0.4495264,0.4856876
0.51772666,0.49627396
0.561299,0.5311117
0.58755076,0.5797154
0.6043302,0.59885
0.6124492,0.60386467
0.6037889,0.6006325
0.58755076,0.6015923
0.56752366,0.5728376
0.5556157,0.5545325
0.5661705,0.57708097
0.58592695,0.61446714
0.6143437,0.61639524
0.64086604,0.61390185
0.6127199,0.6283378
0.5391069,0.54761136
0.45060894,0.44738165
0.3813261,0.38153747
0.34939107,0.34255952
0.3225981,0.33568317
0.31637347,0.31212962
0.31447902,0.32805535
0.33748308,0.33729014
0.4105548,0.41167158
0.5326116,0.54290843
0.5818674,0.5888208
0.582138,0.58780515
0.5805142,0.5888177
0.5753721,0.57735753
0.5545331,0.56093466
0.5326116,0.5323833
0.51989174,0.52260804
0.5023004,0.5091175
0.4909337,0.49262
0.49445197,0.51723063
0.50933695,0.53900504
0.5301759,0.5455501
0.5596752,0.5384903
0.53477675,0.55551064
0.48092017,0.48351642
0.40351826,0.40435702
0.32963464,0.33088654
0.2798376,0.28053153
0.2541272,0.25889868
0.23951286,0.24622107
0.23058186,0.24310844
0.24032477,0.24321005
0.26332882,0.27464044
0.3150203,0.32474333
0.37483084,0.37799886
0.4324763,0.42890713
0.4625169,0.46779335
0.46576455,0.4750918
0.45764548,0.45688698
0.43464142,0.4486363
0.40703654,0.41818056
0.39350474,0.39432946
0.39215156,0.39685902
0.40189445,0.42785817
0.4173207,0.44471073
0.4443843,0.44874915
0.47171855,0.4604799
0.45277402,0.4668105
0.40216509,0.40905735
0.3377537,0.33630407
0.27794316,0.2802733
0.24194857,0.23768587
0.22138025,0.22200911
0.21299052,0.21381874
0.21190798,0.2156199
0.21867388,0.22118878
0.24005413,0.24545346
0.28741542,0.29246938
0.34397835,0.35530463
0.41109607,0.40124115
0.45656294,0.45441023
0.46738836,0.47141314
0.46738836,0.46231055
0.4608931,0.46161553
0.4414073,0.44799504
0.4248985,0.42887193
0.42138025,0.42228326
0.43815967,0.4531494
0.47090665,0.4917877
0.51096076,0.5115229
0.56346416,0.5254593
0.5426252,0.555357
0.47388363,0.47568974
0.39512855,0.3929887
0.33585927,0.33266258
0.30500677,0.2997259
0.29201624,0.28982002
0.2909337,0.2879982
0.2976996,0.30215627
0.32449254,0.32450834
0.40433016,0.3995721
0.5361299,0.5342876
0.5905277,0.5884495
0.5972936,0.58878374
0.5935047,0.59987366
0.582138,0.5858153
0.56265223,0.5663445
0.5410014,0.5430299
0.52584577,0.5317298
0.50284165,0.51782966
0.4895805,0.49457762
0.49661705,0.51962644
0.52124494,0.55688065
0.55074424,0.56875575
0.5953992,0.56792396
0.57916105,0.5918586
0.5047361,0.5191796
0.41705006,0.4165768
0.3594046,0.35088015
0.32665765,0.32635236
0.3142084,0.31167907
0.30960757,0.3119536
0.31231394,0.318801
0.3404601,0.33485198
0.42002708,0.41390187
0.5542625,0.54841375
0.59431666,0.5965005
0.58322054,0.577636
0.56400543,0.5784861
0.55074424,0.5486461
0.53342354,0.533967
0.5136671,0.5149976
0.4955345,0.50723946
0.47334236,0.48585114
0.46062246,0.46606117
0.4638701,0.49078968
0.4895805,0.5155054
0.52449256,0.53909266
0.57699597,0.55053884
0.5583221,0.57903326
0.48227334,0.49613586
0.39431664,0.3905328
0.32286873,0.32494718
0.28470907,0.2844031
0.27469555,0.26753062
0.27009472,0.27373534
0.27469555,0.2782562
0.30257103,0.3007465
0.3797023,0.37508523
0.5074425,0.50644886
0.556157,0.549603
0.5423545,0.5440902
0.5242219,0.53716487
0.5207037,0.51391995
0.51772666,0.5107988
0.50933695,0.507095
0.50121784,0.5102905
0.49039242,0.49661365
0.49147496,0.4880891
0.5101488,0.5241284
0.5339648,0.5614321
0.56373477,0.5747899
0.5786198,0.57326055
0.5464141,0.5620046
0.47225982,0.477792
0.37943166,0.37723824
0.3098782,0.3068756
0.26359946,0.2700253
0.24573748,0.24222323
0.2376184,0.24196078
0.23870094,0.24835034
0.26035184,0.26588666
0.32882273,0.33320132
0.45439783,0.45664647
0.5139378,0.508706
0.53342354,0.51352394
0.5391069,0.5427865
0.54018945,0.5450325
0.5339648,0.5370568
0.5155616,0.5231986
0.50257105,0.5138246
0.48741543,0.4946244
0.47550744,0.48134843
0.48064953,0.49805978
0.4939107,0.5196294
0.5158322,0.52885485
0.55236804,0.52963555
0.529364,0.54941475
0.4579161,0.4665634
0.36508796,0.36681473
0.2955345,0.29236305
0.2533153,0.25526118
0.23734777,0.23394206
0.22571042,0.23575446
0.22543979,0.2330485
0.2503383,0.24881436
0.32205683,0.3240839
0.44600812,0.4549609
0.4985115,0.50821805
0.50798374,0.50424993
0.5101488,0.51796985
0.5142084,0.5103512
0.5033829,0.5103142
0.48064953,0.48877415
0.4692828,0.47489932
0.45250338,0.4615586
0.44600812,0.4446196
0.44546685,0.4724128
0.4541272,0.47694448
0.4700947,0.48662362
0.5101488,0.48640716
0.49878213,0.51659817
0.44546685,0.45406428
0.37645468,0.37417632
0.3082544,0.3100992
0.26062247,0.2642766
0.24194857,0.23961063
0.23112313,0.23598816
0.22868742,0.23589692
0.23653586,0.2402949
0.26820028,0.26786417
0.31853858,0.32981652
0.3840325,0.3790034
0.4481732,0.43956795
0.4849797,0.48094332
0.49797022,0.4975402
0.49336943,0.48906067
0.47902572,0.48179027
0.46441138,0.4651564
0.4405954,0.45338878
0.4270636,0.43003738
0.42625168,0.45460057
0.4351827,0.46215463
0.4473613,0.46363625
0.48173207,0.45965388
0.4638701,0.48193887
0.4135318,0.41758946
0.34614342,0.3470315
0.28687415,0.2880212
0.24303113,0.24768284
0.2202977,0.22195514
0.20703654,0.21303001
0.20757781,0.2107814
0.2135318,0.21921879
0.2368065,0.24163145
0.28010824,0.29281774
0.3345061,0.34809667
0.39891747,0.39410135
0.43788904,0.44453877
0.44384304,0.45214757
0.4392422,0.43934998
0.42760488,0.43216226
0.41109607,0.41220543
0.3924222,0.39948568
0.39296347,0.38798
0.40838972,0.42818645
0.44709066,0.46110246
0.48254398,0.4924315
0.538295,0.50024605
0.5269283,0.5354954
0.4533153,0.46325484
0.37564275,0.37083504
0.3209743,0.3144707
0.28308526,0.28563115
0.27496618,0.26398173
0.27875507,0.27382863
0.28606224,0.29113933
0.31393775,0.3129981
0.39756426,0.38884082
0.52963465,0.5282202
0.57916105,0.5789008
0.5753721,0.57394385
0.565088,0.57382274
0.5585927,0.5554843
0.54695535,0.5468559
0.5271989,0.53161097
0.51285523,0.5197017
0.49120432,0.5069567
0.47983763,0.48453525
0.48741543,0.5116823
0.51258457,0.5465837
0.541272,0.56028783
0.58836263,0.55871224
0.57104194,0.58512604
0.5020298,0.5095471
0.4135318,0.41463116
0.34641406,0.34601772
0.3090663,0.31046486
0.29526386,0.29342225
0.2901218,0.2935464
0.2976996,0.29983902
0.33125845,0.32319647
0.41380244,0.4084057
0.54018945,0.54389954
0.5864682,0.5785502
0.57780784,0.57235587
0.55669826,0.5729975
0.54343706,0.54178226
0.52665764,0.52850676
0.508525,0.5086509
0.49039242,0.5031095
0.47117728,0.4807221
0.46278754,0.46507746
0.4744249,0.49434277
0.5006766,0.5287725
0.52828145,0.54806995
0.5751015,0.55022824
0.55723953,0.5754739
0.48173207,0.49432945
0.38863328,0.38844442
0.31447902,0.31646666
0.2782138,0.2752667
0.26278755,0.26171756
0.25277403,0.26002106
0.2571042,0.2614923
0.28443843,0.28451276
0.35967523,0.35772872
0.49282816,0.48719344
0.5466847,0.54097724
0.5577808,0.5371314
0.5667118,0.5611894
0.5745602,0.56809735
0.57023007,0.5696014
0.55886334,0.554814
0.5529093,0.5583761
0.54181325,0.54583025
0.53477675,0.53452504
0.53883624,0.56296253
0.5596752,0.58449733
0.5734777,0.597466
0.6073072,0.5782074
0.585115,0.60121655
0.5158322,0.5169176
0.43031123,0.42166147
0.3602165,0.35956132
0.31826794,0.31935117
0.30094722,0.2990057
0.29742897,0.2950395
0.30338296,0.3086809
0.33071718,0.33152726
0.40622464,0.4082145
0.5326116,0.53702086
0.5715832,0.5803516
0.5629229,0.5612414
0.5529093,0.56693995
0.5423545,0.5466615
0.5225981,0.528127
0.5020298,0.5046849
0.48389715,0.4970901
0.46820027,0.47533634
0.461705,0.4675322
0.46278754,0.49086288
0.4879567,0.51074
0.51312584,0.53660214
0.5542625,0.5333383
0.54018945,0.557552
0.46711773,0.4826926
0.37699595,0.37800074
0.3036536,0.306515
0.26062247,0.26241896
0.2443843,0.24117489
0.2316644,0.24230179
0.23220569,0.23760313
0.25304466,0.2554343
0.32395127,0.31945756
0.4503383,0.45002404
0.51258457,0.51042867
0.5223275,0.5167967
0.53125846,0.52768123
0.5339648,0.5357343
0.52665764,0.5280714
0.508525,0.51434636
0.49878213,0.5050509
0.48146144,0.49085274
0.4684709,0.47182444
0.47063598,0.49078616
0.4760487,0.5012332
0.4768606,0.5050101
0.49066305,0.48580506
0.4744249,0.4907568
0.41488498,0.4306554
0.34235454,0.34157872
0.26711774,0.2776744
0.24221921,0.2201601
0.22273342,0.23045826
0.21299052,0.21865742
0.21028417,0.21736374
0.21488498,0.22465922
0.2270636,0.24526934
0.2798376,0.27637172
0.34100136,0.3478847
0.39729363,0.4001219
0.42679295,0.43275428
0.4232747,0.4397827
0.4127199,0.4122196
0.39052776,0.40284637
0.37239513,0.37350792
0.3602165,0.36306584
0.36346415,0.3634749
0.37645468,0.3993183
0.40324762,0.41927978
0.4248985,0.437741
0.45087957,0.43973544
0.4338295,0.44866785
0.38159674,0.39156583
0.31962112,0.3173103
0.258728,0.26549804
0.21705006,0.2192257
0.2,0.19537315
0.1902571,0.19244605
0.18755074,0.19217512
0.19296347,0.19516712
0.21759135,0.21875556
0.26062247,0.27281436
0.3217862,0.32721102
0.40108255,0.37949893
0.45737484,0.44777083
0.4879567,0.4796299
0.49445197,0.49144566
0.4917456,0.4879239
0.47388363,0.47813627
0.4633288,0.4594802
0.46305817,0.45794392
0.4760487,0.49306467
0.49878213,0.5158696
0.50960755,0.5294093
0.52638704,0.5103971
0.50581867,0.51149374
0.43031123,0.4437461
0.34857917,0.34444076
0.27496618,0.28631312
0.23734777,0.23385136
0.22056833,0.2214636
0.21569689,0.22073454
0.22246279,0.2294369
0.25087956,0.253717
0.33504736,0.33077407
0.45548037,0.47495583
0.5133965,0.517899
0.53125846,0.5267917
0.54533154,0.54623955
0.55886334,0.5538937
0.5599459,0.55902064
0.54343706,0.54849625
0.52963465,0.53773797
0.5152909,0.5191066
0.5047361,0.506428
0.51799726,0.52716994
0.5328823,0.56430054
0.5545331,0.56275684
0.57401896,0.5599978
0.5374831,0.5587951
0.47063598,0.47062
0.3848444,0.3798505
0.30879566,0.31438085
0.27523682,0.26609915
0.25656292,0.2576145
0.24411367,0.25195813
0.23924223,0.24999502
0.26359946,0.26026708
0.3369418,0.34226438
0.45656294,0.4709786
0.5036536,0.507682
0.49526387,0.50252134
0.48822734,0.502576
0.48443842,0.4896589
0.4714479,0.47790596
0.45277402,0.45629957
0.4419486,0.45095456
0.42598104,0.4351885
0.4156969,0.42197648
0.42138025,0.44629487
0.43788904,0.45243528
0.45737484,0.45454988
0.49878213,0.487254
0.48687416,0.5069802
0.42949933,0.42609686
0.3404601,0.34606618
0.27117726,0.26370728
0.23058186,0.22722235
0.21461435,0.20844035
0.21596752,0.2081734
0.22165088,0.22384973
0.24979702,0.24467815
0.32341,0.32297355
0.44492558,0.44987562
0.49418133,0.48842672
0.48985115,0.48490086
0.47713125,0.4878613
0.47658998,0.4716051
0.47198918,0.47083265
0.45683357,0.45820493
0.44898513,0.4573867
0.4338295,0.44078502
0.42110962,0.42999122
0.42300406,0.44723073
0.4384303,0.4512391
0.45818675,0.45637247
0.49878213,0.48847762
0.49688768,0.5059105
0.43193504,0.43676367
0.34776726,0.34050137
0.2714479,0.27294886
0.2346414,0.22564499
0.22083898,0.21498266
0.21786198,0.21569714
0.21921515,0.22660482
0.25006765,0.23990712
0.3309878,0.32571197
0.45385656,0.46195135
0.49905276,0.49641618
0.49607578,0.48706988
0.48389715,0.49518016
0.47713125,0.47666553
0.461705,0.46774027
0.44709066,0.44305506
0.43734777,0.4465886
0.4202977,0.42752302
0.40622464,0.41581205
0.41542625,0.4320626
0.43572396,0.44788492
0.45981055,0.45615894
0.5020298,0.49090034
0.4963464,0.5104158
0.43328822,0.43690535
0.347226,0.34384304
0.27577808,0.2723931
0.23870094,0.23197983
0.22138025,0.22055976
0.21732071,0.21655633
0.22002706,0.22281407
0.24682003,0.2387928
0.3217862,0.31853914
0.4405954,0.45060155
0.4925575,0.4937698
0.48849797,0.4894559
0.47929636,0.48698705
0.4752368,0.4730836
0.45953992,0.46631074
0.4427605,0.44215772
0.4338295,0.44091204
0.42381597,0.42331123
0.4189445,0.4213415
0.43464142,0.44651636
0.4608931,0.46231538
0.47415426,0.47514635
0.48443842,0.48883244
0.46630582,0.4856974
0.42002708,0.41550612
0.35155615,0.3469526
0.28552097,0.27688515
0.24303113,0.23406911
0.2202977,0.21778484
0.21244925,0.21075742
0.20757781,0.21222281
0.21569689,0.21365681
0.24600811,0.24432541
0.29445195,0.3101956
0.35913396,0.35577363
0.4265223,0.40955216
0.46495265,0.46105614
0.46955344,0.47878918
0.45656294,0.45935816
0.43897158,0.44236162
0.41244927,0.42771348
0.3962111,0.3947502
0.3932341,0.39957622
0.39945874,0.43081826
0.41759133,0.42844933
0.42787552,0.42915335
0.4562923,0.43997696
0.44303113,0.46277887
0.3916103,0.39637122
0.32828146,0.32558742
0.27550745,0.26660198
0.22895806,0.23472014
0.20162381,0.20136139
0.1924222,0.18752015
0.18998647,0.19249736
0.19810554,0.19207993
0.22002706,0.22382511
0.25548038,0.27131912
0.31366712,0.316526
0.37185386,0.37150022
0.40135318,0.41421917
0.40405953,0.40952817
0.39729363,0.40023658
0.38186738,0.3874685
0.3610284,0.36937672
0.34560215,0.34716004
0.34018946,0.3478105
0.35426253,0.37477633
0.38376185,0.38811803
0.40649527,0.4070561
0.44763193,0.43316618
0.44925576,0.45075956
0.38782138,0.3892247
0.30852503,0.30628902
0.23545332,0.24187228
0.21217862,0.18898486
0.1953992,0.19700745
0.19431664,0.19585079
0.20135318,0.20262687
0.22598106,0.23012102
0.30960757,0.30006957
0.4338295,0.4414259
0.47631934,0.48689082
0.4638701,0.47316656
0.45845738,0.46277916
0.4600812,0.4592056
0.455751,0.4585642
0.4473613,0.4464326
0.44573748,0.44936734
0.43734777,0.44000286
0.42895806,0.43544182
0.44167796,0.45195326
0.47117728,0.47079596
0.47983763,0.4909156
0.5006766,0.49558008
0.4803789,0.49638036
0.4051421,0.41154215
0.31339648,0.3115865
0.24492557,0.23659836
0.20514208,0.20456055
0.1834912,0.18448909
0.17834912,0.17689583
0.18213803,0.1842182
0.20811908,0.20554724
0.28200272,0.27818877
0.40730718,0.41113323
0.46224627,0.4603304
0.47631934,0.45990372
0.4811908,0.48570463
0.48308524,0.486304
0.47577807,0.48076186
0.46305817,0.46345338
0.45602164,0.46626005
0.43870094,0.44591704
0.43491206,0.430608
0.4481732,0.46036133
0.4728011,0.47166547
0.48416778,0.48514107
0.4976996,0.5016829
0.47577807,0.49473432
0.4075778,0.40846446
0.3209743,0.31866154
0.25196213,0.24585047
0.21028417,0.20734578
0.18917456,0.1864061
0.1826793,0.18351525
0.1924222,0.18993884
0.21732071,0.21836954
0.30040595,0.29154408
0.42787552,0.436702
0.47496617,0.47940132
0.4728011,0.46892992
0.47631934,0.4747463
0.47577807,0.48006827
0.47063598,0.4681854
0.4592693,0.45791286
0.45439783,0.46200442
0.43815967,0.4461688
0.4270636,0.4315034
0.42949933,0.45140788
0.44682002,0.45374924
0.45656294,0.46137106
0.49336943,0.47942856
0.4963464,0.50063
0.43355885,0.438715
0.3466847,0.34134495
0.27659,0.27181017
0.2346414,0.2325544
0.21542625,0.213147
0.2135318,0.20778488
0.21867388,0.22433099
0.24600811,0.24267492
0.3277402,0.32303596
0.44682002,0.462174
0.48903924,0.48948905
0.4803789,0.47750744
0.47253045,0.4790953
0.46224627,0.46937817
0.45223275,0.44917664
0.4384303,0.4389442
0.43139377,0.4381188
0.4165088,0.42160842
0.40866035,0.41144794
0.4121786,0.4306926
0.4257104,0.43520153
0.4392422,0.44180694
0.47388363,0.468959
0.47983763,0.48743966
0.41705006,0.4201695
0.33044654,0.32100683
0.25439784,0.25141135
0.20866035,0.20702255
0.18592693,0.1815899
0.17753722,0.17901064
0.17483085,0.17639244
0.20405954,0.19157636
0.27767253,0.270756
0.3948579,0.40619728
0.45466846,0.45785972
0.45602164,0.46094105
0.4481732,0.45831433
0.4443843,0.4463264
0.43355885,0.43880796
0.4232747,0.4247353
0.41461435,0.4268506
0.3983762,0.40427068
0.3872801,0.39578375
0.38836265,0.4026305
0.39945874,0.39724675
0.40730718,0.40630275
0.42598104,0.43306214
0.42138025,0.44133675
0.36968878,0.3770148
0.2933694,0.29600996
0.22516915,0.21984637
0.18024357,0.17342253
0.15480378,0.15338969
0.14560217,0.14332956
0.14614344,0.1471062
0.15751015,0.15395166
0.19052774,0.18230599
0.23924223,0.25029904
0.30284166,0.30528432
0.35778078,0.35691977
0.3840325,0.38689336
0.3797023,0.39206076
0.36481732,0.36626887
0.35128552,0.35194302
0.33152908,0.3398129
0.31826794,0.31441033
0.31637347,0.3199474
0.32341,0.3424215
0.33315292,0.34259427
0.34018946,0.3419212
0.37401894,0.36544666
0.38349122,0.39710948
0.3301759,0.34274554
0.2638701,0.2620165
0.20595399,0.20224774
0.16319351,0.16115275
0.13964817,0.13569286
0.13071719,0.12412009
0.13207036,0.13007677
0.13450609,0.13665606
0.15913397,0.15443373
0.19675237,0.20492834
0.26224628,0.2598316
0.34316644,0.32201505
0.4046008,0.38973245
0.43058187,0.42372105
0.43788904,0.42988336
0.43464142,0.42877898
0.41705006,0.41800255
0.40135318,0.39624247
0.39350474,0.39532268
0.39945874,0.41818568
0.40622464,0.4166582
0.41515562,0.41469657
0.44465494,0.4353781
0.4427605,0.44601548
0.3737483,0.38112777
0.29201624,0.2884556
0.22300406,0.22423248
0.18511502,0.17738807
0.16238159,0.16340046
0.1564276,0.16127849
0.15399188,0.16438827
0.17943166,0.18153416
0.2608931,0.2579833
0.37050068,0.40146214
0.43058187,0.43826756
0.43951285,0.4505281
0.43355885,0.4531272
0.4443843,0.43841508
0.44221923,0.4508097
0.4324763,0.43568537
0.42895806,0.4356122
0.41677943,0.42498887
0.40784845,0.41604927
0.408931,0.4219744
0.4189445,0.422354
0.42679295,0.42780194
0.4608931,0.45582175
0.4625169,0.47472432
0.3840325,0.40594128
0.2947226,0.2915182
0.21732071,0.22001997
0.17239513,0.17063677
0.14776725,0.14541644
0.138295,0.13968937
0.1428958,0.14082947
0.16454668,0.16895998
0.23545332,0.22800907
0.34749663,0.35653022
0.41380244,0.40987247
0.4392422,0.42891696
0.45953992,0.45452797
0.47767252,0.47345617
0.47821382,0.48172775
0.47469553,0.46749097
0.4752368,0.47748122
0.46305817,0.46333268
0.4625169,0.4533681
0.473613,0.48277867
0.48849797,0.48689502
0.4879567,0.49357924
0.49066305,0.5008439
0.461705,0.4855833
0.39052776,0.39033553
0.3044655,0.30353582
0.2397835,0.2314373
0.2,0.19593288
0.18078485,0.17795813
0.17483085,0.17473087
0.18132612,0.18364373
0.2037889,0.2074945
0.27929634,0.28049937
0.39864683,0.41254887
0.461705,0.45963764
0.47577807,0.47168437
0.47253045,0.48709825
0.47658998,0.47221038
0.473613,0.47184458
0.45872802,0.45962027
0.4533153,0.4551411
0.43626523,0.44480434
0.42760488,0.42523196
0.4324763,0.45529795
0.44925576,0.45905766
0.46414074,0.46259177
0.49715832,0.48595878
0.51231396,0.5020126
0.44492558,0.4595017
0.35832205,0.35043067
0.28443843,0.2851891
0.24492557,0.23873483
0.22598106,0.22472388
0.22273342,0.21753655
0.23139377,0.23387317
0.2600812,0.2553013
0.32584575,0.33859375
0.4419486,0.4498145
0.4917456,0.48908928
0.49147496,0.48656404
0.48849797,0.4940802
0.485521,0.48629344
0.46982408,0.47656792
0.44492558,0.4492247
0.4376184,0.43715003
0.41975644,0.43021566
0.408931,0.41407517
0.40784845,0.43851486
0.42516914,0.43896937
0.43978348,0.44656888
0.47496617,0.47155342
0.4976996,0.48781052
0.43870094,0.45066938
0.34695536,0.34574836
0.27604872,0.27103126
0.23274696,0.23249727
0.21001354,0.21167634
0.20514208,0.20272991
0.21163735,0.21138135
0.2316644,0.23207197
0.30311233,0.29929844
0.39891747,0.42681083
0.44682002,0.4513973
0.4571042,0.45253482
0.4592693,0.46594924
0.45656294,0.45856822
0.4451962,0.4493076
0.42381597,0.43088892
0.40838972,0.41899186
0.39296347,0.39662638
0.394046,0.38897324
0.394046,0.42469075
0.40568337,0.4152931
0.4113667,0.4190404
0.4270636,0.4370027
0.44221923,0.44206417
0.39188093,0.407514
0.317456,0.31708723
0.24627875,0.24573398
0.202977,0.19571257
0.17861976,0.17823216
0.17699593,0.16902585
0.17699593,0.18172166
0.18592693,0.18589851
0.21299052,0.21206105
0.25981057,0.26896295
0.32990527,0.323026
0.3856563,0.3858678
0.40433016,0.41708994
0.40324762,0.40790305
0.3894452,0.39370385
0.36887687,0.3749112
0.34857917,0.35602495
0.3369418,0.33381456
0.33125845,0.34217113
0.33721244,0.36362064
0.35020298,0.36470336
0.35805142,0.36413923
0.38240865,0.3812399
0.4037889,0.40114844
0.35778078,0.3697728
0.29228687,0.29032183
0.2308525,0.23196012
0.18619756,0.18725419
0.16265224,0.16144246
0.15805142,0.1504511
0.15723951,0.16228566
0.16860622,0.16316158
0.19837618,0.19427194
0.23437077,0.24894889
0.28985116,0.29445645
0.3488498,0.34227395
0.37753722,0.38741872
0.3721245,0.3818675
0.36129904,0.36431444
0.3369418,0.35030943
0.30202976,0.3212326
0.27550745,0.2825634
0.26792964,0.27331918
0.27604872,0.29896224
0.27550745,0.30924356
0.29282814,0.29155996
0.33504736,0.33833593
0.36833557,0.37492433
0.31718537,0.32923487
0.2503383,0.24603136
0.19783491,0.19177127
0.16400541,0.16149357
0.14857917,0.14625464
0.14830853,0.14930578
0.15372124,0.15642643
0.17834912,0.18170139
0.2405954,0.24945214
0.33558863,0.3584348
0.40784845,0.39404175
0.4300406,0.42505357
0.44113666,0.43768343
0.45358592,0.44315854
0.46116373,0.4545333
0.46792963,0.45058212
0.4633288,0.46933043
0.455751,0.45014265
0.4495264,0.45272678
0.44600812,0.46507868
0.4189445,0.4563124
0.42787552,0.415366
0.45358592,0.46262985
0.46062246,0.4636952
0.39106902,0.40571186
0.29878214,0.29695627
0.22652233,0.22261642
0.18619756,0.18178825
0.16238159,0.16126758
0.15480378,0.15328689
0.15480378,0.15837277
0.18376184,0.17750832
0.2384303,0.25309542
0.3277402,0.3580231
0.40324762,0.38735723
0.4240866,0.42773902
0.42760488,0.4382542
0.43464142,0.43373963
0.43112314,0.4359551
0.42598104,0.42527053
0.42543977,0.43106318
0.41407308,0.414945
0.40433016,0.4077867
0.405954,0.41690373
0.42219216,0.41655347
0.4343708,0.4316876
0.45223275,0.46107513
0.43788904,0.45785114
0.36589986,0.37506363
0.28606224,0.2802971
0.21299052,0.21440512
0.1729364,0.16629009
0.15317997,0.1473077
0.14614344,0.14435017
0.15317997,0.15096363
0.17428958,0.17555659
0.23815967,0.2460379
0.33477673,0.35953712
0.41244927,0.3942668
0.44086602,0.4325548
0.4414073,0.4501296
0.44546685,0.442737
0.4495264,0.44225553
0.4451962,0.4422953
0.4465494,0.44833985
0.42868742,0.43606886
0.42219216,0.4175302
0.43572396,0.4410561
0.45277402,0.45774493
0.4633288,0.46293846
0.47171855,0.4822999
0.46143436,0.47017682
0.38863328,0.40063602
0.30392423,0.2981696
0.2346414,0.23139483
0.194046,0.1901842
0.17645466,0.16995397
0.17320703,0.16976637
0.1797023,0.18101886
0.20622464,0.20308933
0.27388364,0.28164032
0.3686062,0.402208
0.4343708,0.42155415
0.45683357,0.4478931
0.4592693,0.46619716
0.461705,0.4613401
0.45304465,0.45831525
0.43653587,0.43861115
0.42273343,0.43504205
0.40487143,0.40817872
0.39296347,0.3982061
0.39052776,0.41366604
0.40838972,0.41059908
0.4097429,0.42352977
0.43328822,0.43531466
0.4541272,0.45144388
0.39269283,0.40853122
0.30554804,0.30282015
0.2405954,0.23236257
0.19783491,0.19877324
0.17347768,0.17432511
0.16562922,0.1659707
0.16887686,0.16918017
0.19783491,0.19047558
0.25953993,0.27001703
0.34641406,0.37868056
0.40405953,0.40425017
0.4232747,0.42180178
0.42733425,0.43529382
0.43139377,0.42716628
0.41840324,0.428531
0.40162382,0.4035964
0.39539918,0.3991725
0.37618405,0.38500908
0.36427605,0.368581
0.3602165,0.38052213
0.3585927,0.37320298
0.3631935,0.36481804
0.3864682,0.3931963
0.4097429,0.41168204
0.35778078,0.37834433
0.2849797,0.28293306
0.21921515,0.21421632
0.1729364,0.16934316
0.14830853,0.14545381
0.141272,0.1364781
0.14046007,0.14363082
0.14695534,0.14783981
0.1759134,0.16969362
0.22056833,0.23078972
0.2866035,0.2857228
0.34912044,0.34565672
0.3902571,0.3853359
0.40838972,0.40357718
0.4156969,0.4036778
0.4135318,0.4081929
0.40054128,0.4051682
0.38998646,0.38442257
0.3840325,0.38926896
0.38755074,0.41352546
0.397023,0.40836632
0.39783493,0.40450066
0.39945874,0.41041243
0.39431664,0.40633032
0.34506088,0.35382783
0.27794316,0.2815805
0.21867388,0.21833828
0.17726658,0.17606238
0.15317997,0.1526312
0.14370771,0.14016025
0.13856563,0.14629358
0.14722598,0.14320445
0.16941813,0.17235716
0.20135318,0.21638632
0.2608931,0.26212007
0.32801083,0.32542557
0.37401894,0.37560284
0.39269283,0.39264697
0.39052776,0.3962297
0.38511503,0.38053098
0.36806494,0.37458634
0.35290933,0.35136357
0.3496617,0.3490795
0.3691475,0.38158822
0.3924222,0.40132722
0.39864683,0.40745232
0.41082543,0.41744128
0.4232747,0.41369066
0.35588634,0.37244347
0.27117726,0.27508232
0.20974289,0.20583956
0.17158322,0.16896388
0.15588634,0.15228347
0.15155616,0.15724507
0.15994588,0.16116254
0.18511502,0.19098352
0.26116374,0.26350343
0.37077132,0.39397255
0.4265223,0.4349677
0.43653587,0.44103253
0.43707713,0.44853142
0.44627875,0.44260967
0.43951285,0.45129582
0.4338295,0.42763555
0.4338295,0.43760678
0.41705006,0.42762265
0.40947226,0.41011617
0.4189445,0.43247774
0.43545333,0.44519135
0.44790256,0.44814798
0.45818675,0.47033337
0.45602164,0.45632973
0.38294992,0.400614
0.29309878,0.29088718
0.22489852,0.22008017
0.18024357,0.18396147
0.16292287,0.15623252
0.15669824,0.15783478
0.15507442,0.16407585
0.17239513,0.17895573
0.2443843,0.24364567
0.35155615,0.3737437
0.4165088,0.41089126
0.4300406,0.42912194
0.43220568,0.44270697
0.42895806,0.43533373
0.42083898,0.4258221
0.408931,0.4105943
0.40568337,0.4113184
0.38863328,0.39785126
0.37861976,0.3823126
0.38078484,0.4009578
0.3962111,0.40313822
0.41407308,0.40924078
0.4419486,0.44411305
0.45087957,0.45174837
0.3788904,0.39851952
0.28470907,0.29055178
0.20974289,0.21187636
0.16589986,0.16456138
0.14560217,0.14205015
0.13721246,0.13764371
0.13721246,0.14499187
0.16400541,0.15932292
0.2368065,0.24364597
0.34912044,0.36440426
0.4270636,0.40854785
0.44979703,0.4400164
0.45764548,0.4557258
0.4684709,0.46136126
0.46522328,0.46720836
0.45602164,0.44943163
0.45277402,0.4575688
0.44032475,0.44159022
0.4392422,0.43224695
0.45087957,0.46626288
0.47090665,0.47683647
0.47929636,0.48359987
0.4887686,0.49590042
0.47794315,0.4841673
0.40487143,0.41490194
0.31637347,0.3112248
0.24330176,0.24231327
0.20162381,0.19725196
0.18078485,0.18014997
0.17212449,0.17682111
0.17510149,0.17716008
0.19864681,0.19781037
0.27009472,0.2719956
0.38024357,0.41229194
0.4481732,0.4455105
0.4608931,0.4592329
0.46576455,0.47837192
0.4700947,0.47624817
0.46630582,0.47130272
0.45142084,0.4558611
0.4427605,0.4544955
0.42300406,0.438863
0.41190797,0.42102534
0.4156969,0.43500337
0.41542625,0.44085884
0.4143437,0.42473295
0.43031123,0.4245005
0.4473613,0.46560603
0.38592693,0.4008014
0.29986468,0.2989883
0.22381596,0.22156942
0.17320703,0.18194003
0.15453315,0.14808276
0.14451963,0.15488525
0.14533153,0.14804615
0.16833559,0.16883022
0.23626523,0.23310383
0.33423546,0.36880118
0.3813261,0.40286183
0.39458728,0.3963828
0.40216509,0.41798094
0.41082543,0.4119012
0.40866035,0.41676787
0.39756426,0.40454227
0.38863328,0.40163165
0.37104195,0.3865796
0.3610284,0.36708277
0.35399187,0.38053063
0.3564276,0.36488053
0.35209742,0.36286443
0.35913396,0.3609303
0.39052776,0.40151012
0.35615698,0.36575216
0.2866035,0.2889692
0.21542625,0.21142986
0.17077132,0.1681914
0.1428958,0.14527002
0.132341,0.13402215
0.13207036,0.13269472
0.14018944,0.14222029
0.16319351,0.16486791
0.21163735,0.22742856
0.28092015,0.2825462
0.3336942,0.33938926
0.3518268,0.3723163
0.35399187,0.3620398
0.34695536,0.35310206
0.33477673,0.34162885
0.3201624,0.3280414
0.30933693,0.3179772
0.30960757,0.31569272
0.3179973,0.33697888
0.33504736,0.34644452
0.33883625,0.34785432
0.3534506,0.35059243
0.36725304,0.39207947
0.3188092,0.3319379
0.25006765,0.25233352
0.18971583,0.18558593
0.14614344,0.15021247
0.11826793,0.123499006
0.11150203,0.110703304
0.11150203,0.11652869
0.11637348,0.12402435
0.135318,0.13146102
0.16400541,0.19437115
0.22381596,0.23307538
0.29418132,0.28661078
0.3391069,0.34740835
0.35805142,0.3609222
0.36265224,0.36761045
0.3602165,0.36282554
0.3504736,0.3574047
0.3437077,0.34966737
0.34235454,0.3494101
0.3594046,0.37102938
0.38538566,0.3931749
0.39215156,0.40117753
0.39350474,0.3961308
0.39864683,0.41465324
0.335318,0.3467878
0.2571042,0.25817508
0.1932341,0.1878202
0.15399188,0.15595931
0.13775373,0.13403007
0.1361299,0.13862392
0.14100136,0.14640756
0.16779432,0.1718995
0.2397835,0.23735
0.3518268,0.37722236
0.41759133,0.425834
0.43301758,0.43755352
0.44248986,0.4542618
0.44330177,0.45693076
0.44248986,0.4464141
0.42949933,0.43444064
0.42273343,0.43207335
0.4051421,0.41968688
0.3924222,0.4006512
0.3962111,0.4130482
0.4051421,0.4276486
0.40811908,0.41895452
0.4181326,0.41746193
0.4419486,0.44550362
0.3813261,0.40132385
0.28985116,0.29302108
0.21569689,0.21171525
0.17564276,0.17507687
0.15101488,0.15845041
0.14479026,0.14902854
0.15074424,0.15583298
0.17212449,0.18008862
0.24167794,0.2453935
0.34695536,0.3795434
0.39648172,0.4084157
0.40866035,0.40397313
0.4127199,0.4285621
0.4143437,0.42049134
0.4189445,0.41832224
0.40784845,0.41581383
0.40351826,0.41168872
0.40027064,0.4034364
0.39133966,0.40234935
0.39431664,0.41243836
0.40135318,0.4207374
0.40405953,0.414264
0.41786197,0.41813824
0.44627875,0.44561222
0.3907984,0.39983115
0.29499322,0.29822016
0.21677943,0.21058017
0.17537212,0.17345789
0.15480378,0.15390709
0.14695534,0.15136214
0.15507442,0.15452453
0.18186739,0.18142952
0.24979702,0.25290298
0.35534507,0.38766912
0.40162382,0.41321692
0.40730718,0.40646738
0.40135318,0.42412487
0.4008119,0.40493888
0.39594045,0.40421656
0.38890392,0.38957274
0.39269283,0.39653987
0.38700947,0.3962699
0.38267928,0.38932127
0.38078484,0.40402523
0.38782138,0.40321437
0.39133966,0.40116873
0.40189445,0.4086442
0.43626523,0.43902084
0.3797023,0.39215508
0.28687415,0.2864853
0.21028417,0.20465298
0.16617051,0.16787383
0.1466847,0.14349425
0.138295,0.14400005
0.14154263,0.145438
0.16968876,0.16551194
0.2384303,0.2391042
0.34912044,0.37482288
0.39512855,0.40929142
0.40189445,0.39842445
0.405954,0.41817677
0.40811908,0.4147448
0.40947226,0.41176134
0.40243572,0.40628192
0.40189445,0.41009948
0.39215156,0.40207186
0.38457376,0.3908721
0.38240865,0.40229344
0.37997293,0.400502
0.38159674,0.38787642
0.39864683,0.39948812
0.43112314,0.4427434
0.37050068,0.38769507
0.29228687,0.27976447
0.21867388,0.21504217
0.16968876,0.17620984
0.14343707,0.14405341
0.12746955,0.14056104
0.12692828,0.12800701
0.14614344,0.1495902
0.20081191,0.20512988
0.31177267,0.31847343
0.38592693,0.38842034
0.40541273,0.4084531
0.41867387,0.42591077
0.4248985,0.43293166
0.41867387,0.42897403
0.41190797,0.41216525
0.40784845,0.41767678
0.3983762,0.4054037
0.39269283,0.39361975
0.39648172,0.41132846
0.402977,0.41192332
0.40189445,0.40943038
0.40487143,0.399314
0.40487143,0.4320083
0.35209742,0.36458352
0.27659,0.2804696
0.20433018,0.20031135
0.15317997,0.15519647
0.12530446,0.12495298
0.11096076,0.11454135
0.10500677,0.1145886
0.110690124,0.11416455
0.13856563,0.1374763
0.18809202,0.20496248
0.26603517,0.26525906
0.33558863,0.33372748
0.37483084,0.38436934
0.3856563,0.3970689
0.37699595,0.3883478
0.3585927,0.37076712
0.34235454,0.34946984
0.32395127,0.33950788
0.32070366,0.32735792
0.32286873,0.3441307
0.33396482,0.34063056
0.33315292,0.33833492
0.34397835,0.33752918
0.3721245,0.393006
0.3309878,0.3548345
0.25953993,0.2685334
0.18809202,0.19784942
0.13694182,0.14360869
0.10554804,0.10769827
0.08822733,0.0954445
0.080108255,0.09203437
0.08281461,0.08682277
0.09418133,0.0914075
0.1255751,0.13972472
0.19729364,0.19708209
0.26738837,0.27167886
0.29959404,0.31948873
0.30338296,0.31617442
0.2976996,0.3112116
0.28552097,0.29300654
0.2714479,0.27597284
0.26495263,0.2724003
0.26928282,0.2704317
0.28362653,0.29730564
0.30473614,0.31248206
0.3188092,0.31930304
0.335318,0.33155775
0.3737483,0.38499036
0.32232746,0.3432315
0.2368065,0.24854709
0.16427605,0.17028154
0.121515565,0.12348263
0.102841675,0.09888664
0.096346416,0.10168569
0.096346416,0.104646385
0.12070365,0.12505682
0.18376184,0.1801652
0.29878214,0.3083113
0.37428957,0.37996984
0.4,0.40284154
0.4216509,0.4188941
0.43707713,0.43950132
0.44303113,0.4503691
0.44303113,0.44243392
0.44844383,0.45124462
0.4427605,0.45208395
0.4392422,0.43873805
0.4376184,0.45321816
0.4338295,0.45036143
0.43220568,0.43488207
0.43653587,0.4343319
0.45602164,0.47407758
0.38998646,0.41681585
0.28876862,0.29126683
0.20595399,0.20630054
0.14830853,0.15881741
0.123139374,0.123428814
0.10960758,0.11910478
0.105818674,0.11964328
0.13125846,0.13479754
0.19485791,0.20490173
0.3036536,0.3278514
0.37050068,0.38403258
0.38511503,0.394345
0.3962111,0.40902272
0.4067659,0.4138637
0.4097429,0.41543
0.405954,0.40751627
0.40649527,0.41438845
0.3924222,0.407611
0.38376185,0.38534972
0.38700947,0.40160412
0.39566982,0.40601796
0.39810556,0.40661696
0.40270635,0.41109183
0.4270636,0.42968717
0.36671177,0.38155875
0.27009472,0.27636874
0.19566983,0.18804018
0.15047361,0.15358011
0.12530446,0.12923124
0.11231394,0.12026034
0.112584576,0.12275578
0.13802436,0.13837025
0.2037889,0.21314275
0.31610283,0.33801556
0.38294992,0.38762578
0.39539918,0.39959267
0.4046008,0.41474062
0.41407308,0.41689274
0.4156969,0.42056176
0.40351826,0.41032127
0.40784845,0.40775418
0.39972937,0.40857258
0.394046,0.39766088
0.40054128,0.41287377
0.405954,0.4194616
0.4051421,0.41338608
0.40866035,0.4158711
0.43193504,0.44142553
0.3813261,0.38614658
0.28552097,0.29031676
0.20730717,0.20126474
0.15994588,0.16225938
0.13504736,0.13471545
0.12286874,0.12935407
0.12476319,0.13139404
0.14857917,0.14899212
0.21299052,0.21868682
0.32070366,0.3429969
0.39215156,0.39325443
0.41244927,0.4113605
0.42598104,0.4343501
0.44113666,0.4418795
0.4443843,0.45069054
0.44221923,0.4414272
0.44790256,0.45254463
0.43707713,0.4505447
0.43112314,0.4333047
0.42814615,0.44671348
0.4270636,0.435388
0.42543977,0.42916396
0.43193504,0.42889705
0.45277402,0.47086462
0.39106902,0.4124721
0.29634643,0.30225
0.21569689,0.21617079
0.16779432,0.1690223
0.1428958,0.13873547
0.1315291,0.13861476
0.12963465,0.13288619
0.15074424,0.15131825
0.21217862,0.20766367
0.32043302,0.3280499
0.39566982,0.40626812
0.4232747,0.4278417
0.44871446,0.45299497
0.46549392,0.4726164
0.46197563,0.47716504
0.45087957,0.4595309
0.44492558,0.45570284
0.42516914,0.44223192
0.4181326,0.41117686
0.4189445,0.43049052
0.41705006,0.42256358
0.41488498,0.415787
0.4156969,0.41024238
0.42083898,0.44627583
0.37239513,0.3850448
0.2955345,0.30189845
0.22192152,0.22004434
0.16860622,0.17112803
0.13883626,0.13595846
0.12124492,0.12659065
0.11691475,0.12250791
0.12124492,0.12578043
0.14316644,0.14435548
0.1924222,0.20336244
0.26657647,0.2706555
0.33640054,0.33546382
0.37564275,0.38636023
0.3916103,0.39804697
0.39052776,0.39423847
0.3737483,0.38727543
0.35669824,0.36398995
0.34506088,0.3521582
0.33721244,0.34769997
0.34506088,0.35711047
0.35317996,0.36608344
0.34912044,0.35753572
0.3428958,0.3540865
0.36048713,0.37756523
0.32638702,0.33191368
0.25629228,0.2637502
0.18890393,0.19064108
0.14073072,0.14636771
0.11447903,0.115863934
0.09932341,0.106268466
0.09120433,0.103251636
0.090933695,0.10079643
0.10365359,0.10273196
0.13748309,0.15458778
0.20162381,0.20956144
0.26657647,0.27134573
0.30419487,0.31788403
0.31637347,0.32268375
0.31935048,0.32521433
0.31447902,0.31914306
0.30419487,0.30908194
0.30067658,0.30295345
0.30392423,0.30603668
0.32530448,0.33142197
0.35588634,0.3572979
0.36833557,0.37216982
0.3677943,0.37832618
0.3805142,0.39999667
0.32611638,0.3337064
0.23897158,0.24799255
0.16481732,0.16795573
0.12286874,0.12409565
0.10257104,0.10185969
0.09607578,0.10250984
0.09607578,0.10567011
0.119079836,0.12638217
0.18322057,0.18387116
0.29797024,0.3134942
0.37618405,0.38007197
0.40027064,0.40678635
0.41542625,0.4218355
0.42760488,0.43238625
0.4343708,0.4377133
0.42949933,0.43145415
0.4257104,0.4365811
0.41488498,0.42289934
0.4067659,0.40691462
0.41461435,0.42249247
0.4284168,0.4405848
0.42516914,0.43927872
0.42381597,0.4251241
0.4240866,0.44480082
0.35778078,0.3713862
0.26224628,0.26978254
0.1843031,0.18297929
0.14018944,0.1409456
0.1150203,0.12303765
0.105818674,0.112432614
0.10690122,0.11806584
0.13125846,0.13750848
0.1932341,0.20786797
0.3098782,0.3263412
0.3848444,0.38760108
0.394046,0.40601388
0.40622464,0.41270605
0.41677943,0.42321637
0.4156969,0.42562163
0.41163734,0.41122875
0.40947226,0.41854522
0.40189445,0.40897146
0.39810556,0.3996195
0.39945874,0.4152455
0.39864683,0.4139876
0.39972937,0.40162042
0.40108255,0.40823838
0.42273343,0.4363126
0.36427605,0.38243723
0.26901218,0.27579126
0.1932341,0.18856634
0.1450609,0.15080921
0.11556157,0.123706356
0.09797023,0.11056724
0.10067659,0.10795773
0.12341002,0.1289623
0.18403247,0.19585261
0.30067658,0.31108987
0.3686062,0.37978292
0.38267928,0.38857615
0.40270635,0.40238896
0.41840324,0.42244694
0.41786197,0.4266955
0.4232747,0.41399807
0.42679295,0.43735364
0.4248985,0.42574018
0.41461435,0.42318818
0.4097429,0.42583838
0.40811908,0.41871288
0.40405953,0.41095027
0.40351826,0.41234556
0.4257104,0.43963656
0.36806494,0.38023508
0.27090663,0.27688298
0.18998647,0.188633
0.14262517,0.14499564
0.11935047,0.119996235
0.10690122,0.11594201
0.10446549,0.11668311
0.129364,0.12983459
0.19269283,0.20038918
0.3082544,0.32221305
0.38538566,0.38843614
0.4105548,0.40755635
0.42733425,0.432391
0.44113666,0.44415343
0.4473613,0.44707265
0.4405954,0.44399884
0.43978348,0.44658193
0.42625168,0.4346675
0.41759133,0.41600153
0.4202977,0.4314728
0.4308525,0.4377304
0.43572396,0.44146603
0.4324763,0.43815854
0.43870094,0.45594808
0.37943166,0.38649434
0.28362653,0.28964952
0.20649527,0.19994229
0.15534507,0.16314226
0.13288227,0.12877953
0.12016238,0.12972708
0.121515565,0.12421845
0.14154263,0.14689748
0.20216508,0.20660591
0.31231394,0.32997966
0.39296347,0.39366966
0.42083898,0.42151543
0.43707713,0.4457827
0.4443843,0.45328468
0.44492558,0.4475476
0.43545333,0.43922052
0.43031123,0.4376498
0.41705006,0.42686465
0.40622464,0.4106768
0.40487143,0.42418233
0.408931,0.41785127
0.4051421,0.41329202
0.3983762,0.39844754
0.40622464,0.42184198
0.35913396,0.37107295
0.28958052,0.28856015
0.21569689,0.2141149
0.16319351,0.16778132
0.135318,0.13440444
0.1217862,0.12616254
0.12016238,0.12499194
0.1255751,0.13155216
0.14993234,0.15397434
0.19566983,0.21719067
0.27009472,0.27124274
0.33721244,0.33708414
0.37050068,0.38552412
0.37997293,0.38949448
0.37050068,0.38292584
0.3556157,0.36429837
0.34424898,0.34792846
0.33585927,0.34317142
0.33207035,0.34300634
0.34479025,0.35656908
0.35994586,0.370531
0.3645467,0.36862725
0.3653586,0.36962286
0.3797023,0.39702037
0.34181327,0.34586686
0.2714479,0.2740638
0.20811908,0.20308992
0.15399188,0.16631205
0.129364,0.1259223
0.11339648,0.121372774
0.11041949,0.11623252
0.11691475,0.12020315
0.13071719,0.13396624
0.16644114,0.18823776
0.2308525,0.24056017
0.29201624,0.2983224
0.33558863,0.34321004
0.34262517,0.35875216
0.34073073,0.34844917
0.33207035,0.34082103
0.317456,0.32692456
0.30798376,0.3155632
0.30933693,0.31313607
0.32232746,0.33775526
0.33937752,0.3523453
0.34776726,0.35202864
0.33991882,0.35973486
0.35967523,0.3826857
0.32990527,0.32546836
0.26332882,0.26241666
0.19891746,0.19728766
0.14830853,0.16150837
0.123139374,0.122720204
0.10987821,0.12079042
0.10906631,0.11622707
0.11962111,0.13755605
0.13288227,0.1743439
0.17131259,0.22202967
0.2346414,0.24753746
0.3104195,0.29510158
0.35020298,0.36846745
0.37185386,0.38144967
0.38294992,0.39466134
0.37564275,0.38903657
0.35778078,0.38090032
0.34533152,0.35488677
0.34614342,0.3461015
0.36589986,0.36469215
0.38592693,0.3926408
0.40027064,0.39576566
0.4097429,0.40969282
0.4143437,0.442491
0.3458728,0.3702035
0.26441136,0.25997895
0.1886333,0.18970218
0.14397834,0.13983986
0.12124492,0.119000964
0.11285521,0.115203485
0.11989175,0.119045146
0.14560217,0.14741226
0.20866035,0.21137802
0.32882273,0.33269113
0.405954,0.40811786
0.42219216,0.43176353
0.44248986,0.442548
0.45060894,0.4609993
0.45439783,0.45695797
0.4473613,0.45011964
0.4465494,0.451733
0.4368065,0.44400987
0.4316644,0.42920306
0.43978348,0.44996366
0.45304465,0.46156064
0.44898513,0.4620823
0.4427605,0.44725534
0.4265223,0.45808282
0.35778078,0.36810845
0.2790257,0.27302837
0.21136671,0.20441985
0.16752368,0.17174132
0.14397834,0.14717346
0.13477673,0.13972592
0.13721246,0.14550436
0.16102841,0.16324046
0.22949933,0.23430365
0.33640054,0.36842215
0.40866035,0.40712193
0.4270636,0.42598072
0.4405954,0.44558987
0.45223275,0.45443103
0.455751,0.45589417
0.44844383,0.44965965
0.44627875,0.4547148
0.4316644,0.44341984
0.42002708,0.42696807
0.42435724,0.44032344
0.43355885,0.44951177
0.43301758,0.44463816
0.43058187,0.43554625
0.44925576,0.45069522
0.39972937,0.4023147
0.30338296,0.31081527
0.21948579,0.21940282
0.17104195,0.17457364
0.14479026,0.14668871
0.1331529,0.13924363
0.13640054,0.14112002
0.16265224,0.1617049
0.22652233,0.23702201
0.34154263,0.36416915
0.4037889,0.41298088
0.4143437,0.41747966
0.4165088,0.43342713
0.42435724,0.4251282
0.42462787,0.42928126
0.41299054,0.418749
0.40703654,0.41723844
0.39945874,0.4042794
0.39215156,0.40064552
0.3948579,0.41121542
0.39377537,0.41482157
0.3916103,0.3998003
0.39458728,0.40495822
0.42300406,0.4348436
0.38078484,0.3828703
0.28227335,0.29556882
0.20487145,0.19732708
0.1564276,0.16162688
0.13017592,0.13133778
0.11745602,0.12720066
0.11745602,0.12050658
0.13964817,0.1421864
0.19648173,0.20153011
0.31231394,0.31800592
0.38538566,0.3920932
0.4113667,0.40734455
0.4240866,0.43310013
0.4405954,0.43681216
0.44384304,0.4500238
0.4359946,0.4412991
0.42976996,0.44119483
0.41244927,0.42669657
0.40433016,0.39993855
0.39891747,0.4173556
0.40108255,0.4047487
0.4008119,0.40377545
0.39133966,0.39994237
0.39512855,0.4208837
0.35886332,0.3589189
0.2811908,0.2903516
0.20730717,0.20174491
0.16752368,0.1585989
0.1391069,0.14379998
0.123951286,0.1293789
0.11989175,0.12521178
0.12909336,0.1309731
0.15236807,0.15684347
0.2,0.21953762
0.26143438,0.27684706
0.3242219,0.32241803
0.35317996,0.37058425
0.36292288,0.3694187
0.35805142,0.36499834
0.3428958,0.35366625
0.32801083,0.33404058
0.31366712,0.32505932
0.31150204,0.31703055
0.31393775,0.33669317
0.32476318,0.33774602
0.32882273,0.33369935
0.329364,0.3409069
0.3458728,0.3708393
0.32341,0.32029843
0.26414073,0.2649336
0.20243572,0.19958006
0.15236807,0.1629566
0.124492556,0.12780577
0.10933694,0.11225483
0.107713126,0.112520725
0.11150203,0.11183582
0.117997296,0.1268999
0.15696888,0.16280556
0.22110961,0.22347125
0.28985116,0.28869122
0.32909337,0.34109175
0.33991882,0.34879327
0.34343708,0.34540462
0.34235454,0.3482095
0.33342355,0.33821583
0.32990527,0.33368462
0.3345061,0.33160907
0.35155615,0.3656467
0.37672532,0.37513953
0.3856563,0.38678223
0.38755074,0.38868615
0.402977,0.4145098
0.36671177,0.37130082
0.27496618,0.2837987
0.20514208,0.20024306
0.16075778,0.16194102
0.13937753,0.13619192
0.12801082,0.13554125
0.13071719,0.13306388
0.1526387,0.15896386
0.21163735,0.21269007
0.32882273,0.34006387
0.41082543,0.41546327
0.4343708,0.44194105
0.45845738,0.45781422
0.4811908,0.48125008
0.48254398,0.4958377
0.48687416,0.48396438
0.49878213,0.49989578
0.49282816,0.5046462
0.49012178,0.49057648
0.49445197,0.50779814
0.4955345,0.5056503
0.48903924,0.49284244
0.48010826,0.48308104
0.49120432,0.5008886
0.44492558,0.46695206
0.35399187,0.3504967
0.26711774,0.27181265
0.21515562,0.21141016
0.18457375,0.18632422
0.16887686,0.17579651
0.16698241,0.17072691
0.1856563,0.19116384
0.24221921,0.24405625
0.34451962,0.3729185
0.42354533,0.42605117
0.45683357,0.45476487
0.4787551,0.48685208
0.49905276,0.5018464
0.51610285,0.5119152
0.5255751,0.5254058
0.53152907,0.5424155
0.5225981,0.5344293
0.5185386,0.51594603
0.5155616,0.53572094
0.5074425,0.5192011
0.49336943,0.49897596
0.4836265,0.48271802
0.49120432,0.497768
0.4405954,0.45123106
0.34993234,0.34087422
0.2730717,0.26661658
0.22516915,0.22179317
0.19729364,0.20003793
0.18186739,0.18624479
0.17916103,0.18288018
0.1991881,0.19854131
0.25764546,0.257724
0.35805142,0.38782504
0.42679295,0.4353954
0.4473613,0.45233858
0.45899865,0.47208387
0.47983763,0.47679543
0.48525032,0.4872062
0.48443842,0.483591
0.48741543,0.4918793
0.47848445,0.4839637
0.47415426,0.47069496
0.47631934,0.49308524
0.4744249,0.48828894
0.46738836,0.47096634
0.45953992,0.46270734
0.46441138,0.4736871
0.4097429,0.4271188
0.3242219,0.31887755
0.24492557,0.24845283
0.19566983,0.1964947
0.17239513,0.1727699
0.16075778,0.16409531
0.15994588,0.16536519
0.17861976,0.18060453
0.2346414,0.23939535
0.3404601,0.36221248
0.41840324,0.41667673
0.44465494,0.44333062
0.46035182,0.46943307
0.47334236,0.47828934
0.47658998,0.4756944
0.4744249,0.47291067
0.46711773,0.48298103
0.46197563,0.4603533
0.45818675,0.45968646
0.46197563,0.47876966
0.46278754,0.47663298
0.45169148,0.4604434
0.44086602,0.44637516
0.44979703,0.46090406
0.40622464,0.41657636
0.3255751,0.31934038
0.24221921,0.24932659
0.20433018,0.1922527
0.17510149,0.18479747
0.16238159,0.16785531
0.16184032,0.16330308
0.17807849,0.18226725
0.23193505,0.23500219
0.33748308,0.35386303
0.4189445,0.4176588
0.44221923,0.45138362
0.46197563,0.46542338
0.4660352,0.4813138
0.47117728,0.46521997
0.46116373,0.4722068
0.4608931,0.46446368
0.45439783,0.45876017
0.4435724,0.44816044
0.4392422,0.4568272
0.43139377,0.4399309
0.41705006,0.4209269
0.4051421,0.41042304
0.4143437,0.43421677
0.40405953,0.4028423
0.32665765,0.33755472
0.24627875,0.2472774
0.19052774,0.19143036
0.15372124,0.16259816
0.14154263,0.13803458
0.13396482,0.14226502
0.14154263,0.13891184
0.15534507,0.15791215
0.20784844,0.21259093
0.28903925,0.28861874
0.35615698,0.3647268
0.3813261,0.4055859
0.3991881,0.39793777
0.40135318,0.40541175
0.40135318,0.4041609
0.39864683,0.39718717
0.3991881,0.40139547
0.40838972,0.40509173
0.42083898,0.43289638
0.42976996,0.43945894
0.42543977,0.4241753
0.41759133,0.4204317
0.42300406,0.4430671
0.4121786,0.4167057
0.33640054,0.3488028
0.26143438,0.2600039
0.20622464,0.20992917
0.17023005,0.17274092
0.14614344,0.15170565
0.13423546,0.14201586
0.13288227,0.13206458
0.13640054,0.13825017
0.17347768,0.18417391
0.24411367,0.248047
0.32313937,0.3225069
0.37266576,0.3840405
0.40541273,0.4022172
0.41759133,0.42423448
0.42381597,0.42840883
0.42192152,0.42479208
0.42083898,0.4256796
0.4308525,0.42267358
0.45385656,0.45815405
0.47415426,0.47809342
0.4787551,0.47563425
0.47307172,0.47190422
0.48525032,0.49024084
0.4519621,0.4593067
0.3556157,0.36460358
0.27090663,0.27165818
0.2202977,0.21779695
0.1924222,0.18920188
0.17645466,0.18232389
0.17320703,0.17350627
0.19269283,0.19580653
0.24979702,0.24947399
0.36048713,0.37830096
0.4384303,0.45418766
0.47767252,0.47999093
0.5112314,0.51611453
0.5445196,0.5428535
0.56941813,0.5659534
0.57943165,0.58078325
0.591069,0.5957663
0.58782136,0.59874237
0.5805142,0.58388877
0.57591337,0.5943174
0.56752366,0.5800592
0.5510149,0.5571171
0.53883624,0.5374393
0.54018945,0.555738
0.48930988,0.5129609
0.38836265,0.39245474
0.29986468,0.3015834
0.24492557,0.24353632
0.21434371,0.21473584
0.19296347,0.20361592
0.1894452,0.19067895
0.2067659,0.21263663
0.2668471,0.2632103
0.36562923,0.3992276
0.43897158,0.45316014
0.4828146,0.47639304
0.5074425,0.5230315
0.52990526,0.5329914
0.5426252,0.543254
0.5461434,0.54841983
0.54830855,0.55958223
0.5377537,0.5476414
0.5274696,0.5275464
0.5182679,0.54135144
0.5136671,0.52114314
0.49986467,0.5075096
0.48146144,0.4895414
0.47929636,0.49752986
0.43301758,0.44919077
0.33585927,0.34412593
0.25087956,0.25508916
0.19566983,0.1995322
0.16671178,0.16879815
0.15047361,0.15697126
0.14641407,0.154606
0.16238159,0.16865304
0.21542625,0.21941695
0.3255751,0.33862126
0.40189445,0.41320804
0.4324763,0.4357129
0.45304465,0.46366194
0.47713125,0.47377503
0.4895805,0.48658675
0.48768607,0.4926577
0.49201623,0.49528083
0.47388363,0.49154994
0.46738836,0.46157762
0.46738836,0.4855545
0.4684709,0.4763511
0.46711773,0.46546236
0.45683357,0.46243426
0.45737484,0.46893713
0.41407308,0.41542962
0.32530448,0.32231253
0.24113667,0.24443497
0.1924222,0.18961821
0.16833559,0.16882221
0.15507442,0.1599404
0.15534507,0.15850376
0.1759134,0.17714296
0.2338295,0.23670636
0.34235454,0.3639192
0.42354533,0.42240697
0.45006767,0.4495146
0.46549392,0.4741653
0.47902572,0.48348978
0.49066305,0.48021206
0.48930988,0.48958698
0.4871448,0.49444872
0.4744249,0.48065558
0.46738836,0.46624777
0.47307172,0.48736224
0.479567,0.48969653
0.47794315,0.47823727
0.47415426,0.4712241
0.46738836,0.48443076
0.4127199,0.42437822
0.32530448,0.32286137
0.2465494,0.24697721
0.19972937,0.19775157
0.17347768,0.17674702
0.1594046,0.16614725
0.15994588,0.16159217
0.18132612,0.18219784
0.2346414,0.23994009
0.33179972,0.35184756
0.41677943,0.4133999
0.44763193,0.4560212
0.47225982,0.4754688
0.4895805,0.4948308
0.4849797,0.49524498
0.47794315,0.47761637
0.4714479,0.4831921
0.45899865,0.46298775
0.45304465,0.45108786
0.45304465,0.4750732
0.45060894,0.46356627
0.44248986,0.44396386
0.42679295,0.43285993
0.41975644,0.44246617
0.38024357,0.39207518
0.3036536,0.3113739
0.22598106,0.23226501
0.17428958,0.17460814
0.15426251,0.14848392
0.1399188,0.14629929
0.13937753,0.14248365
0.14695534,0.14971563
0.16779432,0.16638792
0.21190798,0.22712539
0.28606224,0.2888685
0.3594046,0.36180893
0.40135318,0.41046444
0.41948578,0.42592734
0.41623816,0.42128977
0.40541273,0.41064715
0.39431664,0.395398
0.38430312,0.39023626
0.3772666,0.38690782
0.38267928,0.4020141
0.39756426,0.40047702
0.39972937,0.39699066
0.38998646,0.39668733
0.3932341,0.41022363
0.37483084,0.3765951
0.30717185,0.30937734
0.23437077,0.24010187
0.18213803,0.18608141
0.15290934,0.15411952
0.13667117,0.13962749
0.12719892,0.1371207
0.1285521,0.12723596
0.13667117,0.13899891
0.17726658,0.1859058
0.24546684,0.25125954
0.3142084,0.32096967
0.35967523,0.3695966
0.37510148,0.38637748
0.3759134,0.3827329
0.3653586,0.37873098
0.3572395,0.35689372
0.35209742,0.3577164
0.35913396,0.35422158
0.37672532,0.38982967
0.394046,0.40218517
0.4008119,0.3986117
0.3948579,0.4006922
0.41109607,0.4177071
0.37916103,0.39188194
0.2976996,0.3006408
0.2232747,0.22476065
0.17997293,0.17798191
0.15480378,0.15637995
0.138295,0.14901991
0.13964817,0.1402433
0.16346414,0.16606295
0.21244925,0.22601473
0.3188092,0.33571976
0.40189445,0.40516296
0.4405954,0.43847343
0.47063598,0.47092775
0.4895805,0.49543616
0.50094724,0.5013524
0.4976996,0.50630033
0.50581867,0.5061818
0.50635993,0.5112232
0.50798374,0.50461805
0.5142084,0.5262327
0.51772666,0.5248759
0.50771314,0.5147239
0.4879567,0.49833593
0.4871448,0.5013597
0.45818675,0.45148978
0.35805142,0.36247587
0.27009472,0.26833087
0.21623816,0.21409425
0.18971583,0.18691549
0.17510149,0.18136686
0.17347768,0.17697209
0.1924222,0.19730705
0.24682003,0.25062266
0.35588634,0.37647557
0.4270636,0.44051254
0.4684709,0.45644307
0.508525,0.5055376
0.5410014,0.5398785
0.56211096,0.557933
0.5715832,0.5715605
0.5956698,0.58859766
0.60108256,0.6080197
0.60866034,0.5948919
0.620839,0.62728435
0.6135318,0.6273947
0.6040595,0.60037196
0.58457375,0.5886742
0.5818674,0.59623945
0.5428958,0.54802877
0.43626523,0.43750772
0.34154263,0.33596286
0.28010824,0.28077185
0.25006765,0.24366736
0.22760487,0.23684053
0.21948579,0.22412354
0.2346414,0.23930474
0.2841678,0.28868127
0.38836265,0.401504
0.49066305,0.4813049
0.54722595,0.543125
0.57699597,0.59342813
0.6008119,0.60924864
0.61028415,0.6168677
0.61190796,0.61507237
0.62138027,0.6287698
0.6165088,0.62706256
0.60703653,0.6112995
0.6073072,0.61995673
0.6005413,0.6114917
0.5826793,0.5918025
0.5623816,0.56907606
0.5580514,0.5805266
0.5188092,0.53599864
0.41677943,0.42877808
0.32476318,0.32561785
0.2638701,0.2665354
0.22868742,0.22892028
0.20487145,0.2147648
0.19783491,0.20312671
0.21001354,0.21687835
0.26359946,0.26193625
0.37050068,0.38560778
0.4533153,0.46587202
0.50257105,0.49615407
0.53802437,0.54479194
0.5618403,0.56917536
0.56914747,0.5728221
0.5686062,0.57199055
0.57699597,0.58150846
0.5729364,0.58009124
0.5648173,0.56841683
0.5585927,0.5789752
0.5510149,0.56205404
0.5355886,0.5437348
0.5090663,0.524191
0.49580514,0.52623177
0.46441138,0.4708802
0.36941814,0.38115
0.27577808,0.28196132
0.22246279,0.21955705
0.1953992,0.19601157
0.18159676,0.18658055
0.1759134,0.18204014
0.19350474,0.19497944
0.23139377,0.24935499
0.3225981,0.34388426
0.41461435,0.409559
0.4638701,0.46471754
0.48335588,0.49977118
0.49742895,0.50310326
0.4993234,0.5011091
0.4939107,0.49673292
0.49066305,0.5013983
0.48092017,0.4841366
0.4668471,0.4690736
0.46792963,0.4766288
0.4579161,0.47035503
0.4384303,0.44451585
0.42002708,0.42600244
0.42219216,0.43990472
0.40027064,0.40015408
0.3255751,0.3311083
0.24790257,0.24752508
0.19350474,0.19520041
0.16048715,0.16810668
0.14235453,0.14754818
0.13288227,0.14076748
0.1391069,0.13616471
0.1526387,0.15607747
0.20920162,0.20753485
0.27496618,0.29380494
0.34100136,0.34733784
0.3737483,0.38983914
0.3894452,0.39355063
0.3872801,0.3899592
0.38105547,0.38420007
0.37158322,0.37228966
0.36184034,0.36747053
0.3585927,0.36177734
0.3661705,0.38558677
0.37645468,0.38387617
0.38024357,0.37494934
0.36833557,0.38173562
0.37104195,0.39134908
0.3572395,0.35289434
0.2909337,0.2938556
0.21840325,0.2241388
0.16698241,0.17067997
0.13748309,0.13882732
0.12232747,0.12464349
0.11529093,0.123768605
0.11637348,0.11678773
0.121515565,0.12758653
0.15913397,0.16732483
0.22192152,0.22946492
0.29147497,0.29343632
0.33937752,0.34583792
0.36427605,0.36633486
0.3686062,0.3759504
0.3745602,0.37299544
0.36725304,0.3743391
0.36373478,0.36634916
0.36941814,0.36433086
0.3894452,0.3984596
0.41677943,0.41279545
0.42138025,0.42360666
0.408931,0.41674033
0.41109607,0.42524552
0.3856563,0.38069445
0.30311233,0.3066994
0.22598106,0.226663
0.17753722,0.17862232
0.14939107,0.1512279
0.13883626,0.14218464
0.13775373,0.14230424
0.15534507,0.16437781
0.20243572,0.21420154
0.3014885,0.3238428
0.3902571,0.39053947
0.4465494,0.43381235
0.4820027,0.48612761
0.517456,0.50970423
0.535318,0.538363
0.54343706,0.5413177
0.55723953,0.5576261
0.5556157,0.5630518
0.55074424,0.5487511
0.54993236,0.56456757
0.5529093,0.55664265
0.5407307,0.54729736
0.51285523,0.5258961
0.50581867,0.520033
0.467659,0.46877337
0.3699594,0.37261382
0.2790257,0.28114957
0.22462788,0.2214255
0.19756427,0.19522732
0.18213803,0.18931499
0.1805142,0.18289912
0.1962111,0.20456879
0.24248984,0.25264704
0.3391069,0.36510292
0.43058187,0.42887798
0.48227334,0.47776592
0.5158322,0.5228486
0.5474966,0.5456748
0.5664411,0.5654234
0.57023007,0.5724517
0.57943165,0.583836
0.57266575,0.58240634
0.55913395,0.5606822
0.5510149,0.56970763
0.55155617,0.5526999
0.5423545,0.54478395
0.5236806,0.52852273
0.5225981,0.5379915
0.48525032,0.49584016
0.38890392,0.3930543
0.30338296,0.30077714
0.24194857,0.248365
0.2135318,0.2080414
0.19783491,0.20224683
0.19350474,0.19946367
0.21380244,0.21470866
0.26441136,0.27089012
0.35913396,0.38498688
0.45683357,0.44635746
0.5142084,0.50690657
0.5615697,0.5559381
0.6021651,0.59910935
0.6262517,0.6207409
0.64411366,0.6327758
0.6625169,0.6642256
0.65737486,0.6680044
0.65142083,0.6444155
0.65087956,0.6628789
0.649797,0.6537739
0.6422192,0.6365019
0.617862,0.6195367
0.59810555,0.61176014
0.5342355,0.5482768
0.4343708,0.42290264
0.34857917,0.34172407
0.29282814,0.29235396
0.2630582,0.26014075
0.2405954,0.24983588
0.2300406,0.2378523
0.24871448,0.24821112
0.3036536,0.30649525
0.39539918,0.42842975
0.47983763,0.48458847
0.5361299,0.52907264
0.5699594,0.58185697
0.5916103,0.60344005
0.59269285,0.60047936
0.5886333,0.5910039
0.59269285,0.6004181
0.58294994,0.59206855
0.56752366,0.57512045
0.56075776,0.5793761
0.55020297,0.56682014
0.5393775,0.5407394
0.5171854,0.5286342
0.5087957,0.53167003
0.47767252,0.484055
0.38430312,0.39387757
0.28741542,0.29869258
0.22652233,0.23027512
0.19161029,0.19703355
0.17347768,0.17900792
0.16860622,0.17310172
0.18294993,0.18633921
0.22571042,0.23491976
0.3179973,0.3368292
0.41028416,0.40755102
0.46305817,0.4631382
0.4963464,0.50132334
0.52584577,0.5227245
0.5391069,0.5391542
0.54316646,0.5432608
0.54533154,0.5571313
0.54560214,0.54408276
0.54479027,0.5382029
0.54695535,0.55514646
0.5423545,0.54913116
0.52476317,0.52799356
0.5006766,0.50835586
0.48579162,0.51858187
0.46116373,0.46490806
0.37780786,0.3863672
0.28985116,0.28997493
0.23355886,0.22816722
0.19945873,0.20451057
0.1805142,0.18511188
0.16779432,0.1766536
0.17158322,0.17158207
0.17861976,0.18676032
0.22976996,0.23745705
0.30960757,0.31656778
0.3864682,0.3922449
0.4435724,0.44469804
0.479567,0.48162833
0.49878213,0.49407992
0.5036536,0.50880677
0.5033829,0.5054885
0.50284165,0.5061815
0.5101488,0.50575244
0.5209743,0.5296228
0.5326116,0.5348588
0.5269283,0.5251021
0.5023004,0.5102359
0.48849797,0.5120871
0.46657646,0.46736434
0.38592693,0.39275408
0.30284166,0.3056138
0.24248984,0.24783501
0.20243572,0.20739548
0.1797023,0.18039891
0.16968876,0.17256024
0.16698241,0.16947456
0.16562922,0.17469391
0.20703654,0.2163938
0.28037888,0.29118288
0.35778078,0.3639084
0.4232747,0.42459145
0.47225982,0.46868896
0.50094724,0.49761948
0.51989174,0.5174491
0.5223275,0.5292028
0.5309878,0.5260631
0.541272,0.53731906
0.5564276,0.5638902
0.56725305,0.5745517
0.5680649,0.56325924
0.5458728,0.5527704
0.54154265,0.55341667
0.52638704,0.51652277
0.4248985,0.44035628
0.3277402,0.3326888
0.26738837,0.26878065
0.2330176,0.2313305
0.20920162,0.21958649
0.20433018,0.20261055
0.22138025,0.22727703
0.264682,0.27588925
0.36211097,0.3846098
0.4633288,0.4663575
0.5304465,0.5301498
0.58430314,0.5881157
0.63031125,0.6319505
0.6622463,0.6613231
0.68822736,0.6765895
0.711502,0.7101685
0.72286874,0.72186697
0.72801083,0.72144556
0.73504734,0.7405298
0.73937756,0.73831236
0.7290934,0.7302859
0.7023004,0.7044574
0.6917456,0.70066726
0.65142083,0.65419173
0.535318,0.5404223
0.43193504,0.42492548
0.36048713,0.36654636
0.3158322,0.32027054
0.28958052,0.29533458
0.27686062,0.28388843
0.28876862,0.29622763
0.32746956,0.34080285
0.42733425,0.4315568
0.52801085,0.53176236
0.6110961,0.59912694
0.6728011,0.67730033
0.72151554,0.72526824
0.7575101,0.7495724
0.7788904,0.7774036
0.79810554,0.80016756
0.8056834,0.8095385
0.8105548,0.8041469
0.8121786,0.8290509
0.81001353,0.80979955
0.7953992,0.79549944
0.768065,0.7703022
0.7610284,0.7690426
0.72070366,0.7184572
0.6054127,0.61381483
0.49607578,0.4959052
0.42219216,0.4242587
0.38294992,0.38194987
0.35426253,0.36308634
0.33558863,0.34523726
0.34560215,0.35083234
0.38700947,0.39825204
0.4849797,0.49285823
0.58998644,0.5871706
0.6692828,0.6645781
0.73937756,0.73455167
0.79106903,0.7978363
0.83031124,0.81657386
0.85520977,0.85190415
0.87280107,0.8756927
0.8635995,0.8812331
0.8346414,0.8543079
0.79566985,0.8382579
0.7707713,0.77760375
0.7420839,0.75311756
0.7066306,0.7125628
0.6841678,0.70940745
0.62895805,0.64045024
0.5274696,0.52687085
0.4257104,0.43384257
0.3623816,0.35940945
0.32313937,0.3320577
0.2976996,0.30473328
0.2866035,0.2940676
0.29526386,0.30534732
0.33640054,0.34107083
0.43707713,0.4392379
0.5342355,0.5427449
0.6043302,0.60315514
0.6568335,0.66303825
0.70419484,0.7011944
0.7361299,0.7268853
0.74993235,0.74831855
0.7623816,0.7669939
0.76535857,0.76884735
0.75967526,0.7573315
0.73775375,0.77032614
0.71772665,0.7309468
0.70175916,0.70341074
0.6579161,0.6805265
0.6397835,0.6568905
0.5907984,0.5983495
0.49066305,0.49033302
0.39539918,0.3973884
0.32503384,0.33353937
0.28389716,0.29002857
0.25981057,0.26749724
0.24682003,0.25655612
0.25223276,0.26239264
0.26359946,0.2936304
0.30635995,0.3388076
0.36968878,0.39644
0.44248986,0.44321707
0.49959403,0.5165491
0.5239513,0.5431458
0.53152907,0.534289
0.52801085,0.53431404
0.5112314,0.5338545
0.49012178,0.4977149
0.47550744,0.47635132
0.47469553,0.48778298
0.48254398,0.48522833
0.4803789,0.47733152
0.4571042,0.4687977
0.44005412,0.4740304
0.40135318,0.4145094
0.34018946,0.3336528
0.27280107,0.27089387
0.21975642,0.2202172
0.1843031,0.19000165
0.16589986,0.16604944
0.15317997,0.1625166
0.15155616,0.15210181
0.16589986,0.15721549
0.2,0.21010691
0.25899863,0.27160513
0.3328823,0.3415318
0.3848444,0.38812047
0.39891747,0.41494513
0.39891747,0.39665076
0.3872801,0.3942984
0.37185386,0.37573522
0.36481732,0.36559945
0.37050068,0.37666976
0.3894452,0.40025818
0.40866035,0.42088622
0.41028416,0.408903
0.39566982,0.40482768
0.39377537,0.4224715
0.37645468,0.37877432
0.32963464,0.32445288
0.2638701,0.27083328
0.21163735,0.21088813
0.17916103,0.1779847
0.15778078,0.16236617
0.14614344,0.15234691
0.14695534,0.14290313
0.15209743,0.15050407
0.18294993,0.19122717
0.24330176,0.24905355
0.3179973,0.32445744
0.38240865,0.37784675
0.42219216,0.4190741
0.43788904,0.4409087
0.44709066,0.44438848
0.45169148,0.44991925
0.45872802,0.45699772
0.47658998,0.47014567
0.5006766,0.5109086
0.52584577,0.5282186
0.53152907,0.52919257
0.5152909,0.5189934
0.5090663,0.5298388
0.48092017,0.4832444
0.39377537,0.40091684
0.30852503,0.30944836
0.255751,0.25191528
0.22219215,0.22267637
0.20514208,0.2089016
0.20243572,0.20243227
0.21759135,0.21852842
0.26197565,0.26817417
0.35155615,0.36597317
0.44844383,0.4466271
0.52476317,0.5136665
0.57753724,0.5810572
0.62516916,0.61941993
0.6565629,0.64927363
0.6757781,0.66749513
0.69742894,0.6877551
0.70392424,0.70684457
0.70419484,0.6989691
0.7023004,0.72112775
0.69580513,0.7038208
0.68308526,0.67873657
0.66468203,0.657611
0.65277404,0.66795135
0.5975643,0.6022531
0.48849797,0.49041125
0.39945874,0.38954914
0.34018946,0.33784342
0.30284166,0.30585158
0.27956697,0.28579208
0.27117726,0.27564275
0.28606224,0.29268092
0.33071718,0.34009212
0.42516914,0.43970707
0.5345061,0.5225866
0.6127199,0.60740304
0.6741543,0.6700275
0.7285521,0.7246927
0.75886333,0.7547718
0.77239513,0.7712517
0.7964817,0.7886424
0.80487144,0.80799437
0.80947226,0.7989557
0.802977,0.8275708
0.7991881,0.796633
0.7870095,0.7842802
0.7526387,0.76325476
0.74154264,0.74889433
0.68335587,0.6976061
0.5564276,0.5718858
0.43951285,0.44919774
0.3713126,0.36700195
0.33585927,0.3361811
0.30581868,0.31914002
0.29364005,0.2998883
0.30500677,0.31099585
0.34641406,0.3585251
0.44898513,0.45452732
0.5602165,0.554708
0.6248985,0.63616574
0.6722598,0.6798557
0.70338297,0.7204684
0.7236807,0.72087646
0.7336942,0.7356461
0.74830854,0.75458026
0.7504736,0.75944066
0.7504736,0.7475326
0.7539919,0.76820755
0.7512855,0.7581558
0.72746956,0.7405504
0.691475,0.70004785
0.67171854,0.69519186
0.6159675,0.6233076
0.5033829,0.5081013
0.40027064,0.40469044
0.33125845,0.3343915
0.29039243,0.2973394
0.26738837,0.27189535
0.25385657,0.26578677
0.26359946,0.2684939
0.30500677,0.31315374
0.3932341,0.4120509
0.48687416,0.490329
0.5458728,0.5496577
0.5818674,0.5937462
0.60649526,0.61821187
0.6202977,0.6162033
0.6243572,0.6270101
0.6338295,0.6394777
0.6308525,0.6393614
0.62868744,0.6279923
0.63058186,0.64889264
0.62977,0.63817155
0.6173207,0.6198205
0.58782136,0.59910023
0.5669824,0.6017052
0.5342355,0.53124344
0.43193504,0.44668385
0.33179972,0.33695197
0.2638701,0.26969802
0.2232747,0.23018606
0.202977,0.20763516
0.1953992,0.20185722
0.20757781,0.21000668
0.2473613,0.25560114
0.32638702,0.35042477
0.4135318,0.4175858
0.479567,0.47420505
0.5150203,0.5272545
0.5461434,0.5447248
0.55913395,0.56064546
0.5721245,0.5614955
0.5813261,0.5906578
0.5786198,0.58320606
0.5780785,0.5708126
0.5797023,0.59291697
0.57483083,0.58415705
0.5577808,0.559037
0.5277402,0.53485215
0.5150203,0.5414136
0.49039242,0.48301032
0.40487143,0.41086558
0.31258458,0.31262016
0.24519621,0.24964064
0.2037889,0.20970389
0.17916103,0.18385622
0.16833559,0.17515537
0.17023005,0.16929917
0.17861976,0.18517876
0.2278755,0.23279406
0.30473614,0.31473792
0.38105547,0.39110145
0.43653587,0.4421277
0.47225982,0.47459903
0.49418133,0.4877644
0.5006766,0.50302196
0.508525,0.50491905
0.5139378,0.51547027
0.5285521,0.52190506
0.5458728,0.55374783
0.565088,0.56712294
0.55913395,0.5603064
0.5345061,0.5369761
0.5269283,0.54546213
0.50419486,0.5003042
0.42814615,0.428351
0.34343708,0.34685302
0.27956697,0.2812808
0.24194857,0.24188721
0.21705006,0.21834587
0.20433018,0.2086288
0.2,0.2021701
0.20135318,0.20292741
0.23626523,0.24651194
0.3052774,0.31521347
0.38836265,0.3958318
0.45899865,0.46297234
0.50257105,0.5104224
0.53477675,0.52732295
0.5599459,0.5531372
0.5696888,0.57147294
0.56752366,0.5791359
0.57699597,0.57248527
0.5894452,0.60516036
0.60784847,0.60658073
0.60784847,0.6067869
0.59675235,0.58688384
0.5886333,0.6057384
0.5399188,0.5466256
0.44844383,0.44442877
0.35778078,0.362738
0.30419487,0.2975373
0.27631935,0.2701231
0.25981057,0.26467317
0.25818673,0.2554872
0.2730717,0.2776528
0.32530448,0.32722235
0.42300406,0.43831956
0.52828145,0.52143407
0.61515564,0.5992594
0.68335587,0.67531765
0.73098785,0.7323401
0.7545332,0.7491431
0.76589984,0.76339793
0.7843031,0.7776576
0.785115,0.79125774
0.7924222,0.77904236
0.7902571,0.81346965
0.77537215,0.7887548
0.75669825,0.7566556
0.7345061,0.72535646
0.7152909,0.72956455
0.6538566,0.6597258
0.5374831,0.5422895
0.43707713,0.435926
0.36968878,0.37298775
0.3301759,0.33583045
0.30771312,0.3137149
0.30581868,0.30437392
0.32205683,0.32826743
0.37428957,0.37941778
0.46359947,0.49280334
0.55047363,0.5567107
0.61001354,0.6140512
0.65953994,0.66194
0.7023004,0.7033212
0.74018943,0.72279596
0.75669825,0.7594842
0.7767253,0.7731025
0.7745602,0.78855777
0.75534505,0.76509583
0.7304466,0.76413596
0.7171854,0.72005796
0.70392424,0.7021096
0.6776725,0.6827061
0.6654939,0.68314457
0.6113667,0.62273467
0.50933695,0.50615036
0.41542625,0.41666144
0.34912044,0.3522331
0.31014884,0.31509417
0.28525034,0.29327482
0.28389716,0.28348047
0.29742897,0.30642295
0.3466847,0.34913325
0.43815967,0.4553899
0.529364,0.5313705
0.5837618,0.59167564
0.61542624,0.63059247
0.6359946,0.65098727
0.6416779,0.6441549
0.6449256,0.6419513
0.649797,0.6572634
0.6194858,0.64935136
0.6054127,0.6012416
0.62381595,0.6255717
0.6313938,0.6434413
0.62895805,0.62652755
0.6081191,0.6167414
0.6002706,0.61876404
0.55913395,0.5620067
0.45520973,0.4617326
0.3602165,0.36118007
0.30311233,0.29788333
0.26711774,0.27424976
0.24194857,0.25025558
0.23707713,0.2394821
0.25087956,0.2542701
0.2960758,0.30313587
0.37916103,0.40221167
0.46549392,0.46193257
0.5158322,0.51534224
0.5518268,0.55445176
0.5864682,0.5845629
0.60703653,0.599105
0.6124492,0.6131549
0.62760484,0.6263134
0.6281462,0.6339389
0.6262517,0.6250192
0.6175913,0.65012956
0.61028415,0.6224191
0.5975643,0.60006744
0.5667118,0.5798694
0.55913395,0.57722116
0.52476317,0.52299106
0.42354533,0.4315425
0.32990527,0.3299387
0.26576453,0.271313
0.22571042,0.23343891
0.20595399,0.20990738
0.1991881,0.2045601
0.21542625,0.21443418
0.25169146,0.26654318
0.3345061,0.35319862
0.4240866,0.42382216
0.48443842,0.48299548
0.5269283,0.529835
0.5558863,0.5635576
0.56400543,0.5672168
0.5696888,0.56399953
0.58971584,0.58368933
0.59431666,0.59821224
0.5905277,0.5871774
0.58755076,0.602334
0.5786198,0.5902138
0.55751014,0.5619433
0.5290934,0.53430116
0.517456,0.5448793
0.4820027,0.48534337
0.4,0.39788783
0.31096077,0.31203318
0.24790257,0.2496629
0.20703654,0.21447143
0.18403247,0.18782778
0.16941813,0.18064837
0.17158322,0.16921951
0.18619756,0.18526912
0.22868742,0.24410883
0.30581868,0.31232336
0.3805142,0.3920674
0.4359946,0.44013488
0.46116373,0.47400635
0.4768606,0.46848646
0.47929636,0.48336393
0.47577807,0.48078543
0.46657646,0.4757333
0.46549392,0.46828112
0.4700947,0.4867743
0.4803789,0.48929912
0.47550744,0.47409052
0.4608931,0.46178755
0.46657646,0.47892946
0.43653587,0.4450994
0.37050068,0.36585134
0.29878214,0.3002948
0.23734777,0.24483086
0.20324764,0.20198792
0.18294993,0.18259764
0.1759134,0.17793104
0.17564276,0.17372167
0.1826793,0.18391167
0.20514208,0.23156387
0.26738837,0.27254277
0.34235454,0.34990445
0.397023,0.40607458
0.42895806,0.43418905
0.4511502,0.44471058
0.4600812,0.46136296
0.46035182,0.46069708
0.4592693,0.4614292
0.46955344,0.4656003
0.48822734,0.50258195
0.51231396,0.5149645
0.5060893,0.5158584
0.4879567,0.49049214
0.48389715,0.5002847
0.44790256,0.4489759
0.3594046,0.36271882
0.2774019,0.2786356
0.2232747,0.22527127
0.19269283,0.19369298
0.17780785,0.18317786
0.17618403,0.1793614
0.20027064,0.19533797
0.24519621,0.26257068
0.33504736,0.35632288
0.42949933,0.4238843
0.4895805,0.4871913
0.5345061,0.5332107
0.57266575,0.5714669
0.59296346,0.5923243
0.61163735,0.5991245
0.6265223,0.6319463
0.6313938,0.63265204
0.63437074,0.63011336
0.6430311,0.654511
0.6503383,0.6521969
0.6332882,0.64219296
0.59972936,0.6087347
0.59133965,0.6034446
0.5466847,0.5451124
0.44167796,0.44538045
0.34154263,0.34588397
0.2798376,0.27653924
0.2435724,0.24687779
0.21705006,0.23150066
0.21732071,0.21420866
0.23437077,0.23774761
0.28092015,0.29004586
0.37428957,0.39141083
0.47550744,0.46644726
0.54560214,0.53766286
0.605954,0.59658766
0.6549391,0.6538688
0.69039243,0.6790465
0.69905275,0.70777607
0.73261166,0.71626115
0.7480379,0.752704
0.7523681,0.74393165
0.7564276,0.7701613
0.75859267,0.75624526
0.7504736,0.7428814
0.72584575,0.7267693
0.71935046,0.73007905
0.6638701,0.6754867
0.56427604,0.5516578
0.46035182,0.46413544
0.39215156,0.3908052
0.35453317,0.3563979
0.32990527,0.33600307
0.32665765,0.32410505
0.3404601,0.34915155
0.3713126,0.39505115
0.4660352,0.46929973
0.57077134,0.56446755
0.6449256,0.6434381
0.7096076,0.70714045
0.776184,0.7661282
0.8127199,0.8096342
0.8254398,0.8289573
0.84682006,0.8436947
0.8435724,0.85885835
0.8451962,0.8331256
0.83572394,0.86128974
0.8205683,0.8281324
0.80487144,0.8033619
0.7694181,0.77786005
0.7374831,0.7635946
0.6489851,0.68366206
0.52828145,0.5273956
0.43139377,0.4305763
0.36373478,0.36640692
0.32313937,0.33009598
0.30040595,0.3045988
0.2968877,0.29877663
0.30798376,0.31781307
0.35751015,0.356239
0.4351827,0.47030714
0.50717187,0.52776897
0.55372125,0.56434935
0.585115,0.60147244
0.6113667,0.6193546
0.6246279,0.617859
0.6292287,0.6272584
0.6368065,0.642854
0.63058186,0.63962793
0.6257104,0.6243495
0.6246279,0.64521766
0.6232747,0.6313932
0.6054127,0.6152899
0.57023007,0.5844312
0.56211096,0.57910156
0.520433,0.5276581
0.41786197,0.42763206
0.32584575,0.32931298
0.25764546,0.26813334
0.21650879,0.22474918
0.19729364,0.20097569
0.19161029,0.198327
0.20270637,0.20649022
0.24627875,0.24859905
0.32801083,0.34935695
0.4127199,0.41665304
0.4692828,0.47024325
0.517456,0.5130584
0.5545331,0.5558028
0.57564276,0.56873083
0.5818674,0.5816021
0.5978349,0.5959023
0.5986468,0.605968
0.59810555,0.5906538
0.60108256,0.6125206
0.5991881,0.60559356
0.57645464,0.5840312
0.5529093,0.5500934
0.55236804,0.5699088
0.5158322,0.5259721
0.42273343,0.42986402
0.33125845,0.32950723
0.26441136,0.26792622
0.22219215,0.22858688
0.20135318,0.20167068
0.19215156,0.19781749
0.1924222,0.19414143
0.20622464,0.20685008
0.2414073,0.26732248
0.3158322,0.3223757
0.38511503,0.40227792
0.44871446,0.44526824
0.47983763,0.49505493
0.4985115,0.49078208
0.50284165,0.50762695
0.5036536,0.5060731
0.49742895,0.5078696
0.5044655,0.5009359
0.51610285,0.5289929
0.529364,0.53669226
0.52584577,0.5232816
0.50094724,0.5089439
0.50257105,0.51498556
0.4752368,0.48022965
0.39594045,0.39882618
0.3142084,0.31677905
0.25277403,0.25678882
0.21650879,0.2178552
0.19512855,0.19351476
0.1864682,0.18962203
0.18836266,0.1838089
0.19431664,0.19650498
0.22381596,0.24256878
0.28903925,0.2975453
0.36427605,0.3739062
0.43707713,0.43171155
0.47794315,0.48778355
0.49742895,0.49510017
0.49959403,0.5064803
0.4887686,0.4939501
0.48822734,0.4839127
0.49607578,0.49386728
0.5158322,0.5260488
0.5369418,0.54162884
0.5336942,0.5381522
0.51772666,0.5172516
0.5185386,0.52650845
0.46874154,0.4799911
0.38592693,0.37654722
0.3098782,0.30881423
0.258728,0.2587029
0.23220569,0.2282738
0.22138025,0.22363262
0.22435723,0.22331508
0.24248984,0.2464867
0.29797024,0.29991335
0.38890392,0.41202798
0.4836265,0.48023024
0.54722595,0.5435777
0.5894452,0.59117246
0.61867386,0.622107
0.6376184,0.6251395
0.64384305,0.64014137
0.64952636,0.6446934
0.6451962,0.64878845
0.6435724,0.63859594
0.6484438,0.6635648
0.6430311,0.65860045
0.6108254,0.62987566
0.57239515,0.58295846
0.54857916,0.5712144
0.4828146,0.49596804
0.39458728,0.3864111
0.31474966,0.31563148
0.25899863,0.26196378
0.22516915,0.23217678
0.20703654,0.21510455
0.20649527,0.20978016
0.22300406,0.22907254
0.26792964,0.27793658
0.3526387,0.37572744
0.43897158,0.43954712
0.48606226,0.4928567
0.51285523,0.5263066
0.5358593,0.5398295
0.5461434,0.5438312
0.54993236,0.54866815
0.5610284,0.5617234
0.5615697,0.56534183
0.5545331,0.5587512
0.55236804,0.5725439
0.5518268,0.5610672
0.5404601,0.5398507
0.5201624,0.5240476
0.5269283,0.5338383
0.47469553,0.48861864
0.37916103,0.37620583
0.2909337,0.29498434
0.23112313,0.23408428
0.2,0.2027514
0.18322057,0.18795708
0.1797023,0.18501243
0.19566983,0.19891478
0.24600811,0.24962243
0.3277402,0.35558975
0.4165088,0.40791336
0.4660352,0.46499506
0.49364007,0.50044084
0.5136671,0.5198489
0.53179973,0.51742136
0.5393775,0.53609675
0.5548038,0.5507029
0.5529093,0.56052125
0.55074424,0.5491736
0.5458728,0.5714141
0.54722595,0.5532724
0.5410014,0.54113793
0.520433,0.52634084
0.52341,0.53289974
0.47415426,0.47994772
0.37510148,0.37425196
0.28876862,0.2886076
0.22868742,0.23253918
0.19837618,0.19895703
0.1843031,0.18678246
0.1843031,0.1866276
0.20351827,0.2040744
0.25439784,0.26016933
0.3345061,0.36572137
0.4232747,0.41267544
0.4768606,0.47084096
0.51772666,0.5134778
0.55074424,0.550084
0.5677943,0.5606197
0.5705007,0.57041395
0.58240867,0.5801853
0.56914747,0.583799
0.5648173,0.553735
0.5664411,0.5845208
0.5653586,0.5750207
0.5556157,0.55839723
0.5358593,0.5388141
0.5410014,0.5471964
0.49147496,0.5003613
0.3983762,0.39123392
0.31312585,0.31232202
0.25277403,0.2571302
0.21921515,0.21953738
0.19594046,0.21267742
0.19350474,0.1954228
0.20866035,0.21826506
0.2571042,0.26960087
0.33640054,0.3588357
0.42354533,0.42204198
0.48903924,0.48701796
0.535318,0.5371437
0.5664411,0.5720681
0.58457375,0.5848731
0.6005413,0.5934682
0.6156969,0.6221247
0.6135318,0.6228633
0.6056833,0.60794866
0.5953992,0.61609185
0.5856563,0.5952095
0.56725305,0.57162166
0.5426252,0.55129826
0.5493911,0.56190753
0.50933695,0.51013625
0.42300406,0.43419728
0.33504736,0.33485574
0.27469555,0.27192852
0.23897158,0.2420791
0.21867388,0.22466448
0.21326116,0.21616063
0.21786198,0.22298683
0.2376184,0.24031866
0.27550745,0.2912813
0.34993234,0.3582735
0.42381597,0.43353775
0.4803789,0.48710725
0.5066306,0.5178168
0.5087957,0.5195331
0.5098782,0.5100096
0.5036536,0.5149561
0.49499324,0.50211525
0.49282816,0.50348103
0.49661705,0.5131552
0.5047361,0.5133013
0.49012178,0.5027647
0.46549392,0.4818726
0.47388363,0.48564848
0.4384303,0.4372907
0.36346415,0.37118837
0.28443843,0.28853953
0.22435723,0.23156178
0.1932341,0.19250083
0.1759134,0.17706074
0.16968876,0.1748246
0.16995941,0.17603973
0.17726658,0.18537647
0.20324764,0.21813875
0.264682,0.27729246
0.3396482,0.34488827
0.397023,0.40727603
0.4300406,0.43442369
0.4533153,0.44928083
0.45764548,0.46450707
0.46062246,0.45964
0.4592693,0.46538436
0.46657646,0.4682196
0.4828146,0.4952301
0.5082544,0.5098375
0.51231396,0.51624477
0.5044655,0.5077653
0.5155616,0.51994824
0.46495265,0.46558362
0.3772666,0.38020468
0.29959404,0.2935484
0.2465494,0.24854717
0.21488498,0.21388528
0.20514208,0.20955004
0.20703654,0.20903254
0.22516915,0.23299314
0.2774019,0.29149264
0.35832205,0.38465264
0.45087957,0.44301125
0.51610285,0.5156903
0.5696888,0.5614157
0.6105548,0.60627353
0.6300406,0.6287936
0.6405954,0.63869464
0.6541272,0.6593121
0.65818673,0.65885746
0.6571042,0.6553619
0.65981054,0.6718919
0.6625169,0.67008317
0.65304464,0.6551062
0.6313938,0.63670814
0.6311231,0.6390668
0.5667118,0.5732305
0.4728011,0.46708724
0.3753721,0.37999505
0.31231394,0.31106
0.27631935,0.27859423
0.255751,0.26635396
0.24871448,0.25683293
0.26332882,0.26907235
0.30717185,0.32865238
0.38836265,0.41012302
0.48687416,0.4764124
0.54479027,0.557369
0.6005413,0.5905819
0.6473613,0.6483594
0.6755074,0.6760986
0.69039243,0.69397354
0.70554805,0.7146963
0.71420836,0.7149302
0.7136671,0.7151439
0.70419484,0.7274556
0.69905275,0.70309985
0.6803789,0.6885581
0.6600812,0.65979576
0.6511502,0.66901326
0.5802436,0.5859251
0.47550744,0.47769126
0.3813261,0.38079956
0.31556156,0.32010773
0.27929634,0.28064555
0.2608931,0.2674463
0.2571042,0.26335695
0.27009472,0.2805661
0.3201624,0.33313102
0.3991881,0.42525682
0.485521,0.49037734
0.54316646,0.55343235
0.58457375,0.5925859
0.61542624,0.6261598
0.63247633,0.6371516
0.6384303,0.6442112
0.6473613,0.6599215
0.6427605,0.65278006
0.6368065,0.64191747
0.6362652,0.65204656
0.63545334,0.6454785
0.6175913,0.6280971
0.59810555,0.60383487
0.5953992,0.613848
0.5355886,0.535536
0.43328822,0.44119874
0.341272,0.34073824
0.2790257,0.28319424
0.2376184,0.247161
0.21623816,0.22294079
0.20703654,0.21725091
0.2232747,0.22905925
0.2654939,0.28573978
0.34614342,0.3649395
0.43301758,0.43241304
0.48930988,0.49634543
0.5223275,0.53176916
0.54695535,0.55468905
0.55913395,0.56291234
0.561299,0.565518
0.5715832,0.5773424
0.5542625,0.577687
0.5445196,0.5443466
0.5393775,0.5608424
0.5458728,0.5527675
0.5345061,0.5458564
0.51231396,0.526739
0.51989174,0.5280602
0.4579161,0.46485412
0.37266576,0.36916047
0.2849797,0.29164028
0.22083898,0.23311374
0.18998647,0.18796043
0.17618403,0.18332118
0.17266576,0.17956716
0.18755074,0.1976864
0.2368065,0.24836567
0.31393775,0.3402134
0.39972937,0.39837754
0.46576455,0.461486
0.5101488,0.5129653
0.5407307,0.54406285
0.5585927,0.5593394
0.561299,0.5669893
0.57104194,0.573686
0.57591337,0.576722
0.5686062,0.5750507
0.56941813,0.579765
0.5699594,0.5765333
0.5534506,0.5594789
0.529364,0.53896105
0.5288227,0.5516099
0.47983763,0.4858642
0.39215156,0.40330216
0.3023004,0.3049664
0.24167794,0.23872405
0.20703654,0.20963943
0.18592693,0.19409141
0.17537212,0.1841749
0.17699593,0.18304864
0.194046,0.20079076
0.23518267,0.2483884
0.3104195,0.31718993
0.3894452,0.39468428
0.4473613,0.45382747
0.4768606,0.48400536
0.4895805,0.49139866
0.49364007,0.49581584
0.49147496,0.4992954
0.48470905,0.49586618
0.4930988,0.4937859
0.5082544,0.5183879
0.5223275,0.52836347
0.520433,0.51978135
0.49959403,0.51295817
0.5090663,0.51950276
0.46359947,0.4718761
0.38159674,0.3870719
0.29445195,0.29982734
0.2384303,0.23481536
0.20162381,0.20643502
0.17997293,0.18167627
0.16427605,0.17526692
0.16075778,0.16642572
0.17158322,0.17430407
0.1953992,0.21672255
0.261705,0.27148813
0.34397835,0.34610015
0.41082543,0.41855797
0.45087957,0.45592573
0.4768606,0.4770115
0.49201623,0.4917578
0.4963464,0.502844
0.4993234,0.5042218
0.50771314,0.51259077
0.5309878,0.5367905
0.55372125,0.55709064
0.55318,0.5567204
0.541272,0.5429424
0.5477673,0.5556495
0.49039242,0.49379745
0.39729363,0.3998355
0.3120433,0.30794284
0.25683355,0.25607085
0.22165088,0.22231424
0.20920162,0.21354416
0.20595399,0.21133748
0.22110961,0.229268
0.26901218,0.28788483
0.35101488,0.37766302
0.4481732,0.44045612
0.50554806,0.5194334
0.5602165,0.5509939
0.61001354,0.6045369
0.64113665,0.6371697
0.6608931,0.6576438
0.67496616,0.6856718
0.6687415,0.6814716
0.66468203,0.663357
0.67036533,0.67876375
0.67496616,0.6801468
0.66441137,0.6655612
0.6405954,0.6484531
0.63924223,0.6515995
0.56914747,0.58033437
0.45737484,0.46696895
0.35967523,0.35949144
0.29445195,0.29705286
0.25818673,0.25901556
0.24086604,0.24967211
0.23247632,0.24346264
0.24682003,0.25433624
0.30094722,0.3129937
0.38294992,0.41133848
0.47225982,0.47319686
0.5255751,0.54023373
0.5661705,0.57131445
0.6024357,0.60779154
0.6224628,0.6275507
0.62895805,0.63546693
0.6443843,0.6486449
0.6430311,0.6537378
0.6359946,0.6403134
0.6311231,0.6515378
0.62598103,0.63560593
0.6092016,0.6154994
0.59296346,0.59512496
0.597023,0.60657126
0.53640056,0.5401329
0.44032475,0.44225118
0.34939107,0.352616
0.2993234,0.2919333
0.27604872,0.27153027
0.26143438,0.270272
0.258728,0.26457965
0.27631935,0.28329706
0.33071718,0.34100217
0.4189445,0.43694833
0.50392425,0.50599027
0.5577808,0.5649791
0.58619756,0.59875107
0.60703653,0.6148957
0.6105548,0.6186558
0.60351825,0.61086464
0.59837615,0.6118566
0.5864682,0.589875
0.5780785,0.5769968
0.5826793,0.5918754
0.5840325,0.6030784
0.56914747,0.58153045
0.55318,0.5584135
0.5328823,0.5645123
0.47307172,0.46705773
0.38971582,0.39130583
0.30852503,0.3104977
0.2549391,0.25973162
0.22165088,0.22983085
0.20649527,0.2117297
0.20757781,0.21123818
0.21948579,0.23594332
0.26874155,0.27760294
0.35020298,0.3686858
0.43410012,0.42961466
0.48741543,0.49014473
0.51799726,0.5255594
0.5407307,0.5438551
0.54857916,0.55333114
0.54479027,0.54942024
0.5493911,0.557951
0.5423545,0.5505355
0.53802437,0.54044306
0.53504735,0.5560199
0.53179973,0.55008173
0.51962113,0.526196
0.5074425,0.5187868
0.5166441,0.5312073
0.4533153,0.46369892
0.36075777,0.36595634
0.27523682,0.2787117
0.21677943,0.2262679
0.18457375,0.18805674
0.17158322,0.17758913
0.16887686,0.17569658
0.18592693,0.19406018
0.23518267,0.24667403
0.31312585,0.33753175
0.39458728,0.39639637
0.44790256,0.45332333
0.4820027,0.48877117
0.5098782,0.5092367
0.5169147,0.5231668
0.5104195,0.51689523
0.50771314,0.5187546
0.49228686,0.50399303
0.47496617,0.47945642
0.47253045,0.4838802
0.47253045,0.48747805
0.46278754,0.46948758
0.45764548,0.4619451
0.46414074,0.48259148
0.41380244,0.42316577
0.33856562,0.3422045
0.2592693,0.26129943
0.20162381,0.20563579
0.17131259,0.17122257
0.15399188,0.15872635
0.15155616,0.15582757
0.15615697,0.16471854
0.17699593,0.18284109
0.21542625,0.23253495
0.28768605,0.29040897
0.35832205,0.36823714
0.4051421,0.4151819
0.4224628,0.43149224
0.42895806,0.42901066
0.42110962,0.42797163
0.408931,0.41637567
0.40216509,0.40352342
0.405954,0.41354454
0.4173207,0.43057686
0.4284168,0.44443497
0.42733425,0.4309257
0.4316644,0.42942995
0.43112314,0.46061847
0.38105547,0.38426998
0.31258458,0.31508574
0.2427605,0.24432896
0.1932341,0.19423711
0.16481732,0.16521552
0.1496617,0.1516421
0.14451963,0.15000324
0.1466847,0.15319526
0.15859269,0.16259952
0.18484439,0.201094
0.24411367,0.2591924
0.32205683,0.32319838
0.38159674,0.39089054
0.42083898,0.4184257
0.43788904,0.44212914
0.43707713,0.4434649
0.42516914,0.43551463
0.41515562,0.42198464
0.41840324,0.42225665
0.43193504,0.4460844
0.44979703,0.46188188
0.45169148,0.4573847
0.44682002,0.45554855
0.45602164,0.4672201
0.394046,0.40444812
0.3082544,0.31578368
0.23788904,0.23540151
0.18755074,0.19330126
0.16319351,0.16266137
0.15399188,0.16245498
0.15480378,0.16162482
0.17834912,0.18399535
0.23788904,0.25007617
0.32151556,0.35068235
0.40649527,0.40432718
0.46224627,0.46468762
0.50284165,0.5034395
0.52828145,0.53469753
0.53179973,0.543925
0.52665764,0.5300473
0.5304465,0.53522855
0.5217862,0.5302448
0.5142084,0.51598275
0.5158322,0.528417
0.51799726,0.5372174
0.5098782,0.5161006
0.50121784,0.5116967
0.50581867,0.5183687
0.43491206,0.45022222
0.33829498,0.346271
0.25304466,0.25720406
0.1991881,0.20707536
0.17158322,0.17513937
0.15723951,0.17044334
0.15453315,0.16218138
0.17456022,0.18371473
0.22598106,0.24439472
0.30419487,0.33385786
0.38592693,0.38274375
0.4359946,0.4416905
0.46955344,0.47409436
0.49418133,0.49909952
0.5066306,0.5081183
0.51231396,0.51178443
0.5217862,0.52819014
0.51962113,0.52594924
0.5225981,0.51876736
0.529364,0.5423567
0.5377537,0.5449958
0.5355886,0.5358443
0.51989174,0.5340625
0.52801085,0.5348644
0.45872802,0.4692848
0.3610284,0.3611173
0.27659,0.27417153
0.22300406,0.22883661
0.20081191,0.19494502
0.18538566,0.19648354
0.17834912,0.18838039
0.19729364,0.20268345
0.24682003,0.2643577
0.32963464,0.35247397
0.41380244,0.4071996
0.46657646,0.4690267
0.5090663,0.5030279
0.5428958,0.5432471
0.561299,0.56274295
0.56887686,0.5700561
0.5864682,0.587798
0.591069,0.5952426
0.5924222,0.5935081
0.597023,0.6090963
0.5989175,0.6076139
0.585115,0.59161043
0.5734777,0.5736612
0.57428956,0.5888629
0.5001353,0.5084673
0.40189445,0.39973456
0.3142084,0.31337708
0.25548038,0.25872624
0.22462788,0.22447017
0.21082544,0.21536829
0.2067659,0.21310341
0.22435723,0.22981918
0.27848443,0.28961727
0.36400542,0.38715
0.44465494,0.44571885
0.49526387,0.50017333
0.5309878,0.5334618
0.5596752,0.5634023
0.56914747,0.57491124
0.5715832,0.57263637
0.5718539,0.5839499
0.5580514,0.5667964
0.5445196,0.54879546
0.5407307,0.55599535
0.54154265,0.5546807
0.5396482,0.5380181
0.54154265,0.53650725
0.53152907,0.55900145
0.46414074,0.46448103
0.37428957,0.37468964
0.2925575,0.29209545
0.24113667,0.24278936
0.21326116,0.2134133
0.20162381,0.20941132
0.197023,0.20563413
0.21326116,0.22179256
0.26792964,0.27537942
0.35317996,0.3745447
0.4359946,0.43675026
0.49201623,0.49226096
0.52124494,0.53336227
0.54722595,0.54615784
0.5556157,0.56043184
0.5496617,0.5559869
0.5466847,0.5586302
0.5309878,0.5411603
0.5106901,0.5180829
0.5036536,0.51844776
0.5014885,0.51684296
0.49607578,0.49746132
0.49607578,0.49254146
0.49120432,0.51736283
0.43897158,0.44455808
0.3623816,0.36857578
0.28173208,0.2840128
0.22625169,0.22619188
0.19485791,0.19767742
0.1805142,0.18169579
0.17374831,0.18299164
0.18105549,0.1845213
0.20514208,0.20748457
0.2427605,0.26142097
0.31366712,0.31839845
0.38890392,0.39263162
0.43355885,0.44744715
0.45142084,0.45802775
0.45548037,0.45946655
0.45169148,0.45366165
0.44384304,0.45080522
0.43139377,0.44122174
0.4300406,0.43963507
0.43788904,0.4529644
0.4511502,0.46290588
0.4519621,0.45428002
0.44871446,0.45356414
0.4549391,0.47598717
0.39972937,0.4106235
0.3242219,0.3294928
0.25169146,0.25365686
0.20595399,0.2022143
0.17266576,0.18024036
0.16156968,0.15660138
0.15453315,0.16194122
0.1556157,0.16307819
0.16508795,0.17253914
0.1886333,0.20959863
0.25223276,0.2603975
0.32882273,0.33257425
0.3872801,0.3959278
0.41840324,0.4240472
0.4405954,0.4383194
0.44871446,0.45094225
0.45142084,0.45290515
0.45602164,0.45666227
0.4668471,0.4704279
0.49228686,0.49754626
0.52503383,0.52208114
0.53125846,0.53421235
0.5304465,0.5254544
0.5369418,0.5498332
0.46035182,0.4791176
0.37050068,0.36596006
0.28876862,0.2868591
0.23788904,0.23556027
0.21028417,0.20681497
0.1932341,0.20539251
0.19485791,0.19477037
0.21244925,0.21976148
0.270636,0.27923724
0.3615697,0.38261613
0.45142084,0.44766173
0.5152909,0.51289254
0.5664411,0.56099707
0.60622466,0.6055912
0.6313938,0.6303791
0.64925575,0.6450918
0.6722598,0.6743325
0.68010825,0.6845821
0.68525034,0.6811435
0.69201624,0.70279527
0.69201624,0.7016876
0.6782138,0.68055415
0.6671177,0.66058886
0.6541272,0.67863274
0.5686062,0.58041275
0.45385656,0.45942375
0.35236806,0.3566818
0.28795668,0.2878675
0.25087956,0.25384444
0.22625169,0.24249308
0.22138025,0.22619686
0.2346414,0.24571425
0.2909337,0.30252245
0.38105547,0.4051825
0.45656294,0.47211504
0.5158322,0.51571906
0.5705007,0.56566834
0.6197564,0.6173272
0.6538566,0.65251935
0.6752368,0.67700994
0.6982409,0.7051916
0.70717186,0.7140268
0.714479,0.7078247
0.71772665,0.7338847
0.7133965,0.719578
0.6909337,0.6992341
0.6774019,0.66876745
0.6684709,0.68706894
0.57943165,0.59728694
0.46711773,0.46888924
0.37239513,0.3719582
0.3098782,0.311096
0.2782138,0.27583548
0.2600812,0.26920325
0.25439784,0.26271856
0.2714479,0.27868375
0.3369418,0.3365695
0.44005412,0.4546514
0.5117727,0.5341337
0.55669826,0.5683293
0.61001354,0.60788494
0.6652233,0.65996933
0.69661707,0.70003986
0.7188092,0.7162535
0.7458728,0.7499343
0.7520974,0.76156247
0.75372124,0.75238
0.75696886,0.7708914
0.7539919,0.7607422
0.7339648,0.7417573
0.7317997,0.711954
0.71583223,0.74749196
0.6292287,0.6419687
0.517456,0.5232762
0.4173207,0.4221523
0.3534506,0.34967935
0.32205683,0.32025975
0.30392423,0.311998
0.29201624,0.30515507
0.30284166,0.30881432
0.3623816,0.36484158
0.45304465,0.4749865
0.52151555,0.5377536
0.5615697,0.5747018
0.5918809,0.60860157
0.6105548,0.62994564
0.62192154,0.62491703
0.6181326,0.632408
0.617862,0.63167
0.60622466,0.6193484
0.5962111,0.60472727
0.5797023,0.6123582
0.565088,0.58548594
0.55020297,0.55550075
0.5542625,0.5499654
0.5466847,0.5805581
0.473613,0.4841831
0.37510148,0.39008436
0.28876862,0.2947421
0.2330176,0.24020644
0.20460081,0.20525602
0.19161029,0.1995347
0.18782137,0.19551253
0.20216508,0.21188316
0.258728,0.2609949
0.3437077,0.36466712
0.42192152,0.42715403
0.47090665,0.47607884
0.5020298,0.51104367
0.52124494,0.5283941
0.52638704,0.53067315
0.5220568,0.52706444
0.52638704,0.531734
0.5169147,0.5287956
0.5133965,0.509424
0.51258457,0.52902925
0.50771314,0.52303565
0.49742895,0.5006435
0.49661705,0.49456656
0.49012178,0.5185162
0.4292287,0.4376708
0.34749663,0.3531831
0.26603517,0.26791734
0.21271989,0.21173628
0.18078485,0.18494597
0.16373478,0.16813058
0.15453315,0.16444486
0.16021651,0.16455176
0.18376184,0.18653546
0.21759135,0.24111465
0.2841678,0.29070443
0.35615698,0.362346
0.40270635,0.414147
0.4189445,0.4294699
0.4270636,0.42490795
0.4240866,0.42913893
0.4181326,0.42299187
0.4097429,0.41747382
0.41244927,0.4207475
0.42787552,0.43740472
0.4451962,0.45377016
0.44898513,0.4482608
0.45953992,0.45036447
0.45764548,0.48947224
0.40838972,0.40864292
0.33856562,0.3416993
0.26495263,0.26764423
0.21407308,0.21261457
0.1826793,0.18381488
0.17023005,0.16843955
0.16698241,0.1702902
0.17104195,0.17456079
0.18511502,0.18679227
0.21434371,0.22668768
0.27550745,0.2905438
0.35074425,0.3535099
0.4181326,0.41869748
0.46657646,0.46049058
0.49661705,0.49447328
0.52151555,0.51032233
0.532341,0.5351709
0.5345061,0.54087436
0.54181325,0.5430592
0.5542625,0.56629133
0.5751015,0.5743418
0.58078486,0.5780721
0.5840325,0.5712484
0.55696887,0.5983253
0.49580514,0.488971
0.42056835,0.416191
0.3480379,0.342822
0.2909337,0.2967956
0.25899863,0.25594476
0.24032477,0.24234125
0.23545332,0.23362863
0.23788904,0.25391433
0.2579161,0.2993763
0.28985116,0.3509667
0.34018946,0.35655326
0.4351827,0.40631694
0.5182679,0.5113764
0.5718539,0.57453865
0.6081191,0.6084888
0.6227334,0.6293615
0.6240866,0.6375748
0.62381595,0.6266259
0.63437074,0.62207615
0.65304464,0.65354264
0.6755074,0.66658247
0.6673884,0.68858683
0.67036533,0.6683608
0.6465494,0.6432766
0.54857916,0.58004034
0.4351827,0.4333141
0.34533152,0.34358227
0.2857916,0.28563917
0.25629228,0.24807245
0.2427605,0.24133664
0.24005413,0.23712046
0.25899863,0.25759807
0.33044654,0.32726586
0.4419486,0.46318498
0.51637346,0.5123236
0.5677943,0.5579226
0.6156969,0.6108188
0.667659,0.65107083
0.7014885,0.68417907
0.72286874,0.71094036
0.74100137,0.727841
0.72828144,0.7493601
0.70906633,0.7158847
0.7198917,0.7196561
0.73125845,0.7271323
0.72341,0.7339299
0.7317997,0.7218391
0.70202976,0.7047565
0.60514206,0.63027453
0.4955345,0.48247272
0.39783493,0.40753403
0.33991882,0.33776438
0.30879566,0.30719116
0.29147497,0.29405308
0.28308526,0.28865665
0.29715833,0.30227792
0.35696888,0.3687926
0.45520973,0.48710087
0.5220568,0.5212965
0.556157,0.55721736
0.57943165,0.5928104
0.6027064,0.60794115
0.61677945,0.6207979
0.62381595,0.6247978
0.63897157,0.6419064
0.6381597,0.64919007
0.6403248,0.6352804
0.6403248,0.6658895
0.637889,0.6492783
0.62138027,0.6466557
0.6211096,0.6317866
0.594046,0.6007025
0.50419486,0.5301279
0.39783493,0.39722183
0.30879566,0.31531972
0.24925575,0.2560691
0.21705006,0.21780491
0.2,0.20458466
0.1962111,0.19971052
0.21596752,0.2157643
0.28633288,0.28759122
0.38430312,0.41711822
0.4443843,0.44517323
0.48064953,0.47182354
0.51258457,0.5085864
0.54857916,0.54097116
0.57564276,0.568496
0.591069,0.589226
0.6097429,0.6137599
0.61840326,0.6202922
0.62598103,0.6164799
0.63193506,0.64566565
0.63410014,0.6387898
0.6224628,0.64192784
0.6313938,0.6277523
0.6081191,0.60905683
0.5207037,0.53839195
0.41515562,0.40890685
0.3242219,0.32949042
0.26414073,0.26690334
0.2338295,0.23116994
0.21434371,0.2231466
0.21001354,0.20974277
0.23734777,0.22901717
0.30554804,0.31137615
0.40730718,0.4388388
0.47821382,0.47559318
0.52584577,0.51390505
0.5718539,0.56399035
0.6227334,0.60865045
0.6608931,0.6525475
0.6844384,0.6790142
0.70392424,0.7040225
0.71393776,0.71319497
0.7285521,0.7087915
0.7250338,0.74530065
0.7098782,0.71611047
0.68903923,0.7011632
0.69364005,0.68321097
0.6738836,0.67067933
0.6040595,0.61776185
0.51285523,0.5024064
0.4224628,0.42626646
0.36346415,0.35772917
0.32124493,0.33249897
0.29742897,0.2982823
0.2841678,0.29123524
0.29066306,0.29324028
0.31691474,0.3220033
0.3594046,0.38469383
0.4316644,0.43022457
0.52503383,0.51898503
0.59458727,0.5979654
0.6430311,0.63884914
0.66982406,0.6700721
0.6690122,0.6859585
0.6622463,0.66698813
0.6603518,0.6626774
0.6619756,0.65952253
0.6403248,0.68165886
0.6140731,0.6333271
0.59269285,0.6051816
0.5751015,0.59364796
0.5361299,0.5406322
0.48064953,0.4843675
0.40054128,0.40360883
0.3209743,0.32976884
0.26495263,0.26908132
0.23193505,0.23515522
0.21163735,0.21337846
0.19945873,0.20464042
0.20081191,0.19821352
0.21109608,0.21947624
0.23572396,0.253344
0.28822732,0.29647356
0.3610284,0.36810777
0.40568337,0.42265344
0.42625168,0.4308419
0.43274695,0.43273124
0.43734777,0.4317045
0.4351827,0.43540636
0.43112314,0.43139485
0.44005412,0.43089452
0.4571042,0.46634737
0.48173207,0.4822608
0.4836265,0.5061083
0.4993234,0.5040628
0.4752368,0.47663584
0.3962111,0.41422075
0.30663058,0.30804664
0.23112313,0.23802629
0.18673883,0.18573916
0.16481732,0.16494521
0.15372124,0.16150828
0.15669824,0.15593317
0.1843031,0.18517262
0.25602165,0.26044637
0.3645467,0.38269368
0.42787552,0.42819157
0.45737484,0.45511433
0.4760487,0.4812096
0.49742895,0.4924287
0.5050068,0.5092296
0.5106901,0.50787514
0.5166441,0.522146
0.51096076,0.5190729
0.5069012,0.5039569
0.5101488,0.5266706
0.5074425,0.52461433
0.51096076,0.52047676
0.5358593,0.53355396
0.5014885,0.512434
0.41190797,0.42732504
0.3179973,0.3142975
0.24303113,0.24301991
0.19566983,0.1988117
0.16941813,0.17300749
0.15507442,0.16396001
0.1564276,0.1604374
0.17943166,0.18522057
0.24763194,0.25937942
0.3572395,0.3792891
0.4173207,0.4153709
0.43870094,0.43679547
0.43978348,0.45950463
0.45872802,0.44831792
0.46711773,0.47190148
0.4633288,0.47006062
0.46901217,0.4712669
0.461705,0.47128513
0.45764548,0.4569386
0.45899865,0.4808854
0.47063598,0.4724175
0.47631934,0.4940864
0.5082544,0.50444925
0.47740188,0.49132833
0.4105548,0.4042052
0.3188092,0.3188784
0.24167794,0.24321565
0.19756427,0.19553228
0.16995941,0.17367429
0.15805142,0.16171816
0.15913397,0.16233784
0.18376184,0.18233773
0.25629228,0.25973487
0.36968878,0.38506088
0.42949933,0.42346835
0.45060894,0.44370493
0.4684709,0.46712348
0.4820027,0.48430493
0.48443842,0.48929277
0.4820027,0.4829704
0.48849797,0.49088162
0.48741543,0.49080786
0.48903924,0.4836169
0.4909337,0.5130018
0.49824086,0.5024593
0.5060893,0.5173044
0.53667116,0.52972925
0.50094724,0.5163989
0.41515562,0.42590383
0.32341,0.32049513
0.25304466,0.2477473
0.20324764,0.20863557
0.18078485,0.17673816
0.16725305,0.17225394
0.16860622,0.17177407
0.19566983,0.1924066
0.27036536,0.27297416
0.38592693,0.4017955
0.45277402,0.44501716
0.4849797,0.4724852
0.50798374,0.50704694
0.52341,0.5263432
0.5274696,0.5298312
0.5269283,0.52516854
0.5220568,0.5330174
0.517456,0.5164647
0.51907986,0.5101157
0.5242219,0.54102623
0.53477675,0.5356572
0.5339648,0.5524379
0.54993236,0.5486183
0.5223275,0.5274309
0.4405954,0.45656422
0.34776726,0.34837854
0.2663058,0.27231947
0.21759135,0.21726552
0.17889039,0.19234468
0.16508795,0.16628942
0.16617051,0.16763456
0.19079837,0.18932784
0.25358593,0.26738256
0.3585927,0.3815778
0.41921514,0.42502305
0.4427605,0.4460841
0.4541272,0.46521217
0.46035182,0.46526006
0.4592693,0.46242157
0.45087957,0.45939335
0.4495264,0.45415357
0.4376184,0.4501243
0.42598104,0.43008962
0.42516914,0.44470003
0.42083898,0.436294
0.4265223,0.43589947
0.45385656,0.45297772
0.4316644,0.4422529
0.36887687,0.38092443
0.29147497,0.29660648
0.2135318,0.22386
0.16698241,0.16501993
0.1391069,0.14713605
0.12530446,0.129257
0.122598104,0.12891102
0.13423546,0.13171577
0.16021651,0.16446838
0.20460081,0.21100673
0.27090663,0.26682884
0.33423546,0.340225
0.37104195,0.376099
0.38267928,0.38655695
0.3894452,0.38018954
0.38538566,0.3904381
0.3772666,0.37880865
0.3699594,0.37193576
0.37185386,0.3683144
0.38971582,0.40271756
0.4181326,0.42046311
0.4343708,0.439141
0.4359946,0.44943026
0.4037889,0.4048105
0.34695536,0.3510931
0.27388364,0.27736008
0.19972937,0.21087
0.15101488,0.1542555
0.1391069,0.12579179
0.12530446,0.1346305
0.11826793,0.12696204
0.11393775,0.12194581
0.1361299,0.13665895
0.16671178,0.18088147
0.2270636,0.22702588
0.29986468,0.3032811
0.33667117,0.3567713
0.3496617,0.35424092
0.34912044,0.35486543
0.34641406,0.35305429
0.3361299,0.34350735
0.32584575,0.3342282
0.3269283,0.32849503
0.35155615,0.36463064
0.3813261,0.39219585
0.40405953,0.40885946
0.43545333,0.43258682
0.4008119,0.411616
0.32286873,0.33393252
0.23897158,0.2465068
0.17239513,0.17819744
0.13748309,0.13397534
0.11962111,0.12366347
0.1150203,0.12072543
0.12016238,0.12504497
0.14749661,0.15351951
0.22435723,0.22599605
0.34560215,0.35331747
0.40541273,0.41025817
0.41921514,0.42563018
0.4224628,0.43332657
0.42760488,0.42761123
0.42516914,0.43158063
0.42598104,0.4233879
0.4248985,0.43083066
0.41677943,0.4265263
0.41488498,0.4129966
0.42354533,0.4408448
0.4443843,0.4495929
0.46792963,0.47300977
0.50040597,0.49647182
0.4571042,0.47182345
0.37320703,0.3801793
0.28308526,0.2825296
0.20189445,0.21130572
0.15480378,0.15925491
0.13775373,0.13437797
0.1315291,0.13586839
0.13125846,0.14179586
0.14939107,0.16102073
0.21867388,0.22627312
0.34695536,0.34813082
0.4127199,0.4074247
0.43464142,0.42533326
0.4495264,0.4502913
0.45656294,0.4579374
0.45899865,0.4589022
0.44925576,0.45593694
0.44600812,0.4509472
0.4351827,0.4451697
0.43031123,0.42919323
0.4376184,0.4561346
0.44492558,0.4594815
0.4660352,0.46923044
0.49797022,0.4988329
0.45602164,0.4763563
0.37347767,0.3809694
0.2833559,0.28529173
0.20622464,0.21305686
0.16508795,0.1626826
0.1428958,0.14552572
0.13477673,0.1394748
0.13288227,0.14393385
0.15723951,0.15863428
0.23220569,0.23680674
0.3526387,0.3668605
0.41190797,0.41126904
0.42625168,0.42366385
0.4300406,0.4395683
0.43734777,0.4352448
0.43626523,0.43971303
0.43193504,0.43488768
0.4324763,0.43866116
0.42516914,0.43430862
0.42138025,0.4227566
0.43139377,0.44399014
0.44790256,0.45363972
0.46414074,0.4742373
0.5014885,0.49555013
0.46116373,0.4798194
0.37916103,0.38344437
0.28768605,0.28946787
0.21515562,0.21443248
0.1729364,0.17196186
0.14451963,0.15190418
0.13937753,0.1376152
0.1428958,0.1477822
0.16508795,0.16823083
0.2397835,0.24352562
0.36048713,0.37056318
0.41705006,0.4163685
0.43870094,0.4266658
0.4451962,0.45276934
0.4600812,0.45149407
0.46062246,0.46583903
0.4579161,0.45739445
0.455751,0.46470836
0.44303113,0.454488
0.43572396,0.4369031
0.4316644,0.4562248
0.43870094,0.4474999
0.45737484,0.46330914
0.4917456,0.48864105
0.45953992,0.47230253
0.38105547,0.38797182
0.2849797,0.29329416
0.21299052,0.21174224
0.17347768,0.17119208
0.14776725,0.15652834
0.14235453,0.14249635
0.14451963,0.15117134
0.16806495,0.17230289
0.2397835,0.24586898
0.3594046,0.36771578
0.42083898,0.4224184
0.43545333,0.43709645
0.43410012,0.44882616
0.42598104,0.4344472
0.4181326,0.4186624
0.408931,0.41408175
0.40324762,0.40905425
0.38890392,0.3995381
0.37645468,0.3809404
0.3797023,0.3942397
0.39458728,0.398433
0.41975644,0.42186055
0.45142084,0.4517921
0.42354533,0.4368343
0.36671177,0.37011108
0.2901218,0.2958713
0.21759135,0.22132371
0.1729364,0.17173348
0.1496617,0.15472202
0.14018944,0.14289026
0.13179973,0.14556943
0.14424899,0.13902554
0.17537212,0.1776816
0.22841679,0.23323488
0.29824087,0.2901773
0.3661705,0.3602324
0.39594045,0.40656778
0.40108255,0.4055374
0.39133966,0.39624134
0.37672532,0.38482055
0.35886332,0.36813903
0.3480379,0.3503111
0.35020298,0.35057208
0.36292288,0.3805901
0.38592693,0.3922766
0.4105548,0.41157523
0.4270636,0.44095144
0.39296347,0.40751967
0.33504736,0.34148932
0.2638701,0.27050883
0.19458728,0.20358673
0.15805142,0.15453799
0.13288227,0.13674323
0.12232747,0.12405928
0.118538566,0.12263238
0.12422192,0.124816656
0.1450609,0.14965531
0.1864682,0.1890862
0.24330176,0.25190112
0.31447902,0.31541836
0.3594046,0.36823982
0.3840325,0.37988365
0.3962111,0.394601
0.40270635,0.400805
0.4,0.40408832
0.39675236,0.39909327
0.40108255,0.40067333
0.4257104,0.42599836
0.4511502,0.4515418
0.4787551,0.4733782
0.4849797,0.5046159
0.43734777,0.45279548
0.35913396,0.37326598
0.2806495,0.28413272
0.21813262,0.21722242
0.17645466,0.17723915
0.15453315,0.15626399
0.15588634,0.14800307
0.15372124,0.16188005
0.17726658,0.1806525
0.24763194,0.25022233
0.36075777,0.37500778
0.42002708,0.42780116
0.45006767,0.4455467
0.46657646,0.4754929
0.4811908,0.48087397
0.485521,0.49242434
0.47740188,0.48696965
0.46630582,0.47957015
0.44790256,0.46220335
0.4414073,0.4394935
0.44546685,0.46475142
0.46522328,0.46802816
0.48768607,0.49214873
0.5090663,0.51170206
0.455751,0.4781755
0.37564275,0.3823171
0.28633288,0.2918938
0.21326116,0.21732779
0.16806495,0.17375068
0.1480379,0.14869262
0.14046007,0.14626664
0.14154263,0.15002677
0.16184032,0.16937706
0.23355886,0.24094036
0.3548038,0.36591566
0.41028416,0.4135585
0.41786197,0.42332083
0.42543977,0.4318536
0.43572396,0.43450817
0.44032475,0.4395745
0.4368065,0.44034693
0.43815967,0.4418802
0.42976996,0.43915513
0.42598104,0.42731503
0.4324763,0.45130298
0.4549391,0.45255643
0.4836265,0.4845769
0.50933695,0.5152471
0.46062246,0.48261365
0.3805142,0.3816423
0.2857916,0.29200512
0.2135318,0.21211751
0.16725305,0.17142385
0.138295,0.14549194
0.13071719,0.1308353
0.13450609,0.1397464
0.16454668,0.1625072
0.23653586,0.2447392
0.35453317,0.36787164
0.4105548,0.41104022
0.42516914,0.42105106
0.43301758,0.43896875
0.42868742,0.44257748
0.44979703,0.42584062
0.4368065,0.46041122
0.44086602,0.43680185
0.42976996,0.44576344
0.4216509,0.42455146
0.42760488,0.44264615
0.44330177,0.44787955
0.47090665,0.47005525
0.5014885,0.5038246
0.45737484,0.4766256
0.37943166,0.3798075
0.28389716,0.2911597
0.21488498,0.20896623
0.16589986,0.1734654
0.14424899,0.14339775
0.13748309,0.13938986
0.13667117,0.14722198
0.15832205,0.16108254
0.2308525,0.23752949
0.3594046,0.3600948
0.41596752,0.41912064
0.4316644,0.42491785
0.4351827,0.4447245
0.44167796,0.44051722
0.4392422,0.4434472
0.42868742,0.43786153
0.42949933,0.4304362
0.42354533,0.43194488
0.42354533,0.42077827
0.42625168,0.44701782
0.44303113,0.44508883
0.47983763,0.47103372
0.50717187,0.5126108
0.46197563,0.4785854
0.382138,0.3855774
0.28849798,0.29353106
0.21190798,0.21396941
0.16995941,0.16770673
0.16102841,0.15006034
0.15480378,0.16273054
0.15507442,0.16124946
0.17699593,0.17945813
0.24682003,0.25144053
0.36400542,0.37434018
0.41759133,0.4242941
0.43410012,0.42987958
0.44330177,0.44929102
0.45385656,0.44996944
0.45683357,0.45854524
0.4549391,0.45835266
0.46116373,0.46552876
0.4541272,0.46571627
0.4473613,0.45162335
0.44790256,0.46728536
0.45358592,0.4531571
0.46495265,0.47018898
0.48525032,0.4929441
0.44979703,0.46400604
0.3894452,0.3875831
0.31150204,0.3124652
0.23924223,0.23804279
0.1856563,0.1909809
0.16021651,0.16300048
0.14776725,0.15078764
0.14073072,0.1479929
0.1488498,0.14797166
0.17645466,0.17772788
0.22273342,0.23334508
0.2866035,0.28576604
0.35155615,0.35278952
0.38836265,0.394661
0.39810556,0.4079141
0.40027064,0.39866772
0.3991881,0.4016912
0.39675236,0.3979681
0.39539918,0.39832836
0.40405953,0.40210626
0.42002708,0.43090823
0.44113666,0.44083223
0.45845738,0.45734575
0.4752368,0.4858178
0.43707713,0.45410934
0.37753722,0.37657258
0.30257103,0.30121517
0.23518267,0.23429647
0.18240866,0.18948975
0.15480378,0.15182833
0.14154263,0.1402879
0.138295,0.13764983
0.14073072,0.14123964
0.15751015,0.16439596
0.18971583,0.20183566
0.24465494,0.2522595
0.31474966,0.31678018
0.36427605,0.36923295
0.3872801,0.39312416
0.39864683,0.39791435
0.4097429,0.40612802
0.41677943,0.41551176
0.42192152,0.42110276
0.4359946,0.42776302
0.45872802,0.46379545
0.49201623,0.48084107
0.52476317,0.51516044
0.52124494,0.5475147
0.4600812,0.47810096
0.3924222,0.38161007
0.3098782,0.30838317
0.2384303,0.23748681
0.19512855,0.19037679
0.16644114,0.1714185
0.16238159,0.15741311
0.16048715,0.16433927
0.1843031,0.1858061
0.25629228,0.25597256
0.37997293,0.38258326
0.43653587,0.44588867
0.461705,0.45871872
0.48335588,0.4863807
0.49959403,0.5026696
0.5047361,0.5108981
0.5074425,0.50858986
0.5104195,0.5182253
0.50554806,0.5121647
0.49986467,0.49994093
0.5006766,0.5188738
0.5223275,0.51558924
0.5493911,0.5452497
0.54343706,0.56230783
0.48579162,0.49737653
0.4,0.41024753
0.3098782,0.30886993
0.23572396,0.23625483
0.18619756,0.1928804
0.16752368,0.16354531
0.15480378,0.16481134
0.15696888,0.16199908
0.17916103,0.18477157
0.25142083,0.25922483
0.37564275,0.3850866
0.44113666,0.43545094
0.45548037,0.45587024
0.47117728,0.47119385
0.4811908,0.48566827
0.48254398,0.48416662
0.47171855,0.4799126
0.4692828,0.47335777
0.45548037,0.4682373
0.45060894,0.44669655
0.45737484,0.47584996
0.48416778,0.47732463
0.5274696,0.51378214
0.52990526,0.5533614
0.47334236,0.4906042
0.397023,0.39910144
0.30473614,0.3091824
0.23031123,0.23196673
0.18592693,0.1870833
0.16671178,0.16422433
0.1556157,0.16529971
0.15696888,0.16467506
0.17699593,0.18549262
0.24627875,0.25219828
0.36968878,0.38620216
0.43788904,0.43388703
0.455751,0.44990858
0.4700947,0.472844
0.47902572,0.48444068
0.47983763,0.4807572
0.47307172,0.4739876
0.47063598,0.4791883
0.46035182,0.4675676
0.45764548,0.4523083
0.4625169,0.48443744
0.48741543,0.49817935
0.51989174,0.53908247
0.5171854,0.51509935
0.46630582,0.48976597
0.3916103,0.40023443
0.30284166,0.30556652
0.2338295,0.23363876
0.18998647,0.1917166
0.16887686,0.16913974
0.15751015,0.16592751
0.16021651,0.16749988
0.18132612,0.18717049
0.25602165,0.25773066
0.3780785,0.39856222
0.43951285,0.4401011
0.44925576,0.44915065
0.455751,0.4638892
0.45439783,0.46493623
0.44871446,0.45322374
0.44005412,0.4432139
0.4419486,0.44598454
0.43193504,0.4438879
0.42868742,0.4270164
0.43328822,0.45504817
0.45060894,0.4668983
0.49120432,0.50082445
0.508525,0.49730495
0.46522328,0.48895136
0.39783493,0.39929703
0.30500677,0.3114828
0.23599459,0.23286602
0.18511502,0.19374305
0.16589986,0.16214259
0.15020297,0.16517325
0.15372124,0.15810648
0.17320703,0.18073247
0.24330176,0.24541155
0.35967523,0.38123184
0.4173207,0.42185175
0.44303113,0.42827788
0.45223275,0.46237868
0.4473613,0.46068606
0.43978348,0.44589368
0.4308525,0.43682218
0.42543977,0.43641254
0.41001353,0.42233488
0.40216509,0.40285116
0.4127199,0.42478535
0.42976996,0.44275576
0.46630582,0.47802964
0.4700947,0.46917966
0.43464142,0.45144185
0.3788904,0.38187256
0.30500677,0.30611998
0.2338295,0.23680449
0.18078485,0.18810776
0.15696888,0.15470062
0.1466847,0.14925049
0.14397834,0.15089905
0.15047361,0.15531954
0.1767253,0.18289986
0.22733423,0.24754906
0.2933694,0.29311728
0.36129904,0.35536927
0.405954,0.4060098
0.42354533,0.42831984
0.4265223,0.4283844
0.42110962,0.42813772
0.41082543,0.41617545
0.4037889,0.40771195
0.40351826,0.4033017
0.4173207,0.43350956
0.44546685,0.45734686
0.46305817,0.48656797
0.44086602,0.44891128
0.40487143,0.41058543
0.34993234,0.35984492
0.28010824,0.28212523
0.22002706,0.22275612
0.17104195,0.1806491
0.14776725,0.1458128
0.1331529,0.1415983
0.12584573,0.13713506
0.12746955,0.13540626
0.14939107,0.15105775
0.18673883,0.20814773
0.2435724,0.25261623
0.31231394,0.31345016
0.35317996,0.3704594
0.36292288,0.37492123
0.35805142,0.36726958
0.35128552,0.35862595
0.3377537,0.3472295
0.32909337,0.33498085
0.33558863,0.33275253
0.36129904,0.37178013
0.405954,0.4109778
0.44898513,0.4635823
0.44790256,0.4490592
0.41407308,0.4220601
0.34830853,0.35601467
0.270636,0.27038512
0.20514208,0.21020488
0.16102841,0.16703352
0.14370771,0.14159748
0.13883626,0.14168848
0.14316644,0.14957121
0.16860622,0.17511386
0.24627875,0.24602163
0.37834913,0.38671154
0.43815967,0.4407042
0.4427605,0.44661793
0.44411367,0.45439595
0.44627875,0.44878358
0.44546685,0.44817802
0.43788904,0.44270954
0.43707713,0.4426213
0.43193504,0.438949
0.43112314,0.4307723
0.43410012,0.45835215
0.45737484,0.47311145
0.5087957,0.5133997
0.5171854,0.5127312
0.46116373,0.4875924
0.38105547,0.38963118
0.28958052,0.29167682
0.21488498,0.21844423
0.17185386,0.17086908
0.1594046,0.15216349
0.1488498,0.16400541
0.1526387,0.1590835
0.17537212,0.18497916
0.24709067,0.25124943
0.37320703,0.3877612
0.4414073,0.43631282
0.4579161,0.4486409
0.47198918,0.4745763
0.4828146,0.48641637
0.4803789,0.48872003
0.47090665,0.4760349
0.47198918,0.4781861
0.45899865,0.47151098
0.44898513,0.45293465
0.4571042,0.4701048
0.47713125,0.48930544
0.51962113,0.52504957
0.51799726,0.52573943
0.46982408,0.49284422
0.39350474,0.4061847
0.29905277,0.30703735
0.23328823,0.23004541
0.18403247,0.19471274
0.16833559,0.15960076
0.15696888,0.16700096
0.15426251,0.16630957
0.17916103,0.1809989
0.25520974,0.25460362
0.3848444,0.39761594
0.45006767,0.45534563
0.45872802,0.46168455
0.4684709,0.47556457
0.48064953,0.4820429
0.4820027,0.48738712
0.4787551,0.47800478
0.47253045,0.48822704
0.45385656,0.46766064
0.45087957,0.44677022
0.45250338,0.47534594
0.46901217,0.48019847
0.5150203,0.5180118
0.51231396,0.52012765
0.46522328,0.48512512
0.3932341,0.40137386
0.3001353,0.30632144
0.22868742,0.2297318
0.18376184,0.18611592
0.16562922,0.1617027
0.15399188,0.16409475
0.15399188,0.16289186
0.17753722,0.18010676
0.24979702,0.25577855
0.37320703,0.3909311
0.42760488,0.4348412
0.43491206,0.43395594
0.43058187,0.44868293
0.43788904,0.4347785
0.43870094,0.44148397
0.4338295,0.4369823
0.43410012,0.4417119
0.4216509,0.43385026
0.4121786,0.41588196
0.42462787,0.4361224
0.45548037,0.46495464
0.50392425,0.51298237
0.5047361,0.50658214
0.46441138,0.47716126
0.3902571,0.4011391
0.30202976,0.3008146
0.23247632,0.2317809
0.18484439,0.18987738
0.16184032,0.16299355
0.15290934,0.15985791
0.15399188,0.16284645
0.17320703,0.18053977
0.24303113,0.2476323
0.36508796,0.38051945
0.43112314,0.42700076
0.44573748,0.44230637
0.4443843,0.4592279
0.44303113,0.44896397
0.44113666,0.44394863
0.43274695,0.43826976
0.42679295,0.43705946
0.4135318,0.42265174
0.40622464,0.40567645
0.40784845,0.43187222
0.42949933,0.4392558
0.48010826,0.48140013
0.47767252,0.48072493
0.44005412,0.45246318
0.38240865,0.3891309
0.3060893,0.30902725
0.23545332,0.23733655
0.18376184,0.19059159
0.15778078,0.16066968
0.14479026,0.15090285
0.14397834,0.14962617
0.15236807,0.15694599
0.1826793,0.18601519
0.23112313,0.25429344
0.29986468,0.29319787
0.36725304,0.3604429
0.41082543,0.40911344
0.42219216,0.4312608
0.41380244,0.42307404
0.3948579,0.40936193
0.36806494,0.38295832
0.3437077,0.35877725
0.33829498,0.33920214
0.35290933,0.36974382
0.38917455,0.40119666
0.44384304,0.44349733
0.44221923,0.44462052
0.40405953,0.41345823
0.35426253,0.35771546
0.2968877,0.28805622
0.22949933,0.24056605
0.18484439,0.18685299
0.16102841,0.16386224
0.14776725,0.15566501
0.14993234,0.15131271
0.15669824,0.16206521
0.17889039,0.18618122
0.21786198,0.24053642
0.28146145,0.2798164
0.34857917,0.3453027
0.3788904,0.39788797
0.37401894,0.39014426
0.35696888,0.36879936
0.33991882,0.35083675
0.32313937,0.3308701
0.3179973,0.32083815
0.31962112,0.32683238
0.34533152,0.3588788
0.39052776,0.40205523
0.45385656,0.45621908
0.44979703,0.46228078
0.40568337,0.4187247
0.33991882,0.34652668
0.27009472,0.26738492
0.20514208,0.21309173
0.16698241,0.1675263
0.15453315,0.15253966
0.1496617,0.15594928
0.1458728,0.16235608
0.16373478,0.17545834
0.2240866,0.2361121
0.32341,0.35342935
0.3983762,0.3814472
0.44411367,0.4231374
0.45899865,0.46796995
0.46414074,0.46426514
0.45818675,0.46427354
0.44384304,0.4506609
0.43788904,0.44561535
0.42814615,0.4373698
0.42273343,0.42409799
0.4338295,0.44930688
0.47171855,0.4796595
0.5255751,0.53070474
0.5074425,0.5235623
0.4503383,0.46724424
0.38078484,0.3825562
0.28958052,0.2939899
0.22165088,0.2176549
0.17889039,0.17961092
0.15994588,0.15910818
0.14749661,0.160933
0.1331529,0.15487225
0.1594046,0.1570105
0.2338295,0.23599207
0.36373478,0.3775633
0.42760488,0.4334828
0.43734777,0.4394367
0.44248986,0.45560208
0.44790256,0.4514306
0.4519621,0.4563509
0.45060894,0.45216557
0.45169148,0.4613329
0.44465494,0.452404
0.43815967,0.4464176
0.44384304,0.46077266
0.46711773,0.4729151
0.52449256,0.5134312
0.5150203,0.536415
0.45953992,0.48883286
0.38673884,0.39880434
0.2960758,0.30622992
0.22273342,0.22881755
0.1797023,0.18160151
0.15994588,0.15472992
0.14830853,0.1563762
0.14857917,0.15590623
0.16995941,0.1746915
0.24248984,0.24448621
0.3686062,0.38130087
0.42895806,0.4401368
0.44546685,0.44194508
0.46224627,0.46847793
0.4820027,0.4808072
0.48525032,0.49870017
0.4849797,0.48470166
0.48606226,0.4980369
0.47848445,0.4859308
0.47198918,0.47812918
0.4752368,0.49196997
0.49959403,0.4974741
0.55372125,0.5451642
0.5404601,0.5597087
0.49147496,0.5116582
0.4156969,0.43568024
0.32151556,0.33390102
0.24898511,0.25158685
0.20351827,0.20689592
0.17916103,0.17610563
0.16779432,0.17206143
0.16887686,0.17574444
0.19133964,0.19422966
0.26224628,0.26489213
0.3962111,0.3995026
0.46495265,0.4748275
0.48903924,0.48114762
0.5023004,0.5148607
0.5207037,0.5185697
0.52476317,0.534459
0.520433,0.52367556
0.5225981,0.530663
0.5133965,0.5233667
0.50933695,0.50728285
0.51312584,0.52908134
0.5445196,0.5359955
0.5669824,0.59187496
0.5407307,0.5538537
0.4871448,0.50883144
0.4121786,0.42853436
0.32665765,0.33016354
0.25277403,0.25924325
0.2,0.20923279
0.1856563,0.17290887
0.17320703,0.18561965
0.16941813,0.18347418
0.1864682,0.19247217
0.2541272,0.25699708
0.37672532,0.3918384
0.4376184,0.45190385
0.46197563,0.4552218
0.47253045,0.48702917
0.4828146,0.48551348
0.4849797,0.48995787
0.47117728,0.4853243
0.46441138,0.47350603
0.44898513,0.46198827
0.43301758,0.4415213
0.42814615,0.44895324
0.44221923,0.44613668
0.48254398,0.48435363
0.46820027,0.48269314
0.42733425,0.4472209
0.36968878,0.38037616
0.2985115,0.3034315
0.22949933,0.23616895
0.17726658,0.18561748
0.15290934,0.1521799
0.13775373,0.14480639
0.13342355,0.14093092
0.1420839,0.14225154
0.17131259,0.17399426
0.22571042,0.24169461
0.29120433,0.2960602
0.34830853,0.35469314
0.38457376,0.39106798
0.39945874,0.40408778
0.39756426,0.4048858
0.3916103,0.3961928
0.3805142,0.38537675
0.36671177,0.37728766
0.36129904,0.36652768
0.37104195,0.38777643
0.4051421,0.4110017
0.44411367,0.4536684
0.42002708,0.43950444
0.38376185,0.39136383
0.33396482,0.34174728
0.2722598,0.26977772
0.20622464,0.21792272
0.16184032,0.1648323
0.13504736,0.13947934
0.12232747,0.12842703
0.11935047,0.12545215
0.12232747,0.12923421
0.14235453,0.1465589
0.18240866,0.19828014
0.23572396,0.24802238
0.30473614,0.3017968
0.3518268,0.3601731
0.3669824,0.37594232
0.36752367,0.37139243
0.3653586,0.3691325
0.35290933,0.3630889
0.34641406,0.35061938
0.3610284,0.34839517
0.40108255,0.4017096
0.45818675,0.4585956
0.4993234,0.50811493
0.47334236,0.4843066
0.42625168,0.43080035
0.35074425,0.36405098
0.27550745,0.27148703
0.21109608,0.21515134
0.17131259,0.17261031
0.15751015,0.15427229
0.1518268,0.15633437
0.15426251,0.1640257
0.18240866,0.18455687
0.26143438,0.26168728
0.39810556,0.40386602
0.46197563,0.46082428
0.46549392,0.4693927
0.4638701,0.4778787
0.46738836,0.46630147
0.45899865,0.4705862
0.44411367,0.4493415
0.43653587,0.44588736
0.42110962,0.43629834
0.4113667,0.4158083
0.43355885,0.44167176
0.48389715,0.48785034
0.53856564,0.5408555
0.51772666,0.53206694
0.47253045,0.47653446
0.3948579,0.41217223
0.30338296,0.3043055
0.22895806,0.23197316
0.1856563,0.18548077
0.16887686,0.16821885
0.15805142,0.1716201
0.15832205,0.16980001
0.17889039,0.18885505
0.24113667,0.2568888
0.37483084,0.37706432
0.43978348,0.43899235
0.44709066,0.4438804
0.45385656,0.4588212
0.46576455,0.4623713
0.46792963,0.4707068
0.46197563,0.46141693
0.46359947,0.4682895
0.4503383,0.46494752
0.4519621,0.44275436
0.4744249,0.48689622
0.5171854,0.5230026
0.54533154,0.5642147
0.5158322,0.5297033
0.46576455,0.47667098
0.38700947,0.40245235
0.2925575,0.29687148
0.21894452,0.22266608
0.17699593,0.17819846
0.15615697,0.15845174
0.14560217,0.15432252
0.1480379,0.15619849
0.17347768,0.17680515
0.24546684,0.2528618
0.37861976,0.387475
0.44925576,0.44425
0.4633288,0.45694003
0.4760487,0.47739133
0.48525032,0.48846546
0.47848445,0.48649392
0.467659,0.46677545
0.46982408,0.4726464
0.45953992,0.46925613
0.46657646,0.45004353
0.48741543,0.50142
0.52584577,0.53183854
0.55020297,0.56948996
0.517456,0.5304586
0.46630582,0.47691455
0.38782138,0.4025071
0.30094722,0.29763988
0.22922869,0.23321614
0.18484439,0.18772945
0.16535859,0.16580723
0.15345061,0.16382962
0.1526387,0.16515967
0.17916103,0.17883241
0.25142083,0.2606532
0.38592693,0.39441207
0.46143436,0.45159993
0.47577807,0.47074938
0.49120432,0.48765737
0.5044655,0.504462
0.5074425,0.50432336
0.49661705,0.49924967
0.49147496,0.4995925
0.47983763,0.48563746
0.4752368,0.4688969
0.49201623,0.50306726
0.52584577,0.5343112
0.54479027,0.56801677
0.5152909,0.5252998
0.46711773,0.47910982
0.38863328,0.40662935
0.30121785,0.30197904
0.23815967,0.23404309
0.19377537,0.19965333
0.17347768,0.17564707
0.16021651,0.17322117
0.16075778,0.17169885
0.18457375,0.1874938
0.25520974,0.26285335
0.38105547,0.39634743
0.45439783,0.44847354
0.47225982,0.4690294
0.479567,0.4869165
0.4863329,0.48798916
0.48741543,0.48908746
0.4728011,0.4806848
0.46305817,0.47151235
0.45087957,0.45584935
0.44167796,0.44181705
0.4495264,0.4671133
0.4787551,0.48491582
0.5001353,0.5227033
0.47713125,0.4832053
0.44682002,0.45140597
0.39188093,0.40337488
0.31637347,0.3200159
0.24573748,0.24997802
0.19485791,0.20240141
0.1594046,0.17275155
0.14343707,0.14927903
0.1391069,0.14828208
0.1480379,0.15115052
0.17916103,0.18282872
0.23626523,0.2510117
0.2976996,0.3042053
0.34857917,0.35856575
0.3677943,0.38902733
0.36752367,0.37693235
0.36508796,0.3672969
0.35588634,0.36456525
0.3361299,0.34885615
0.31962112,0.33209535
0.3225981,0.32247698
0.3428958,0.35842732
0.38294992,0.39332914
0.42976996,0.43690416
0.4051421,0.42913154
0.36968878,0.37850708
0.32205683,0.32889825
0.26332882,0.25947323
0.20730717,0.21032418
0.16589986,0.1700446
0.14424899,0.14439438
0.12882273,0.13999262
0.12611638,0.13079764
0.12909336,0.13577864
0.1488498,0.15386558
0.18782137,0.2042462
0.2435724,0.2514335
0.3098782,0.30658427
0.3572395,0.36210597
0.37780786,0.3802939
0.38240865,0.38598838
0.38105547,0.38516274
0.3645467,0.37937778
0.3504736,0.36082023
0.3572395,0.35055065
0.3856563,0.39560983
0.43464142,0.4385348
0.4909337,0.48917106
0.4684709,0.48394725
0.41975644,0.42652538
0.34641406,0.3586929
0.2684709,0.26804626
0.20541272,0.20813453
0.16617051,0.16799
0.14857917,0.14931948
0.14046007,0.1461963
0.14451963,0.15103526
0.17050068,0.17671764
0.24790257,0.24772325
0.38457376,0.38915357
0.45006767,0.45040348
0.45277402,0.4602321
0.45764548,0.46542463
0.46414074,0.4656177
0.45304465,0.4674903
0.43464142,0.44246235
0.42814615,0.43445775
0.4127199,0.4277956
0.40947226,0.40757105
0.42976996,0.44160485
0.48146144,0.4814969
0.5326116,0.54066736
0.5098782,0.5253904
0.46495265,0.4694501
0.38673884,0.4059408
0.30284166,0.29778895
0.23112313,0.23464367
0.18890393,0.18948942
0.16562922,0.17236227
0.15345061,0.16534105
0.15399188,0.1643229
0.18105549,0.18465364
0.255751,0.26270932
0.38700947,0.39942852
0.45737484,0.44701812
0.46278754,0.4604288
0.4714479,0.47020885
0.46359947,0.48116046
0.4600812,0.45772043
0.4495264,0.4538524
0.4405954,0.4539747
0.4343708,0.43769303
0.42814615,0.4327784
0.43626523,0.45688793
0.49418133,0.47917703
0.538295,0.5557482
0.5152909,0.5289475
0.46657646,0.47855398
0.38998646,0.40363958
0.30121785,0.29919657
0.22841679,0.23208244
0.18538566,0.18545236
0.16373478,0.16426358
0.15128551,0.16108978
0.15345061,0.16033266
0.17943166,0.18243077
0.25087956,0.25729278
0.38024357,0.3906562
0.4533153,0.44229928
0.461705,0.46074817
0.46820027,0.4708723
0.47469553,0.47733995
0.46657646,0.474884
0.4592693,0.45702532
0.4592693,0.4666069
0.44492558,0.4590267
0.44465494,0.43693098
0.4728011,0.4748974
0.5182679,0.5219992
0.52963465,0.56836116
0.5052774,0.50966084
0.46305817,0.47229823
0.38836265,0.40140453
0.29878214,0.29868898
0.2278755,0.22989132
0.18755074,0.18606487
0.16427605,0.16972142
0.15290934,0.16133511
0.15588634,0.16389152
0.1826793,0.18367508
0.255751,0.26445162
0.3948579,0.39805475
0.46224627,0.45967153
0.46359947,0.4664003
0.46657646,0.47053048
0.45358592,0.4727129
0.4427605,0.44331506
0.42868742,0.43548492
0.4284168,0.43173
0.41975644,0.4299414
0.41677943,0.4164938
0.43112314,0.44669196
0.47253045,0.47497675
0.51962113,0.5284746
0.5052774,0.5150419
0.4752368,0.47412732
0.4075778,0.41897982
0.31691474,0.3180336
0.2443843,0.24570629
0.20595399,0.20150673
0.17916103,0.18973495
0.16806495,0.17535938
0.16995941,0.17844118
0.19377537,0.19654164
0.27117726,0.26966774
0.4046008,0.4125006
0.46657646,0.46498367
0.46792963,0.46748182
0.46224627,0.4740161
0.4495264,0.46214887
0.43653587,0.44177806
0.4216509,0.42881677
0.4143437,0.42317256
0.39945874,0.4127571
0.40108255,0.39333072
0.41867387,0.4356425
0.44005412,0.46349135
0.44790256,0.49017462
0.42300406,0.44099626
0.40703654,0.4063385
0.3602165,0.3745026
0.29309878,0.29768425
0.2308525,0.23143038
0.1902571,0.19296534
0.16860622,0.16754656
0.15669824,0.1594175
0.15453315,0.16369015
0.16454668,0.16729619
0.19188093,0.20498888
0.2443843,0.25229323
0.31366712,0.30805424
0.3729364,0.37261644
0.4181326,0.40878722
0.43978348,0.4344094
0.4473613,0.44125125
0.4405954,0.4398162
0.43193504,0.43055207
0.4270636,0.42998454
0.43058187,0.43464962
0.45439783,0.50448644
0.48849797,0.49887463
0.49418133,0.4852535
0.45818675,0.47435728
0.42354533,0.43182853
0.3686062,0.38401684
0.30311233,0.30397072
0.2414073,0.2439299
0.20433018,0.20198512
0.17266576,0.17971304
0.16238159,0.15818684
0.16265224,0.16653264
0.17564276,0.17491327
0.20811908,0.21374002
0.26874155,0.27062118
0.34316644,0.3432812
0.41380244,0.40705997
0.4519621,0.45570597
0.46901217,0.4674551
0.47577807,0.47121194
0.46278754,0.47068438
0.4451962,0.4491311
0.4308525,0.438176
0.43626523,0.4395853
0.47171855,0.51745355
0.51258457,0.52467465
0.4909337,0.5115479
0.4443843,0.46026406
0.40568337,0.41228625
0.33829498,0.3575769
0.2654939,0.27338788
0.21596752,0.21327397
0.18673883,0.1874198
0.17212449,0.16994503
0.16562922,0.17355725
0.17131259,0.17841356
0.20351827,0.20713489
0.28525034,0.29369166
0.40324762,0.42596948
0.44330177,0.46705198
0.44763193,0.45302692
0.44790256,0.45889032
0.4473613,0.45061645
0.44411367,0.44491062
0.42598104,0.43295652
0.42381597,0.4195611
0.42083898,0.42328086
0.4392422,0.43256998
0.48660353,0.5173614
0.5599459,0.5431812
0.5510149,0.5666927
0.51935047,0.5182395
0.47631934,0.48673886
0.39350474,0.41711098
0.31096077,0.30832064
0.2473613,0.24496678
0.20974289,0.20944826
0.19133964,0.18708672
0.18619756,0.18974966
0.18971583,0.1967417
0.2202977,0.22461447
0.2993234,0.3066206
0.41975644,0.43615025
0.46305817,0.46604067
0.47090665,0.4572499
0.46630582,0.4769519
0.47225982,0.46657944
0.46305817,0.47410414
0.4503383,0.4526361
0.4503383,0.4536831
0.44086602,0.45073736
0.44979703,0.44809678
0.5023004,0.5222765
0.5480379,0.56176317
0.5355886,0.543278
0.5106901,0.50644904
0.46711773,0.47767767
0.38511503,0.40258107
0.29878214,0.29491785
0.23491204,0.2282775
0.19675237,0.1945792
0.17537212,0.17389563
0.16562922,0.1687548
0.16725305,0.17437789
0.19431664,0.1989083
0.26143438,0.28095973
0.38863328,0.3924757
0.44303113,0.4457389
0.45142084,0.44644794
0.45060894,0.4617673
0.44871446,0.45441854
0.44032475,0.44725645
0.42381597,0.43104258
0.41948578,0.42397705
0.41109607,0.41844338
0.41407308,0.42311522
0.46711773,0.48457542
0.538295,0.52635026
0.532341,0.5477812
0.49905276,0.50284183
0.4495264,0.46545616
0.37023005,0.38775152
0.2811908,0.28598845
0.22435723,0.21248347
0.1864682,0.18610804
0.16075778,0.16601753
0.14939107,0.15169647
0.1526387,0.15713678
0.18159676,0.18372956
0.2630582,0.26980686
0.39566982,0.40293655
0.45764548,0.4522051
0.46495265,0.45878932
0.4638701,0.47041884
0.46441138,0.4648105
0.46549392,0.46070105
0.45439783,0.45860615
0.46035182,0.4552808
0.45737484,0.46154478
0.47171855,0.46502808
0.5209743,0.5477333
0.5610284,0.5756229
0.5488498,0.5573567
0.5090663,0.5175644
0.46441138,0.47196242
0.38782138,0.40500563
0.2985115,0.30215126
0.24465494,0.22776304
0.20405954,0.2085441
0.18105549,0.18092726
0.17131259,0.17402881
0.17212449,0.18039474
0.194046,0.2027065
0.26332882,0.27520636
0.38105547,0.3944516
0.43897158,0.4426405
0.461705,0.44883144
0.4760487,0.47777614
0.4849797,0.48435616
0.48010826,0.4861444
0.4684709,0.46843356
0.46414074,0.46756294
0.4562923,0.46143538
0.4633288,0.4611747
0.52341,0.5350554
0.561299,0.576908
0.54316646,0.5499116
0.51096076,0.5078852
0.47713125,0.4829463
0.4165088,0.4291642
0.347226,0.3421916
0.2841678,0.28047743
0.24086604,0.24040559
0.21786198,0.21465497
0.2067659,0.20853215
0.20460081,0.21451448
0.22002706,0.21711916
0.25439784,0.27045774
0.3098782,0.3281747
0.3677943,0.37126774
0.41596752,0.4228941
0.42787552,0.45222488
0.4232747,0.4305469
0.40947226,0.41870552
0.38592693,0.39767265
0.36968878,0.37404722
0.36752367,0.37005216
0.38376185,0.38870484
0.45656294,0.47199783
0.5185386,0.5262325
0.49499324,0.51707304
0.45818675,0.4616035
0.4240866,0.4365851
0.37997293,0.3826563
0.30121785,0.31835556
0.24492557,0.23687148
0.20351827,0.20835057
0.17780785,0.17755505
0.16373478,0.16580974
0.16156968,0.16694972
0.16644114,0.17034692
0.18755074,0.19786301
0.22976996,0.23730497
0.28876862,0.29336497
0.34912044,0.3520288
0.3797023,0.39269567
0.3864682,0.39341053
0.38971582,0.390128
0.3745602,0.3906761
0.35886332,0.36561453
0.3564276,0.3593374
0.37483084,0.38020557
0.4495264,0.46599594
0.5217862,0.52139163
0.5017591,0.51773
0.46711773,0.46524048
0.41840324,0.43670648
0.34397835,0.36001468
0.27117726,0.27529857
0.2202977,0.21561198
0.18700947,0.18799162
0.16860622,0.1663151
0.16211095,0.1666826
0.16535859,0.17061849
0.19458728,0.19766833
0.27767253,0.28042436
0.40405953,0.41679516
0.45466846,0.46460494
0.46359947,0.46203813
0.4633288,0.4711405
0.4638701,0.4667718
0.45520973,0.46298763
0.44086602,0.443383
0.4343708,0.44031692
0.42543977,0.43225038
0.42787552,0.43721914
0.48822734,0.49970365
0.5518268,0.5534276
0.5404601,0.551424
0.50717187,0.5083752
0.46711773,0.47515517
0.39458728,0.4087993
0.3150203,0.3133171
0.25006765,0.24863183
0.21190798,0.2110538
0.18782137,0.18807954
0.17483085,0.18248375
0.18132612,0.1825557
0.20568335,0.21646181
0.26711774,0.29138303
0.36211097,0.39579526
0.41948578,0.41319445
0.4435724,0.43224305
0.44303113,0.4578944
0.44384304,0.4473986
0.4316644,0.44388977
0.42273343,0.42259717
0.4156969,0.4280789
0.41380244,0.41355318
0.42138025,0.4265788
0.479567,0.49184898
0.5480379,0.5431304
0.5307172,0.54815555
0.49580514,0.4975621
0.4503383,0.46047
0.37239513,0.38757458
0.28200272,0.28516734
0.22002706,0.20962504
0.18457375,0.1800479
0.16156968,0.16226551
0.15020297,0.15293616
0.1518268,0.15746321
0.17889039,0.18109693
0.2541272,0.2617168
0.37347767,0.38806054
0.43058187,0.42939922
0.44113666,0.43881783
0.4481732,0.4514729
0.45520973,0.45601836
0.4549391,0.4576762
0.45060894,0.44920707
0.4473613,0.45790735
0.4384303,0.44551376
0.45548037,0.44805086
0.50554806,0.53105843
0.5458728,0.55984044
0.5285521,0.5419282
0.49797022,0.49683237
0.46414074,0.46616873
0.38592693,0.40718123
0.30392423,0.29835343
0.24303113,0.23600066
0.20568335,0.20374162
0.19079837,0.18415159
0.18592693,0.18741556
0.19431664,0.19589451
0.22192152,0.2290282
0.30392423,0.30873382
0.4270636,0.44592294
0.4660352,0.4753637
0.46982408,0.46161428
0.46738836,0.47747678
0.46441138,0.46708933
0.45683357,0.45894605
0.44384304,0.447131
0.44492558,0.4439166
0.44627875,0.44497782
0.45981055,0.45928058
0.52990526,0.5371926
0.5818674,0.5942569
0.5718539,0.5791782
0.5445196,0.54161924
0.5033829,0.5109565
0.42949933,0.4400875
0.34424898,0.34092167
0.28362653,0.27249393
0.24600811,0.24382374
0.22246279,0.22146915
0.21136671,0.21591371
0.21082544,0.21949118
0.23924223,0.23836428
0.31447902,0.32178366
0.43870094,0.44802332
0.49526387,0.4895679
0.50554806,0.4949579
0.5001353,0.512661
0.49499324,0.49611923
0.48930988,0.48960373
0.48389715,0.47892419
0.4760487,0.48761854
0.4700947,0.47297353
0.47821382,0.48081025
0.5399188,0.55540985
0.5870095,0.59872794
0.56914747,0.5799856
0.5377537,0.53567743
0.5066306,0.51242054
0.44925576,0.45925996
0.37834913,0.37640396
0.3188092,0.31006426
0.2730717,0.27666515
0.24627875,0.24595624
0.23518267,0.23608498
0.22814615,0.24414209
0.24303113,0.23822346
0.2790257,0.29141998
0.33125845,0.34995532
0.38782138,0.38785058
0.4384303,0.4417185
0.45304465,0.47421333
0.45602164,0.45451075
0.44925576,0.4544941
0.4292287,0.44025975
0.41407308,0.41727522
0.41542625,0.41457033
0.43707713,0.43681934
0.5120433,0.5266993
0.56346416,0.5810629
0.5480379,0.5543308
0.5166441,0.5153161
0.4887686,0.49248195
0.43301758,0.4466559
0.36806494,0.36567217
0.3142084,0.30637783
0.27388364,0.27425823
0.25277403,0.24588144
0.24113667,0.24337736
0.24032477,0.24439839
0.24952638,0.25033993
0.27604872,0.2877305
0.31339648,0.33422714
0.36941814,0.37082067
0.4338295,0.42571038
0.4700947,0.47240123
0.47415426,0.4826312
0.4700947,0.47228438
0.46062246,0.465449
0.44871446,0.4532095
0.4473613,0.4491251
0.46874154,0.4675316
0.5404601,0.56145686
0.57699597,0.60923624
0.5491204,0.5581133
0.51799726,0.5138396
0.47090665,0.48332182
0.39188093,0.40735868
0.31610283,0.31460845
0.26116374,0.25774485
0.22192152,0.22725332
0.20351827,0.1979185
0.19675237,0.20199046
0.20054127,0.20649515
0.23247632,0.23336697
0.31447902,0.3187329
0.44573748,0.45422313
0.50257105,0.5073847
0.5171854,0.5091256
0.53315294,0.52809703
0.5512855,0.5393174
0.5534506,0.5548538
0.5491204,0.54192895
0.5445196,0.552346
0.5404601,0.5418921
0.5488498,0.5503738
0.58836263,0.62541723
0.6105548,0.6395843
0.5889039,0.59739447
0.54830855,0.55945385
0.50554806,0.51326
0.4240866,0.44771647
0.34262517,0.34121683
0.27280107,0.2782934
0.23058186,0.23238808
0.21705006,0.20629832
0.20514208,0.21805117
0.21299052,0.21511488
0.24573748,0.25072315
0.32503384,0.33698964
0.45737484,0.46793425
0.49797022,0.5119535
0.49905276,0.49123862
0.5031123,0.50771916
0.50419486,0.5070305
0.49607578,0.5009724
0.48985115,0.4841948
0.49066305,0.49322692
0.49228686,0.49280527
0.5150203,0.50592995
0.58755076,0.60094863
0.6516915,0.65359163
0.6433018,0.6496663
0.6124492,0.61084616
0.5797023,0.576547
0.5087957,0.51843333
0.42002708,0.41601664
0.35615698,0.3441684
0.3217862,0.31310588
0.3014885,0.29557604
0.29418132,0.2972862
0.29715833,0.30383992
0.32530448,0.32520646
0.4037889,0.40388268
0.5339648,0.5363668
0.57483083,0.57487965
0.56589985,0.5606562
0.5496617,0.5624236
0.54154265,0.54053074
0.529364,0.53494066
0.51799726,0.51793087
0.5142084,0.52195555
0.5074425,0.5159215
0.52530444,0.5220151
0.59810555,0.61475486
0.6473613,0.6702763
0.6405954,0.64589894
0.62219214,0.61286855
0.58619756,0.59223664
0.5074425,0.52118385
0.41840324,0.41456872
0.3518268,0.34277558
0.3044655,0.30814174
0.27929634,0.27271217
0.27090663,0.270756
0.27496618,0.28055638
0.30500677,0.30251956
0.38322058,0.38498658
0.51096076,0.5176884
0.5583221,0.55605483
0.5526387,0.5508674
0.54181325,0.5528109
0.52801085,0.5361122
0.5201624,0.51856047
0.5133965,0.51167524
0.5104195,0.5184017
0.50960755,0.5113312
0.5261164,0.5262526
0.58782136,0.61341333
0.6313938,0.6533146
0.62354535,0.6293498
0.59972936,0.5964283
0.5677943,0.5673622
0.49986467,0.5056068
0.41515562,0.40988696
0.35507444,0.33997107
0.31231394,0.31391016
0.29066306,0.28028792
0.28281462,0.28462237
0.2866035,0.2952876
0.31718537,0.312137
0.39756426,0.3979122
0.5225981,0.5327449
0.56941813,0.5650842
0.56725305,0.55917156
0.56887686,0.56733704
0.5661705,0.5663512
0.5599459,0.559214
0.5437077,0.5479924
0.5399188,0.542125
0.5369418,0.5394077
0.55047363,0.5473118
0.614885,0.63262415
0.6443843,0.6754842
0.6230041,0.6310401
0.59675235,0.592265
0.57266575,0.5719888
0.5155616,0.52541673
0.4451962,0.43805274
0.38294992,0.37506393
0.33748308,0.33925563
0.31231394,0.3098622
0.29986468,0.30387628
0.2993234,0.31058437
0.3104195,0.3148608
0.3437077,0.35946432
0.3983762,0.41561213
0.45737484,0.44739166
0.511502,0.50723445
0.5404601,0.54787856
0.5377537,0.54763734
0.5225981,0.5281941
0.5074425,0.50913864
0.485521,0.49648678
0.4714479,0.48052207
0.47740188,0.48351225
0.5404601,0.5599071
0.5686062,0.6061019
0.5407307,0.5521326
0.5033829,0.51189756
0.46738836,0.48007944
0.41542625,0.42545778
0.34695536,0.35234064
0.28795668,0.28627267
0.2435724,0.25157976
0.2135318,0.21673657
0.2,0.20084095
0.19485791,0.20394693
0.20351827,0.20424914
0.22679296,0.23849353
0.26928282,0.28241003
0.32341,0.33392036
0.38457376,0.3860082
0.41244927,0.42922273
0.4156969,0.42383027
0.40811908,0.41447547
0.40270635,0.4018346
0.38673884,0.39684138
0.38024357,0.38161027
0.40135318,0.40080157
0.4917456,0.4930515
0.54316646,0.5687413
0.5223275,0.5284383
0.48335588,0.48996392
0.43951285,0.446181
0.36373478,0.3791082
0.29120433,0.2857104
0.2384303,0.2327679
0.20189445,0.20454437
0.18700947,0.17730314
0.17916103,0.18600169
0.18457375,0.18633744
0.21136671,0.21714492
0.28985116,0.2931279
0.41948578,0.4258809
0.4909337,0.4773633
0.5104195,0.49882814
0.5209743,0.5179411
0.52503383,0.5280595
0.51285523,0.5213628
0.49797022,0.498341
0.4895805,0.49829987
0.47848445,0.48259667
0.48470905,0.4895595
0.5361299,0.5538067
0.56373477,0.59429693
0.54830855,0.5506706
0.5188092,0.5199301
0.4728011,0.48758683
0.39675236,0.41053742
0.31718537,0.30896676
0.2443843,0.24980158
0.19458728,0.20118994
0.16887686,0.16788709
0.15426251,0.16255513
0.15534507,0.15965542
0.18024357,0.18445104
0.25223276,0.26551515
0.37428957,0.39202645
0.42868742,0.43809327
0.4392422,0.4385138
0.44573748,0.45328426
0.4465494,0.4562634
0.44384304,0.44424137
0.4376184,0.43890798
0.42787552,0.4425194
0.4232747,0.42419207
0.43328822,0.43551704
0.50040597,0.5043266
0.55723953,0.5651264
0.5526387,0.55368996
0.52530444,0.5242645
0.48687416,0.49024144
0.4127199,0.42564744
0.329364,0.3214498
0.26495263,0.25567386
0.2202977,0.22008581
0.19756427,0.19322638
0.18700947,0.19017693
0.202977,0.1926997
0.22760487,0.23859245
0.29418132,0.31116518
0.39458728,0.4280269
0.4633288,0.44132227
0.5017591,0.47361478
0.52476317,0.5139741
0.5512855,0.53407025
0.5686062,0.55450404
0.5715832,0.5644415
0.57780784,0.5712542
0.5753721,0.5771117
0.56725305,0.5782728
0.5991881,0.6341649
0.5921516,0.6471331
0.55723953,0.5679399
0.49364007,0.52873135
0.4343708,0.45623198
0.35453317,0.38178697
0.2857916,0.28860593
0.21326116,0.23291866
0.17023005,0.1738776
0.1496617,0.15253435
0.13640054,0.1461309
0.13071719,0.14779617
0.13694182,0.15761402
0.16373478,0.20074782
0.20541272,0.23206857
0.25385657,0.26546937
0.31366712,0.311394
0.3623816,0.3710661
0.3916103,0.38808528
0.41082543,0.40227208
0.39269283,0.41108823
0.35886332,0.38005915
0.33802435,0.344348
0.32801083,0.33846527
0.36129904,0.38937905
0.3759134,0.41217616
0.3753721,0.37722844
0.37320703,0.37075397
0.36562923,0.3715435
0.33585927,0.3371216
0.29201624,0.28388104
0.25358593,0.23775557
0.22598106,0.21933357
0.20947225,0.19938307
0.20514208,0.20223676
0.20866035,0.20907542
0.22625169,0.2292262
0.26332882,0.29082063
0.3255751,0.35234255
0.36941814,0.371611
0.4156969,0.39565215
0.44979703,0.44106466
0.45223275,0.46119508
0.45656294,0.44519743
0.45142084,0.4463967
0.4503383,0.4444389
0.43410012,0.44795737
0.4533153,0.43404844
0.52665764,0.5342308
0.56400543,0.58518517
0.5529093,0.55320334
0.5393775,0.52722
0.5117727,0.51898456
0.46414074,0.46230492
0.40216509,0.3914808
0.34343708,0.33133012
0.2947226,0.2954889
0.2722598,0.26098883
0.26143438,0.26037824
0.26062247,0.26561835
0.2714479,0.26939705
0.30257103,0.31244236
0.35426253,0.36408892
0.4143437,0.40850005
0.47063598,0.47108462
0.49228686,0.5082514
0.49282816,0.49378428
0.48254398,0.48605698
0.467659,0.47093648
0.45845738,0.4561957
0.45385656,0.46016374
0.47253045,0.46959785
0.5542625,0.56201446
0.594046,0.62412024
0.58322054,0.57766235
0.5564276,0.55257535
0.5304465,0.5279303
0.4752368,0.48394242
0.4075778,0.40379348
0.34235454,0.34087348
0.2925575,0.29555672
0.26251692,0.25879598
0.24167794,0.24723196
0.23112313,0.24014828
0.2346414,0.2347541
0.25520974,0.26800054
0.2841678,0.30883944
0.3377537,0.3420555
0.4075778,0.40139008
0.45548037,0.4550863
0.47198918,0.47698915
0.4744249,0.47719142
0.46224627,0.473317
0.44763193,0.45409012
0.44167796,0.44693753
0.46414074,0.4602634
0.5428958,0.5591537
0.56941813,0.6142596
0.54993236,0.5466491
0.51285523,0.52060246
0.46657646,0.47313294
0.388092,0.40412405
0.30933693,0.30882308
0.24682003,0.24799868
0.20811908,0.20812477
0.18782137,0.18398364
0.18159676,0.18596283
0.18159676,0.19058089
0.20974289,0.21222615
0.28470907,0.29372206
0.41163734,0.42163172
0.46738836,0.48259026
0.4752368,0.48404655
0.47550744,0.4904
0.48930988,0.47952107
0.48092017,0.49735683
0.473613,0.46767506
0.47469553,0.47704616
0.47171855,0.47986177
0.48146144,0.4910693
0.55507445,0.56872505
0.6108254,0.613945
0.60866034,0.6065084
0.5813261,0.5840671
0.5464141,0.54893196
0.473613,0.48826817
0.39133966,0.38032532
0.32476318,0.31816226
0.28389716,0.28064302
0.26359946,0.2553128
0.25764546,0.26353014
0.26441136,0.26881444
0.2917456,0.2994703
0.37780786,0.3754431
0.5120433,0.5202143
0.55886334,0.56233394
0.5594046,0.55050206
0.55507445,0.56029236
0.55047363,0.55016935
0.5374831,0.548699
0.53125846,0.52479726
0.5399188,0.54149485
0.53856564,0.5509615
0.55913395,0.5576315
0.637889,0.6579187
0.6790257,0.7016871
0.6690122,0.66826665
0.6384303,0.64254
0.5962111,0.6051606
0.5169147,0.5335223
0.4181326,0.42312822
0.3458728,0.34008315
0.3060893,0.3028952
0.27713126,0.27974045
0.25953993,0.2694825
0.2571042,0.2643052
0.28200272,0.2851171
0.3504736,0.3632785
0.46143436,0.48181552
0.52476317,0.5143719
0.5420839,0.53719187
0.5393775,0.55362463
0.544249,0.53821254
0.54560214,0.5486642
0.53802437,0.53823173
0.5328823,0.5446079
0.5236806,0.53729296
0.5374831,0.5381889
0.5972936,0.632022
0.62895805,0.6506194
0.61840326,0.620244
0.5840325,0.59379005
0.5437077,0.54930025
0.4668471,0.48335856
0.3780785,0.37416643
0.3090663,0.30176312
0.2684709,0.26572013
0.24194857,0.24421415
0.23626523,0.23404273
0.24113667,0.24570939
0.27090663,0.27395898
0.35101488,0.3541412
0.49201623,0.48980233
0.5361299,0.5504365
0.5345061,0.533545
0.5326116,0.5408342
0.53640056,0.53062904
0.5288227,0.5377207
0.5142084,0.51469964
0.51231396,0.5145259
0.5136671,0.5170365
0.53667116,0.5325878
0.6092016,0.6346775
0.6571042,0.6681036
0.6519621,0.65372956
0.62895805,0.6268672
0.5953992,0.6015514
0.5242219,0.538401
0.44221923,0.43368727
0.37483084,0.36988807
0.33125845,0.3327543
0.30771312,0.301855
0.29824087,0.30357337
0.3036536,0.311726
0.3328823,0.33312786
0.41380244,0.41516832
0.5464141,0.5500498
0.5962111,0.59799135
0.59296346,0.5909188
0.5813261,0.5923257
0.5696888,0.56981575
0.5529093,0.5596154
0.5377537,0.53418374
0.5355886,0.5382513
0.535318,0.53893125
0.55047363,0.5539422
0.61921513,0.6438521
0.63924223,0.6729232
0.6159675,0.6243918
0.5867388,0.5877001
0.55534506,0.5664762
0.49824086,0.5083113
0.4202977,0.42309767
0.34235454,0.34649947
0.28768605,0.29545718
0.2571042,0.2597539
0.23897158,0.24563596
0.23058186,0.2469235
0.23653586,0.24127093
0.26576453,0.2781331
0.31935048,0.33493635
0.38294992,0.38580802
0.44790256,0.4435329
0.4947226,0.49433133
0.5139378,0.5133352
0.51474965,0.5193646
0.5069012,0.5064436
0.4925575,0.5032206
0.485521,0.4972991
0.49499324,0.50256646
0.56075776,0.58620447
0.58836263,0.61455405
0.5599459,0.5735651
0.5201624,0.5359607
0.4836265,0.49834788
0.42625168,0.4430932
0.3610284,0.36041075
0.29824087,0.29642147
0.25087956,0.255978
0.22462788,0.22285157
0.21515562,0.213507
0.21569689,0.22368668
0.22868742,0.22980121
0.25304466,0.26997176
0.2993234,0.31462964
0.35967523,0.3699205
0.43220568,0.4284915
0.47469553,0.48394233
0.47794315,0.49116668
0.46874154,0.47474852
0.4562923,0.4627146
0.45953992,0.44607523
0.46820027,0.46699652
0.49688768,0.4945705
0.6043302,0.6020351
0.6741543,0.67688715
0.66441137,0.6632093
0.6384303,0.63054204
0.6008119,0.60529506
0.5225981,0.54020226
0.44709066,0.43673456
0.38619757,0.38007665
0.33991882,0.3427752
0.32286873,0.30839455
0.31907985,0.32088378
0.32611638,0.32625204
0.35778078,0.3575428
0.4316644,0.4398578
0.56752366,0.56391585
0.62192154,0.62657607
0.62354535,0.6246742
0.61867386,0.62396765
0.6143437,0.6093247
0.6073072,0.6088613
0.59648174,0.5957823
0.59458727,0.60152316
0.5953992,0.60241073
0.6189445,0.61717033
0.69228685,0.71711254
0.73342353,0.75124633
0.72124493,0.7206806
0.68985116,0.69017816
0.64546686,0.65324855
0.56075776,0.5787666
0.46116373,0.46360204
0.3780785,0.3822022
0.329364,0.3270081
0.3074425,0.29747954
0.29066306,0.30556446
0.2866035,0.296989
0.31069013,0.31452808
0.38322058,0.3943522
0.49959403,0.5189098
0.5580514,0.55483353
0.5699594,0.5641108
0.5799729,0.57962215
0.5889039,0.58560956
0.5921516,0.5927193
0.5837618,0.58434224
0.58294994,0.589592
0.582138,0.59122664
0.6054127,0.6009773
0.6652233,0.699777
0.6909337,0.71506715
0.66278756,0.6729071
0.6175913,0.6285647
0.5545331,0.5789226
0.46278754,0.48459044
0.3669824,0.37323123
0.3001353,0.2926141
0.25358593,0.2602132
0.22733423,0.22939104
0.21894452,0.221425
0.21677943,0.22893548
0.24248984,0.24785519
0.31772667,0.32845956
0.43653587,0.4572514
0.5014885,0.49936536
0.51231396,0.5182478
0.52313936,0.5273442
0.5345061,0.5324408
0.5428958,0.54003626
0.541272,0.53688645
0.54343706,0.5485343
0.53667116,0.55095994
0.5496617,0.54888976
0.6037889,0.6396388
0.63572395,0.64982545
0.6194858,0.62531424
0.58240867,0.5912943
0.53477675,0.548047
0.4495264,0.47487044
0.3564276,0.36196384
0.28173208,0.28456646
0.23220569,0.23805246
0.202977,0.20856711
0.19594046,0.19502838
0.20162381,0.2079947
0.22733423,0.23501334
0.30121785,0.3122766
0.4292287,0.4383674
0.48903924,0.49539402
0.49607578,0.5021361
0.49580514,0.51030815
0.5044655,0.49878868
0.50581867,0.5086582
0.5031123,0.49696967
0.5014885,0.5081283
0.5017591,0.5042298
0.5209743,0.5180507
0.58836263,0.615
0.63058186,0.6414416
0.62138027,0.6236347
0.59512854,0.59394026
0.55886334,0.5637795
0.48173207,0.49891236
0.38673884,0.38860655
0.3142084,0.30870724
0.26576453,0.26922005
0.24005413,0.23679072
0.22760487,0.23460676
0.22652233,0.23885727
0.2549391,0.2541775
0.329364,0.33906645
0.45845738,0.4669061
0.5150203,0.52212465
0.5239513,0.52133465
0.5274696,0.5344243
0.5274696,0.5290911
0.52503383,0.52655876
0.51258457,0.51386434
0.508525,0.51199496
0.5090663,0.5107571
0.52638704,0.5260503
0.591069,0.6175463
0.6240866,0.6405946
0.60622466,0.61372656
0.5837618,0.57507217
0.544249,0.5631661
0.4879567,0.49110153
0.41461435,0.4112145
0.34506088,0.34018004
0.2857916,0.30025232
0.25277403,0.25473934
0.24221921,0.24007368
0.23924223,0.254407
0.2503383,0.25391817
0.28092015,0.29969728
0.34018946,0.35612643
0.4051421,0.40627995
0.47036535,0.464905
0.49959403,0.51538265
0.50392425,0.5093564
0.49499324,0.50425386
0.47929636,0.4835573
0.46576455,0.4695225
0.45520973,0.4707087
0.473613,0.47323242
0.55047363,0.57196
0.5872801,0.6101684
0.56752366,0.5773008
0.53315294,0.5445625
0.50392425,0.51227087
0.45087957,0.46551904
0.38592693,0.38432518
0.31935048,0.31950495
0.2663058,0.27422878
0.23707713,0.23446076
0.22354533,0.22519831
0.21921515,0.23020707
0.22489852,0.22989216
0.24952638,0.26104075
0.2968877,0.30899048
0.35453317,0.36748266
0.4189445,0.4204403
0.45520973,0.4664516
0.45737484,0.47042063
0.4481732,0.4564325
0.44005412,0.44324115
0.4284168,0.43216527
0.42598104,0.4305745
0.44709066,0.4517259
0.5393775,0.5522169
0.6037889,0.607216
0.5864682,0.59702396
0.55318,0.55514044
0.5136671,0.5211177
0.4384303,0.4559876
0.35453317,0.35798508
0.28741542,0.28716537
0.24330176,0.24420485
0.22381596,0.21494278
0.21677943,0.22278097
0.22165088,0.22469036
0.25466847,0.25456926
0.3391069,0.34037364
0.4752368,0.48070773
0.53125846,0.5397742
0.5301759,0.5382273
0.5255751,0.5354494
0.5239513,0.5221524
0.51610285,0.5225072
0.50635993,0.50607
0.5017591,0.51055205
0.4930988,0.5061873
0.5087957,0.5125839
0.58998644,0.605572
0.65304464,0.65565467
0.6487145,0.6509869
0.6211096,0.62080514
0.5802436,0.5897548
0.4955345,0.51923
0.3983762,0.40140772
0.32584575,0.32252207
0.27956697,0.28077638
0.2525034,0.24997576
0.24032477,0.2490366
0.2405954,0.24955629
0.27009472,0.27318478
0.34830853,0.35738713
0.4787551,0.48869178
0.541272,0.53486013
0.5423545,0.5426763
0.5404601,0.5442617
0.541272,0.54113525
0.54018945,0.5429636
0.5301759,0.53273106
0.5301759,0.53573084
0.52313936,0.53889406
0.53883624,0.5410129
0.61001354,0.6351936
0.6470907,0.67035854
0.63410014,0.6360607
0.60324764,0.6075356
0.5615697,0.5694114
0.47929636,0.49759528
0.38105547,0.3845237
0.3023004,0.30257827
0.24790257,0.25567842
0.22002706,0.21854237
0.20622464,0.21238658
0.2067659,0.21433239
0.2346414,0.23804183
0.31393775,0.32193232
0.44167796,0.45529112
0.5098782,0.50374293
0.52286875,0.5214292
0.5288227,0.5335394
0.535318,0.53449214
0.5304465,0.53903687
0.51907986,0.5181674
0.5133965,0.52198815
0.50040597,0.5158212
0.5104195,0.51200306
0.582138,0.60230815
0.6265223,0.63946044
0.6181326,0.6180533
0.59296346,0.5911485
0.5534506,0.56031835
0.47469553,0.49046335
0.38430312,0.37833795
0.3014885,0.30626255
0.2414073,0.25083965
0.21569689,0.21102248
0.20433018,0.208738
0.20487145,0.21354264
0.23599459,0.23575535
0.31853858,0.32569158
0.4503383,0.46372867
0.5139378,0.51139367
0.52503383,0.5225147
0.5261164,0.5345564
0.52638704,0.527256
0.52476317,0.52586764
0.5120433,0.514148
0.51285523,0.5127399
0.5133965,0.5186416
0.5328823,0.53115
0.60649526,0.62766457
0.6516915,0.6639489
0.64546686,0.641544
0.6165088,0.6159302
0.58322054,0.5811031
0.5112314,0.5215855
0.41921514,0.41321585
0.34235454,0.33828408
0.29120433,0.29326823
0.26522326,0.25988644
0.2541272,0.25972837
0.25358593,0.2657767
0.2811908,0.28166693
0.3585927,0.36641356
0.49120432,0.4992291
0.5542625,0.55180514
0.5602165,0.5590228
0.5618403,0.56436014
0.55913395,0.5611185
0.5474966,0.5551916
0.5274696,0.5315039
0.5207037,0.525293
0.5112314,0.52337265
0.5239513,0.5252323
0.5972936,0.6188592
0.6443843,0.6545018
0.6351827,0.6405512
0.60703653,0.6070702
0.5786198,0.58533835
0.52151555,0.5332026
0.44763193,0.4422153
0.37483084,0.37330058
0.31935048,0.32770583
0.29039243,0.28995496
0.27848443,0.27995208
0.27334234,0.29054853
0.2849797,0.2888146
0.31935048,0.33424538
0.37916103,0.39662454
0.4503383,0.4396241
0.5069012,0.5100348
0.5336942,0.5450059
0.52503383,0.53952956
0.50635993,0.5156287
0.48660353,0.49164534
0.47171855,0.47552416
0.46874154,0.47514164
0.4925575,0.49081954
0.57483083,0.5950742
0.6189445,0.63914776
0.6024357,0.6106955
0.5718539,0.5774505
0.5445196,0.5501329
0.49580514,0.5047886
0.42760488,0.42691395
0.3615697,0.3573733
0.3104195,0.31560344
0.2782138,0.27858913
0.2654939,0.26390085
0.25818673,0.27155036
0.2638701,0.26940247
0.2866035,0.30004704
0.3328823,0.3443994
0.39783493,0.39999673
0.46955344,0.46426573
0.51285523,0.51532567
0.52530444,0.5274493
0.52476317,0.52677464
0.517456,0.52165866
0.5014885,0.5116629
0.49364007,0.5026901
0.50284165,0.5155225
0.5886333,0.6010514
0.6368065,0.65519226
0.62543976,0.6247306
0.597023,0.5980246
0.55507445,0.56385875
0.48443842,0.49505237
0.39539918,0.4029195
0.32746956,0.32226157
0.27767253,0.28330702
0.24925575,0.24519917
0.23951286,0.24277441
0.24330176,0.24698924
0.26955345,0.27553558
0.34018946,0.35382688
0.45737484,0.47566903
0.52638704,0.5273212
0.5493911,0.5494158
0.5548038,0.5651254
0.5493911,0.55574894
0.5393775,0.5459572
0.52638704,0.5279446
0.51989174,0.5264871
0.5106901,0.52314013
0.5217862,0.52831376
0.59296346,0.6166711
0.6400541,0.6560186
0.63031125,0.6373788
0.60108256,0.60688996
0.561299,0.57105064
0.485521,0.503111
0.39296347,0.39589357
0.3112314,0.3175106
0.25358593,0.2626921
0.22571042,0.22060475
0.21082544,0.2216682
0.21136671,0.21955526
0.2376184,0.24398726
0.30473614,0.32316744
0.4181326,0.4387772
0.49661705,0.48085794
0.52530444,0.51607907
0.5399188,0.538519
0.5474966,0.54677665
0.54154265,0.5512862
0.5290934,0.5297011
0.5236806,0.5326294
0.5182679,0.5276648
0.53315294,0.5347231
0.5905277,0.62571156
0.6240866,0.64301205
0.60784847,0.61580086
0.57591337,0.5813606
0.5369418,0.5443063
0.46738836,0.47686034
0.38186738,0.37775832
0.29878214,0.3059243
0.2338295,0.24902879
0.19945873,0.20075965
0.18322057,0.18823558
0.17618403,0.19008933
0.19133964,0.20331796
0.2384303,0.27110088
0.32719892,0.34934458
0.4127199,0.39604026
0.46874154,0.45619705
0.5074425,0.50244564
0.52530444,0.52774537
0.52124494,0.53413284
0.5020298,0.5095087
0.49012178,0.5007427
0.48227334,0.4893877
0.48470905,0.49540052
0.5188092,0.57049
0.5104195,0.56060183
0.4625169,0.4944174
0.4181326,0.43838558
0.3991881,0.40317264
0.36292288,0.36610985
0.30852503,0.30273032
0.25087956,0.24946392
0.19188093,0.21485321
0.15778078,0.16513216
0.13667117,0.14582887
0.12882273,0.1432743
0.13558863,0.1501536
0.16833559,0.20432569
0.21461435,0.25389642
0.28633288,0.28074592
0.3526387,0.34488732
0.38917455,0.4038618
0.39512855,0.4079377
0.39594045,0.3963399
0.3661705,0.38844243
0.34073073,0.34998104
0.3225981,0.32611477
0.33044654,0.3322033
0.38105547,0.4156561
0.40838972,0.43253854
0.39377537,0.41472146
0.3797023,0.39276156
0.36211097,0.3834397
0.32530448,0.33166578
0.26955345,0.26507127
0.21542625,0.20947674
0.17050068,0.17985408
0.14776725,0.14488794
0.13667117,0.14376006
0.1391069,0.14323556
0.15778078,0.16509646
0.1991881,0.22746706
0.26522326,0.29949987
0.32395127,0.32916993
0.37266576,0.36453843
0.41244927,0.4041466
0.42760488,0.43069187
0.42435724,0.4297857
0.4067659,0.41238222
0.3907984,0.40009028
0.38755074,0.38460806
0.4051421,0.40158013
0.48254398,0.49111184
0.54343706,0.53462124
0.5304465,0.5448537
0.50121784,0.50179374
0.467659,0.48069862
0.40784845,0.41985306
0.33585927,0.33254787
0.26955345,0.26445132
0.21840325,0.22309932
0.191069,0.1886583
0.17807849,0.18064685
0.17347768,0.18507473
0.1826793,0.18467781
0.20920162,0.2238661
0.25385657,0.27413303
0.3142084,0.3237859
0.37050068,0.38253763
0.40866035,0.41722366
0.41975644,0.42643622
0.41921514,0.4229248
0.40189445,0.4136679
0.38105547,0.38827062
0.36671177,0.3839469
0.38078484,0.389935
0.45764548,0.47646055
0.5150203,0.51985705
0.5031123,0.5150088
0.473613,0.47942898
0.4419486,0.45414975
0.38755074,0.40126002
0.3179973,0.32300502
0.255751,0.25209177
0.20243572,0.21297091
0.17104195,0.17209521
0.15372124,0.15771665
0.14830853,0.16264103
0.15345061,0.15712471
0.17699593,0.19004264
0.21407308,0.23598404
0.27415428,0.2812506
0.34451962,0.34495127
0.40405953,0.39802647
0.43410012,0.43498418
0.43572396,0.44734052
0.43274695,0.43326074
0.42381597,0.4251641
0.41840324,0.42733017
0.43031123,0.44086197
0.51096076,0.5272639
0.56346416,0.57215226
0.54722595,0.5529767
0.51231396,0.51616865
0.4728011,0.47709537
0.40866035,0.4152582
0.33477673,0.3315555
0.27956697,0.268686
0.23274696,0.24065346
0.21109608,0.20187502
0.20351827,0.20807321
0.21136671,0.21018213
0.2397835,0.2458131
0.30554804,0.32372558
0.41001353,0.43965515
0.47631934,0.47542563
0.5117727,0.5012972
0.5358593,0.53217375
0.54479027,0.5452039
0.5437077,0.54504335
0.5274696,0.53221977
0.520433,0.52658516
0.5220568,0.5217215
0.53640056,0.5414915
0.6121786,0.6267801
0.68362653,0.6722952
0.67496616,0.68022
0.6419486,0.64109635
0.60135317,0.60855067
0.532341,0.540077
0.44600812,0.43873554
0.37672532,0.36917546
0.32801083,0.3304308
0.30419487,0.29372567
0.29445195,0.30199498
0.2909337,0.30468065
0.31177267,0.3199866
0.37564275,0.39313933
0.4728011,0.5064211
0.5399188,0.5235839
0.57077134,0.55930173
0.58294994,0.58463895
0.5905277,0.58402
0.5751015,0.59347236
0.56346416,0.55904704
0.55751014,0.5707691
0.55696887,0.56293833
0.5753721,0.5780742
0.6414073,0.67344356
0.70419484,0.7023729
0.69364005,0.70372653
0.6654939,0.66330826
0.63031125,0.6370473
0.56400543,0.57008696
0.47631934,0.47739133
0.40649527,0.40129438
0.36211097,0.36376965
0.33667117,0.33102676
0.3255751,0.33102176
0.3285521,0.33308735
0.35290933,0.35943496
0.41299054,0.42947808
0.50040597,0.53632426
0.5669824,0.54401433
0.6040595,0.5888992
0.61326116,0.61558545
0.6121786,0.610031
0.6005413,0.609944
0.58755076,0.5843632
0.57428956,0.5914188
0.56346416,0.5730019
0.5686062,0.5783597
0.63058186,0.6603395
0.67875504,0.6909834
0.64627874,0.6791713
0.5956698,0.6122508
0.5534506,0.5718293
0.5033829,0.5055898
0.45683357,0.43314183
0.41515562,0.3991807
