Actual,Fusion,Load Only,Temp Only,Calendar Only
0.455751,0.45320985,0.45673302,0.39937252,0.43806243
0.4600812,0.45785013,0.46851662,0.40322536,0.46122146
0.4549391,0.45313945,0.45307535,0.40874487,0.44232213
0.43355885,0.4381899,0.44280022,0.40040487,0.41854432
0.41190797,0.41000685,0.4110614,0.4178478,0.41614556
0.39648172,0.39366975,0.39459786,0.4516579,0.38078737
0.39350474,0.39141706,0.39046526,0.48473543,0.38184658
0.39783493,0.41337803,0.4073403,0.48738658,0.41148275
0.41407308,0.44352728,0.42076245,0.5094611,0.42956266
0.44627875,0.452933,0.44224128,0.49284154,0.47125727
0.48092017,0.47307435,0.46511295,0.4877069,0.47761673
0.46035182,0.46204105,0.46864694,0.46457523,0.4508524
0.4075778,0.4151282,0.40175784,0.44307464,0.39413625
0.33991882,0.34066364,0.34187424,0.43419826,0.33801025
0.2798376,0.27913493,0.27898073,0.4277013,0.2519858
0.2397835,0.23931977,0.24053462,0.40671635,0.19545938
0.21759135,0.22704345,0.21973762,0.38765293,0.17618908
0.20838971,0.2094065,0.20931742,0.37189263,0.15165429
0.20866035,0.2081103,0.21068057,0.34506142,0.15971713
0.21677943,0.2206794,0.2234323,0.34521237,0.18159486
0.24221921,0.24709094,0.24586587,0.32819462,0.19823398
0.28687415,0.2931029,0.29625997,0.3419652,0.23271082
0.34533152,0.34596953,0.35685295,0.37871516,0.28142715
0.40947226,0.40356344,0.39903954,0.35763657,0.36200076
0.45087957,0.4472167,0.44417736,0.4362502,0.42176613
0.45981055,0.45788607,0.46354526,0.4441303,0.43138802
0.45818675,0.45623752,0.4553334,0.44087,0.4289829
0.45304465,0.4431765,0.44811898,0.47178346,0.4099334
0.43491206,0.43617088,0.44344938,0.48013473,0.40704328
0.41840324,0.41486785,0.42104968,0.5065939,0.3725934
0.4127199,0.4120545,0.41395068,0.5219029,0.3749506
0.4224628,0.43254513,0.42498374,0.51745623,0.42208052
0.44682002,0.46704432,0.45279208,0.5307153,0.43313965
0.48064953,0.4865966,0.48071107,0.51982015,0.47856677
0.53504735,0.49958178,0.4968382,0.5006681,0.48326564
0.51637346,0.51505375,0.52726024,0.46555012,0.4483441
0.44221923,0.45724735,0.4475605,0.44946164,0.39856523
0.3602165,0.35702664,0.3595763,0.44500965,0.3160035
0.2993234,0.29320484,0.29235765,0.4370628,0.24100398
0.2630582,0.26209417,0.25895593,0.41729355,0.17880452
0.2481732,0.24903333,0.24324647,0.3797801,0.1878104
0.24952638,0.24328259,0.24302904,0.37890458,0.18035217
0.2549391,0.25419468,0.2585152,0.37491822,0.18434146
0.28200272,0.27446267,0.27480558,0.3767875,0.21229552
0.36265224,0.35953757,0.33158237,0.37396228,0.28967866
0.49688768,0.48818567,0.4680821,0.37938002,0.4234056
0.5564276,0.5477875,0.59764576,0.3882483,0.46368223
0.55372125,0.55620736,0.5570102,0.3891377,0.49428195
0.541272,0.5415368,0.55107415,0.4712789,0.51275647
0.5339648,0.5257654,0.5350851,0.5053073,0.51075023
0.5185386,0.5197274,0.52637404,0.48029006,0.50896376
0.4993234,0.49105075,0.49977416,0.5064942,0.5006312
0.48443842,0.4837363,0.47907522,0.51679444,0.48337477
0.46359947,0.46102402,0.47457266,0.5340058,0.4657389
0.4562923,0.44444105,0.45262292,0.54594016,0.46429592
0.4668471,0.46657655,0.4658019,0.53474975,0.47022474
0.4963464,0.50410986,0.5010106,0.5220324,0.5085936
0.5345061,0.54631925,0.5412535,0.50895077,0.53316206
0.5615697,0.5594833,0.56353235,0.49336004,0.55159926
0.53207034,0.52792937,0.5352374,0.4559918,0.50957966
0.45602164,0.46149513,0.45750076,0.42977566,0.43641365
0.36265224,0.36461693,0.3728981,0.40814817,0.3466856
0.29391068,0.2879141,0.2946651,0.39015734,0.26246616
0.24871448,0.25558448,0.2553127,0.37039667,0.21490361
0.23112313,0.23077574,0.22570388,0.34257162,0.20282365
0.22273342,0.22626618,0.22429292,0.30978662,0.18717419
0.22246279,0.22600263,0.22914706,0.29072767,0.19811364
0.25087956,0.24063915,0.24425633,0.28526384,0.22574796
0.31637347,0.32797605,0.31473026,0.29494977,0.30097955
0.41028416,0.43532285,0.42831248,0.30993217,0.4403212
0.47090665,0.4499914,0.4659393,0.34147692,0.48028564
0.51447904,0.479689,0.4833398,0.37935796,0.5042015
0.54695535,0.5275724,0.5375477,0.41266447,0.5147242
0.5715832,0.5496368,0.5593827,0.42619324,0.5164932
0.58078486,0.5698422,0.5769312,0.43064255,0.5089542
0.5734777,0.5677193,0.57615674,0.41089278,0.5003007
0.57023007,0.5552574,0.5613038,0.41276535,0.48965156
0.55399185,0.5432838,0.5665662,0.41771036,0.4673677
0.54018945,0.5333164,0.5445504,0.43914497,0.4660405
0.5423545,0.54634464,0.5428451,0.4443285,0.47274685
0.5599459,0.5653578,0.5614364,0.44107175,0.51437026
0.56914747,0.5850631,0.57548684,0.43727642,0.5322859
0.5853857,0.57070315,0.5639712,0.42155814,0.553297
0.54343706,0.5451346,0.56271344,0.40291154,0.51209235
0.4633288,0.47346866,0.46110505,0.38297445,0.44203356
0.36806494,0.3710858,0.37351924,0.3752467,0.35371345
0.29824087,0.29466775,0.29393756,0.37474707,0.27099773
0.25304466,0.25800708,0.25580752,0.36412972,0.2240914
0.2338295,0.24196002,0.22989538,0.37546873,0.2055604
0.2270636,0.23029196,0.22614941,0.36379194,0.18880245
0.2278755,0.23403966,0.23324125,0.36081976,0.198268
0.25439784,0.25328028,0.25387114,0.36264715,0.22561349
0.32313937,0.33144987,0.31672165,0.37323636,0.30109775
0.4465494,0.45072278,0.42296693,0.36175376,0.44255167
0.49986467,0.50538796,0.5424812,0.3581128,0.48028034
0.5101488,0.50475776,0.51589173,0.37285498,0.50711393
0.5074425,0.5161536,0.5255963,0.3951284,0.5168204
0.51096076,0.5025358,0.51238644,0.42598307,0.51815945
0.511502,0.5057174,0.5137978,0.47037756,0.5097518
0.50284165,0.49255124,0.5090112,0.50243664,0.5017467
0.4939107,0.4909182,0.4928332,0.4930259,0.49123454
0.4803789,0.46965984,0.4816935,0.51062846,0.4694444
0.4714479,0.4633988,0.4746412,0.5098208,0.46800244
0.47631934,0.47941926,0.49055815,0.5043278,0.47527146
0.49797022,0.5047946,0.50863385,0.5120901,0.51664
0.5185386,0.53235465,0.52547395,0.51664704,0.5337293
0.5631935,0.5349818,0.53116804,0.49463397,0.55495787
0.54343706,0.5375576,0.5462852,0.47795242,0.5141889
0.46982408,0.4729804,0.46257967,0.4467929,0.44318902
0.3759134,0.3743734,0.37779266,0.4243642,0.35615247
0.3052774,0.29855785,0.30179587,0.40291607,0.27188683
0.2654939,0.26477078,0.2644487,0.38901946,0.22680669
0.24709067,0.24937755,0.24853265,0.36652195,0.20265616
0.2397835,0.23862007,0.24233378,0.3710959,0.18908979
0.24221921,0.24259332,0.24654567,0.36976692,0.20431419
0.27117726,0.26278746,0.26783964,0.3664802,0.23264019
0.3534506,0.34695703,0.33034986,0.36615792,0.30746523
0.48903924,0.4839526,0.4683504,0.36091965,0.4438117
0.53721243,0.53737843,0.56761754,0.33084112,0.4854678
0.53315294,0.52754307,0.525999,0.31598845,0.5007649
0.51962113,0.5263386,0.5366909,0.3704582,0.5092572
0.51285523,0.50612617,0.5175794,0.43993485,0.5113472
0.49688768,0.5001879,0.5097815,0.42928427,0.5080654
0.47658998,0.47110957,0.48179388,0.47540063,0.4979564
0.467659,0.46006933,0.4607423,0.4784748,0.4897548
0.45006767,0.4478944,0.46308023,0.49810958,0.46258062
0.43572396,0.43578088,0.43874496,0.49818444,0.45855987
0.43897158,0.44486502,0.43993503,0.5033606,0.4691214
0.46116373,0.472074,0.4732273,0.5033073,0.5050436
0.49066305,0.5088434,0.50328255,0.5076703,0.52216136
0.535318,0.5251104,0.521175,0.494627,0.54283285
0.5188092,0.51346236,0.52202356,0.4763875,0.503251
0.44925576,0.45473197,0.44572973,0.4551559,0.4481591
0.3623816,0.3605018,0.36415988,0.42245007,0.34472743
0.2933694,0.2886794,0.2951021,0.39959294,0.2753252
0.24979702,0.25322908,0.25413486,0.3829567,0.22632174
0.23058186,0.23420253,0.2289474,0.3358915,0.213185
0.22598106,0.2225785,0.22400114,0.3530924,0.18749924
0.2240866,0.2313213,0.23579663,0.34378666,0.20133244
0.25196213,0.24504283,0.24696873,0.33953774,0.22891925
0.3217862,0.32395598,0.31262606,0.37189263,0.3098763
0.45250338,0.44286242,0.42998004,0.37264764,0.4395662
0.508525,0.5040748,0.5248289,0.36938632,0.47327542
0.5133965,0.49991062,0.49718827,0.38220567,0.50061285
0.51096076,0.5070462,0.51781887,0.37625086,0.49215162
0.49418133,0.49975857,0.5104576,0.37963635,0.5119555
0.48173207,0.47243813,0.4771331,0.4171676,0.49605423
0.46495265,0.45427722,0.46766707,0.45756966,0.4836806
0.45602164,0.4501907,0.4499626,0.4812771,0.49238122
0.44330177,0.4322921,0.4487028,0.49749482,0.4439979
0.43653587,0.42909202,0.4357916,0.49683124,0.4417324
0.4368065,0.44597098,0.4429648,0.50374496,0.45821023
0.44763193,0.46151868,0.45812434,0.5050961,0.48933768
0.46738836,0.48092195,0.48042426,0.51425785,0.5057606
0.50581867,0.4951633,0.4944147,0.5072708,0.52796876
0.49418133,0.48430416,0.49580196,0.475003,0.48208296
0.4376184,0.4417558,0.42837173,0.45796227,0.43541792
0.3645467,0.35595834,0.36124068,0.43534362,0.33005685
0.29526386,0.29273114,0.3032437,0.41088265,0.27400845
0.2473613,0.25202155,0.25408146,0.38447624,0.21981062
0.22192152,0.22928372,0.22552045,0.36264604,0.20813952
0.21461435,0.21398383,0.21345787,0.35997725,0.18410428
0.21407308,0.21084988,0.22163849,0.3560651,0.1847123
0.22895806,0.22903028,0.23769684,0.3822086,0.20661692
0.258728,0.26460075,0.27761242,0.37103468,0.22451253
0.31474966,0.31586206,0.34000456,0.38114256,0.28899333
0.3729364,0.37423575,0.37550214,0.36252838,0.33270264
0.43355885,0.41849402,0.40858608,0.3906237,0.40696603
0.46143436,0.46401963,0.46862662,0.41280004,0.43806243
0.46495265,0.45864248,0.46717316,0.41403854,0.46122146
0.45439783,0.45743415,0.46164536,0.43084925,0.44232213
0.43410012,0.43585303,0.4413987,0.46043533,0.41854432
0.40838972,0.41143307,0.41587096,0.4929818,0.41614556
0.3948579,0.38739565,0.38842252,0.4984473,0.38078737
0.39133966,0.38928556,0.38974613,0.49956954,0.38184658
0.4,0.4089252,0.3991164,0.4920146,0.41148275
0.41975644,0.44311625,0.4228295,0.49005574,0.42956266
0.4384303,0.45756552,0.44861382,0.4851882,0.47125727
0.47469553,0.45942774,0.45602393,0.47307682,0.47761673
0.45953992,0.45771983,0.47195256,0.44284052,0.4508524
0.40568337,0.4131962,0.40185124,0.42488724,0.39413625
0.33748308,0.33192447,0.33653015,0.41605055,0.33801025
0.27198917,0.27357927,0.27562964,0.39655772,0.2519858
0.22273342,0.2262756,0.22823447,0.3861922,0.19545938
0.19512855,0.20508969,0.19711305,0.3770095,0.17618908
0.1864682,0.18548825,0.18349864,0.3669346,0.15165429
0.18213803,0.1841987,0.18738137,0.36165747,0.15971713
0.1894452,0.1906605,0.19211802,0.362939,0.18159486
0.21136671,0.2187483,0.21605939,0.368486,0.19823398
0.25087956,0.26075342,0.26414782,0.3627001,0.23271082
0.3052774,0.31167608,0.3242522,0.37172377,0.28142715
0.3721245,0.36476135,0.36232847,0.37988552,0.36200076
0.40947226,0.4136177,0.41036963,0.4018483,0.42176613
0.4156969,0.41696265,0.42105353,0.4021611,0.43138802
0.40784845,0.41312155,0.41139716,0.39791018,0.4289829
0.3948579,0.3933707,0.394149,0.42917496,0.4099334
0.37699595,0.37764403,0.37946296,0.45017248,0.40704328
0.3602165,0.3600975,0.36467296,0.4690023,0.3725934
0.35778078,0.3557454,0.3551657,0.47716397,0.3749506
0.3691475,0.38138118,0.3738322,0.47050428,0.42208052
0.39891747,0.41118547,0.40241215,0.47247577,0.43313965
0.4265223,0.4399439,0.4384621,0.464876,0.47856677
0.47388363,0.44726416,0.44580978,0.44255203,0.48326564
0.455751,0.453391,0.4714445,0.40785944,0.4483441
0.3772666,0.39716244,0.39278093,0.3808753,0.39856523
0.2968877,0.29541197,0.29409534,0.36704457,0.3160035
0.23058186,0.23453593,0.22944532,0.31691143,0.24100398
0.19594046,0.19326636,0.18433836,0.31014043,0.17880452
0.18240866,0.18244654,0.17606804,0.29684204,0.1878104
0.1797023,0.18057922,0.1766083,0.30075422,0.18035217
0.18782137,0.18968615,0.18339874,0.30860323,0.18434146
0.21677943,0.21267802,0.20770347,0.31707984,0.21229552
0.29526386,0.29283226,0.2654848,0.31506974,0.28967866
0.4224628,0.41976464,0.39624017,0.3126157,0.4234056
0.4803789,0.47738716,0.5140043,0.32640165,0.46368223
0.4811908,0.483714,0.48609412,0.34101528,0.49428195
0.4811908,0.47264037,0.47942835,0.3923543,0.51275647
0.47983763,0.47224233,0.47912055,0.4072223,0.51075023
0.47036535,0.46704724,0.47166348,0.43617958,0.50896376
0.45845738,0.44894335,0.45518357,0.44809788,0.5006312
0.45656294,0.44335854,0.4447622,0.45534205,0.48337477
0.44546685,0.4384152,0.45852017,0.46844167,0.4657389
0.4376184,0.42876503,0.44570413,0.4750712,0.46429592
0.44763193,0.44475225,0.4471494,0.47979492,0.47022474
0.47577807,0.47628608,0.47816622,0.4733749,0.5085936
0.5020298,0.51665443,0.51175255,0.4717543,0.53316206
0.5288227,0.5195966,0.522476,0.4700712,0.55159926
0.50635993,0.49396345,0.4994334,0.44162178,0.50957966
0.42138025,0.4357067,0.42491487,0.42281157,0.43641365
0.33261165,0.32498756,0.3265205,0.40580028,0.3466856
0.2600812,0.25722402,0.26482826,0.36855018,0.26246616
0.21623816,0.21739498,0.21970426,0.3509807,0.21490361
0.19566983,0.19798133,0.19587012,0.31844085,0.20282365
0.18619756,0.18936783,0.18792087,0.30217615,0.18717419
0.19079837,0.19081816,0.19203667,0.30801642,0.19811364
0.22083898,0.21204299,0.21907979,0.3046143,0.22574796
0.29905277,0.29911545,0.29496717,0.325841,0.30097955
0.4324763,0.4256361,0.4202079,0.330315,0.4403212
0.4871448,0.48333684,0.48994863,0.35310304,0.48028564
0.4836265,0.48020914,0.48235622,0.3590057,0.5042015
0.47198918,0.47792745,0.4879949,0.3820107,0.5147242
0.47063598,0.46124414,0.4679805,0.3950416,0.5164932
0.4608931,0.4654321,0.46576738,0.4035921,0.5089542
0.45169148,0.44492278,0.44904792,0.4341299,0.5003007
0.44005412,0.44334415,0.4445646,0.4690513,0.48965156
0.4240866,0.41873577,0.43098482,0.4761511,0.4673677
0.41190797,0.41380966,0.41304862,0.48435926,0.4660405
0.41975644,0.4215004,0.41899478,0.47226095,0.47274685
0.44411367,0.4498072,0.4531266,0.46730506,0.51437026
0.46278754,0.47979832,0.47526324,0.4557414,0.5322859
0.50798374,0.48751488,0.48106837,0.43247104,0.553297
0.4939107,0.4845892,0.4997175,0.38662392,0.51209235
0.42381597,0.42861894,0.41597277,0.35847926,0.44203356
0.3369418,0.32865036,0.33594382,0.33256072,0.35371345
0.25981057,0.2606071,0.2667473,0.30574727,0.27099773
0.22300406,0.2142852,0.2149745,0.3018418,0.2240914
0.20189445,0.21175063,0.20763542,0.29321304,0.2055604
0.1932341,0.19430661,0.19534805,0.29946834,0.18880245
0.202977,0.19921204,0.20025198,0.28552502,0.198268
0.2338295,0.22824967,0.23515925,0.31258053,0.22561349
0.31312585,0.31272158,0.29802465,0.29237396,0.30109775
0.44005412,0.44213086,0.42790145,0.31006253,0.44255167
0.4836265,0.48938498,0.49845102,0.2888198,0.48028034
0.47848445,0.470927,0.47104377,0.32507807,0.50711393
0.47171855,0.46850395,0.4816112,0.37869477,0.5168204
0.467659,0.4617574,0.47135514,0.39689404,0.51815945
0.4600812,0.4565509,0.4618508,0.39047262,0.5097518
0.4376184,0.44035092,0.44926032,0.41282946,0.5017467
0.42760488,0.4226496,0.4174273,0.43488103,0.49123454
0.41244927,0.40782493,0.42134213,0.43524402,0.4694444
0.40838972,0.3989461,0.4052803,0.44024813,0.46800244
0.42949933,0.420257,0.4190486,0.4293868,0.47527146
0.46305817,0.46086842,0.46562085,0.42093426,0.51664
0.48092017,0.5017893,0.49465284,0.4241044,0.5337293
0.51447904,0.49896392,0.49828252,0.40823543,0.55495787
0.49418133,0.48670492,0.49592835,0.37446612,0.5141889
0.41975644,0.4276156,0.4165194,0.34008616,0.44318902
0.32828146,0.32551172,0.33022326,0.31797463,0.35615247
0.24682003,0.25168857,0.25700328,0.28474638,0.27188683
0.20324764,0.20035443,0.20145032,0.26835346,0.22680669
0.17889039,0.18543726,0.1823221,0.27690098,0.20265616
0.17023005,0.16980591,0.16798465,0.2668062,0.18908979
0.17374831,0.17664814,0.17614724,0.26088524,0.20431419
0.19945873,0.19766963,0.19833128,0.28245375,0.23264019
0.27713126,0.2715197,0.26428333,0.2807927,0.30746523
0.41109607,0.40523776,0.39912486,0.29777765,0.4438117
0.46657646,0.46484402,0.46773085,0.30770445,0.4854678
0.4744249,0.46044698,0.46232677,0.31423444,0.5007649
0.4768606,0.47333473,0.48353213,0.3105564,0.5092572
0.47902572,0.4694424,0.4776173,0.34258524,0.5113472
0.46197563,0.470871,0.47404942,0.39272878,0.5080654
0.44411367,0.4382022,0.44163173,0.4182999,0.4979564
0.43951285,0.42926934,0.43030623,0.45373207,0.4897548
0.42381597,0.4216458,0.44090983,0.4817766,0.46258062
0.4257104,0.4100635,0.4180592,0.49024963,0.45855987
0.42814615,0.44055519,0.44661272,0.48731786,0.4691214
0.4435724,0.4476921,0.44660318,0.48006576,0.5050436
0.4625169,0.47883856,0.4700973,0.4700184,0.52216136
0.5066306,0.48720542,0.48601478,0.45654416,0.54283285
0.4976996,0.4818686,0.498865,0.42325395,0.503251
0.42760488,0.43068612,0.42420256,0.3864978,0.4481591
0.33802435,0.32943264,0.33475778,0.36539108,0.34472743
0.26035184,0.25721106,0.26291004,0.3197494,0.2753252
0.21109608,0.21175936,0.2150634,0.30876517,0.22632174
0.18592693,0.1913611,0.18837914,0.28642154,0.213185
0.17916103,0.1741983,0.17653854,0.307361,0.18749924
0.18511502,0.18474433,0.18568547,0.31884295,0.20133244
0.20974289,0.20808119,0.21285366,0.30267984,0.22891925
0.2782138,0.28181836,0.26996666,0.30351663,0.3098763
0.3948579,0.4015022,0.39162898,0.31158704,0.4395662
0.45548037,0.44909677,0.45915282,0.31733352,0.47327542
0.46874154,0.4568451,0.46139288,0.32990283,0.50061285
0.4633288,0.46757433,0.47834104,0.3561511,0.49215162
0.45845738,0.45397684,0.45970023,0.35112417,0.5119555
0.44573748,0.44465083,0.45045966,0.40870112,0.49605423
0.43491206,0.4193586,0.43128154,0.42663038,0.4836806
0.4257104,0.423911,0.42649806,0.44000006,0.49238122
0.41407308,0.40228298,0.42058244,0.4402718,0.4439979
0.39945874,0.40167657,0.40990275,0.43153512,0.4417324
0.39945874,0.40243587,0.39718714,0.43363434,0.45821023
0.40947226,0.4141096,0.4218746,0.41938066,0.48933768
0.42110962,0.43880188,0.4391703,0.42320746,0.5057606
0.44709066,0.44858256,0.45252234,0.40624312,0.52796876
0.43815967,0.42422214,0.4435278,0.3789373,0.48208296
0.38078484,0.3915284,0.3772537,0.34915537,0.43541792
0.3090663,0.30150917,0.30038345,0.32282716,0.33005685
0.2414073,0.23891348,0.24538608,0.28423995,0.27400845
0.2,0.19650039,0.19967355,0.25535873,0.21981062
0.17239513,0.18346033,0.18175758,0.27207592,0.20813952
0.15994588,0.1677413,0.16356875,0.27268794,0.18410428
0.15994588,0.16005856,0.16357374,0.25108936,0.1847123
0.17239513,0.17533654,0.18057573,0.2609635,0.20661692
0.20054127,0.20537749,0.21547085,0.2945612,0.22451253
0.25629228,0.25506952,0.2735008,0.29198927,0.28899333
0.32151556,0.32478276,0.31848744,0.26520187,0.33270264
0.3840325,0.3750719,0.36290342,0.31643373,0.40696603
0.4067659,0.41735703,0.41762087,0.3718028,0.43806243
0.40730718,0.40541974,0.41213346,0.39468974,0.46122146
0.39566982,0.39951915,0.4033223,0.39676577,0.44232213
0.37347767,0.37610963,0.3839925,0.42143005,0.41854432
0.3488498,0.34931168,0.3548356,0.43792456,0.41614556
0.33207035,0.32552624,0.33049616,0.45123583,0.38078737
0.32232746,0.32572392,0.32391065,0.44056952,0.38184658
0.32665765,0.33623564,0.32607743,0.45222533,0.41148275
0.3466847,0.36167032,0.34714192,0.41789246,0.42956266
0.36211097,0.38535467,0.37539858,0.42442584,0.47125727
0.40866035,0.392939,0.38166136,0.39457363,0.47761673
0.41163734,0.4019418,0.41777977,0.35828644,0.4508524
0.36184034,0.37019023,0.36080056,0.32363772,0.39413625
0.2976996,0.2904202,0.29214683,0.29679525,0.33801025
0.22949933,0.236601,0.23711053,0.28227788,0.2519858
0.18294993,0.18540937,0.18322852,0.28726512,0.19545938
0.1594046,0.16846511,0.15829392,0.28950226,0.17618908
0.14857917,0.15669194,0.15002483,0.3022293,0.15165429
0.15209743,0.15118271,0.14879243,0.30208594,0.15971713
0.16211095,0.16586933,0.16690291,0.31922472,0.18159486
0.18836266,0.19474518,0.18937424,0.32823813,0.19823398
0.23653586,0.23823556,0.2418386,0.32770553,0.23271082
0.30121785,0.3030819,0.3144344,0.34964252,0.28142715
0.36508796,0.3599132,0.35464624,0.33165777,0.36200076
0.38755074,0.39824948,0.3918296,0.38671798,0.42176613
0.38294992,0.38523766,0.3898342,0.4139936,0.43138802
0.37185386,0.37506676,0.37398142,0.41186112,0.4289829
0.34857917,0.35504094,0.35729983,0.4408406,0.4099334
0.31339648,0.3244049,0.3263193,0.42947733,0.40704328
0.29066306,0.28621164,0.28816512,0.43214655,0.3725934
0.28606224,0.28530332,0.28146306,0.41905242,0.3749506
0.2993234,0.30838427,0.29651526,0.43462205,0.42208052
0.31962112,0.34082404,0.329478,0.41533315,0.43313965
0.35426253,0.35956535,0.3535365,0.41853476,0.47856677
0.4075778,0.3960653,0.396572,0.40195817,0.48326564
0.39539918,0.39756063,0.41297567,0.3665614,0.4483441
0.32963464,0.33830842,0.33839816,0.35557204,0.39856523
0.25439784,0.2527862,0.25384548,0.3117414,0.3160035
0.19675237,0.19213724,0.1872359,0.25102443,0.24100398
0.16129905,0.15785936,0.15631543,0.22477007,0.17880452
0.14533153,0.14556825,0.14149594,0.21501777,0.112761214
0.13964817,0.1354661,0.13915892,0.19050163,0.11713274
0.14451963,0.13924709,0.14342111,0.20556402,0.120205164
0.17374831,0.16246149,0.161485,0.23391831,0.14803134
0.25899863,0.24415585,0.22008839,0.24174838,0.22515447
0.38917455,0.37940273,0.36780202,0.25807962,0.34871566
0.4541272,0.45317435,0.47449696,0.27441812,0.41053277
0.4633288,0.45592436,0.4520104,0.30370778,0.4406
0.46955344,0.4551781,0.45836377,0.32711643,0.4668553
0.48389715,0.46266732,0.46450782,0.29828817,0.4573264
0.48010826,0.47366008,0.47924304,0.29574636,0.4669969
0.46792963,0.4572641,0.46189725,0.37181947,0.45034385
0.45683357,0.4522266,0.45052734,0.39541173,0.44981313
0.44871446,0.43592378,0.45187992,0.43882477,0.42141908
0.4435724,0.43778965,0.4564497,0.4225663,0.42077866
0.4495264,0.45096356,0.45683515,0.43165284,0.43379852
0.47740188,0.4621768,0.46753603,0.4119737,0.43288684
0.49526387,0.4922466,0.5064583,0.41906017,0.47281837
0.5277402,0.5094629,0.50633603,0.4039502,0.46603572
0.5133965,0.51476777,0.50239825,0.34470236,0.46190667
0.4376184,0.43309355,0.43282932,0.3242619,0.40468448
0.34533152,0.33703855,0.34298456,0.30162853,0.29856795
0.27550745,0.26855233,0.27113312,0.27530017,0.20991363
0.23545332,0.22947487,0.23402077,0.25174174,0.17430079
0.21217862,0.22189197,0.21723661,0.26395863,0.1354813
0.20514208,0.20405596,0.20473914,0.26783326,0.1253665
0.20460081,0.2053836,0.21576071,0.28432834,0.13460682
0.23491204,0.22695658,0.23510273,0.28651154,0.16233824
0.3158322,0.31428713,0.319331,0.3232178,0.23540582
0.44086602,0.4422282,0.4380988,0.33128542,0.36676803
0.49905276,0.49840304,0.49310857,0.34467226,0.4285877
0.50392425,0.49298927,0.50189316,0.36989874,0.45296025
0.50257105,0.49847457,0.51297367,0.38001114,0.46989965
0.50717187,0.50449973,0.50630736,0.3980891,0.46465284
0.4947226,0.49766496,0.5047835,0.39850217,0.46894962
0.48741543,0.47435167,0.4785394,0.435957,0.45608753
0.4811908,0.48459563,0.47958744,0.45852047,0.45572263
0.47117728,0.46223107,0.47678018,0.49963558,0.42867243
0.46359947,0.4623807,0.46263206,0.5082008,0.42620462
0.47794315,0.47432247,0.46617007,0.542159,0.43781203
0.5050068,0.49879357,0.5066857,0.5179251,0.43780297
0.52449256,0.52670234,0.523898,0.51706916,0.47080916
0.5564276,0.5384935,0.53582764,0.5136187,0.4694804
0.54695535,0.5410808,0.5394661,0.4946066,0.46596235
0.45899865,0.470876,0.4714821,0.470313,0.41250062
0.3610284,0.3522964,0.35571235,0.46192807,0.30755824
0.28768605,0.28237957,0.28552523,0.45198166,0.22154729
0.24979702,0.2412115,0.24547863,0.42975307,0.18393137
0.2270636,0.23747185,0.23191766,0.40707934,0.13725553
0.21542625,0.21642339,0.21867496,0.38657528,0.12738468
0.21515562,0.20997447,0.22014157,0.37695917,0.13471691
0.24546684,0.2343699,0.24125405,0.38465235,0.16215953
0.32746956,0.3217865,0.3158155,0.36758274,0.2353865
0.45250338,0.45422372,0.44908112,0.368944,0.370122
0.50554806,0.5118094,0.51319367,0.3783155,0.4291821
0.5060893,0.5006334,0.5035763,0.3701762,0.45604396
0.4985115,0.49993148,0.5113863,0.3933941,0.47173035
0.4930988,0.49360248,0.49773794,0.40154576,0.4669891
0.48470905,0.4751631,0.4856235,0.4218155,0.47188658
0.47307172,0.4632319,0.47527102,0.46295476,0.45779806
0.46278754,0.46601185,0.46475923,0.49115825,0.4564007
0.4435724,0.44369084,0.45546824,0.5024607,0.43084168
0.43410012,0.4313513,0.4308102,0.49286693,0.42911178
0.4414073,0.44212303,0.44756863,0.5063593,0.43882036
0.4638701,0.457854,0.47734553,0.4887575,0.44064826
0.48660353,0.48255637,0.49933827,0.469752,0.47315013
0.5277402,0.5090895,0.5111794,0.45726353,0.4710735
0.5217862,0.5212071,0.5177919,0.42018878,0.4687091
0.44898513,0.44587252,0.44793332,0.38575852,0.4139755
0.36075777,0.34726956,0.35735005,0.3591174,0.31022304
0.2841678,0.28373513,0.2909211,0.35886624,0.22168846
0.24167794,0.23335344,0.24020599,0.3431608,0.18666601
0.22002706,0.22552073,0.22163536,0.32715634,0.13964714
0.21299052,0.20980677,0.21203639,0.32244277,0.12873419
0.21515562,0.21093607,0.2204926,0.31851906,0.1404271
0.24600811,0.23372468,0.24160011,0.32723212,0.16843323
0.32395127,0.3215978,0.30883545,0.3216029,0.24563457
0.45277402,0.44469357,0.43499008,0.33166015,0.3653286
0.5052774,0.50968844,0.5215911,0.3412481,0.4374416
0.50392425,0.49339315,0.49553493,0.34449536,0.45056218
0.4985115,0.492735,0.5061906,0.3722521,0.46335602
0.4925575,0.4892995,0.49852365,0.3810226,0.45636165
0.479567,0.47214815,0.4858619,0.40294552,0.4684983
0.45953992,0.45635453,0.46484613,0.4303022,0.45391923
0.4427605,0.44470593,0.4417985,0.468354,0.45895714
0.42083898,0.42129895,0.43077603,0.48368257,0.4272275
0.40487143,0.4077251,0.40851825,0.47960776,0.41996405
0.40622464,0.40743312,0.40657616,0.48290527,0.4390442
0.42300406,0.41789243,0.4334504,0.46640676,0.43212667
0.44086602,0.4434719,0.46008843,0.43388325,0.46253622
0.48443842,0.47157118,0.47324997,0.41347638,0.4596594
0.4895805,0.4834489,0.48510945,0.37256372,0.45670402
0.4173207,0.4181008,0.4294908,0.33473694,0.41808763
0.32665765,0.3150393,0.32829124,0.2935382,0.30251575
0.25223276,0.24959275,0.25592682,0.29737765,0.22624262
0.20757781,0.20470929,0.20964615,0.26350498,0.18691643
0.18240866,0.18935466,0.18556699,0.25046748,0.14684315
0.17212449,0.17035657,0.170991,0.24196571,0.124155715
0.17618403,0.1694859,0.17497908,0.25678784,0.13082851
0.20460081,0.19566944,0.19967996,0.26210478,0.15865472
0.2811908,0.2744567,0.25982788,0.2568763,0.24866782
0.40866035,0.40299854,0.39437583,0.2802865,0.36461443
0.46522328,0.47044984,0.47924948,0.30358398,0.4238659
0.47117728,0.46093783,0.45773244,0.31219637,0.44877827
0.46224627,0.46463415,0.47803074,0.31240916,0.44498622
0.4571042,0.4526083,0.45708486,0.3461606,0.45609826
0.44709066,0.4409227,0.45113748,0.3401847,0.459826
0.4248985,0.42093405,0.4324656,0.37427807,0.43439615
0.41542625,0.41054234,0.40263805,0.39861023,0.4581709
0.39566982,0.39600942,0.40767646,0.4223907,0.39868742
0.38890392,0.3809298,0.38304853,0.4322005,0.40071914
0.38511503,0.39410147,0.39503497,0.45088172,0.4213438
0.39188093,0.38769487,0.39681178,0.440104,0.4107896
0.40351826,0.40100572,0.42034185,0.4272989,0.4436655
0.43572396,0.4254034,0.4381364,0.42598027,0.44240528
0.43978348,0.43738165,0.43758887,0.35887498,0.4351138
0.38024357,0.38549736,0.38219643,0.3299092,0.4041426
0.30960757,0.29453924,0.29845092,0.28272724,0.2825477
0.24194857,0.24074593,0.24886225,0.2756021,0.21718581
0.19675237,0.19520682,0.20105544,0.2665404,0.17841834
0.17537212,0.17883134,0.17585126,0.26493523,0.14107335
0.16454668,0.16317412,0.16974409,0.26706782,0.117161006
0.16508795,0.16195515,0.17044206,0.26474035,0.12352495
0.17834912,0.17830616,0.18835321,0.28420633,0.1438527
0.21948579,0.21009079,0.22429296,0.3079719,0.18122655
0.27956697,0.27573505,0.30601785,0.30302498,0.22511612
0.34776726,0.34331536,0.3333006,0.2980457,0.28949603
0.39729363,0.39092663,0.38735193,0.35009044,0.3336724
0.4270636,0.4166283,0.41941416,0.3564388,0.37668774
0.43870094,0.43189695,0.4394436,0.3772304,0.39517963
0.42949933,0.43401,0.4378411,0.40633488,0.37156752
0.40568337,0.4090118,0.41460872,0.43108702,0.36810625
0.37943166,0.38737646,0.38504407,0.45559752,0.37600857
0.3585927,0.3572392,0.359007,0.471727,0.31699735
0.347226,0.34968957,0.3476187,0.50097114,0.33200657
0.34912044,0.36187172,0.34711963,0.51766896,0.3506716
0.36508796,0.37388554,0.36235994,0.5143746,0.36578807
0.38186738,0.38013577,0.38800877,0.50706494,0.39668843
0.4181326,0.41077963,0.40202346,0.51426816,0.42368758
0.42598104,0.42636278,0.4221774,0.48611683,0.37942052
0.37401894,0.38180608,0.37842882,0.45818973,0.3555093
0.30311233,0.305124,0.30114275,0.40542018,0.2715842
0.2427605,0.24273625,0.23948635,0.37374997,0.20461716
0.20162381,0.20002055,0.20263116,0.38056862,0.14796212
0.1767253,0.18876284,0.18113196,0.3627741,0.104328156
0.16400541,0.16326419,0.16727428,0.34706932,0.092585504
0.16211095,0.1614514,0.16430934,0.3488215,0.099802524
0.17104195,0.17155063,0.17541657,0.34318578,0.12345542
0.19675237,0.19359177,0.20048057,0.34719402,0.14574857
0.23518267,0.23877129,0.2500509,0.35082522,0.16671377
0.29499322,0.29435873,0.30464107,0.34371603,0.22558405
0.36265224,0.34811804,0.35295844,0.35391152,0.28282094
0.40270635,0.39645672,0.39895704,0.40276802,0.35385162
0.4173207,0.40987408,0.41530222,0.41539145,0.360631
0.4240866,0.41283795,0.41575402,0.43795037,0.3544523
0.41109607,0.41378847,0.41774392,0.44348246,0.35954446
0.38349122,0.39172143,0.3925733,0.44913167,0.35796815
0.36184034,0.35936144,0.3609503,0.45876575,0.30560824
0.3585927,0.35211554,0.35220832,0.44803578,0.319085
0.37023005,0.37633595,0.36993483,0.44325274,0.351114
0.39729363,0.39236116,0.3946009,0.430744,0.35629395
0.41596752,0.41419122,0.42686993,0.411123,0.40079665
0.44303113,0.4385615,0.42893916,0.39331755,0.42258048
0.4384303,0.44064817,0.43840188,0.3659145,0.37168598
0.35886332,0.37353173,0.38586417,0.32988405,0.3627254
0.27604872,0.26770684,0.27093336,0.27839243,0.24697383
0.21055481,0.21240056,0.21029453,0.2424794,0.19282988
0.16589986,0.1679908,0.16596004,0.22102526,0.120673314
0.14614344,0.14740145,0.13838044,0.20291841,0.112761214
0.14046007,0.13545284,0.13486926,0.2022154,0.11713274
0.14316644,0.1419509,0.14161189,0.2211445,0.120205164
0.17266576,0.1623249,0.15906882,0.237825,0.14803134
0.25548038,0.24586326,0.22397748,0.25117144,0.22515447
0.3788904,0.38063687,0.36331412,0.2559883,0.34871566
0.43978348,0.44635046,0.46873808,0.29012695,0.41053277
0.44844383,0.44882712,0.45314276,0.3312828,0.4406
0.45385656,0.44809163,0.455912,0.37558758,0.4668553
0.46035182,0.4528481,0.45870364,0.33902538,0.4573264
0.44871446,0.45127568,0.45929122,0.3183897,0.4669969
0.43355885,0.42358539,0.4298462,0.33482116,0.45034385
0.4202977,0.41805115,0.41490835,0.36972386,0.44981313
0.40054128,0.39992502,0.41317573,0.40965924,0.42141908
0.38917455,0.38219625,0.3950761,0.4343428,0.42077866
0.38538566,0.39223155,0.3969748,0.44722712,0.43379852
0.3991881,0.39151385,0.4018379,0.44042122,0.43288684
0.41623816,0.41020584,0.42747328,0.43315268,0.47281837
0.45899865,0.44245812,0.44720888,0.4054556,0.46603572
0.45737484,0.46154904,0.4607013,0.35886538,0.46190667
0.3805142,0.3845997,0.38747436,0.31947535,0.40468448
0.2893099,0.28221813,0.28830236,0.30504888,0.29856795
0.21948579,0.21575728,0.21697429,0.29381672,0.20991363
0.17780785,0.17660314,0.1774629,0.28684324,0.17430079
0.1518268,0.16138873,0.15807845,0.27979422,0.1354813
0.14370771,0.14002946,0.14132498,0.2655112,0.1253665
0.14451963,0.14730099,0.14836289,0.26309535,0.13460682
0.17239513,0.16836378,0.16746007,0.26383528,0.16233824
0.25142083,0.24826047,0.23292987,0.27342737,0.23540582
0.38024357,0.37558308,0.36911374,0.28564394,0.36676803
0.44709066,0.44229668,0.44864908,0.2839622,0.4285877
0.4600812,0.44613662,0.4492505,0.3008927,0.45296025
0.46820027,0.45762238,0.46941364,0.27941003,0.46989965
0.47415426,0.46948096,0.47288284,0.29401213,0.46465284
0.4714479,0.4644743,0.47141424,0.29211876,0.46894962
0.4625169,0.4551218,0.46234173,0.29920006,0.45608753
0.4541272,0.4533228,0.45131853,0.34603685,0.45572263
0.43626523,0.4337714,0.44707453,0.38606983,0.42867243
0.41623816,0.42159253,0.42673013,0.44111848,0.42620462
0.41542625,0.41579166,0.40973875,0.46029538,0.43781203
0.4292287,0.42333397,0.42935723,0.46704954,0.43780297
0.43572396,0.4392846,0.4443192,0.47036624,0.47080916
0.47117728,0.45006347,0.45423818,0.46160197,0.4694804
0.46738836,0.46699032,0.46946913,0.3925269,0.46596235
0.38836265,0.39580774,0.3967479,0.34191567,0.41250062
0.29661706,0.28676325,0.2927996,0.32896227,0.30755824
0.22354533,0.22092444,0.22410473,0.30933762,0.22154729
0.1759134,0.17838982,0.17962785,0.30335724,0.18393137
0.14912044,0.15819564,0.15130037,0.29762253,0.13725553
0.13775373,0.13786584,0.13720953,0.28533214,0.12738468
0.13856563,0.13784471,0.13991338,0.28107718,0.13471691
0.16238159,0.16043407,0.16171095,0.27005938,0.16215953
0.24113667,0.23081559,0.22296068,0.29051554,0.2353865
0.37239513,0.36552477,0.36188227,0.27191508,0.370122
0.4368065,0.44160277,0.44553065,0.28501147,0.4291821
0.44898513,0.43796578,0.4432437,0.28682965,0.45604396
0.45304465,0.44832912,0.46115613,0.29652652,0.47173035
0.45087957,0.4520898,0.45766643,0.30822274,0.4669891
0.4435724,0.43537107,0.44703633,0.31608927,0.47188658
0.42598104,0.4229811,0.43468645,0.3477465,0.45779806
0.42381597,0.412834,0.41091698,0.3799861,0.4564007
0.4143437,0.4073662,0.42264265,0.4130181,0.43084168
0.40730718,0.40151578,0.4087476,0.41231382,0.42911178
0.41380244,0.4103538,0.41023594,0.41818392,0.43882036
0.43572396,0.42340454,0.42931712,0.4236706,0.44064826
0.45548037,0.44572487,0.45242074,0.41987836,0.47315013
0.48010826,0.47151896,0.4775775,0.4228778,0.4710735
0.45818675,0.46770397,0.46632344,0.38386333,0.4687091
0.3772666,0.37996888,0.37925348,0.33005857,0.4139755
0.2866035,0.2785397,0.28072003,0.31775528,0.31022304
0.21434371,0.21316141,0.2126184,0.30694193,0.22168846
0.16806495,0.16804612,0.16936868,0.2958073,0.18666601
0.1466847,0.14968234,0.14358117,0.2929616,0.13964714
0.13396482,0.13604072,0.13719864,0.29207805,0.12873419
0.13748309,0.13669556,0.13561754,0.27896506,0.1404271
0.16481732,0.16158116,0.16327168,0.2649634,0.16843323
0.24709067,0.2350553,0.23377024,0.25311366,0.24563457
0.37077132,0.37070367,0.3740238,0.2568069,0.3653286
0.42733425,0.43321782,0.42651194,0.2629579,0.4374416
0.43545333,0.42263067,0.4360225,0.25919566,0.45056218
0.43815967,0.43357652,0.44458103,0.28432116,0.46335602
0.43788904,0.43200955,0.4403749,0.3017595,0.45636165
0.43653587,0.42251405,0.43311608,0.300329,0.4684983
0.42868742,0.42051324,0.43056914,0.337262,0.45391923
0.42814615,0.41904303,0.42450878,0.3884812,0.45895714
0.4202977,0.41316083,0.43209958,0.43135768,0.4272275
0.4135318,0.41121244,0.4194411,0.42000967,0.41996405
0.41948578,0.41923454,0.42218417,0.40051544,0.4390442
0.43897158,0.43018505,0.4418831,0.38658372,0.43212667
0.45520973,0.4518399,0.46104696,0.384878,0.46253622
0.485521,0.47365353,0.47144747,0.3905477,0.4596594
0.473613,0.47013342,0.4682699,0.3866291,0.45670402
0.40189445,0.39773425,0.3959572,0.34714752,0.41808763
0.31258458,0.30393806,0.30778533,0.3401817,0.30251575
0.23707713,0.23753986,0.23822561,0.33414772,0.22624262
0.1962111,0.18831497,0.19163541,0.33061954,0.18691643
0.17131259,0.1805732,0.17822929,0.32497668,0.14684315
0.16075778,0.15972489,0.16218382,0.32273626,0.124155715
0.16562922,0.16067609,0.16606659,0.3304292,0.13082851
0.18917456,0.1885437,0.19474928,0.31599027,0.15865472
0.26414073,0.25575015,0.25423592,0.28814587,0.24866782
0.38971582,0.38492417,0.37864888,0.28180236,0.36461443
0.46305817,0.45293504,0.451873,0.28995287,0.4238659
0.4895805,0.46885946,0.4750536,0.2841869,0.44877827
0.5020298,0.49412057,0.5019705,0.30102694,0.44498622
0.51772666,0.5037829,0.5074817,0.32837772,0.45609826
0.52449256,0.50722665,0.5241966,0.34613544,0.459826
0.5182679,0.50659394,0.52435166,0.35703707,0.43439615
0.51231396,0.50648916,0.51297086,0.36626333,0.4581709
0.49715832,0.48645815,0.5109523,0.3890884,0.39868742
0.4879567,0.48250183,0.49057132,0.40581548,0.40071914
0.4917456,0.49074504,0.49270663,0.39238876,0.4213438
0.50121784,0.49424228,0.5048806,0.4053073,0.4107896
0.49959403,0.5037986,0.5069752,0.40939265,0.4436655
0.49986467,0.503319,0.5061786,0.41581675,0.44240528
0.479567,0.47663197,0.48303494,0.41693872,0.4351138
0.41407308,0.41884187,0.41103745,0.41155022,0.4041426
0.33667117,0.32699674,0.3256647,0.42372876,0.2825477
0.2638701,0.26666236,0.26804218,0.42178297,0.21718581
0.21515562,0.21522832,0.21837007,0.4173637,0.17841834
0.1864682,0.19747066,0.19100104,0.41511208,0.14107335
0.17077132,0.17243013,0.17580111,0.4027666,0.117161006
0.16671178,0.16812894,0.17337747,0.40383244,0.12352495
0.17916103,0.17939544,0.188947,0.40620267,0.1438527
0.20811908,0.21234655,0.23286028,0.39428043,0.18122655
0.25548038,0.26308805,0.28839502,0.3847723,0.22511612
0.31962112,0.32231447,0.31738177,0.38435817,0.28949603
0.38376185,0.37504938,0.37312865,0.394922,0.3336724
0.42273343,0.42199305,0.42837107,0.40535092,0.37668774
0.42868742,0.43460232,0.4468555,0.42282408,0.39517963
0.41948578,0.4245937,0.42818987,0.432706,0.37156752
0.3948579,0.40018174,0.40729332,0.46493924,0.36810625
0.3661705,0.3741921,0.37276986,0.47256017,0.37600857
0.34749663,0.34354517,0.34273708,0.46791232,0.31699735
0.3404601,0.3405045,0.34098253,0.4679758,0.33200657
0.34614342,0.3545362,0.35482055,0.4538477,0.3506716
0.36806494,0.36841485,0.370254,0.43592006,0.36578807
0.37834913,0.38134238,0.3902797,0.41721362,0.39668843
0.39891747,0.39884958,0.38874185,0.39795685,0.42368758
0.3932341,0.4011047,0.4053023,0.34578532,0.37942052
0.3428958,0.34344596,0.3498705,0.32191768,0.3555093
0.27496618,0.27569795,0.2742456,0.32077596,0.2715842
0.21217862,0.21590364,0.21155497,0.3203529,0.20461716
0.16914749,0.16873485,0.1683854,0.30644947,0.14796212
0.14479026,0.15411791,0.14502542,0.29831815,0.104328156
0.13125846,0.13283747,0.13337539,0.2980813,0.092585504
0.12638701,0.1269564,0.12838455,0.30647513,0.099802524
0.13450609,0.13271973,0.13353042,0.28665626,0.12345542
0.15967524,0.15473494,0.1558395,0.30261916,0.14574857
0.19161029,0.1987594,0.20124818,0.32859594,0.16671377
0.24573748,0.25250408,0.25155962,0.32053572,0.22558405
0.3112314,0.30332422,0.3112011,0.32327545,0.28282094
0.36048713,0.3493107,0.35071042,0.3428421,0.35385162
0.3753721,0.37292305,0.37921867,0.35343516,0.360631
0.37428957,0.37367615,0.37322667,0.35208607,0.3544523
0.36346415,0.3601301,0.36480626,0.38246337,0.35954446
0.34912044,0.34832537,0.35085627,0.4049701,0.35796815
0.3396482,0.33374545,0.34153208,0.42053688,0.30560824
0.34154263,0.3373324,0.34325457,0.43913537,0.319085
0.35832205,0.36438432,0.3602047,0.43835253,0.351114
0.38240865,0.38500574,0.39006203,0.4268018,0.35629395
0.38998646,0.39706138,0.40603542,0.44134164,0.40079665
0.4121786,0.40542105,0.39475214,0.43191737,0.42258048
0.4232747,0.4071035,0.40449426,0.38414854,0.37168598
0.35236806,0.3670207,0.3784417,0.347408,0.3627254
0.27659,0.2664086,0.2641679,0.31673568,0.24697383
0.21650879,0.21433744,0.21218991,0.27889746,0.19282988
0.17997293,0.17622885,0.17358209,0.25610095,0.120673314
0.15859269,0.16608846,0.1586068,0.26421928,0.112761214
0.15290934,0.14915273,0.1486336,0.24504855,0.11713274
0.15832205,0.1554628,0.1571585,0.26925284,0.120205164
0.1856563,0.18018398,0.17898978,0.26270735,0.14803134
0.258728,0.25677595,0.23631094,0.2885207,0.22515447
0.36075777,0.37341285,0.35252637,0.30164886,0.34871566
0.4232747,0.418573,0.4392044,0.2949467,0.41053277
0.4392422,0.43860427,0.44725156,0.35408032,0.4406
0.44086602,0.44089118,0.44583672,0.40319192,0.4668553
0.4368065,0.43762836,0.44044736,0.40494043,0.4573264
0.43274695,0.4236606,0.42987025,0.39650565,0.4669969
0.4173207,0.41353306,0.42358157,0.43522906,0.45034385
0.40920162,0.40336803,0.4023316,0.44489962,0.44981313
0.3924222,0.39277896,0.40684408,0.4466015,0.42141908
0.3745602,0.37556416,0.38846603,0.4443618,0.42077866
0.3737483,0.374368,0.37508816,0.439012,0.43379852
0.3864682,0.38326323,0.394756,0.41124558,0.43288684
0.40108255,0.39789084,0.4117648,0.41290244,0.47281837
0.43572396,0.43006957,0.43315184,0.3902604,0.46603572
0.44925576,0.43708265,0.43979377,0.36201033,0.46190667
0.3780785,0.38359663,0.392011,0.33706623,0.40468448
0.28876862,0.27855113,0.28954804,0.3094089,0.29856795
0.22083898,0.2137433,0.21924265,0.268188,0.20991363
0.17753722,0.17779374,0.18060382,0.24572417,0.17430079
0.15696888,0.15937835,0.15601948,0.2270124,0.1354813
0.1458728,0.14595157,0.14953227,0.21700281,0.1253665
0.1466847,0.14707413,0.14893894,0.21726774,0.13460682
0.17483085,0.16799045,0.1669888,0.23955815,0.16233824
0.24871448,0.25035855,0.23084809,0.25194097,0.23540582
0.35074425,0.36789304,0.3561644,0.27704847,0.36676803
0.4143437,0.40500352,0.41442257,0.3079322,0.4285877
0.43058187,0.4234965,0.42668986,0.32667297,0.45296025
0.43545333,0.43232912,0.43823427,0.33173513,0.46989965
0.43788904,0.4357548,0.4398051,0.31467605,0.46465284
0.4324763,0.43017814,0.4363835,0.3410567,0.46894962
0.42056835,0.41713145,0.42163986,0.36754245,0.45608753
0.42056835,0.4135962,0.40655077,0.41471502,0.45572263
0.4156969,0.4079298,0.41815758,0.4480633,0.42867243
0.4143437,0.4079449,0.41236946,0.44077146,0.42620462
0.4308525,0.42062536,0.42111415,0.44899142,0.43781203
0.45169148,0.44439745,0.45320046,0.42507577,0.43780297
0.45656294,0.4608525,0.46612155,0.43978924,0.47080916
0.46278754,0.4630011,0.467295,0.42651182,0.4694804
0.45602164,0.44660988,0.44497657,0.39211702,0.46596235
0.38240865,0.38610315,0.38882565,0.3640445,0.41250062
0.30581868,0.2813774,0.28895003,0.34971237,0.30755824
0.23653586,0.2307137,0.24217238,0.31256247,0.22154729
0.19079837,0.18899074,0.19379006,0.30426586,0.18393137
0.16454668,0.17136747,0.16876669,0.2984799,0.13725553
0.15453315,0.15260929,0.15457006,0.28664494,0.12738468
0.15480378,0.15076497,0.16031867,0.27472162,0.13471691
0.18078485,0.17327029,0.18164541,0.26364046,0.16215953
0.25060892,0.25155815,0.25364554,0.23502836,0.2353865
0.35290933,0.3707917,0.3582833,0.25075334,0.370122
0.41786197,0.4111849,0.4112165,0.21425955,0.4291821
0.4338295,0.42846707,0.43752962,0.28144467,0.45604396
0.43410012,0.43481565,0.44330978,0.2837971,0.47173035
0.43734777,0.43280795,0.43590486,0.28208223,0.4669891
0.43139377,0.42798772,0.4356771,0.30846983,0.47188658
0.41596752,0.41336426,0.42278385,0.33956465,0.45779806
0.4113667,0.40788475,0.40573663,0.36284196,0.4564007
0.4,0.3960167,0.41125757,0.41946667,0.43084168
0.39188093,0.38746688,0.39620778,0.43130678,0.42911178
0.39296347,0.39227143,0.40241826,0.43596262,0.43882036
0.40162382,0.39573786,0.41214916,0.4173537,0.44064826
0.4105548,0.4055291,0.418441,0.40688476,0.47315013
0.4338295,0.4295229,0.43013516,0.38473856,0.4710735
0.45439783,0.43082684,0.43202716,0.33592105,0.4687091
0.38917455,0.39450988,0.4056041,0.28834248,0.4139755
0.30175912,0.290785,0.30034655,0.2781105,0.31022304
0.22625169,0.22529995,0.22919764,0.24063459,0.22168846
0.1797023,0.17675984,0.17993017,0.20832497,0.18666601
0.15967524,0.16123101,0.15707584,0.23362464,0.13964714
0.15074424,0.15010145,0.15300278,0.2304379,0.12873419
0.15399188,0.15331921,0.15479895,0.2534379,0.1404271
0.18457375,0.17698938,0.17668523,0.28338835,0.16843323
0.26116374,0.25701535,0.24239157,0.28066266,0.24563457
0.36346415,0.3793574,0.36581683,0.31499013,0.3653286
0.4257104,0.4167497,0.42697662,0.31892306,0.4374416
0.44627875,0.42752627,0.43900338,0.3383427,0.45056218
0.44898513,0.446775,0.4558316,0.39632565,0.46335602
0.45169148,0.44134715,0.45105493,0.3596843,0.45636165
0.45223275,0.43856943,0.4509623,0.36634225,0.4684983
0.44221923,0.43787715,0.4478179,0.385907,0.45391923
0.44411367,0.43114638,0.43293077,0.38147026,0.45895714
0.43139377,0.4274355,0.44699425,0.41787565,0.4272275
0.41975644,0.41585347,0.42363507,0.44891018,0.41996405
0.4248985,0.41743287,0.4194387,0.43883651,0.4390442
0.43951285,0.42934933,0.44061777,0.44370967,0.43212667
0.4541272,0.44936958,0.45515722,0.43571007,0.46253622
0.47415426,0.47304407,0.47421312,0.4166879,0.4596594
0.4714479,0.46299005,0.46628037,0.4040683,0.45670402
0.40189445,0.3983499,0.40411025,0.3704754,0.41808763
0.3104195,0.29912046,0.3082492,0.35702938,0.30251575
0.23815967,0.23129836,0.23495038,0.32894218,0.22624262
0.19079837,0.18824553,0.19521032,0.29013813,0.18691643
0.16644114,0.17040539,0.16858809,0.26335567,0.14684315
0.15426251,0.15462515,0.15720889,0.23145987,0.124155715
0.15426251,0.15204889,0.15737723,0.22685346,0.13082851
0.1759134,0.17283899,0.17811923,0.24450752,0.15865472
0.2414073,0.24123392,0.23685573,0.26377723,0.24866782
0.33829498,0.35834897,0.3488152,0.2864734,0.36461443
0.41082543,0.39745817,0.40280592,0.30456245,0.4238659
0.4368065,0.43244794,0.43763316,0.32057703,0.44877827
0.44682002,0.44450012,0.44954044,0.33405948,0.44498622
0.45764548,0.44952205,0.4551265,0.36037695,0.45609826
0.45520973,0.4530041,0.46227843,0.38886106,0.459826
0.44167796,0.43832722,0.448223,0.45224786,0.43439615
0.43301758,0.43382445,0.4305576,0.42282307,0.4581709
0.42110962,0.41407487,0.42677456,0.44663322,0.39868742
0.41109607,0.40712813,0.4148084,0.4222201,0.40071914
0.40920162,0.40802422,0.41526875,0.4052015,0.4213438
0.41028416,0.40221685,0.4235838,0.39382043,0.4107896
0.40920162,0.40870026,0.42276576,0.39407635,0.4436655
0.42354533,0.41755742,0.42738473,0.3647576,0.44240528
0.42598104,0.42734927,0.42535466,0.35048443,0.4351138
0.3686062,0.37393802,0.37465936,0.32431775,0.4041426
0.29364005,0.28183058,0.28648528,0.31711155,0.2825477
0.22273342,0.22064832,0.22845887,0.20067638,0.21718581
0.17428958,0.1715748,0.17807333,0.23441753,0.17841834
0.14749661,0.15334928,0.15076964,0.24381018,0.14107335
0.13342355,0.12981102,0.13732079,0.25399584,0.117161006
0.12611638,0.12575999,0.13401599,0.23700425,0.12352495
0.12990528,0.1323145,0.13965172,0.20518515,0.1438527
0.16048715,0.15185857,0.16275235,0.25904053,0.18122655
0.20703654,0.2093955,0.22754048,0.25143623,0.22511612
0.27361298,0.27838406,0.26928517,0.22222039,0.28949603
0.3396482,0.33020294,0.3280282,0.24490236,0.3336724
0.38673884,0.37731352,0.380261,0.2862273,0.37668774
0.39864683,0.40003315,0.41164422,0.30133605,0.39517963
0.3907984,0.39637518,0.3985752,0.33196378,0.37156752
0.37077132,0.3715434,0.38077432,0.37811935,0.36810625
0.35020298,0.3524507,0.3557045,0.3890552,0.37600857
0.33585927,0.3287932,0.33733526,0.4162783,0.31699735
0.32990527,0.3285845,0.3314469,0.4370728,0.33200657
0.33558863,0.34124172,0.3357626,0.44915217,0.3506716
0.35074425,0.35351685,0.3505637,0.44452828,0.36578807
0.3548038,0.35853854,0.3673669,0.4269781,0.39668843
0.37266576,0.37472928,0.3662529,0.4277625,0.42368758
0.39729363,0.37569746,0.37993342,0.39611116,0.37942052
0.34939107,0.35768077,0.3672826,0.39454377,0.3555093
0.28606224,0.27548218,0.27455935,0.3709374,0.2715842
0.22733423,0.22380644,0.22426878,0.27961493,0.20461716
0.18294993,0.17988357,0.18304402,0.27387246,0.14796212
0.15751015,0.16513854,0.1575493,0.27474624,0.104328156
0.14695534,0.14258006,0.14680673,0.2876996,0.092585504
0.14695534,0.14246845,0.14735015,0.28172487,0.099802524
0.15588634,0.15559345,0.15986109,0.26990238,0.12345542
0.17861976,0.17845598,0.18385875,0.27881336,0.14574857
0.21055481,0.2173379,0.22533675,0.30316895,0.16671377
0.26792964,0.27211747,0.27300042,0.30141693,0.22558405
0.32963464,0.32252672,0.33043677,0.34931403,0.28282094
0.36211097,0.36347353,0.36336744,0.360357,0.35385162
0.36671177,0.3684114,0.37195897,0.36891383,0.360631
0.3610284,0.36207083,0.36273396,0.3741377,0.3544523
0.3466847,0.3455626,0.35100752,0.40441835,0.35954446
0.3285521,0.33358207,0.33236662,0.43339652,0.35796815
0.31339648,0.3129761,0.3162969,0.44373655,0.30560824
0.31096077,0.30840886,0.30877548,0.4647777,0.319085
0.32286873,0.33219317,0.3221981,0.45888585,0.351114
0.34993234,0.34955046,0.3484769,0.4785086,0.35629395
0.3669824,0.3700919,0.38183618,0.46897823,0.40079665
0.39566982,0.3939382,0.38565585,0.46869004,0.42258048
0.42083898,0.39782023,0.39999804,0.4444356,0.37168598
0.35967523,0.3725465,0.3798638,0.39146593,0.3627254
0.28281462,0.27662086,0.27400136,0.3656059,0.24697383
0.22083898,0.21944097,0.21510199,0.30470788,0.19282988
0.17997293,0.18024915,0.17640299,0.3125679,0.120673314
0.16238159,0.16518271,0.15647557,0.30417314,0.112761214
0.15696888,0.1546354,0.1557552,0.30543008,0.11713274
0.16346414,0.15867096,0.1606213,0.2978835,0.120205164
0.19485791,0.18460572,0.18200627,0.30820882,0.14803134
0.27388364,0.26661393,0.24411924,0.30835992,0.22515447
0.37699595,0.3904673,0.37360543,0.33191657,0.34871566
0.4419486,0.43064642,0.45483744,0.30829543,0.41053277
0.4533153,0.4527531,0.4569568,0.34543586,0.4406
0.45683357,0.4475021,0.44987148,0.39663184,0.4668553
0.45656294,0.45154354,0.45514047,0.3810349,0.4573264
0.45223275,0.44274673,0.44852626,0.36378127,0.4669969
0.43707713,0.43225393,0.44094375,0.3836425,0.45034385
0.43031123,0.42207447,0.42042768,0.40746605,0.44981313
0.41190797,0.41334397,0.4273413,0.4038694,0.42141908
0.39539918,0.39415553,0.40695134,0.4198116,0.42077866
0.39431664,0.39662713,0.39771074,0.41275898,0.43379852
0.40784845,0.4040987,0.41271144,0.42266536,0.43288684
0.42381597,0.4207265,0.43177706,0.40942496,0.47281837
0.4511502,0.45176694,0.45402992,0.40379518,0.46603572
0.46955344,0.44762358,0.4541404,0.38461912,0.46190667
0.4,0.405835,0.41652274,0.33128202,0.40468448
0.3179973,0.29843658,0.3089111,0.30541208,0.29856795
0.25142083,0.24272081,0.25161567,0.2568377,0.20991363
0.21271989,0.20579246,0.21160887,0.23311871,0.17430079
0.19215156,0.19708106,0.19601816,0.22505352,0.1354813
0.18511502,0.18293491,0.18741788,0.24167545,0.1253665
0.1834912,0.18484545,0.1942931,0.24238363,0.13460682
0.21109608,0.20302048,0.20713143,0.28832412,0.16233824
0.28227335,0.28809252,0.27312592,0.30918163,0.23540582
0.38322058,0.39933804,0.38688815,0.29963416,0.36676803
0.44790256,0.43245402,0.44580755,0.32542855,0.4285877
0.4700947,0.45203292,0.45958048,0.32783478,0.45296025
0.47740188,0.4706345,0.48016965,0.33212537,0.46989965
0.4820027,0.4779047,0.48128587,0.3360259,0.46465284
0.48335588,0.47171012,0.480824,0.36404097,0.46894962
0.47902572,0.46856108,0.47613704,0.3914399,0.45608753
0.47794315,0.47243196,0.4688509,0.4292345,0.45572263
0.47063598,0.45905888,0.47207332,0.44406903,0.42867243
0.46630582,0.4589099,0.46365434,0.4539219,0.42620462
0.47334236,0.47385016,0.46922848,0.46009624,0.43781203
0.49445197,0.4835321,0.48659387,0.47239196,0.43780297
0.5017591,0.5085541,0.5106778,0.47012419,0.47080916
0.5069012,0.50800794,0.5051259,0.467274,0.4694804
0.49201623,0.4829491,0.48858315,0.4515444,0.46596235
0.41975644,0.41997436,0.42331716,0.41842645,0.41250062
0.329364,0.32002786,0.33074903,0.40569258,0.30755824
0.258728,0.25126258,0.25800884,0.3849157,0.22154729
0.21217862,0.21354187,0.21682997,0.37332898,0.18393137
0.18619756,0.19473597,0.18808836,0.3460679,0.13725553
0.17374831,0.17531559,0.17442305,0.33159053,0.12738468
0.17483085,0.17037275,0.17604779,0.3156454,0.13471691
0.19864681,0.19491163,0.20126362,0.33081478,0.16215953
0.27009472,0.2697704,0.26734057,0.3363545,0.2353865
0.37510148,0.39371368,0.38302362,0.3411665,0.370122
0.43491206,0.4355279,0.44001687,0.34931844,0.4291821
0.4511502,0.44462556,0.45432913,0.37446222,0.45604396
0.4549391,0.45464766,0.4644664,0.3929894,0.47173035
0.45764548,0.45666933,0.46094748,0.38870913,0.4669891
0.44925576,0.44731385,0.45804211,0.42062306,0.47188658
0.43572396,0.42974308,0.4406726,0.4582597,0.45779806
0.43112314,0.4286451,0.42539972,0.4545802,0.4564007
0.4173207,0.4147856,0.42721957,0.47001153,0.43084168
0.4067659,0.4012111,0.40901735,0.43733543,0.42911178
0.40216509,0.40239444,0.4175556,0.3778879,0.43882036
0.40568337,0.39777705,0.42405736,0.34748733,0.44064826
0.40784845,0.4071208,0.4253865,0.32175016,0.47315013
0.43031123,0.42760083,0.427856,0.31213713,0.4710735
0.44546685,0.4365323,0.43494388,0.2980914,0.4687091
0.37401894,0.38783628,0.39871642,0.23832248,0.4139755
0.28525034,0.2757794,0.28347886,0.21917772,0.31022304
0.21705006,0.21228239,0.2155067,0.1624175,0.22168846
0.17374831,0.1704556,0.17583235,0.17931812,0.18666601
0.15128551,0.154975,0.15190469,0.1663346,0.13964714
0.13856563,0.13975987,0.14225501,0.17629978,0.12873419
0.13883626,0.13802555,0.13947669,0.1589289,0.1404271
0.15832205,0.1595726,0.15703969,0.20386237,0.16843323
0.22516915,0.221591,0.20235488,0.20730142,0.24563457
0.33179972,0.3380598,0.31926805,0.24688034,0.3653286
0.4008119,0.391523,0.41012785,0.24845818,0.4374416
0.42516914,0.410888,0.4210924,0.26671845,0.45056218
0.43626523,0.4304142,0.43676195,0.2691493,0.46335602
0.44330177,0.43329856,0.44305566,0.29556856,0.45636165
0.43897158,0.4317034,0.44471043,0.27274987,0.4684983
0.4248985,0.42132106,0.4328603,0.33419335,0.45391923
0.41975644,0.4115123,0.41498324,0.33225837,0.45895714
0.40433016,0.40095595,0.418262,0.3756227,0.4272275
0.38619757,0.38791868,0.39527082,0.43691587,0.41996405
0.38457376,0.37994274,0.38050056,0.47088778,0.4390442
0.38619757,0.3877497,0.3965969,0.4689175,0.43212667
0.38782138,0.39137286,0.39625144,0.45983845,0.46253622
0.40703654,0.4114329,0.41218203,0.4474535,0.4596594
0.4351827,0.4048694,0.41125584,0.4142684,0.45670402
0.37834913,0.38071883,0.39103562,0.3493271,0.41808763
0.29715833,0.28293902,0.2929359,0.29560614,0.30251575
0.2278755,0.22289217,0.22940348,0.25279117,0.22624262
0.18809202,0.17937359,0.18501301,0.21765828,0.18691643
0.16725305,0.17160016,0.1695786,0.24708907,0.14684315
0.15696888,0.15613762,0.1609474,0.21665168,0.124155715
0.15859269,0.15638027,0.16154084,0.23262125,0.13082851
0.1826793,0.17837104,0.18047537,0.27108163,0.15865472
0.25006765,0.24946713,0.23431166,0.2711334,0.24866782
0.35101488,0.36442873,0.3453517,0.29083675,0.36461443
0.41380244,0.4064422,0.4243675,0.31062406,0.4238659
0.4270636,0.42343453,0.4311617,0.36889315,0.44877827
0.43112314,0.42441764,0.43426403,0.37000984,0.44498622
0.4343708,0.42914933,0.437127,0.37403798,0.45609826
0.42733425,0.4228295,0.43443805,0.37174815,0.459826
0.41623816,0.40358183,0.41792715,0.37937754,0.43439615
0.40947226,0.40805706,0.40571856,0.3938183,0.4581709
0.39648172,0.38752836,0.4020194,0.38484138,0.39868742
0.38538566,0.38077912,0.38591382,0.42397237,0.40071914
0.38024357,0.38291374,0.3836624,0.4193619,0.4213438
0.38267928,0.37776348,0.38475573,0.41756266,0.4107896
0.37861976,0.3872157,0.3972451,0.41715986,0.4436655
0.3924222,0.39554176,0.39910978,0.40793693,0.44240528
0.4105548,0.3932473,0.3989921,0.39429486,0.4351138
0.36427605,0.36606604,0.3658473,0.34973693,0.4041426
0.29742897,0.28180936,0.28815496,0.31857312,0.2825477
0.23058186,0.22557014,0.23787452,0.3065706,0.21718581
0.18132612,0.18269935,0.18980034,0.25732413,0.17841834
0.15615697,0.16188541,0.15821776,0.23887905,0.14107335
0.14262517,0.14250141,0.14798185,0.27646336,0.117161006
0.14073072,0.13730133,0.14504479,0.27407116,0.12352495
0.15236807,0.15262583,0.15953395,0.27540165,0.1438527
0.18024357,0.18293077,0.19359918,0.28903186,0.18122655
0.2278755,0.22703075,0.24791183,0.30557352,0.22511612
0.2893099,0.2949506,0.28815168,0.326134,0.28949603
0.33234102,0.33830675,0.33470744,0.36472142,0.3336724
0.3488498,0.35618535,0.359415,0.37003422,0.37668774
0.35128552,0.35173175,0.36030263,0.3726072,0.39517963
0.3396482,0.34489152,0.35215318,0.40642184,0.37156752
0.32395127,0.3173751,0.3292627,0.4112476,0.36810625
0.30690122,0.31151304,0.31114322,0.41960198,0.37600857
0.29391068,0.2899955,0.2919918,0.40406287,0.31699735
0.29066306,0.28943697,0.28479338,0.43369597,0.33200657
0.29824087,0.30389783,0.29439417,0.421279,0.3506716
0.31231394,0.3181002,0.31453556,0.42213333,0.36578807
0.31853858,0.3222353,0.3341818,0.40448517,0.39668843
0.33640054,0.34650972,0.33960152,0.3855545,0.42368758
0.3631935,0.3483229,0.34575462,0.35111916,0.37942052
0.31691474,0.32674122,0.33511657,0.2909829,0.3555093
0.25087956,0.24554402,0.24414267,0.28006643,0.2715842
0.1902571,0.19271606,0.19062461,0.25709182,0.20461716
0.1466847,0.14688787,0.1482469,0.21231195,0.14796212
0.12341002,0.13036966,0.12411256,0.20572907,0.104328156
0.11041949,0.114882626,0.11507203,0.20104247,0.092585504
0.108254395,0.1050886,0.110385105,0.22480205,0.099802524
0.1158322,0.116135605,0.11993793,0.25958192,0.12345542
0.13504736,0.13439813,0.14131764,0.2569763,0.14574857
0.16535859,0.16649276,0.18281648,0.26627412,0.16671377
0.22219215,0.22729957,0.22820862,0.34221816,0.22558405
0.28010824,0.2803267,0.27777812,0.35032368,0.28282094
0.31393775,0.3101911,0.310861,0.3617867,0.35385162
0.3217862,0.32317832,0.32743615,0.34463537,0.360631
0.317456,0.31856835,0.31965932,0.39540964,0.3544523
0.3052774,0.3026472,0.3093757,0.41688663,0.35954446
0.28822732,0.29424456,0.2936187,0.4374053,0.35796815
0.27875507,0.2734826,0.27766255,0.42485297,0.30560824
0.27631935,0.27701244,0.2802219,0.42450577,0.319085
0.28768605,0.29276228,0.2877817,0.41893876,0.351114
0.31150204,0.30644956,0.31476533,0.41679102,0.35629395
0.32449254,0.32420117,0.34334117,0.40007916,0.40079665
0.34641406,0.35055652,0.34251714,0.38934982,0.42258048
0.37401894,0.3567463,0.35071418,0.35576302,0.37168598
0.30635995,0.32712612,0.34004065,0.2816493,0.3627254
0.22300406,0.21978986,0.21968125,0.25714278,0.24697383
0.14830853,0.16227022,0.15689284,0.24178192,0.19282988
0.105277404,0.10987679,0.098262206,0.22248407,0.120673314
0.08822733,0.08806527,0.08121808,0.21065171,0.112761214
0.085520975,0.077018015,0.07935156,0.18665868,0.11713274
0.08930988,0.09045247,0.08920881,0.18124089,0.120205164
0.117185384,0.11199614,0.10676487,0.1892182,0.14803134
0.18998647,0.17915326,0.16927265,0.21937338,0.22515447
0.30960757,0.29771683,0.2900367,0.23795533,0.34871566
0.3759134,0.3781111,0.39544985,0.25522834,0.41053277
0.38971582,0.39217752,0.38969362,0.30973452,0.4406
0.39783493,0.39174452,0.39550674,0.32265034,0.4668553
0.4067659,0.39523473,0.40054595,0.3057511,0.4573264
0.408931,0.39780506,0.40556046,0.3359133,0.4669969
0.40243572,0.39356828,0.4023748,0.39234224,0.45034385
0.40135318,0.39379132,0.39371392,0.43631315,0.44981313
0.38890392,0.3868238,0.40448856,0.4449157,0.42141908
0.37916103,0.3716686,0.38986433,0.4402712,0.42077866
0.3805142,0.3810757,0.38902038,0.47964525,0.43379852
0.38836265,0.38441053,0.3974027,0.4568019,0.43288684
0.3916103,0.38962227,0.40236703,0.45093763,0.47281837
0.405954,0.40953067,0.4162966,0.42823297,0.46603572
0.42219216,0.40161183,0.4076208,0.39561158,0.46190667
0.3480379,0.36033222,0.3643911,0.33967388,0.40468448
0.25196213,0.24795923,0.2513039,0.28021458,0.29856795
0.17456022,0.17712218,0.1752686,0.2646091,0.20991363
0.13098782,0.12903479,0.12925951,0.28015274,0.17430079
0.105277404,0.11501212,0.111264884,0.26570997,0.1354813
0.09309878,0.09265833,0.09525601,0.23558415,0.1253665
0.095805146,0.09648881,0.096179366,0.2234022,0.13460682
0.1188092,0.12463423,0.12413345,0.2474502,0.16233824
0.18673883,0.18643987,0.19183023,0.23282391,0.23540582
0.29634643,0.30155775,0.29948083,0.24950589,0.36676803
0.3594046,0.3621272,0.35903066,0.24172005,0.4285877
0.37401894,0.37622306,0.38087747,0.33392256,0.45296025
0.382138,0.37937984,0.39020017,0.3277362,0.46989965
0.38782138,0.38732544,0.3921141,0.34295863,0.46465284
0.38863328,0.38517848,0.38874477,0.3727898,0.46894962
0.38024357,0.37970212,0.38382745,0.41924286,0.45608753
0.382138,0.37933937,0.37174904,0.4603579,0.45572263
0.38836265,0.37301746,0.38326117,0.4601342,0.42867243
0.3788904,0.3862351,0.39625734,0.45347255,0.42620462
0.37320703,0.37886825,0.37539116,0.4640547,0.43781203
0.37239513,0.37606716,0.37864184,0.4482051,0.43780297
0.3737483,0.3751762,0.37775183,0.43202966,0.47080916
0.38511503,0.38964114,0.3951943,0.41601032,0.4694804
0.4127199,0.3885058,0.3864682,0.3776542,0.46596235
0.3518268,0.36092868,0.3632506,0.30341607,0.41250062
0.26143438,0.25356326,0.25858968,0.24975505,0.30755824
0.18917456,0.1865837,0.18689103,0.22084618,0.22154729
0.14614344,0.14349729,0.14598772,0.22962694,0.18393137
0.12097429,0.1266242,0.12600936,0.22562054,0.13971394
0.10690122,0.11373945,0.11245011,0.23780794,0.1107419
0.10987821,0.10448279,0.1096638,0.22002088,0.12705576
0.13477673,0.13287988,0.13424544,0.26742375,0.1485766
0.20270637,0.19759226,0.19354169,0.2914819,0.2146777
0.31474966,0.31732044,0.30012786,0.26325864,0.3370583
0.37943166,0.38051793,0.38259012,0.2806434,0.41829383
0.39188093,0.39216384,0.39665264,0.35361195,0.45326805
0.3948579,0.3927606,0.40152377,0.36014462,0.4615416
0.40784845,0.3990681,0.4002455,0.3653903,0.48640764
0.41082543,0.40389636,0.41515023,0.3944639,0.4951595
0.40433016,0.39855698,0.40987867,0.43707615,0.4841367
0.40730718,0.40220356,0.40132543,0.44959766,0.49948543
0.39783493,0.3978601,0.41392818,0.4482085,0.45344108
0.38998646,0.382224,0.3907795,0.4504723,0.45910323
0.38700947,0.38649577,0.39024243,0.46057463,0.4841134
0.38755074,0.37969777,0.39191416,0.4579321,0.47442466
0.38673884,0.38407543,0.39499953,0.43989974,0.4924174
0.39891747,0.4001217,0.40568137,0.41882426,0.47260064
0.4292287,0.41469455,0.4026883,0.39791837,0.48375106
0.37050068,0.38291356,0.3825953,0.3293674,0.41824853
0.2744249,0.2729893,0.27758646,0.27800873,0.32016546
0.19485791,0.19307742,0.19599517,0.22695842,0.22813089
0.14533153,0.14148593,0.14710379,0.20323312,0.16438398
0.12286874,0.12283746,0.12060262,0.19406375,0.14081292
0.11339648,0.11337454,0.11399062,0.17289808,0.10584976
0.11474966,0.11417272,0.117603615,0.2424358,0.13105662
0.138295,0.13740802,0.13785471,0.21031943,0.15257747
0.20324764,0.20271537,0.19777486,0.21757883,0.22054376
0.31610283,0.31798762,0.30483288,0.24448341,0.33055198
0.3805142,0.38541842,0.38771963,0.2558895,0.42136374
0.39864683,0.39028582,0.3966385,0.36122197,0.4503188
0.40866035,0.4060993,0.41409338,0.32864693,0.45280302
0.42083898,0.41156572,0.4195739,0.36088353,0.47984403
0.42949933,0.41917658,0.42718333,0.40307125,0.49060494
0.42462787,0.42323855,0.43187246,0.466671,0.47624445
0.42192152,0.41978893,0.42021757,0.44347548,0.5033114
0.41407308,0.40891287,0.42050502,0.46880287,0.44329107
0.40135318,0.40345716,0.41070804,0.47951823,0.4546582
0.39891747,0.39365605,0.39703012,0.45232093,0.48036802
0.40324762,0.3941414,0.40488285,0.4393562,0.4616022
0.40351826,0.4025053,0.40841153,0.44712758,0.47870654
0.41596752,0.41390446,0.4197998,0.42085022,0.4620636
0.43410012,0.42314807,0.42312127,0.40869582,0.47471392
0.37050068,0.37827793,0.38206512,0.36128032,0.4205434
0.282544,0.27172035,0.27487472,0.31875706,0.31655318
0.20622464,0.20517093,0.20741832,0.27804428,0.23110752
0.16075778,0.1536645,0.15921198,0.23318774,0.15722728
0.13558863,0.13993803,0.1398261,0.22242624,0.13975897
0.12476319,0.12573394,0.12655093,0.20455262,0.11245854
0.12530446,0.12587291,0.12831123,0.21848857,0.11607236
0.15155616,0.14650977,0.1478023,0.24985929,0.13646474
0.21190798,0.21542609,0.21144177,0.26749066,0.22564934
0.32232746,0.3222929,0.3064224,0.25161985,0.3269384
0.38592693,0.39228505,0.39861917,0.28729665,0.41735983
0.40027064,0.40054122,0.4041657,0.35266036,0.45145983
0.40405953,0.4047581,0.4143143,0.33611572,0.43929282
0.40405953,0.40709826,0.41226947,0.36741164,0.46800578
0.40811908,0.39582756,0.40462416,0.40084714,0.48866302
0.40351826,0.3948938,0.4081186,0.45037532,0.46725476
0.4008119,0.39869007,0.39850265,0.47190845,0.49347043
0.38619757,0.38246346,0.39912957,0.46399498,0.42384827
0.37834913,0.3674077,0.3759064,0.4974305,0.44254768
0.36968878,0.37536073,0.3813612,0.48957664,0.47225153
0.3669824,0.36068773,0.37197462,0.47296113,0.45132267
0.3623816,0.36332294,0.37883106,0.4472469,0.46119326
0.36562923,0.3711516,0.38578773,0.41073078,0.4415002
0.3983762,0.37804863,0.37272027,0.3894515,0.4637531
0.35209742,0.3631506,0.36226225,0.35532212,0.39857394
0.28200272,0.26806954,0.26978993,0.30217955,0.3068812
0.20703654,0.20747459,0.21788473,0.28444996,0.22034626
0.15507442,0.15444487,0.16058113,0.26335004,0.1550773
0.12638701,0.13180691,0.13118957,0.26430357,0.14907382
0.11420839,0.111350544,0.116738155,0.23082997,0.11141713
0.10960758,0.11200435,0.11670056,0.2549381,0.114046216
0.11962111,0.11909854,0.12518762,0.24152406,0.1324439
0.1428958,0.14580363,0.15655158,0.26901147,0.14865747
0.18998647,0.19009125,0.20353766,0.2882793,0.19626671
0.26035184,0.26326802,0.24889427,0.29890734,0.2776338
0.31529093,0.32133567,0.3119527,0.34145564,0.33900866
0.3404601,0.34779096,0.34747535,0.33236045,0.37381914
0.34451962,0.35002628,0.35594195,0.34642226,0.3831695
0.34154263,0.34003678,0.34811437,0.36244947,0.41030157
0.3328823,0.32649854,0.33900905,0.39169228,0.38636976
0.31691474,0.3215098,0.32587922,0.41825867,0.40166053
0.30852503,0.29852685,0.30384254,0.4348479,0.34936452
0.30473614,0.30782643,0.30538517,0.43062615,0.36397904
0.31096077,0.3128129,0.30585903,0.43845868,0.39604005
0.329364,0.32503542,0.323444,0.44500214,0.40384918
0.33315292,0.3348764,0.34968165,0.43096876,0.42049107
0.3420839,0.34569433,0.34496903,0.39451522,0.39368886
0.37672532,0.36187196,0.3527574,0.36837494,0.39517814
0.3336942,0.34240142,0.35006443,0.31758457,0.36563912
0.26332882,0.25942388,0.25566196,0.2551697,0.26622808
0.1962111,0.1982784,0.19547552,0.2514565,0.21805246
0.14857917,0.14313465,0.14843777,0.24687862,0.14147
0.1217862,0.12814805,0.12313886,0.20953876,0.09967084
0.11096076,0.11185502,0.111270726,0.23855802,0.07153639
0.10690122,0.10776105,0.11162569,0.2593121,0.08398166
0.11474966,0.115037434,0.11767493,0.27655298,0.100830644
0.12990528,0.13166118,0.14308356,0.29619825,0.11753075
0.16373478,0.16563606,0.17875727,0.27374947,0.1450671
0.22273342,0.2320461,0.23555905,0.2926718,0.21390726
0.28146145,0.28270587,0.2787694,0.31369853,0.29396728
0.31691474,0.31717923,0.3143415,0.3457693,0.3452688
0.32449254,0.33112705,0.33325326,0.36119705,0.33945867
0.32043302,0.3233475,0.32594258,0.3861702,0.37383264
0.31258458,0.30705282,0.31419748,0.41795337,0.35558245
0.29905277,0.30300796,0.30353484,0.44078028,0.37417865
0.28985116,0.28711262,0.2903944,0.47354662,0.31095663
0.29309878,0.28661895,0.2899133,0.46216595,0.33643574
0.3074425,0.3094527,0.3090967,0.44875324,0.3780152
0.32990527,0.3259468,0.3360461,0.44807225,0.372221
0.3420839,0.33780906,0.3587341,0.43335152,0.41414756
0.35588634,0.3570477,0.3614289,0.40262336,0.38726276
0.38186738,0.37571567,0.3605639,0.37758917,0.3836571
0.31610283,0.33825248,0.346144,0.3083309,0.34900346
0.22868742,0.22901195,0.22544767,0.23837383,0.24011226
0.16156968,0.16481668,0.15544242,0.22788487,0.19355269
0.12341002,0.12139792,0.11486521,0.21575958,0.10539006
0.10500677,0.105208345,0.10077223,0.19434936,0.11584759
0.10094722,0.09989436,0.0961436,0.19388276,0.097558826
0.102300406,0.10139953,0.104821205,0.21872684,0.106731445
0.12963465,0.12303702,0.119259045,0.24741824,0.12825227
0.19675237,0.18951046,0.18252984,0.24819152,0.19586922
0.31312585,0.30555752,0.29260212,0.25889903,0.31648168
0.38294992,0.38348725,0.39989278,0.274946,0.39204925
0.40243572,0.4028733,0.39948204,0.3404038,0.43436918
0.40838972,0.40927792,0.40912163,0.32651076,0.4529605
0.4189445,0.41245404,0.4091215,0.33178443,0.4664954
0.4248985,0.41312996,0.42006406,0.36648172,0.4845569
0.41677943,0.4123222,0.42181358,0.3971038,0.47536016
0.41786197,0.40706006,0.40715107,0.43671376,0.4833507
0.40811908,0.4066997,0.42297956,0.45536304,0.43898994
0.40108255,0.3937297,0.4112259,0.46055204,0.45027316
0.4008119,0.40185866,0.41146985,0.45056444,0.4720286
0.40487143,0.39843962,0.41362053,0.45376664,0.45849663
0.40784845,0.4023285,0.41727376,0.4539004,0.48330557
0.41759133,0.4178941,0.429451,0.42515504,0.4643044
0.4414073,0.42430404,0.4148686,0.38569337,0.47142416
0.37239513,0.38561282,0.38713688,0.3219205,0.4083389
0.27496618,0.26878768,0.27547035,0.26586354,0.3133179
0.19891746,0.19591624,0.19803743,0.2597761,0.21725948
0.15128551,0.15054193,0.15406783,0.22108012,0.15779442
0.12774019,0.12897277,0.12811741,0.22891004,0.13752586
0.11637348,0.120952494,0.118707836,0.20713805,0.10765551
0.11826793,0.11701537,0.119473085,0.20658949,0.12623401
0.14560217,0.14362583,0.14506967,0.20948714,0.14775483
0.21028417,0.21496862,0.21746714,0.22951142,0.21355556
0.32313937,0.32724234,0.3183384,0.24113308,0.33367383
0.38863328,0.3933175,0.39220607,0.25630116,0.4151418
0.40433016,0.4042072,0.40624425,0.31641302,0.44991207
0.41975644,0.41207734,0.41906938,0.30512014,0.45892566
0.43788904,0.43183306,0.43396407,0.34091082,0.48328257
0.44763193,0.44078436,0.44624,0.38399565,0.49139297
0.4473613,0.44505242,0.4482419,0.43106645,0.48134673
0.44979703,0.448045,0.4447549,0.44947445,0.49867815
0.44600812,0.44166735,0.45110327,0.49045908,0.4498719
0.4419486,0.43971345,0.4444344,0.4650929,0.45696467
0.4405954,0.4412851,0.44407165,0.44106698,0.48132533
0.44032475,0.4357768,0.4422778,0.46518296,0.4704098
0.43545333,0.43664053,0.43775752,0.42710632,0.48891014
0.4392422,0.43953267,0.44192064,0.43355805,0.47014272
0.46630582,0.45406222,0.43644893,0.37191042,0.4798478
0.402977,0.41968086,0.4157483,0.31607565,0.41713792
0.30554804,0.2976362,0.3038069,0.25044113,0.31729844
0.22273342,0.22061971,0.22463305,0.21275108,0.22801782
0.16941813,0.16815948,0.1724195,0.1970097,0.16060428
0.14235453,0.14640856,0.14351808,0.20221388,0.13971394
0.129364,0.13165331,0.13123015,0.17605244,0.1107419
0.12611638,0.12607676,0.13054594,0.26294369,0.12705576
0.14722598,0.14613587,0.14625257,0.20932324,0.1485766
0.20811908,0.20331162,0.20553918,0.21426868,0.2146777
0.32070366,0.3178167,0.30784184,0.22649485,0.3370583
0.39458728,0.39681172,0.40015167,0.22572218,0.41829383
0.41921514,0.41909528,0.42123085,0.33648652,0.45326805
0.43572396,0.43108964,0.43920374,0.3279891,0.4615416
0.4562923,0.45079708,0.45136824,0.34866738,0.48640764
0.4638701,0.4605442,0.4687464,0.3916453,0.4951595
0.4625169,0.45792776,0.46646968,0.47638458,0.4841367
0.46359947,0.46261087,0.4623959,0.4596014,0.49948543
0.45304465,0.4525253,0.46734512,0.5050876,0.45344108
0.4451962,0.43743387,0.44751367,0.5102048,0.45910323
0.44411367,0.44024572,0.44661322,0.5016393,0.4841134
0.4473613,0.43429014,0.44858485,0.506766,0.47442466
0.44573748,0.44241944,0.44642943,0.49716437,0.4924174
0.4511502,0.44706997,0.45315263,0.44529444,0.47260064
0.4592693,0.4536223,0.4573878,0.43960476,0.48375106
0.39431664,0.39942756,0.40609196,0.3847593,0.41824853
0.29797024,0.29374507,0.29783642,0.3329052,0.32016546
0.21786198,0.21557567,0.2151707,0.29188365,0.22813089
0.17239513,0.1629856,0.16679701,0.27685007,0.16438398
0.14749661,0.15184751,0.14933065,0.2632029,0.14081292
0.13423546,0.13739154,0.13679615,0.25346738,0.10584976
0.13477673,0.1329945,0.13496856,0.247995,0.13105662
0.1556157,0.15665558,0.15673906,0.26698673,0.15257747
0.2232747,0.21627748,0.20974693,0.26251495,0.22054376
0.3309878,0.3403811,0.32644272,0.24739307,0.33055198
0.40243572,0.4050829,0.4093839,0.27687263,0.42136374
0.4248985,0.42206743,0.43090504,0.28248602,0.4503188
0.44032475,0.43603218,0.44194847,0.3165505,0.45280302
0.45737484,0.449604,0.4551815,0.37336522,0.47984403
0.45683357,0.45742413,0.46685442,0.40678048,0.49060494
0.45087957,0.4427455,0.45364374,0.45010787,0.47624445
0.45548037,0.44335252,0.44759667,0.4560467,0.5033114
0.44600812,0.4419069,0.4618343,0.50367814,0.44329107
0.43464142,0.42985627,0.44139728,0.49190795,0.4546582
0.43951285,0.4280667,0.4356263,0.47744012,0.48036802
0.4451962,0.43601534,0.45335567,0.489255,0.4616022
0.4414073,0.44282824,0.44672686,0.50318784,0.47870654
0.44303113,0.4409466,0.45308885,0.4318282,0.4620636
0.45087957,0.44190526,0.44107917,0.41483855,0.47471392
0.3848444,0.39298007,0.39625728,0.35852343,0.4205434
0.29066306,0.2867783,0.2893294,0.33691123,0.31655318
0.21055481,0.21313104,0.21205251,0.303503,0.23110752
0.16238159,0.15888143,0.16180147,0.27591842,0.15722728
0.13396482,0.14183939,0.13773629,0.2655512,0.13975897
0.12016238,0.12203448,0.120128736,0.26053897,0.11245854
0.1150203,0.11977852,0.11939511,0.23103836,0.11607236
0.13396482,0.135497,0.13111348,0.2443938,0.13646474
0.197023,0.18750837,0.18602136,0.2522691,0.22564934
0.3060893,0.30657995,0.2984723,0.25936282,0.3269384
0.3772666,0.38381487,0.3889999,0.26297396,0.41735983
0.40947226,0.40319812,0.40499252,0.28584924,0.45145983
0.42625168,0.42638066,0.43281603,0.30985826,0.43929282
0.44465494,0.43682382,0.43864158,0.3496809,0.46800578
0.45060894,0.44758892,0.4536142,0.40975386,0.48866302
0.4503383,0.4383782,0.4520397,0.46116602,0.46725476
0.4473613,0.44877812,0.45228097,0.49611616,0.49347043
0.43951285,0.43019608,0.44809702,0.4840452,0.42384827
0.42949933,0.42623568,0.43905008,0.47730678,0.44254768
0.42083898,0.42235842,0.4339337,0.43890506,0.47225153
0.41244927,0.40559772,0.42279893,0.42757004,0.45132267
0.39972937,0.4003224,0.4093359,0.4335189,0.46119326
0.397023,0.3960228,0.40887916,0.4175344,0.4415002
0.41867387,0.40538242,0.40403646,0.40548646,0.4637531
0.3699594,0.3789756,0.38227665,0.33045322,0.39857394
0.2917456,0.28331783,0.28687495,0.30399215,0.3068812
0.2135318,0.21461502,0.22143286,0.2753113,0.22034626
0.15886334,0.15977263,0.1640775,0.2524806,0.1550773
0.129364,0.13297573,0.13193029,0.26195928,0.14907382
0.11231394,0.116099246,0.11798027,0.26830068,0.11141713
0.10554804,0.10647414,0.11067806,0.25827047,0.114046216
0.112584576,0.11282114,0.11908269,0.27588156,0.1324439
0.13342355,0.13411167,0.14731564,0.27811113,0.14865747
0.17889039,0.18138933,0.18713306,0.26852104,0.19626671
0.25358593,0.25467607,0.23796894,0.27417284,0.2776338
0.3255751,0.32317397,0.31454977,0.27218646,0.33900866
0.37023005,0.37080583,0.3715964,0.27628136,0.37381914
0.39106902,0.38747075,0.39686093,0.314282,0.3831695
0.38998646,0.39595798,0.40140268,0.36039865,0.41030157
0.38186738,0.376068,0.38671392,0.41595507,0.38636976
0.36806494,0.3672289,0.3772313,0.46848518,0.40166053
0.35507444,0.3495159,0.36114216,0.49242926,0.34936452
0.35020298,0.34883252,0.3514587,0.4627037,0.36397904
0.3602165,0.35489723,0.3547497,0.49936384,0.39604005
0.37401894,0.3707283,0.3734249,0.48647934,0.40384918
0.37483084,0.3717542,0.37913087,0.46697658,0.42049107
0.36941814,0.37779486,0.37836796,0.4268781,0.39368886
0.37916103,0.37897718,0.37382942,0.38387454,0.39517814
0.33396482,0.33737925,0.34943503,0.33617198,0.36563912
0.26278755,0.2615502,0.26025975,0.30771047,0.26622808
0.1932341,0.19913706,0.19353418,0.27592885,0.21805246
0.14424899,0.14031419,0.1426737,0.2646571,0.14147
0.1158322,0.1219703,0.11615181,0.2520926,0.09967084
0.1014885,0.10766611,0.10188687,0.24466118,0.07153639
0.09391069,0.09781671,0.098435,0.22443382,0.08398166
0.0985115,0.09875055,0.10143535,0.21668765,0.100830644
0.11150203,0.110802166,0.12291601,0.23594667,0.11753075
0.14343707,0.14657858,0.15454127,0.25034517,0.1450671
0.20893098,0.2163054,0.21209003,0.2481991,0.21390726
0.28146145,0.27886578,0.27675635,0.26670763,0.29396728
0.3225981,0.3294542,0.3253486,0.28843445,0.3452688
0.33748308,0.33893058,0.3428734,0.32256308,0.33945867
0.3345061,0.34149474,0.34258303,0.32927543,0.37383264
0.3255751,0.3201333,0.3277558,0.35841817,0.35558245
0.31718537,0.3129377,0.31629723,0.4176842,0.37417865
0.30500677,0.30553553,0.31325597,0.42336023,0.31095663
0.30121785,0.30133384,0.30476305,0.43294632,0.33643574
0.30879566,0.3146062,0.3165395,0.46647793,0.3780152
0.32341,0.32409513,0.33389044,0.49995917,0.372221
0.3309878,0.32656,0.3447402,0.4148296,0.41414756
0.34343708,0.34102675,0.3465852,0.41660303,0.38726276
0.37428957,0.3602866,0.35256958,0.35175395,0.3836571
0.32503384,0.3303633,0.3492475,0.28955287,0.34900346
0.24384303,0.24352843,0.24558122,0.24054271,0.24011226
0.17726658,0.17762536,0.17062275,0.20671573,0.19355269
0.13640054,0.13224372,0.12825134,0.18321304,0.10539006
0.11556157,0.117083184,0.1108598,0.18088475,0.11584759
0.10744249,0.10806779,0.10478333,0.21007708,0.097558826
0.108254395,0.10692448,0.10755941,0.20998155,0.106731445
0.13504736,0.12927687,0.12150183,0.20390953,0.12825227
0.20216508,0.19654736,0.17757331,0.22650704,0.19586922
0.32070366,0.31216457,0.28853914,0.27277988,0.31648168
0.39431664,0.39290908,0.4215332,0.2840469,0.39204925
0.4224628,0.41569215,0.41496724,0.35723776,0.43436918
0.4270636,0.4332601,0.43096477,0.35950083,0.4529605
0.43734777,0.42946503,0.42565787,0.3558172,0.4664954
0.43788904,0.43096188,0.43933657,0.3608873,0.4845569
0.4324763,0.42130354,0.43186903,0.37539408,0.47536016
0.4265223,0.421491,0.426364,0.4015795,0.4833507
0.41380244,0.40799102,0.42405593,0.39647388,0.43898994
0.40622464,0.39749303,0.41202402,0.42075652,0.45027316
0.4046008,0.4092681,0.414423,0.44864035,0.4720286
0.40866035,0.40791836,0.41325986,0.47273904,0.45849663
0.41759133,0.4097261,0.41835392,0.45220864,0.48330557
0.42598104,0.4303701,0.44135058,0.43011463,0.4643044
0.44763193,0.4243264,0.42702377,0.4172564,0.47142416
0.38186738,0.3905522,0.39794672,0.3860797,0.4083389
0.28687415,0.28303084,0.28537387,0.35531944,0.3133179
0.20893098,0.2074134,0.20809726,0.32844812,0.21725948
0.16102841,0.15930626,0.16044098,0.29718053,0.15779442
0.14857917,0.13987747,0.13642815,0.27544093,0.13752586
0.14397834,0.14386034,0.14550622,0.25928864,0.10765551
0.14235453,0.14797157,0.15265566,0.22029102,0.12623401
0.15372124,0.16443065,0.16774212,0.25484392,0.14775483
0.21948579,0.21532583,0.2110195,0.23558407,0.21355556
0.33261165,0.33615485,0.33727482,0.25383916,0.33367383
0.3948579,0.40099385,0.40215892,0.3096672,0.4151418
0.4046008,0.40773565,0.41137528,0.33758348,0.44991207
0.41082543,0.4084718,0.41563398,0.3233581,0.45892566
0.42138025,0.41944045,0.4211214,0.36161473,0.48328257
0.4248985,0.41814303,0.42548177,0.3658598,0.49139297
0.41623816,0.41559994,0.4211564,0.40343317,0.48134673
0.41380244,0.4092176,0.40559694,0.42329794,0.49867815
0.4,0.39867884,0.4100194,0.4360528,0.4498719
0.3924222,0.38671502,0.38927203,0.41859323,0.45696467
0.39729363,0.39768052,0.39297116,0.44412565,0.48132533
0.408931,0.403773,0.4088562,0.41106123,0.4704098
0.41082543,0.41339484,0.41957223,0.40958095,0.48891014
0.41623816,0.416307,0.42317057,0.3871926,0.47014272
0.44221923,0.41655487,0.41468114,0.3491196,0.4798478
0.38240865,0.38805538,0.39336073,0.3306105,0.41713792
0.28552097,0.28344953,0.28848532,0.29636234,0.31729844
0.20920162,0.20256382,0.20695068,0.26971036,0.22801782
0.16752368,0.16116554,0.16525766,0.23106249,0.16060428
0.14479026,0.15090683,0.14969186,0.24045032,0.13971394
0.1391069,0.13677108,0.13530366,0.26217428,0.1107419
0.14046007,0.13821337,0.14305377,0.265565,0.12705576
0.16887686,0.16062728,0.16137794,0.3090605,0.1485766
0.23437077,0.23683062,0.23177953,0.2868252,0.2146777
0.3480379,0.3501989,0.3341596,0.31635797,0.3370583
0.41001353,0.41270348,0.419233,0.32365823,0.41829383
0.41786197,0.41920432,0.42168435,0.3681118,0.45326805
0.41921514,0.4157165,0.42705804,0.3879019,0.4615416
0.43031123,0.42429048,0.4254409,0.36898887,0.48640764
0.43058187,0.42387965,0.43634984,0.385249,0.4951595
0.42273343,0.41497853,0.42570728,0.4009058,0.4841367
0.4216509,0.41665816,0.41534886,0.41883773,0.49948543
0.41515562,0.40758938,0.42198366,0.43475413,0.45344108
0.41677943,0.40066284,0.41387138,0.40401477,0.45910323
0.43464142,0.4193591,0.42818272,0.38936388,0.4841134
0.45520973,0.44334576,0.45420218,0.35212195,0.47442466
0.46982408,0.4594459,0.46509576,0.35531825,0.4924174
0.4660352,0.47393975,0.48286363,0.36684084,0.47260064
0.46062246,0.45345667,0.4464529,0.3399096,0.48375106
0.38917455,0.39002118,0.3931062,0.33579552,0.41824853
0.29391068,0.28643456,0.2906246,0.3153501,0.32016546
0.21650879,0.21145868,0.21690895,0.29193687,0.22813089
0.17212449,0.16353598,0.17141445,0.23630938,0.16438398
0.15047361,0.15201786,0.15033448,0.20587347,0.14081292
0.13694182,0.14180043,0.14146249,0.17371649,0.10584976
0.13856563,0.13564312,0.1379206,0.18904585,0.13105662
0.16265224,0.16046736,0.16473638,0.23110166,0.15257747
0.22354533,0.23100695,0.23477747,0.23817194,0.22054376
0.3369418,0.33920485,0.33307582,0.26233214,0.33055198
0.40487143,0.40690416,0.40325624,0.2899275,0.42136374
0.4248985,0.41715136,0.42289567,0.3093889,0.4503188
0.43626523,0.43252346,0.44084114,0.32542902,0.45280302
0.4503383,0.44345763,0.44632566,0.43281412,0.47984403
0.45466846,0.45105696,0.45506537,0.47575963,0.49060494
0.44898513,0.44798547,0.4529069,0.4624223,0.47624445
0.45060894,0.44915166,0.44581035,0.4857847,0.5033114
0.44330177,0.44375464,0.4559041,0.47258413,0.44329107
0.4376184,0.43478888,0.44448274,0.4830559,0.4546582
0.4324763,0.43378368,0.45099652,0.4197263,0.48036802
0.42787552,0.42349756,0.44481432,0.33901364,0.4616022
0.43112314,0.42209065,0.43563884,0.34901297,0.47870654
0.43410012,0.43962175,0.44447023,0.31513554,0.4620636
0.45169148,0.44123313,0.4273702,0.2764836,0.47471392
0.38998646,0.40243766,0.40522152,0.2528848,0.4205434
0.2960758,0.29140902,0.29809922,0.2164397,0.31655318
0.21461435,0.21782213,0.21948001,0.1974521,0.23110752
0.16725305,0.16136459,0.16667263,0.1897207,0.15722728
0.14262517,0.1462664,0.1448808,0.18747437,0.13975897
0.12719892,0.1326842,0.1321969,0.21146382,0.11245854
0.1255751,0.12514982,0.12656829,0.21427834,0.11607236
0.1458728,0.14630604,0.14433461,0.20756955,0.13646474
0.20135318,0.20251697,0.19582514,0.23574822,0.22564934
0.3166441,0.30688342,0.29122263,0.23837562,0.3269384
0.38890392,0.3942351,0.4052707,0.270777,0.41735983
0.4121786,0.41087082,0.4123953,0.3000818,0.45145983
0.42219216,0.42245337,0.4292801,0.29115313,0.43929282
0.4292287,0.42910513,0.43269783,0.32539898,0.46800578
0.42868742,0.42497283,0.4333231,0.35199437,0.48866302
0.4202977,0.41299257,0.42686036,0.41311887,0.46725476
0.4156969,0.4134949,0.41611198,0.4665135,0.49347043
0.4046008,0.3965965,0.4154695,0.5265256,0.42384827
0.3932341,0.38608652,0.39978093,0.5494977,0.44254768
0.3916103,0.38634703,0.3917131,0.54259086,0.47225153
0.38836265,0.3828329,0.3993847,0.5030891,0.45132267
0.37753722,0.38133067,0.3924297,0.4919412,0.46119326
0.37158322,0.38059288,0.3936782,0.47118127,0.4415002
0.39810556,0.38044077,0.382832,0.44749033,0.4637531
0.36075777,0.36347792,0.36538807,0.42842788,0.39857394
0.28200272,0.279843,0.28280303,0.31032372,0.3068812
0.20649527,0.20380908,0.21077418,0.28125557,0.22034626
0.15480378,0.15392217,0.15998197,0.24837476,0.1550773
0.12503383,0.13147375,0.13009337,0.24513036,0.14907382
0.1120433,0.10930554,0.1131241,0.2645345,0.11141713
0.10554804,0.10970581,0.112863734,0.23318207,0.114046216
0.11420839,0.11351802,0.1185161,0.22931626,0.1324439
0.135318,0.13943094,0.14845692,0.24727476,0.14865747
0.1894452,0.18162024,0.19282918,0.2750755,0.19626671
0.2600812,0.26710856,0.25617835,0.29930562,0.2776338
0.31610283,0.32190132,0.31109208,0.36331165,0.33900866
0.33883625,0.3498335,0.35120243,0.3462332,0.37381914
0.3458728,0.34690154,0.35231805,0.37786812,0.3831695
0.33856562,0.3424475,0.35034835,0.37348726,0.41030157
0.33044654,0.3200831,0.3320092,0.38595694,0.38636976
0.31853858,0.31942827,0.3256215,0.41252875,0.40166053
0.3098782,0.30243412,0.31053483,0.42713994,0.34936452
0.30338296,0.30831513,0.30715352,0.4305027,0.36397904
0.31177267,0.30996865,0.30522093,0.4484346,0.39604005
0.3301759,0.32653013,0.32661638,0.44622654,0.40384918
0.32990527,0.33430442,0.34657577,0.42583245,0.42049107
0.32909337,0.33985412,0.3402576,0.41832024,0.39368886
0.35534507,0.34803614,0.34000498,0.3821097,0.39517814
0.3188092,0.32139093,0.3306886,0.35217118,0.36563912
0.25196213,0.25180683,0.2448238,0.27694774,0.26622808
0.18403247,0.1895844,0.18608317,0.23821898,0.21805246
0.13721246,0.13411033,0.13590139,0.2177183,0.14147
0.10852503,0.11680833,0.11207524,0.21968466,0.09967084
0.095805146,0.10271376,0.09653193,0.25233486,0.07153639
0.089039244,0.09368876,0.09509349,0.23092031,0.08398166
0.09526387,0.09564771,0.0977025,0.22625093,0.100830644
0.10419486,0.10954472,0.121521845,0.22123569,0.11753075
0.14100136,0.13908997,0.14702952,0.25181994,0.1450671
0.19945873,0.21497548,0.21389598,0.25587583,0.21390726
0.2638701,0.26299793,0.2541899,0.29221535,0.29396728
0.3082544,0.304354,0.30198386,0.28926158,0.3452688
0.32232746,0.32614616,0.32834738,0.32941705,0.33945867
0.32746956,0.32512245,0.32586294,0.373392,0.37383264
0.32665765,0.31830296,0.32727155,0.40319908,0.35558245
0.31556156,0.31793344,0.32300973,0.44258797,0.37417865
0.30960757,0.3027505,0.3092534,0.4884566,0.31095663
0.31529093,0.30833167,0.3139831,0.45560122,0.33643574
0.34100136,0.33134192,0.33480513,0.44095016,0.3780152
0.37050068,0.36118913,0.37648827,0.4192279,0.372221
0.38430312,0.3785325,0.39138526,0.41067386,0.41414756
0.38349122,0.39027342,0.3911823,0.39577812,0.38726276
0.38619757,0.38414267,0.37244654,0.35281727,0.3836571
0.31610283,0.3299041,0.34256858,0.32782942,0.34900346
0.2308525,0.22879785,0.2255464,0.29746863,0.24011226
0.16644114,0.16632888,0.15748584,0.28594,0.19355269
0.12746955,0.12463605,0.119745806,0.26992244,0.10539006
0.10608931,0.10859997,0.102433756,0.26688516,0.11584759
0.10094722,0.099369295,0.09482925,0.2731212,0.097558826
0.10338295,0.10084727,0.105821386,0.2728707,0.106731445
0.12990528,0.124530666,0.12689021,0.27196795,0.12825227
0.19783491,0.18762684,0.19229293,0.2882721,0.19586922
0.3209743,0.307159,0.29701418,0.28362966,0.31648168
0.4051421,0.40080807,0.40411216,0.2915774,0.39204925
0.4376184,0.4321433,0.42929608,0.29677734,0.43436918
0.46143436,0.4527849,0.45014483,0.30478168,0.4529605
0.47848445,0.47437605,0.472786,0.34153175,0.4664954
0.48335588,0.47854325,0.48421878,0.3828615,0.4845569
0.4803789,0.4713386,0.48094058,0.44120044,0.47536016
0.47929636,0.47174263,0.47551963,0.47768706,0.4833507
0.46982408,0.46702328,0.48460126,0.5269894,0.43898994
0.4608931,0.4547213,0.47608227,0.47271448,0.45027316
0.45953992,0.45913842,0.47167772,0.48273945,0.4720286
0.4625169,0.45441702,0.46760368,0.45150232,0.45849663
0.45520973,0.45709234,0.46247625,0.42330933,0.48330557
0.44709066,0.45209858,0.4619171,0.39921504,0.4643044
0.46711773,0.44732794,0.44029576,0.36390018,0.47142416
0.40649527,0.4163809,0.41619387,0.324762,0.4083389
0.30635995,0.30448934,0.31404826,0.27212706,0.3133179
0.22083898,0.22472164,0.22576073,0.24955766,0.21725948
0.16508795,0.16769621,0.1691853,0.2508213,0.15779442
0.1391069,0.14111355,0.13710365,0.24155203,0.13752586
0.12341002,0.13152775,0.12837897,0.23728792,0.10765551
0.11989175,0.12182141,0.12329839,0.27549005,0.12623401
0.14343707,0.14319432,0.1419883,0.25600004,0.14775483
0.20730717,0.20613542,0.20795476,0.26971278,0.21355556
0.32530448,0.32351086,0.31846,0.25926977,0.33367383
0.40433016,0.4070619,0.41335455,0.2638986,0.4151418
0.42814615,0.4314823,0.43312955,0.2809632,0.44991207
0.44709066,0.442532,0.44796044,0.27117288,0.45892566
0.4638701,0.4619253,0.46393412,0.2746278,0.48328257
0.4760487,0.4658871,0.47229436,0.29626542,0.49139297
0.47171855,0.47088525,0.4809913,0.29906434,0.48134673
0.47225982,0.464337,0.4677871,0.32698697,0.49867815
0.461705,0.45481175,0.47296748,0.4363718,0.4498719
0.45250338,0.44561055,0.45504025,0.39617205,0.45696467
0.4473613,0.44991788,0.45165056,0.46952242,0.48132533
0.44979703,0.44035107,0.4456795,0.44076645,0.4704098
0.44925576,0.44363275,0.44123954,0.3934784,0.48891014
0.44979703,0.44592372,0.44647586,0.38389552,0.47014272
0.45142084,0.4447027,0.45525897,0.3460981,0.4798478
0.3805142,0.38712916,0.39888975,0.3154633,0.41713792
0.28633288,0.27874264,0.28177324,0.26950866,0.31729844
0.2067659,0.20517898,0.2057771,0.26979798,0.22801782
0.1564276,0.1551063,0.15601172,0.25477937,0.16060428
0.12665765,0.13446185,0.13043058,0.25473642,0.13971394
0.11393775,0.11601662,0.11210656,0.2633744,0.1107419
0.11231394,0.11205319,0.11384167,0.2750952,0.12705576
0.13964817,0.13480133,0.1319122,0.26561004,0.1485766
0.20757781,0.20299634,0.19805773,0.25964856,0.2146777
0.3309878,0.32540467,0.31021482,0.2659113,0.3370583
0.40784845,0.4090375,0.42059848,0.29825354,0.41829383
0.4284168,0.4276285,0.43368375,0.3221298,0.45326805
0.4351827,0.43583837,0.44496953,0.31596002,0.4615416
0.45223275,0.44424775,0.44416958,0.3603614,0.48640764
0.45466846,0.45083693,0.4634267,0.38641465,0.4951595
0.45087957,0.43935204,0.4542135,0.40868175,0.4841367
0.45169148,0.44316804,0.45068914,0.42271823,0.49948543
0.4451962,0.43554485,0.45713085,0.47395933,0.45344108
0.43464142,0.42968607,0.44526482,0.47809374,0.45910323
0.4427605,0.42785293,0.43564856,0.45858163,0.4841134
0.45764548,0.44043866,0.45727777,0.4450032,0.47442466
0.4579161,0.4549128,0.45841777,0.41569203,0.4924174
0.45223275,0.4539263,0.4644819,0.34576446,0.47260064
0.45142084,0.4427531,0.44530928,0.33821422,0.48375106
0.38863328,0.38594612,0.39143854,0.31210935,0.41824853
0.29580516,0.29134765,0.29476196,0.3035047,0.32016546
0.21921515,0.21447197,0.21534511,0.29149443,0.22813089
0.17239513,0.16562364,0.1704943,0.27663583,0.16438398
0.1466847,0.15164614,0.14847296,0.29048264,0.14081292
0.13667117,0.13651323,0.13626643,0.29358417,0.10584976
0.1315291,0.13864169,0.14052474,0.27273008,0.13105662
0.15317997,0.15233877,0.1515306,0.2780513,0.15257747
0.21867388,0.21657035,0.21237877,0.29143542,0.22054376
0.33342355,0.33573213,0.3258183,0.288712,0.33055198
0.4051421,0.41014126,0.41120112,0.29145402,0.42136374
0.4300406,0.42239177,0.4279554,0.28468704,0.4503188
0.4419486,0.4417117,0.44732028,0.30819446,0.45280302
0.46359947,0.44926688,0.45271358,0.32679194,0.47984403
0.46549392,0.46661747,0.47491378,0.35125932,0.49060494
0.46278754,0.4523747,0.4637164,0.39002764,0.47624445
0.46576455,0.4567813,0.4628356,0.42481083,0.5033114
0.46305817,0.4508535,0.4726854,0.46911532,0.44329107
0.4592693,0.45343035,0.4661767,0.5267685,0.4546582
0.46738836,0.4557484,0.4688174,0.48591256,0.48036802
0.47631934,0.46413502,0.48099744,0.4982584,0.4616022
0.47794315,0.47416812,0.4735589,0.4253279,0.47870654
0.4752368,0.47361273,0.4806678,0.3965395,0.4620636
0.47631934,0.46829233,0.46145004,0.3748511,0.47471392
0.40947226,0.41438475,0.41685906,0.3754276,0.4205434
0.31637347,0.30834252,0.31199756,0.35936424,0.31655318
0.23599459,0.23685369,0.23640878,0.35175794,0.23110752
0.18592693,0.18153435,0.18536478,0.33415514,0.15722728
0.15751015,0.1637187,0.16008727,0.32808328,0.13975897
0.141272,0.14672631,0.14432,0.3155089,0.11245854
0.13585927,0.13947052,0.13891535,0.26893184,0.11607236
0.15751015,0.1547592,0.15412517,0.2777288,0.13646474
0.21894452,0.21256539,0.21756993,0.269396,0.22564934
0.32828146,0.32930073,0.3237221,0.2579403,0.3269384
0.4127199,0.40844315,0.40861347,0.26016727,0.41735983
0.44898513,0.44548556,0.4461249,0.26395297,0.45145983
0.46901217,0.46651363,0.47009605,0.25965667,0.43929282
0.48254398,0.48450646,0.4843403,0.27056485,0.46800578
0.48579162,0.4829662,0.48822665,0.28749084,0.48866302
0.4768606,0.47229955,0.486167,0.31203672,0.46725476
0.46630582,0.46743557,0.4737056,0.31183612,0.49347043
0.44627875,0.44181415,0.46324128,0.2763828,0.42384827
0.43301758,0.42411336,0.4371922,0.30405706,0.44254768
0.43139377,0.42649502,0.4390211,0.34358907,0.47225153
0.4308525,0.4215536,0.44333613,0.3682592,0.45132267
0.42516914,0.42095003,0.42941177,0.2980215,0.46119326
0.41515562,0.4206223,0.43234265,0.252384,0.4415002
0.42083898,0.40921143,0.42130703,0.24410059,0.4637531
0.36671177,0.3721871,0.3836027,0.25441697,0.39857394
0.28849798,0.28084013,0.28416622,0.2520252,0.3068812
0.21705006,0.21366912,0.21816994,0.25174296,0.22034626
0.16292287,0.16583902,0.1707282,0.27888975,0.1550773
0.13396482,0.13826725,0.13506067,0.283501,0.14907382
0.119079836,0.11648024,0.12186535,0.28852043,0.11141713
0.113125846,0.1169746,0.11848447,0.26732156,0.114046216
0.12124492,0.12123946,0.12720987,0.27823532,0.1324439
0.14397834,0.14672464,0.15579602,0.28754443,0.14865747
0.19188093,0.1930174,0.20067577,0.28625423,0.19626671
0.2638701,0.26752096,0.2592612,0.2939414,0.2776338
0.3391069,0.3293843,0.32427588,0.32701862,0.33900866
0.39269283,0.38457975,0.38822556,0.3301113,0.37381914
0.41623816,0.4121987,0.42095327,0.35359424,0.3831695
0.41840324,0.41858903,0.4237664,0.37752128,0.41030157
0.4105548,0.40293357,0.41374856,0.39964432,0.38636976
0.39566982,0.39233175,0.40343451,0.40816677,0.40166053
0.38186738,0.37383026,0.38710532,0.37879518,0.34936452
0.37780786,0.37436044,0.38099554,0.36876005,0.36397904
0.38782138,0.38974473,0.3880251,0.37788177,0.39604005
0.4051421,0.40263322,0.4011901,0.38135952,0.40384918
0.4051421,0.4081718,0.40973222,0.35278705,0.42049107
0.3991881,0.40515596,0.39893863,0.33340448,0.39368886
0.40568337,0.39846674,0.39447567,0.3246892,0.39517814
0.3602165,0.360146,0.37011963,0.32840252,0.36563912
0.28876862,0.2871589,0.2859701,0.32082254,0.26622808
0.22002706,0.22187212,0.21991704,0.29605287,0.21805246
0.17212449,0.16602173,0.1696084,0.2744453,0.14147
0.1458728,0.1521334,0.14476065,0.29706836,0.09967084
0.129364,0.13340399,0.13370992,0.3036775,0.07153639
0.122598104,0.12378485,0.12522079,0.30747223,0.08398166
0.12801082,0.13012457,0.13111861,0.31412244,0.100830644
0.13856563,0.14611545,0.15357046,0.3176107,0.11753075
0.17618403,0.17552331,0.17950149,0.30941796,0.1450671
0.2397835,0.24740222,0.24769285,0.3121242,0.21390726
0.31474966,0.30786842,0.30493647,0.33511183,0.29396728
0.36075777,0.36541757,0.361903,0.3547459,0.3452688
0.3753721,0.38048384,0.3813159,0.38080826,0.33945867
0.3772666,0.37615693,0.37938678,0.4255771,0.37383264
0.37077132,0.3656278,0.3729834,0.4312938,0.35558245
0.35101488,0.35736606,0.36206758,0.43946522,0.37417865
0.33802435,0.33470306,0.33812618,0.44807762,0.31095663
0.3336942,0.33372542,0.3386193,0.4360122,0.33643574
0.3404601,0.351116,0.34781957,0.42747945,0.3780152
0.35832205,0.35680518,0.36409366,0.42302662,0.372221
0.35994586,0.36517888,0.37776992,0.4155149,0.41414756
0.35209742,0.3693541,0.36586022,0.3971942,0.38726276
0.37239513,0.35728195,0.35476312,0.37937617,0.3836571
0.3437077,0.32979086,0.3524394,0.35971937,0.34900346
0.27631935,0.2752891,0.27820855,0.32306227,0.24011226
0.20866035,0.21045813,0.2079026,0.29123664,0.19355269
0.16156968,0.15899763,0.15830424,0.2671045,0.10539006
0.13396482,0.14069936,0.13320243,0.2832656,0.11584759
0.12232747,0.12186759,0.11963123,0.26928067,0.097558826
0.11962111,0.120613046,0.120371595,0.28118172,0.106731445
0.12746955,0.14049953,0.12901902,0.23888838,0.12825227
0.14018944,0.17782572,0.15216155,0.24666443,0.19586922
0.1864682,0.2121169,0.18180566,0.2597683,0.31648168
0.2473613,0.24325761,0.2650444,0.27299592,0.39204925
0.3090663,0.30442712,0.30593747,0.34733307,0.43436918
0.34316644,0.3489091,0.34622347,0.36294988,0.4529605
0.35155615,0.36190918,0.35713443,0.38770157,0.4664954
0.34073073,0.34572545,0.35353,0.4337538,0.4845569
0.32990527,0.3195565,0.32936797,0.42902106,0.47536016
0.31339648,0.32422653,0.3188717,0.4236809,0.4833507
0.2976996,0.2959837,0.3025986,0.42613745,0.43898994
0.2947226,0.28052422,0.29365432,0.40295967,0.45027316
0.3120433,0.30384323,0.30684966,0.38260794,0.4720286
0.33585927,0.32792053,0.3424721,0.3696677,0.45849663
0.3496617,0.3422349,0.35865742,0.36181262,0.48330557
0.35588634,0.37088957,0.36669433,0.34863353,0.4643044
0.38349122,0.36852458,0.36248666,0.33555257,0.47142416
0.3369418,0.33862406,0.35813177,0.2819716,0.4083389
0.24682003,0.24621034,0.25549436,0.2133187,0.3133179
0.17374831,0.16768584,0.16691424,0.15168509,0.21725948
0.13125846,0.12486491,0.12350389,0.15601178,0.15779442
0.113125846,0.10641969,0.10594715,0.19227105,0.13752586
0.107171856,0.103636935,0.10373244,0.22106855,0.10765551
0.111231394,0.10660847,0.10808179,0.2508226,0.12623401
0.13504736,0.1321773,0.12651424,0.24484143,0.14775483
0.19161029,0.19736192,0.17812091,0.266379,0.21355556
0.3142084,0.29761675,0.2822807,0.29726645,0.33367383
0.38917455,0.38750756,0.4167006,0.28889588,0.4151418
0.41244927,0.40621325,0.40298277,0.34370068,0.44991207
0.42787552,0.42105058,0.42074907,0.31559092,0.45892566
0.4435724,0.4373267,0.43164334,0.37969398,0.48328257
0.44303113,0.44189224,0.44448954,0.41388297,0.49139297
0.4495264,0.43553475,0.43430227,0.42239445,0.48134673
0.4549391,0.45227113,0.4499809,0.42827427,0.49867815
0.44709066,0.44433495,0.4600912,0.429765,0.4498719
0.43707713,0.4365478,0.44990563,0.43712956,0.45696467
0.43626523,0.4363502,0.4453203,0.43629724,0.48132533
0.43274695,0.43317065,0.44776943,0.45529956,0.4704098
0.4284168,0.42674455,0.43363097,0.43828934,0.48891014
0.42543977,0.4312806,0.4416744,0.42997104,0.47014272
0.44871446,0.43209535,0.4231247,0.4137414,0.4798478
0.4,0.3978946,0.40392327,0.3461929,0.41713792
0.30500677,0.3014553,0.30969533,0.28142583,0.31729844
0.22435723,0.21806574,0.22446315,0.23339075,0.22801782
0.17618403,0.16989356,0.17618454,0.19110459,0.16060428
0.15047361,0.1548841,0.1542124,0.16807093,0.13971394
0.14046007,0.140266,0.14166978,0.16958189,0.1107419
0.13937753,0.13797307,0.1462401,0.20194133,0.12705576
0.16427605,0.15852559,0.16486782,0.19288363,0.1485766
0.2240866,0.22694552,0.23264916,0.23383854,0.2146777
0.3242219,0.33711645,0.32741848,0.23089083,0.3370583
0.4037889,0.39482415,0.3940745,0.25297397,0.41829383
0.43220568,0.43052247,0.436404,0.27934277,0.45326805
0.45223275,0.44266292,0.4494515,0.2747834,0.4615416
0.46874154,0.46719375,0.46835667,0.29289788,0.48640764
0.4744249,0.46590406,0.47698328,0.34695548,0.4951595
0.46874154,0.46285507,0.4764427,0.39580244,0.4841367
0.47117728,0.46087405,0.46325436,0.44624275,0.49948543
0.45683357,0.45518038,0.47152403,0.44999653,0.45344108
0.4519621,0.43576425,0.44394642,0.45006537,0.45910323
0.46414074,0.44838074,0.45373082,0.46888167,0.4841134
0.47469553,0.4625459,0.4729171,0.48952252,0.47442466
0.47307172,0.47024593,0.46731564,0.48677093,0.4924174
0.4660352,0.4707377,0.4714148,0.4791031,0.47260064
0.46441138,0.45970437,0.46123126,0.45716238,0.48375106
0.39783493,0.40219226,0.40883675,0.41941082,0.41824853
0.30284166,0.2991574,0.2999709,0.37382698,0.32016546
0.22354533,0.22181082,0.22152783,0.35993963,0.22813089
0.17834912,0.17030019,0.17373513,0.34041226,0.16438398
0.15507442,0.15912715,0.15479603,0.32249036,0.14081292
0.14343707,0.1461783,0.14470825,0.31118703,0.10584976
0.1391069,0.14370704,0.14527611,0.31122583,0.13105662
0.15669824,0.15918723,0.15912448,0.31404942,0.15257747
0.21136671,0.21508151,0.21246177,0.3116753,0.22054376
0.33207035,0.3191541,0.31088674,0.30007893,0.33055198
0.42219216,0.41566804,0.42619896,0.30927163,0.42136374
0.4638701,0.45355612,0.45272005,0.40619117,0.4503188
0.4976996,0.48411945,0.4875088,0.43918514,0.45280302
0.5255751,0.51841474,0.5175953,0.53737044,0.47984403
0.538295,0.5355729,0.53792655,0.5896994,0.49060494
0.5461434,0.54118305,0.54230404,0.6039719,0.47624445
0.5583221,0.552648,0.55310136,0.60547215,0.5033114
0.5599459,0.5557021,0.5706291,0.6276771,0.44329107
0.5653586,0.5527336,0.56607056,0.5843856,0.4546582
0.56887686,0.56305134,0.57890195,0.59985834,0.48036802
0.5645467,0.55767155,0.5650864,0.5924046,0.4616022
0.5529093,0.5544992,0.5463426,0.6192519,0.47870654
0.54830855,0.5464748,0.5413295,0.6076589,0.4620636
0.5653586,0.55885637,0.5303122,0.5422316,0.47471392
0.5288227,0.52132654,0.50737417,0.48974937,0.4205434
0.41596752,0.43208846,0.43655473,0.42268622,0.31655318
0.31826794,0.31878135,0.31473967,0.25697434,0.23110752
0.24682003,0.25231397,0.25652403,0.2718386,0.15722728
0.21136671,0.21357694,0.20889558,0.26539057,0.13975897
0.18971583,0.19631949,0.19372283,0.28627443,0.11245854
0.1826793,0.1825802,0.18116443,0.28105193,0.11607236
0.20189445,0.19897825,0.19602428,0.29861912,0.13646474
0.2533153,0.25575957,0.25678498,0.30819732,0.22564934
0.38159674,0.36096275,0.3563971,0.29888827,0.3269384
0.45845738,0.48232684,0.49664414,0.37246317,0.41735983
0.5098782,0.50213593,0.4832204,0.45859194,0.45145983
0.5669824,0.5480433,0.5500281,0.5273258,0.43929282
0.6113667,0.60475695,0.6048246,0.63328135,0.46800578
0.6397835,0.63023597,0.63758147,0.6887251,0.48866302
0.65602165,0.6515524,0.6599429,0.7412278,0.46725476
0.6722598,0.6663631,0.6722554,0.7810904,0.49347043
0.67848444,0.6710293,0.68667495,0.8006652,0.42384827
0.6841678,0.6699861,0.68291134,0.79829687,0.44254768
0.68308526,0.67746794,0.68765104,0.8126619,0.47225153
0.67117727,0.66373694,0.6716865,0.7981372,0.45132267
0.6511502,0.6469359,0.64489716,0.7913845,0.46119326
0.62895805,0.6314076,0.6279688,0.7265721,0.4415002
0.62977,0.6310029,0.6170478,0.7098512,0.4637531
0.5921516,0.5869428,0.5873202,0.6354153,0.39857394
0.49228686,0.49402836,0.4905076,0.47460163,0.3068812
0.38782138,0.39417922,0.38807917,0.43069988,0.22034626
0.31312585,0.31612954,0.31342247,0.43446332,0.1550773
0.26792964,0.27596667,0.27271283,0.3673514,0.19297144
0.24113667,0.25457785,0.24697459,0.35446846,0.15547402
0.22543979,0.23329651,0.23361263,0.33571023,0.15086514
0.22300406,0.2292068,0.23469232,0.35064363,0.1526334
0.22949933,0.23921722,0.2575029,0.31845534,0.16765766
0.2893099,0.2841939,0.28717923,0.34172776,0.21036817
0.38078484,0.39095482,0.37643445,0.401515,0.31023046
0.46955344,0.46761507,0.4658485,0.5251822,0.35465834
0.5374831,0.54074013,0.5400166,0.6166263,0.42921406
0.58294994,0.5895388,0.5865274,0.6915877,0.45743537
0.61542624,0.6150097,0.61385614,0.7672244,0.4745415
0.6292287,0.63426006,0.6374241,0.8075511,0.4753791
0.6313938,0.63324386,0.6390029,0.82101685,0.45863342
0.63437074,0.63730305,0.6324936,0.83996624,0.4241734
0.6427605,0.6395397,0.64212537,0.8345179,0.45580626
0.6484438,0.6504214,0.6604158,0.8253488,0.4848253
0.65087956,0.6530173,0.65628314,0.79653406,0.48261023
0.63707715,0.64536256,0.6404704,0.77157164,0.4834202
0.6094723,0.61701477,0.60774255,0.7433326,0.43720946
0.6092016,0.6045493,0.5866035,0.7092162,0.4266203
0.5718539,0.59010637,0.5859776,0.64792734,0.40653697
0.4887686,0.47376505,0.48608163,0.5770231,0.34158438
0.39783493,0.39671072,0.39162382,0.5121503,0.26373973
0.329364,0.33123288,0.32331207,0.54862314,0.20511003
0.28552097,0.29340205,0.28380722,0.45988876,0.14671189
0.25953993,0.2689014,0.25975597,0.46724945,0.1412368
0.24573748,0.25120065,0.24703465,0.46193224,0.11217892
0.23951286,0.24806497,0.24652666,0.4305508,0.12177949
0.23870094,0.24656221,0.25585213,0.4345389,0.13407515
0.2790257,0.2792243,0.2746478,0.42110568,0.16295661
0.35886332,0.37094057,0.35423473,0.46032053,0.26964277
0.45548037,0.44813016,0.4497447,0.5306773,0.31519657
0.53152907,0.53393734,0.53180104,0.6031244,0.39251807
0.58078486,0.58622795,0.58029866,0.6878404,0.41926798
0.6159675,0.61347735,0.6106232,0.74120843,0.43115264
0.634912,0.63449997,0.6366379,0.76001084,0.44177178
0.6416779,0.63956857,0.6466974,0.825278,0.43433163
0.6359946,0.6468466,0.64934254,0.79215384,0.4028502
0.6292287,0.6367059,0.639084,0.7958254,0.41684645
0.6194858,0.6308621,0.63867253,0.6961979,0.4810747
0.6092016,0.62219083,0.6259608,0.7389005,0.48916376
0.5894452,0.5997578,0.6033049,0.7154217,0.492369
0.5686062,0.5700595,0.56914043,0.5691707,0.43447393
0.55209744,0.560458,0.55774283,0.5692496,0.4038567
0.48849797,0.51698905,0.5272513,0.47552574,0.3968794
0.39783493,0.3854489,0.4103586,0.449632,0.3145131
0.31907985,0.31876916,0.3112803,0.41435808,0.24712886
0.26711774,0.2652204,0.25602877,0.42280108,0.17874375
0.23734777,0.2368165,0.2291808,0.43811864,0.17792682
0.22083898,0.22970343,0.21719399,0.40652424,0.1651905
0.21759135,0.21640524,0.21342947,0.37875885,0.15411341
0.23626523,0.23331496,0.22597767,0.36926353,0.16730624
0.29526386,0.28989816,0.2696987,0.36162904,0.23051392
0.40920162,0.40764156,0.37101257,0.33544737,0.32989126
0.4836265,0.512758,0.528855,0.37111586,0.4330566
0.5155616,0.5275469,0.5475936,0.4038154,0.47781467
0.5391069,0.54538316,0.54486346,0.43148667,0.5197487
0.5556157,0.5648522,0.5643096,0.46373832,0.54675424
0.56562924,0.55973214,0.57210577,0.5241898,0.5638351
0.5713126,0.55972165,0.5749253,0.5401762,0.5759592
0.588092,0.57241994,0.5749955,0.5987198,0.56777996
0.58782136,0.5875643,0.6006843,0.6093979,0.5475503
0.5870095,0.5708524,0.5895353,0.6118023,0.577031
0.5872801,0.58693314,0.59689033,0.57157534,0.572898
0.5826793,0.5834922,0.5913292,0.58987623,0.55973107
0.5653586,0.5712731,0.5769049,0.5796902,0.5700518
0.53477675,0.54201305,0.5639179,0.5275205,0.52511144
0.5277402,0.5203974,0.5220913,0.51086175,0.51734734
0.47496617,0.49161527,0.4814633,0.41082954,0.4765684
0.36752367,0.367188,0.3885768,0.34354547,0.38563254
0.27280107,0.2782536,0.27617583,0.28657013,0.29664278
0.21813262,0.21720254,0.21280138,0.24173097,0.23579665
0.18376184,0.19084549,0.18729328,0.25344253,0.19365214
0.16752368,0.17298737,0.16270387,0.2325708,0.1690901
0.16129905,0.16725585,0.16116922,0.22085214,0.1685733
0.17564276,0.17811188,0.17380838,0.24070314,0.18682791
0.22922869,0.22653005,0.22017963,0.21150827,0.247167
0.3420839,0.34342238,0.32241404,0.24339916,0.34524068
0.4143437,0.43139204,0.44545656,0.28177142,0.45417565
0.44113666,0.44406447,0.4509584,0.36172032,0.48806655
0.4592693,0.46463087,0.46504766,0.35112375,0.52293074
0.4684709,0.47692,0.47789466,0.3614298,0.5578487
0.47307172,0.4745001,0.4773346,0.38062775,0.5682998
0.46630582,0.4663247,0.47973323,0.3970167,0.57820547
0.46901217,0.46041518,0.46569225,0.41432607,0.58133763
0.4571042,0.46100056,0.4734673,0.48022026,0.5506543
0.44979703,0.44280759,0.4562506,0.49229026,0.5797123
0.4511502,0.45477977,0.46802515,0.5133207,0.5768379
0.45818675,0.45907283,0.4677515,0.50870883,0.562649
0.44979703,0.4600751,0.46015936,0.5232506,0.5707429
0.44032475,0.43578765,0.4493943,0.49841046,0.5264597
0.44871446,0.43867946,0.45126787,0.48142362,0.52147746
0.40947226,0.4183825,0.41525468,0.42640853,0.4868737
0.31393775,0.310415,0.32723176,0.33974543,0.39265764
0.22598106,0.22794515,0.22898673,0.3218057,0.30104637
0.18024357,0.17386112,0.17191319,0.26738858,0.243854
0.15615697,0.15587234,0.15732744,0.21657692,0.19799714
0.14316644,0.14840424,0.14517859,0.24238926,0.17065132
0.13856563,0.14234605,0.14138283,0.24237345,0.16950235
0.15615697,0.15587765,0.15081994,0.20962925,0.18928725
0.20568335,0.20882922,0.19550516,0.23708273,0.24853022
0.3158322,0.31201884,0.28091112,0.22374071,0.3472476
0.39133966,0.39555183,0.415112,0.25643623,0.45429945
0.4097429,0.41451672,0.42236012,0.36039513,0.49026316
0.42462787,0.4196128,0.4214786,0.35306618,0.52615595
0.4451962,0.43829623,0.43904775,0.35378122,0.5590919
0.4533153,0.44860065,0.45845592,0.39219487,0.5719472
0.45656294,0.44364062,0.457247,0.43715876,0.58022755
0.4638701,0.45524263,0.4625026,0.4332503,0.58290195
0.46549392,0.4578085,0.4744943,0.44475448,0.5526442
0.46630582,0.45711252,0.47345346,0.4444102,0.58203983
0.46982408,0.47215363,0.47758976,0.45345938,0.5797305
0.46522328,0.47327128,0.47812933,0.44212824,0.5649054
0.45764548,0.45879486,0.46129918,0.44060332,0.5719971
0.4481732,0.44466814,0.4649406,0.4409443,0.52902347
0.46116373,0.4445431,0.44070238,0.42319804,0.5249944
0.42083898,0.43110606,0.41808408,0.3642655,0.48846453
0.32313937,0.31890205,0.333808,0.30746078,0.3943482
0.24005413,0.23569769,0.23575477,0.27783144,0.3020097
0.19594046,0.1872733,0.18988101,0.24850963,0.2461374
0.17050068,0.17141423,0.17476757,0.2284709,0.18453574
0.15290934,0.15955248,0.15947281,0.20236507,0.16121635
0.14776725,0.15094706,0.15091051,0.23853841,0.16286682
0.17077132,0.16301781,0.16551308,0.25574833,0.18564166
0.22625169,0.22649884,0.22667502,0.26610005,0.24716394
0.33504736,0.3364747,0.31789297,0.24707332,0.3415485
0.4165088,0.41384646,0.41825557,0.2748586,0.45307606
0.44709066,0.4397604,0.44790816,0.29777896,0.48098642
0.46711773,0.4637759,0.46641,0.31660283,0.5143893
0.4836265,0.48130426,0.48405954,0.36546642,0.5554628
0.4887686,0.48565212,0.49372256,0.39960685,0.56028897
0.48687416,0.48082837,0.4922047,0.44903904,0.5712392
0.49228686,0.48307118,0.4891632,0.45867717,0.5799607
0.48227334,0.48444465,0.50136733,0.4595626,0.540665
0.47117728,0.46809164,0.4774109,0.46187466,0.5696121
0.46874154,0.47092354,0.4705416,0.47135484,0.5665845
0.4625169,0.47521353,0.47145772,0.46085805,0.5508981
0.45737484,0.4591951,0.45458755,0.42033088,0.5527275
0.44898513,0.4480215,0.46361527,0.40572137,0.5187111
0.45872802,0.4419832,0.4507722,0.38340545,0.5111338
0.4075778,0.4256935,0.4200862,0.34358728,0.4875263
0.31610283,0.30405983,0.31795108,0.3204311,0.38280112
0.23058186,0.23620221,0.23592588,0.29731172,0.29519013
0.17753722,0.17700374,0.17767051,0.28050292,0.23763703
0.1496617,0.14977387,0.14955463,0.2770546,0.19333173
0.13369419,0.14010829,0.13556106,0.25629458,0.1715629
0.13071719,0.13153481,0.13126288,0.26748788,0.15660976
0.15236807,0.14479166,0.14803879,0.26758885,0.18133402
0.20893098,0.20300391,0.201962,0.25305808,0.23766612
0.3166441,0.3154249,0.30095255,0.25974438,0.34185845
0.39783493,0.400025,0.41039157,0.2556997,0.43730733
0.42868742,0.42826396,0.43267265,0.25837243,0.48200023
0.44627875,0.44505155,0.44854409,0.26166105,0.50859547
0.46035182,0.45714584,0.4616266,0.28447264,0.54435205
0.46116373,0.45695418,0.46916652,0.30559668,0.55955523
0.45439783,0.44449922,0.46126175,0.34842697,0.5636982
0.4465494,0.44227853,0.45250982,0.3640403,0.56779313
0.43355885,0.42511025,0.44323012,0.35371295,0.5204622
0.42516914,0.418009,0.42757726,0.36335987,0.5523995
0.43058187,0.429059,0.42813492,0.36312354,0.5651064
0.43193504,0.44841343,0.43889254,0.3719486,0.5412829
0.42949933,0.42367303,0.4261937,0.35129976,0.5337012
0.41461435,0.41334748,0.4382766,0.3396505,0.5049419
0.40703654,0.40113625,0.41754586,0.32716727,0.5028579
0.36048713,0.37407634,0.364394,0.3110587,0.459643
0.2857916,0.27153167,0.28073496,0.31066644,0.3705574
0.22246279,0.2072925,0.21421863,0.30947036,0.29408476
0.16968876,0.17771366,0.17994152,0.30771577,0.23297001
0.14370771,0.14180112,0.14251538,0.30851662,0.19297144
0.13044655,0.12968478,0.13430858,0.3181576,0.15547402
0.1255751,0.13319078,0.13240063,0.3200536,0.15086514
0.13450609,0.13599491,0.14212207,0.32208037,0.1526334
0.15209743,0.15825748,0.1725772,0.31782687,0.16765766
0.1962111,0.20801416,0.2092612,0.32230204,0.21036817
0.26901218,0.26875493,0.2603444,0.31995487,0.31023046
0.34154263,0.33833387,0.32616118,0.3296095,0.35465834
0.3872801,0.38798308,0.3862399,0.3517055,0.42921406
0.41028416,0.40738493,0.41099924,0.36984447,0.45743537
0.41326118,0.41667473,0.41886228,0.39321226,0.4745415
0.40162382,0.40223342,0.40966812,0.4369685,0.4753791
0.38971582,0.38461137,0.391909,0.46002233,0.45863342
0.37780786,0.3743878,0.385508,0.45890492,0.4241734
0.37347767,0.37691563,0.37966028,0.45547068,0.45580626
0.3805142,0.38696352,0.3865282,0.41898996,0.4848253
0.39269283,0.4051048,0.39416447,0.3980664,0.48261023
0.38105547,0.39798126,0.39800727,0.37707722,0.4834202
0.3677943,0.36871302,0.3698585,0.3620843,0.43720946
0.37050068,0.37410095,0.3615599,0.34599137,0.4266203
0.341272,0.3495658,0.340717,0.33005583,0.40653697
0.27253044,0.27339593,0.28121024,0.3151405,0.34158438
0.20595399,0.21003848,0.20725955,0.2977169,0.26373973
0.15507442,0.15754777,0.15907681,0.30424756,0.20511003
0.12097429,0.13074663,0.12719746,0.27058196,0.14671189
0.10663058,0.111595996,0.10500479,0.28553694,0.1412368
0.0976996,0.10711927,0.103838935,0.26788083,0.11217892
0.10067659,0.10170812,0.103328496,0.26713574,0.12177949
0.10744249,0.108853854,0.12121463,0.23694852,0.13407515
0.14912044,0.14655453,0.1414839,0.25862318,0.16295661
0.21921515,0.22272736,0.22047655,0.28717798,0.26964277
0.29634643,0.2976005,0.2867475,0.34306479,0.31519657
0.3480379,0.3518516,0.34469527,0.36623073,0.39251807
0.37672532,0.3773835,0.37282568,0.37662137,0.41926798
0.38619757,0.39008123,0.3880047,0.40346298,0.43115264
0.38294992,0.3839318,0.38556576,0.46836805,0.44177178
0.37266576,0.37326974,0.3785245,0.5147388,0.43433163
0.3645467,0.36161357,0.36933434,0.50659645,0.4028502
0.3669824,0.3633303,0.37007147,0.53158,0.41684645
0.38782138,0.38801506,0.38476154,0.5539752,0.4810747
0.4105548,0.40962723,0.4132487,0.53133583,0.48916376
0.42002708,0.4204289,0.41571105,0.52779305,0.492369
0.41596752,0.41561896,0.4162851,0.52157813,0.43447393
0.42192152,0.42837647,0.4053611,0.50430167,0.4038567
0.388092,0.40045473,0.39050823,0.4446172,0.3968794
0.29634643,0.3029991,0.3159889,0.32973284,0.3145131
0.21705006,0.21769309,0.20910755,0.26092595,0.24712886
0.16589986,0.16187647,0.15889645,0.2693646,0.17874375
0.1391069,0.13995388,0.13242082,0.25577748,0.17792682
0.13044655,0.13230413,0.12351902,0.24587843,0.1651905
0.12774019,0.13153854,0.12843777,0.2699163,0.15411341
0.1496617,0.1435962,0.13882862,0.23674354,0.16730624
0.2037889,0.20447215,0.19502932,0.29269487,0.23051392
0.31258458,0.3109347,0.29265594,0.2640253,0.32989126
0.39539918,0.39959985,0.41515714,0.29293025,0.4330566
0.4338295,0.43253556,0.43084964,0.34361523,0.47781467
0.4579161,0.45784718,0.4530857,0.36816084,0.5197487
0.4811908,0.47722235,0.47260404,0.4139074,0.54675424
0.4871448,0.48730066,0.49173266,0.42094463,0.5638351
0.48606226,0.48038658,0.48482764,0.451895,0.5759592
0.49147496,0.48500875,0.48216653,0.4755432,0.56777996
0.47983763,0.4866533,0.49997738,0.48434496,0.5475503
0.4668471,0.46352804,0.47978643,0.4942478,0.577031
0.46495265,0.47022218,0.4704674,0.50484484,0.572898
0.48010826,0.4704499,0.47606808,0.49421567,0.55973107
0.48335588,0.48514578,0.4865098,0.5006153,0.5700518
0.47307172,0.47150984,0.4821084,0.5055876,0.52511144
0.46549392,0.46187583,0.4743402,0.49537718,0.51734734
0.40405953,0.4210523,0.42076394,0.43902308,0.4765684
0.30933693,0.29594746,0.30848193,0.37072194,0.38563254
0.22679296,0.22916093,0.22453178,0.30663007,0.29664278
0.17104195,0.17606032,0.17227165,0.28202835,0.23579665
0.1488498,0.14361042,0.14092149,0.26693267,0.19365214
0.13558863,0.14371678,0.13947095,0.25994983,0.1690901
0.1331529,0.13601074,0.13606997,0.24620554,0.1685733
0.1518268,0.15122056,0.15500897,0.25960052,0.18682791
0.21244925,0.20544219,0.20954518,0.25402722,0.247167
0.3217862,0.32847586,0.31993344,0.26512843,0.34524068
0.3991881,0.40936986,0.40978736,0.27075183,0.45417565
0.43031123,0.4276499,0.43327692,0.26110512,0.48806655
0.45277402,0.4525393,0.45376074,0.27361545,0.52293074
0.47090665,0.46802455,0.4712418,0.31274354,0.5578487
0.473613,0.47814998,0.47979158,0.3507969,0.5682998
0.46738836,0.46340826,0.47226843,0.38837552,0.57820547
0.46549392,0.45850414,0.46265003,0.40542972,0.58133763
0.45683357,0.45075515,0.4631497,0.41590357,0.5506543
0.44871446,0.44614887,0.45245302,0.44748503,0.5797123
0.46116373,0.45579407,0.45578894,0.44641554,0.5768379
0.4760487,0.48119697,0.48292413,0.43626624,0.562649
0.4744249,0.4751812,0.47196925,0.44125015,0.5707429
0.464682,0.45760757,0.47142076,0.4140097,0.5264597
0.44898513,0.450015,0.45780784,0.37741864,0.52147746
0.39215156,0.39749125,0.3899578,0.345946,0.4868737
0.30338296,0.28907576,0.30325988,0.3342402,0.39265764
0.22976996,0.22201419,0.22339962,0.31590968,0.30104637
0.17834912,0.18211237,0.18175924,0.3253888,0.243854
0.15507442,0.15272188,0.15236123,0.31459993,0.19799714
0.13964817,0.14718226,0.14528495,0.31005532,0.17065132
0.14154263,0.13909537,0.13840614,0.2935515,0.16950235
0.16671178,0.16218391,0.1637185,0.292745,0.18928725
0.2232747,0.22582486,0.22418697,0.2889611,0.24853022
0.33152908,0.33400908,0.31806535,0.29464892,0.3472476
0.405954,0.41224658,0.41827464,0.29256123,0.45429945
0.43788904,0.42799637,0.43524614,0.30686682,0.49026316
0.45737484,0.4553158,0.4593041,0.3455085,0.52615595
0.47225982,0.47200033,0.47041506,0.3803286,0.5590919
0.4811908,0.47041848,0.47803736,0.3910929,0.5719472
0.47225982,0.47218582,0.4842389,0.4221359,0.58022755
0.47171855,0.46280518,0.4672814,0.41487265,0.58290195
0.461705,0.46138576,0.47624034,0.434093,0.5526442
0.45304465,0.44885442,0.46146426,0.43212283,0.58203983
0.45142084,0.4569076,0.46374163,0.4295144,0.5797305
0.45466846,0.4629197,0.46110982,0.42139918,0.5649054
0.45764548,0.4534751,0.45467538,0.44931698,0.5719971
0.4435724,0.4473847,0.46358943,0.43593705,0.52902347
0.44546685,0.4341132,0.4292258,0.38503766,0.5249944
0.40568337,0.4139576,0.40018648,0.33847323,0.48846453
0.32151556,0.3108019,0.32627487,0.32131904,0.3943482
0.2405954,0.24188414,0.2445344,0.2928276,0.3020097
0.18619756,0.18998861,0.18889597,0.29065838,0.2461374
0.15399188,0.15965128,0.15964875,0.2537136,0.18453574
0.13775373,0.14332718,0.13981943,0.26099324,0.16121635
0.13748309,0.13685709,0.13615029,0.23519605,0.16286682
0.16102841,0.15560448,0.1555515,0.18917279,0.18564166
0.21542625,0.21737719,0.21006255,0.20380569,0.24716394
0.32232746,0.3266239,0.30324608,0.19678245,0.3415485
0.3991881,0.40008572,0.41495615,0.2768485,0.45307606
0.43058187,0.4220394,0.4305069,0.3455943,0.48098642
0.45304465,0.44908968,0.45070994,0.37485117,0.5143893
0.4700947,0.46703586,0.47008878,0.4232418,0.5554628
0.47388363,0.4719713,0.47953445,0.43621713,0.56028897
0.4692828,0.4646137,0.47354177,0.4455734,0.5712392
0.47469553,0.46366245,0.46786466,0.4355365,0.5799607
0.46197563,0.46732563,0.48306307,0.43736237,0.540665
0.4511502,0.4466874,0.45462298,0.43609726,0.5696121
0.45520973,0.45201892,0.4521566,0.41361457,0.5665845
0.45737484,0.46782896,0.46467525,0.3926739,0.5508981
0.45304465,0.45814374,0.45088103,0.39832407,0.5527275
0.44248986,0.4425375,0.4513731,0.36635584,0.5187111
0.44763193,0.43339533,0.44018903,0.34615695,0.5111338
0.40243572,0.41354913,0.40959382,0.3186589,0.4875263
0.3158322,0.30214188,0.3184225,0.30641448,0.38280112
0.23139377,0.23596486,0.23475842,0.29094768,0.29519013
0.18294993,0.17665815,0.17588805,0.2885346,0.23763703
0.15507442,0.1553782,0.15806958,0.27228263,0.19333173
0.14100136,0.14501601,0.14329363,0.26639006,0.1715629
0.13477673,0.14034113,0.14180265,0.2536993,0.15660976
0.15588634,0.14765331,0.15063877,0.25700507,0.18133402
0.20838971,0.20680618,0.20589165,0.25560954,0.23766612
0.3142084,0.31160638,0.2971293,0.27271205,0.34185845
0.39377537,0.39666095,0.40580916,0.26492506,0.43730733
0.42976996,0.42405605,0.42770928,0.26030782,0.48200023
0.44844383,0.44866493,0.4526235,0.3429914,0.50859547
0.4638701,0.46099296,0.46183324,0.39742458,0.54435205
0.46874154,0.46311602,0.4721057,0.42255104,0.55955523
0.46522328,0.45586786,0.4701568,0.5051453,0.5636982
0.46711773,0.46010277,0.46454984,0.5252356,0.56779313
0.46143436,0.4545476,0.47088107,0.5064464,0.5204622
0.455751,0.44895223,0.46102226,0.49323827,0.5523995
0.45466846,0.45804933,0.46121442,0.52702385,0.5651064
0.4481732,0.44996354,0.4575141,0.48990422,0.5412829
0.43328822,0.43977582,0.43956774,0.49760157,0.5337012
0.41515562,0.42013842,0.43417788,0.42331797,0.5049419
0.42462787,0.4188085,0.41486818,0.40492874,0.5028579
0.4046008,0.41538838,0.39040452,0.35029203,0.459643
0.3269283,0.3206803,0.33464128,0.28706098,0.3705574
0.24086604,0.24289852,0.24888739,0.25033876,0.29408476
0.18511502,0.18556973,0.1859556,0.20082903,0.23297001
0.15047361,0.15645894,0.15770593,0.2180616,0.19297144
0.13098782,0.1384469,0.13542384,0.24046017,0.15547402
0.12422192,0.1284756,0.12701361,0.23542082,0.15086514
0.1255751,0.1330694,0.13723013,0.25192142,0.1526334
0.13558863,0.14270982,0.15574104,0.25074428,0.16765766
0.1932341,0.18831125,0.18634577,0.25911224,0.21036817
0.26928282,0.27633625,0.27127972,0.269748,0.31023046
0.33883625,0.34220847,0.3271692,0.36393097,0.35465834
0.3729364,0.38531426,0.3851268,0.3363608,0.42921406
0.3856563,0.39326212,0.39353335,0.35752723,0.45743537
0.3872801,0.39220807,0.3936859,0.36763412,0.4745415
0.37916103,0.37980133,0.38773608,0.429545,0.4753791
0.36833557,0.36943296,0.37507457,0.48414075,0.45863342
0.36129904,0.35692576,0.36379737,0.50593036,0.4241734
0.36346415,0.3649208,0.36279446,0.5034126,0.45580626
0.37672532,0.38099036,0.37441015,0.5269837,0.4848253
0.38890392,0.39286187,0.3902967,0.5064649,0.48261023
0.388092,0.40001056,0.39020705,0.51405674,0.4834202
0.37510148,0.38386962,0.3868236,0.5138822,0.43720946
0.37618405,0.38889447,0.37880367,0.47377992,0.4266203
0.36292288,0.3660545,0.3551873,0.42507195,0.40653697
0.29499322,0.296877,0.30391484,0.329724,0.34158438
0.22300406,0.22358435,0.21824263,0.26711676,0.26373973
0.16535859,0.16825134,0.1700484,0.2415224,0.20511003
0.12990528,0.13675618,0.13141201,0.23416397,0.14671189
0.111772664,0.11629815,0.11241305,0.20579858,0.1412368
0.10608931,0.11001905,0.10581599,0.24548687,0.11217892
0.10663058,0.11110485,0.11222832,0.2595421,0.12177949
0.106359944,0.11363389,0.12633874,0.2669512,0.13407515
0.1458728,0.14287311,0.14140598,0.26919603,0.16295661
0.21677943,0.22042277,0.22250608,0.29126,0.26964277
0.28822732,0.29619545,0.28258744,0.31356353,0.31519657
0.3396482,0.33992264,0.32996175,0.3862854,0.39251807
0.3631935,0.36970255,0.36497205,0.41357464,0.41926798
0.3721245,0.376449,0.37245846,0.42794693,0.43115264
0.37428957,0.37167037,0.37295252,0.46988797,0.44177178
0.36671177,0.3685404,0.37341338,0.4982286,0.43433163
0.3594046,0.3567749,0.36477944,0.48361576,0.4028502
0.36211097,0.35809776,0.36526525,0.48831367,0.41684645
0.38294992,0.3814439,0.38138905,0.4973088,0.4810747
0.4113667,0.40931487,0.4130574,0.5063886,0.48916376
0.41190797,0.42202976,0.42879164,0.5059237,0.492369
0.402977,0.40170702,0.4031964,0.51836634,0.43447393
0.41299054,0.4049772,0.39964584,0.51118255,0.4038567
0.37401894,0.38414043,0.39053592,0.47664857,0.3968794
0.2933694,0.28698647,0.29756135,0.40873742,0.3145131
0.21975642,0.21945846,0.21233903,0.36823818,0.24712886
0.17834912,0.16615185,0.16219911,0.3144121,0.17874375
0.15507442,0.15436757,0.1508729,0.25345755,0.17792682
0.1420839,0.14653528,0.14235537,0.24983352,0.1651905
0.14046007,0.13814789,0.14040294,0.28178966,0.15411341
0.15805142,0.15502223,0.15420473,0.27614176,0.16730624
0.20487145,0.20859835,0.19885248,0.2924384,0.23051392
0.32151556,0.3025151,0.28452918,0.28639004,0.32989126
0.41623816,0.41459176,0.42703655,0.28871492,0.4330566
0.47090665,0.4590597,0.4526942,0.37218612,0.47781467
0.50960755,0.50138205,0.4923307,0.41468018,0.5197487
0.54343706,0.53609145,0.52534723,0.5235459,0.54675424
0.56075776,0.55531335,0.5576918,0.58525544,0.5638351
0.5664411,0.5646749,0.56484157,0.59793836,0.5759592
0.5751015,0.57094485,0.5652221,0.60111916,0.56777996
0.56914747,0.57303846,0.58367544,0.5713481,0.5475503
0.5545331,0.55770075,0.5713801,0.582608,0.577031
0.5361299,0.55249035,0.55343807,0.48595202,0.572898
0.52801085,0.52634144,0.5284915,0.3759346,0.55973107
0.5142084,0.5186376,0.51803136,0.37581968,0.5700518
0.4993234,0.49508402,0.5055585,0.4143005,0.52511144
0.49039242,0.49315646,0.49798554,0.41224974,0.51734734
0.44844383,0.45488372,0.44563478,0.3750509,0.4765684
0.35669824,0.3460754,0.3685325,0.32844022,0.38563254
0.27036536,0.27186206,0.2735872,0.31693545,0.29664278
0.21001354,0.21600357,0.21506184,0.32602638,0.23579665
0.17618403,0.18039945,0.17798851,0.2649992,0.19365214
0.16021651,0.16539007,0.16108899,0.29638076,0.1690901
0.1556157,0.15911216,0.16098206,0.25760084,0.1685733
0.17266576,0.17251268,0.1764157,0.25551474,0.18682791
0.22219215,0.22635403,0.22595803,0.25914302,0.247167
0.32395127,0.33482173,0.31563562,0.26254156,0.34524068
0.4127199,0.4153652,0.4254994,0.29610622,0.45417565
0.455751,0.45477712,0.4686678,0.35578018,0.48806655
0.47740188,0.48610052,0.48811764,0.3891155,0.52293074
0.50121784,0.4967973,0.4991363,0.41379088,0.5578487
0.50717187,0.5136813,0.5188207,0.46697927,0.5682998
0.49742895,0.4989665,0.5094983,0.49219936,0.57820547
0.48985115,0.4875225,0.48828313,0.5307104,0.58133763
0.47713125,0.47308505,0.48088437,0.5255528,0.5506543
0.46495265,0.46091244,0.4663538,0.5204119,0.5797123
0.46278754,0.46617994,0.46119773,0.5193209,0.5768379
0.4684709,0.46974298,0.4657973,0.45721918,0.562649
0.46657646,0.46934313,0.45947218,0.4618957,0.5707429
0.45006767,0.45484,0.4559999,0.4660198,0.5264597
0.4414073,0.44334495,0.44964272,0.4640985,0.52147746
0.4,0.40743664,0.406907,0.44065338,0.4868737
0.3112314,0.30628392,0.3201763,0.38517672,0.39265764
0.2330176,0.2301246,0.22802824,0.3312598,0.30104637
0.18078485,0.18317157,0.18009166,0.2797672,0.243854
0.15345061,0.15435463,0.15230922,0.27606606,0.19799714
0.13883626,0.14579237,0.14047687,0.27265894,0.17065132
0.13261163,0.13794032,0.13626838,0.22237651,0.16950235
0.15074424,0.148574,0.14432523,0.22162989,0.18928725
0.19837618,0.20265809,0.19135013,0.19455239,0.24853022
0.29715833,0.3033248,0.27621573,0.21886459,0.3472476
0.3797023,0.37668476,0.3985663,0.20562115,0.45429945
0.41948578,0.41213495,0.42257628,0.29028577,0.49026316
0.4465494,0.44069067,0.44298142,0.38191697,0.52615595
0.47171855,0.46406114,0.4658394,0.40219888,0.5590919
0.47740188,0.47605035,0.4842736,0.4489258,0.5719472
0.47821382,0.4657466,0.47663218,0.45586616,0.58022755
0.485521,0.4752109,0.48072076,0.4579894,0.58290195
0.48525032,0.4792197,0.4967442,0.44829267,0.5526442
0.48389715,0.4755572,0.49090213,0.4476387,0.58203983
0.48416778,0.48745176,0.4927338,0.47390568,0.5797305
0.4811908,0.48378,0.4877652,0.46266538,0.5649054
0.47063598,0.47544304,0.47279143,0.45553207,0.5719971
0.45223275,0.45669958,0.465173,0.4420964,0.52902347
0.45087957,0.447258,0.4404777,0.40123188,0.5249944
0.42056835,0.4216526,0.40871271,0.3661423,0.48846453
0.3285521,0.32651702,0.34458885,0.31563902,0.3943482
0.24492557,0.24210897,0.24297233,0.23064825,0.3020097
0.18322057,0.1907807,0.19061564,0.21171016,0.2461374
0.14343707,0.15251413,0.15049891,0.2507082,0.18453574
0.1255751,0.13084182,0.123487264,0.24080446,0.16121635
0.12368065,0.12421348,0.12023853,0.25634214,0.16286682
0.14154263,0.14067662,0.13887452,0.24124625,0.18564166
0.18998647,0.19255164,0.1871982,0.26567507,0.24716394
0.28633288,0.2997503,0.27568036,0.2546175,0.3415485
0.37239513,0.36736235,0.3771817,0.28780955,0.45307606
0.42192152,0.40817943,0.4191028,0.3313558,0.48098642
0.45223275,0.45217463,0.45312572,0.34664115,0.5143893
0.4760487,0.46957034,0.47330463,0.39868158,0.5554628
0.49066305,0.48436108,0.48935845,0.443456,0.56028897
0.49228686,0.4897507,0.49991763,0.45907325,0.5712392
0.49878213,0.492413,0.49704438,0.46382868,0.5799607
0.49661705,0.49378702,0.50922257,0.45125556,0.540665
0.49364007,0.4864438,0.5008142,0.4731748,0.5696121
0.49282816,0.49353322,0.49973154,0.47187805,0.5665845
0.4895805,0.48920324,0.49322474,0.4810993,0.5508981
0.47902572,0.4855536,0.47494483,0.48334646,0.5527275
0.46116373,0.4689957,0.46630076,0.45869404,0.5187111
0.46143436,0.4597966,0.45906132,0.43278778,0.5111338
0.43870094,0.44010437,0.43026128,0.39441538,0.4875263
0.3458728,0.34384474,0.3622046,0.32855976,0.38280112
0.25845736,0.25702336,0.2538844,0.2269236,0.29519013
0.19837618,0.19861278,0.19743422,0.18934345,0.23763703
0.16562922,0.16445771,0.16536002,0.19655216,0.19333173
0.1466847,0.15273368,0.15201688,0.19678637,0.1715629
0.14154263,0.14401764,0.14373666,0.20431098,0.15660976
0.15805142,0.15512234,0.1556294,0.23777334,0.18133402
0.20324764,0.20638365,0.20115441,0.25096792,0.23766612
0.30202976,0.30415556,0.28192678,0.25928023,0.34185845
0.39188093,0.38826385,0.40024525,0.28120488,0.43730733
0.44844383,0.43575424,0.44221622,0.31326342,0.48200023
0.48308524,0.48097524,0.48196715,0.34566182,0.50859547
0.5150203,0.50511646,0.5056098,0.41108686,0.54435205
0.52990526,0.52588344,0.5344329,0.4463339,0.55955523
0.5307172,0.52829343,0.5378381,0.5453847,0.5636982
0.5420839,0.5307036,0.53380114,0.54702246,0.56779313
0.5404601,0.537114,0.5563829,0.5758157,0.5204622
0.5407307,0.52810764,0.5429127,0.59155756,0.5523995
0.54397833,0.5406291,0.54726183,0.55566496,0.5651064
0.5391069,0.5333893,0.5437671,0.56202334,0.5412829
0.5225981,0.5226977,0.51933724,0.56326115,0.5337012
0.4955345,0.5013398,0.5052325,0.5519953,0.5049419
0.48687416,0.49487677,0.48783004,0.5209883,0.5028579
0.47036535,0.4694884,0.45111156,0.45978248,0.459643
0.37861976,0.38220572,0.39481813,0.32419807,0.3705574
0.2893099,0.2812827,0.28393683,0.2701253,0.29408476
0.22110961,0.22873276,0.22690485,0.23920408,0.23297001
0.1834912,0.18664911,0.18360254,0.24627024,0.19297144
0.16156968,0.17122304,0.16594653,0.21906124,0.15547402
0.1526387,0.15635583,0.15554236,0.24279639,0.15086514
0.15453315,0.1595976,0.1642196,0.25008804,0.1526334
0.16454668,0.17209336,0.18826826,0.2638299,0.16765766
0.21488498,0.21960136,0.22078718,0.265828,0.21036817
0.29282814,0.30337694,0.29642016,0.28015208,0.31023046
0.36887687,0.37232062,0.3624042,0.35263833,0.35465834
0.42192152,0.42287228,0.42376864,0.3724085,0.42921406
0.4562923,0.45637286,0.45885852,0.4496348,0.45743537
0.47550744,0.47542474,0.47734064,0.50544274,0.4745415
0.4879567,0.47981864,0.48493975,0.5831723,0.4753791
0.48985115,0.4882876,0.49574703,0.6379409,0.45863342
0.48768607,0.48910436,0.48989624,0.6406349,0.4241734
0.4895805,0.4893584,0.4918309,0.6093274,0.45580626
0.50121784,0.497233,0.50676686,0.54738206,0.4848253
0.5101488,0.5117184,0.5185657,0.5556424,0.48261023
0.5069012,0.5083133,0.5027533,0.57351345,0.4834202
0.48903924,0.4927856,0.486172,0.5653697,0.43720946
0.4887686,0.4892288,0.47543198,0.5579049,0.4266203
0.45764548,0.46388772,0.4668467,0.47882646,0.40653697
0.3788904,0.3721743,0.37929827,0.4345917,0.34158438
0.3014885,0.29652935,0.29194447,0.4133463,0.26373973
0.24303113,0.24398172,0.23958342,0.39012527,0.20511003
0.20730717,0.21281436,0.20597036,0.34929454,0.14671189
0.18511502,0.19368464,0.18826756,0.33060297,0.1412368
0.17266576,0.17794567,0.17633532,0.33901107,0.11217892
0.17131259,0.1769273,0.17482443,0.3593148,0.12177949
0.17618403,0.1781959,0.18997803,0.3342889,0.13407515
0.21244925,0.21762615,0.21279882,0.36213028,0.16295661
0.27875507,0.29284874,0.27947736,0.36034638,0.26964277
0.35534507,0.3580803,0.3495311,0.41849256,0.31519657
0.4181326,0.41617307,0.41083765,0.4310487,0.39251807
0.46441138,0.4621014,0.45695326,0.47891867,0.41926798
0.49336943,0.49275932,0.49169412,0.5576473,0.43115264
0.5133965,0.50696456,0.50897765,0.61245763,0.44177178
0.53342354,0.51394236,0.5240225,0.6580801,0.43433163
0.55155617,0.54157865,0.5485393,0.7009979,0.4028502
0.5729364,0.5636062,0.57141155,0.72961074,0.41684645
0.59458727,0.58842206,0.60291076,0.6935559,0.4810747
0.6097429,0.61019623,0.6180265,0.65457207,0.48916376
0.60487145,0.6087818,0.6102134,0.7099826,0.492369
0.58619756,0.58702826,0.5849545,0.6667654,0.43447393
0.5734777,0.57822406,0.5644721,0.6198884,0.4038567
0.52828145,0.5327089,0.5325542,0.5616284,0.3968794
0.43491206,0.42400846,0.44509047,0.50181556,0.3145131
0.3556157,0.34374097,0.33812726,0.4606427,0.24712886
0.2993234,0.29836124,0.29073524,0.47675133,0.17874375
0.26738837,0.26484996,0.25811014,0.46080714,0.17792682
0.25358593,0.2522999,0.24625471,0.44890356,0.1651905
0.24898511,0.24861488,0.24948065,0.46501756,0.15411341
0.27117726,0.26208025,0.26007113,0.4629305,0.16730624
0.32070366,0.33015975,0.31386885,0.41632468,0.23051392
0.43031123,0.42055148,0.39382476,0.44263774,0.32989126
0.54857916,0.533119,0.53490347,0.45549875,0.4330566
0.63707715,0.6213189,0.6202345,0.5211716,0.47781467
0.7014885,0.6971346,0.68487036,0.63023466,0.5197487
0.75994587,0.7457643,0.741495,0.6958373,0.54675424
0.7916103,0.78604084,0.7992321,0.7626538,0.5638351
0.80405957,0.79986584,0.81724286,0.78504217,0.5759592
0.8192152,0.8095616,0.82119274,0.82327014,0.56777996
0.8224628,0.82531714,0.836206,0.84233534,0.5475503
0.8232747,0.8192071,0.8212406,0.84919584,0.577031
0.8186739,0.82152927,0.81602407,0.781445,0.572898
0.80947226,0.80522907,0.79789823,0.8183226,0.55973107
0.77266574,0.79086095,0.7828671,0.7956716,0.5700518
0.73261166,0.731675,0.74466085,0.6467001,0.52511144
0.7082544,0.7121959,0.72061074,0.62639314,0.51734734
0.64546686,0.6558273,0.65359175,0.5449645,0.4765684
0.5288227,0.52006745,0.5422585,0.4559554,0.38563254
0.4324763,0.42842174,0.42739952,0.50405854,0.29664278
0.35778078,0.37061843,0.36992168,0.4761333,0.23579665
0.3166441,0.31976587,0.31734163,0.4553104,0.19365214
0.29445195,0.303892,0.29769227,0.49168307,0.1690901
0.2849797,0.29268706,0.29089886,0.46138805,0.1685733
0.29878214,0.29831395,0.30436856,0.45223576,0.18682791
0.34073073,0.35279197,0.3541172,0.44727725,0.247167
0.44790256,0.44391537,0.43120155,0.47301066,0.34524068
0.5534506,0.55881774,0.569381,0.4328506,0.45417565
0.62895805,0.6261027,0.6352646,0.53199464,0.48806655
0.6879567,0.68865216,0.6863586,0.6304772,0.52293074
0.74316645,0.7351081,0.7351794,0.6909837,0.5578487
0.77780783,0.7695718,0.78336185,0.7238378,0.5682998
0.79972935,0.78864557,0.8036774,0.77795136,0.57820547
0.817862,0.80967927,0.81964505,0.81957096,0.58133763
0.81975645,0.8219426,0.83526397,0.8423124,0.5506543
0.8140731,0.81187016,0.82590574,0.82913226,0.5797123
0.8024357,0.81003344,0.8120851,0.81099373,0.5768379
0.7815968,0.7796184,0.7793206,0.7160294,0.562649
0.7504736,0.757982,0.7386175,0.7597654,0.5707429
0.7182679,0.716585,0.7102943,0.6949113,0.5264597
0.679567,0.704908,0.6896616,0.6319552,0.52147746
0.61163735,0.62216103,0.6135479,0.47756696,0.4868737
0.5106901,0.49130777,0.5074004,0.4641146,0.39265764
0.4156969,0.41638312,0.4160415,0.45246196,0.30104637
0.3496617,0.34877726,0.34931046,0.46078926,0.243854
0.3120433,0.31470332,0.3129506,0.43956584,0.19799714
0.28822732,0.30262187,0.29375967,0.464036,0.17065132
0.2782138,0.2836562,0.28162384,0.4327892,0.16950235
0.2933694,0.29108825,0.29135177,0.4501353,0.18928725
0.33748308,0.3462092,0.3394267,0.43153912,0.24853022
0.4435724,0.4418588,0.41928276,0.41952437,0.3472476
0.5461434,0.5501024,0.5605279,0.43498075,0.45429945
0.6056833,0.6112385,0.626238,0.49221158,0.49026316
0.64925575,0.6511066,0.6500664,0.54480314,0.52615595
0.68525034,0.6874076,0.687591,0.56796527,0.5590919
0.6874154,0.70025146,0.7153108,0.5753993,0.5719472
0.67631936,0.6761725,0.6921483,0.5605825,0.58022755
0.67334235,0.6704277,0.67461276,0.6264954,0.58290195
0.6516915,0.66314274,0.67842805,0.66348183,0.5526442
0.63031125,0.6223802,0.6430706,0.63983166,0.58203983
0.6173207,0.6194489,0.63015515,0.63247794,0.5797305
0.61163735,0.60447824,0.6140027,0.5529895,0.5649054
0.5978349,0.59988564,0.5973573,0.49233603,0.5719971
0.57239515,0.5740987,0.58070374,0.48871088,0.52902347
0.5480379,0.5598893,0.5599705,0.47823924,0.5249944
0.5017591,0.5100626,0.5078039,0.3966621,0.48846453
0.40838972,0.4067168,0.42324108,0.3599502,0.3943482
0.32205683,0.32533708,0.32162964,0.35299867,0.3020097
0.26332882,0.26618716,0.2630555,0.31865835,0.2461374
0.22814615,0.23203471,0.22911939,0.31111765,0.18453574
0.20974289,0.21637607,0.20707141,0.2974257,0.16121635
0.20081191,0.20806175,0.20122993,0.3074715,0.16286682
0.21732071,0.21363834,0.20817727,0.31664246,0.18564166
0.27117726,0.26508304,0.25469142,0.31189653,0.24716394
0.35886332,0.38122576,0.35079086,0.2890815,0.3415485
0.44465494,0.44225693,0.45976686,0.28610352,0.45307606
0.49580514,0.48762217,0.5111154,0.36128306,0.48098642
0.52963465,0.52576405,0.52890205,0.38935727,0.5143893
0.55209744,0.55079484,0.5549859,0.44258928,0.5554628
0.5629229,0.5516274,0.56617165,0.46577996,0.56028897
0.5645467,0.5548849,0.5728345,0.4898849,0.5712392
0.5729364,0.5630923,0.5714359,0.5043667,0.5799607
0.5661705,0.5677879,0.5837997,0.5318711,0.540665
0.55723953,0.55108523,0.5644269,0.51672035,0.5696121
0.5534506,0.5553638,0.5605522,0.5485027,0.5665845
0.55399185,0.54997116,0.5539471,0.5528909,0.5508981
0.5464141,0.54946023,0.5459205,0.49745238,0.5527275
0.5374831,0.52787554,0.53740567,0.45246232,0.5187111
0.5342355,0.5288369,0.5291803,0.43493897,0.5111338
0.4836265,0.49322358,0.49229154,0.40452224,0.4875263
0.38998646,0.3766863,0.3962707,0.37742183,0.38280112
0.30960757,0.30235046,0.30356038,0.36159128,0.29519013
0.25466847,0.25357684,0.2551824,0.3275656,0.23763703
0.21271989,0.22171894,0.2241518,0.3299082,0.19333173
0.1924222,0.19526458,0.19097413,0.30587053,0.1715629
0.18511502,0.18817523,0.18522158,0.27540624,0.15660976
0.19972937,0.19833338,0.19475456,0.24288353,0.18133402
0.24979702,0.24753687,0.23781897,0.24489504,0.23766612
0.3369418,0.35306618,0.32808286,0.23943105,0.34185845
0.42002708,0.41882727,0.43409932,0.23585433,0.43730733
0.47198918,0.4644524,0.4764217,0.25797272,0.48200023
0.5087957,0.5032052,0.50451523,0.27564067,0.50859547
0.53152907,0.532106,0.5341404,0.31419015,0.54435205
0.5437077,0.53274804,0.54583573,0.3711239,0.55955523
0.53152907,0.53498054,0.5531679,0.3881442,0.5636982
0.5339648,0.5184007,0.5260421,0.42788684,0.56779313
0.5242219,0.52196836,0.5406414,0.4885497,0.5204622
0.51447904,0.5059446,0.52106404,0.50360656,0.5523995
0.51610285,0.51130986,0.51963854,0.5059625,0.5651064
0.5307172,0.5111881,0.5295058,0.51235735,0.5412829
0.5217862,0.5248629,0.5353048,0.50730824,0.5337012
0.5052774,0.49553916,0.5108848,0.47938228,0.5049419
0.49418133,0.49741778,0.5029084,0.45805627,0.5028579
0.4549391,0.462892,0.45362368,0.4465378,0.459643
0.37266576,0.36045766,0.37690526,0.42607015,0.3705574
0.2933694,0.28613344,0.29060087,0.41048843,0.29408476
0.23220569,0.23865625,0.23596872,0.38946593,0.23297001
0.20135318,0.19955742,0.19589017,0.3908344,0.19297144
0.18240866,0.19140154,0.18704352,0.3764634,0.15547402
0.17347768,0.17911541,0.17779426,0.368847,0.15086514
0.17726658,0.18094069,0.18347244,0.3418147,0.1526334
0.19837618,0.19519487,0.20814456,0.33953917,0.16765766
0.24384303,0.25625566,0.25380075,0.3341837,0.21036817
0.317456,0.32689202,0.31748185,0.3636021,0.31023046
0.39783493,0.39133018,0.38751948,0.37057275,0.35465834
0.46495265,0.45379177,0.4527678,0.39247078,0.42921406
0.5014885,0.5043665,0.5032,0.45467192,0.45743537
0.51447904,0.5162167,0.5172352,0.51773554,0.4745415
0.5188092,0.5126381,0.5157124,0.51419914,0.4753791
0.52313936,0.5117262,0.5220532,0.6135109,0.45863342
0.5271989,0.5210302,0.52925867,0.5968949,0.4241734
0.53125846,0.52828217,0.5387481,0.6724713,0.45580626
0.54343706,0.538594,0.5501838,0.57245344,0.4848253
0.5526387,0.55669224,0.5622159,0.57298434,0.48261023
0.544249,0.54847354,0.54468924,0.59314126,0.4834202
0.5207037,0.5238276,0.5247591,0.5559332,0.43720946
0.5112314,0.51259536,0.4993176,0.52539754,0.4266203
0.48930988,0.4799095,0.4751918,0.49866462,0.40653697
0.41244927,0.4051767,0.42203456,0.45712954,0.34158438
0.33071718,0.32533574,0.32672498,0.42272127,0.26373973
0.26657647,0.27035713,0.2677526,0.38577592,0.20511003
0.22868742,0.23349255,0.22781341,0.3781345,0.14671189
0.20514208,0.21090919,0.20851953,0.335043,0.1412368
0.19377537,0.19765165,0.1950675,0.32800192,0.11217892
0.1894452,0.19734892,0.1974236,0.34586352,0.12177949
0.19350474,0.19474524,0.20829391,0.33299452,0.13407515
0.2316644,0.23480245,0.23109046,0.33791405,0.16295661
0.30202976,0.3135769,0.30515254,0.34494084,0.26964277
0.3962111,0.38230264,0.38025606,0.40566236,0.31519657
0.47225982,0.4665166,0.46358788,0.45837855,0.39251807
0.5223275,0.5215857,0.5141542,0.5365149,0.41926798
0.5610284,0.55062544,0.549003,0.5876463,0.43115264
0.582138,0.5798213,0.58281714,0.63463336,0.44177178
0.588092,0.5816989,0.5945761,0.6750588,0.43433163
0.5870095,0.589858,0.5934255,0.67909366,0.4028502
0.59431666,0.58906937,0.5935739,0.682801,0.41684645
0.60622466,0.6034373,0.61591995,0.6651621,0.4810747
0.6248985,0.6180141,0.6225792,0.6341315,0.48916376
0.6175913,0.6289043,0.62420666,0.65796596,0.492369
0.5953992,0.5980331,0.58472395,0.60424656,0.43447393
0.58430314,0.58277196,0.5714109,0.5400195,0.4038567
0.5428958,0.5421134,0.55575013,0.47924048,0.3968794
0.4481732,0.43815303,0.46410388,0.46281815,0.3145131
0.36048713,0.35307387,0.3489927,0.41851413,0.24712886
0.30094722,0.29863015,0.28921273,0.3897519,0.17874375
0.26495263,0.26927274,0.25819087,0.38816184,0.25647688
0.24763194,0.2477529,0.24054475,0.39437097,0.25146484
0.24330176,0.24232218,0.23961551,0.3693816,0.21602003
0.26035184,0.25801483,0.25158226,0.38368005,0.24944003
0.30284166,0.3133168,0.29685083,0.38373172,0.29013917
0.40108255,0.39863667,0.37386653,0.35938093,0.38487697
0.50419486,0.50525665,0.5139266,0.36130607,0.47263688
0.5729364,0.5729878,0.58427,0.46883905,0.5539652
0.6227334,0.6239834,0.6163688,0.46439606,0.6370783
0.65602165,0.6619488,0.65781796,0.54851896,0.63124424
0.6657646,0.671766,0.6801543,0.58436173,0.6892096
0.67171854,0.66186154,0.6735084,0.60433996,0.6921643
0.6684709,0.6781375,0.6789973,0.63360125,0.6722912
0.6519621,0.6552383,0.66676784,0.58308136,0.64902425
0.63924223,0.63423777,0.64103466,0.5803678,0.6938337
0.63870096,0.6364335,0.6440237,0.60514855,0.6942857
0.64763194,0.63856333,0.65172577,0.59721375,0.69419384
0.6449256,0.64357805,0.6448154,0.6192158,0.6674771
0.63058186,0.62294173,0.63220286,0.5386578,0.63809186
0.620839,0.6186646,0.62640667,0.4970953,0.62906647
0.5602165,0.56936157,0.58232284,0.46172547,0.58692753
0.4579161,0.44617808,0.46020305,0.42451054,0.48562276
0.3721245,0.36808676,0.36055785,0.3853867,0.3779963
0.3090663,0.31800097,0.3100699,0.3629918,0.3145173
0.27117726,0.279677,0.27119362,0.36987525,0.269531
0.24925575,0.25471884,0.2512527,0.35723627,0.25571257
0.24925575,0.24493262,0.24211408,0.3605216,0.22720267
0.25385657,0.26923016,0.26672006,0.34768993,0.26085603
0.3074425,0.29748914,0.290245,0.35184288,0.30520877
0.3983762,0.41157478,0.39998424,0.32772064,0.39719236
0.49282816,0.4912044,0.5056914,0.3276211,0.49041635
0.5526387,0.5496888,0.559469,0.3548578,0.5625887
0.5872801,0.5916805,0.588462,0.3900874,0.63915074
0.60866034,0.6126487,0.6104375,0.37562293,0.64233863
0.61677945,0.6127802,0.62219393,0.47014868,0.6906377
0.617862,0.6086125,0.622789,0.45001578,0.69484556
0.6135318,0.62069845,0.6179792,0.51045316,0.6801301
0.5991881,0.5951499,0.6077627,0.4418139,0.65158
0.5840325,0.5837612,0.5919869,0.43768752,0.69401455
0.57645464,0.5816269,0.59006983,0.4536823,0.69246626
0.5772666,0.5762832,0.5892432,0.44458032,0.6938732
0.56752366,0.5771173,0.5795385,0.4624886,0.6651851
0.5474966,0.5451303,0.5595327,0.41984564,0.6445254
0.532341,0.5363886,0.5412468,0.3604024,0.63245976
0.47929636,0.4865112,0.49137348,0.33261526,0.5946347
0.38782138,0.37863728,0.3941067,0.34680492,0.48964006
0.3014885,0.30570123,0.30301243,0.31484187,0.38380888
0.24411367,0.2460213,0.24136798,0.3338327,0.31616902
0.21109608,0.21853366,0.21060395,0.31711,0.2736408
0.19377537,0.20145005,0.1929912,0.32901627,0.25699753
0.1886333,0.19133699,0.1883017,0.34772092,0.22663914
0.20595399,0.20583767,0.1988351,0.33728617,0.2617431
0.25845736,0.25339416,0.24747123,0.3405445,0.30500388
0.34235454,0.36034182,0.33935678,0.33628386,0.39900255
0.4338295,0.43054968,0.4374081,0.35221484,0.49049026
0.5066306,0.4849436,0.49990258,0.38326555,0.564111
0.55669826,0.5491122,0.54811025,0.43212897,0.6415293
0.59458727,0.58791316,0.58359486,0.47017962,0.643582
0.62219214,0.6039877,0.6158825,0.5369526,0.69390607
0.64411366,0.6236758,0.6405358,0.5884129,0.697173
0.66955346,0.6525454,0.66208094,0.60860944,0.68121815
0.68362653,0.6698087,0.69199145,0.5769161,0.65343845
0.6941813,0.68214756,0.6946244,0.66179967,0.69621074
0.7047361,0.69725496,0.70049596,0.6028912,0.6934055
0.69201624,0.69967276,0.69889545,0.59779423,0.6947412
0.69364005,0.67128,0.66033906,0.59900486,0.6649214
0.66468203,0.67044806,0.6840755,0.5737681,0.6474588
0.65304464,0.649099,0.6264733,0.55815166,0.6359267
0.6202977,0.6060519,0.59503657,0.47131097,0.5965708
0.53477675,0.5152448,0.5312271,0.44711453,0.49121058
0.43410012,0.44174537,0.43927684,0.4124183,0.38440582
0.3504736,0.37001222,0.360744,0.39530396,0.31839138
0.3036536,0.309442,0.30332893,0.3887694,0.26543555
0.27659,0.28091198,0.28188828,0.38546288,0.24903373
0.25899863,0.26884884,0.2672521,0.3733896,0.22833933
0.25845736,0.26974943,0.26369044,0.36787778,0.26156136
0.2684709,0.29596272,0.29095638,0.39915362,0.31195274
0.317456,0.34609583,0.32378006,0.38596794,0.3956718
0.408931,0.39752105,0.40498626,0.41728294,0.49222684
0.5182679,0.4908394,0.4952714,0.5560067,0.5596173
0.602977,0.60296607,0.5924338,0.63828117,0.63207287
0.65602165,0.66240674,0.656921,0.68624324,0.63913363
0.6857916,0.68981403,0.69170475,0.74806035,0.6800494
0.69878215,0.70303524,0.7093488,0.7512519,0.6847453
0.70175916,0.71800524,0.7141479,0.7764147,0.6774709
0.70419484,0.70317274,0.7079854,0.7759918,0.6400422
0.7150203,0.70492864,0.7117381,0.81482345,0.685008
0.72828144,0.7214644,0.7336029,0.724769,0.6772578
0.73964816,0.72491384,0.7372968,0.72433776,0.6847612
0.72774017,0.73566145,0.73089755,0.6916384,0.6525742
0.694452,0.6991272,0.6881188,0.77573687,0.63256645
0.6755074,0.68385607,0.66228056,0.7271798,0.62559843
0.6376184,0.6361947,0.6478303,0.6721637,0.5855339
0.5799729,0.53417945,0.5562541,0.61766446,0.48070538
0.5001353,0.50249,0.490422,0.6248131,0.37898818
0.42354533,0.4373205,0.42141813,0.59006065,0.31169155
0.3772666,0.38326403,0.3695069,0.54648995,0.27030385
0.34181327,0.3519197,0.3508609,0.50926465,0.23953097
0.32368064,0.32782763,0.32520193,0.5336267,0.21282561
0.32611638,0.33146793,0.3243706,0.5064637,0.24653606
0.34506088,0.36235455,0.35016164,0.52356094,0.3047869
0.42625168,0.4213072,0.39742398,0.47418332,0.39701125
0.53802437,0.5335451,0.5400235,0.55399454,0.4792722
0.63897157,0.6310492,0.6477804,0.61521906,0.560037
0.7253045,0.7175516,0.70251435,0.72768855,0.61067814
0.7826793,0.78295624,0.7749641,0.78902215,0.6263362
0.8121786,0.8078127,0.81423414,0.8511785,0.661756
0.83031124,0.8186692,0.8313147,0.8759626,0.6675327
0.8322057,0.8401484,0.8495852,0.8919781,0.6700362
0.832747,0.82658243,0.83941126,0.9054777,0.6174826
0.8316644,0.8294084,0.8387023,0.92525107,0.66747546
0.8359946,0.83285785,0.8306323,0.914813,0.6642126
0.8341001,0.8233878,0.8267171,0.8219653,0.66070944
0.81813264,0.8144391,0.8065586,0.8100557,0.6178124
0.77401894,0.781821,0.7870883,0.82230127,0.61173594
0.76021653,0.7584713,0.74599284,0.7775962,0.61596423
0.72422194,0.7258666,0.7414767,0.70793647,0.5591852
0.6376184,0.6203145,0.6481596,0.6922856,0.46814167
0.535318,0.5442338,0.5321269,0.69606894,0.3712397
0.44763193,0.46463963,0.44781083,0.67294145,0.30036113
0.39512855,0.4045439,0.3898605,0.64820343,0.27569687
0.36075777,0.37776425,0.36382714,0.6452115,0.22822301
0.34154263,0.34157708,0.3442679,0.6148913,0.21962593
0.33802435,0.3399077,0.34287548,0.5994292,0.22958405
0.34100136,0.34891832,0.36424765,0.5506965,0.24770154
0.39215156,0.37978527,0.39095545,0.5517726,0.27083898
0.49201623,0.49619946,0.48534402,0.56791484,0.37784263
0.60622466,0.5960681,0.5989051,0.6446885,0.45247906
0.68525034,0.69950044,0.69204795,0.6972876,0.5165906
0.7239513,0.74171364,0.7315281,0.77530515,0.5297863
0.7388363,0.74868196,0.7450615,0.8569383,0.58417964
0.7399188,0.74425054,0.7511113,0.82199764,0.5723618
0.7317997,0.7379483,0.7456721,0.8534357,0.55527514
0.7288227,0.72851706,0.73230326,0.8713253,0.527483
0.72963464,0.728742,0.7346212,0.8560773,0.5565621
0.7388363,0.7293691,0.73891747,0.8651983,0.56569123
0.747226,0.7478174,0.745249,0.90128595,0.57215637
0.7331529,0.7474365,0.73344064,0.90045005,0.5749527
0.7031123,0.71297336,0.70096797,0.8503755,0.5644617
0.682544,0.69969213,0.68462765,0.81672776,0.55388075
0.65060896,0.6581988,0.65727353,0.7624374,0.5216407
0.5629229,0.5607047,0.58082366,0.6703043,0.4350355
0.4633288,0.47140232,0.4590323,0.64880085,0.3312145
0.3788904,0.3930805,0.37882406,0.51865137,0.2848762
0.3277402,0.33695683,0.32226068,0.52249837,0.21382658
0.29364005,0.30422622,0.29519796,0.48583823,0.21443118
0.2744249,0.27817044,0.2722043,0.4269939,0.18965182
0.26495263,0.27156332,0.26768708,0.42341733,0.20001028
0.2600812,0.26156822,0.27610853,0.4440769,0.21225752
0.2947226,0.28889048,0.29274833,0.42187375,0.21596731
0.36968878,0.38446602,0.37410277,0.4860053,0.33728796
0.47415426,0.46464267,0.46895748,0.5137114,0.41154712
0.56048715,0.56114805,0.5567273,0.6549629,0.4941938
0.60703653,0.6177404,0.60780895,0.66565824,0.50026965
0.6359946,0.63302547,0.6274826,0.6894085,0.5592248
0.65899867,0.6454426,0.6516211,0.68946177,0.5627161
0.68335587,0.6675255,0.6761092,0.73141485,0.5339663
0.69580513,0.6990907,0.70748526,0.8239977,0.53870606
0.7136671,0.71018696,0.7130713,0.7754126,0.54914623
0.72801083,0.7302456,0.7410255,0.7797997,0.5740962
0.7391069,0.740183,0.7405038,0.78975743,0.5827007
0.7315291,0.7422353,0.7291877,0.71312827,0.5750648
0.70392424,0.71429634,0.70239043,0.690675,0.56414413
0.69905275,0.68732834,0.6758097,0.67494905,0.533741
0.6549391,0.6607554,0.67840886,0.62016886,0.5206971
0.5526387,0.54490775,0.573672,0.5771791,0.4069991
0.45277402,0.45602596,0.44266582,0.60336167,0.31758535
0.3848444,0.38628143,0.36931944,0.52358073,0.26867983
0.34262517,0.34792325,0.33580202,0.4919467,0.25647688
0.3225981,0.3212007,0.3131528,0.51026887,0.25146484
0.3201624,0.3184261,0.3112058,0.46401328,0.21602003
0.3369418,0.33732513,0.32726362,0.48911303,0.24944003
0.3840325,0.39062884,0.36931902,0.49728513,0.29013917
0.47658998,0.48469707,0.45603818,0.48463893,0.38487697
0.5745602,0.58356166,0.58649623,0.49915284,0.47263688
0.6419486,0.64891547,0.6612271,0.5040937,0.5539652
0.6933694,0.69742984,0.688539,0.551629,0.6370783
0.72584575,0.73642564,0.72999525,0.59527,0.63124424
0.73477674,0.7415353,0.7521686,0.6146547,0.6892096
0.73342353,0.7267751,0.74898744,0.5526061,0.6921643
0.7317997,0.73666096,0.7424794,0.5942185,0.6722912
0.72097427,0.72381043,0.73416674,0.6923505,0.64902425
0.714479,0.7063565,0.71477556,0.6679352,0.6938337
0.70257103,0.71296954,0.7202439,0.66017866,0.6942857
0.6876861,0.6934571,0.70410633,0.6316013,0.69419384
0.6687415,0.67262673,0.68597174,0.6239248,0.6674771
0.63924223,0.64352214,0.6700033,0.58074456,0.63809186
0.62354535,0.6260978,0.6428597,0.53827494,0.62906647
0.573207,0.57918936,0.5957831,0.43375129,0.58692753
0.47171855,0.4676577,0.4842883,0.40987647,0.48562276
0.37266576,0.38282323,0.37365586,0.39138883,0.3779963
0.30798376,0.31266183,0.30339593,0.37831932,0.3145173
0.2714479,0.28139707,0.26965448,0.3698293,0.269531
0.24925575,0.25787264,0.2510199,0.36406147,0.25571257
0.24194857,0.24382573,0.24024157,0.3562249,0.22720267
0.25656292,0.25798038,0.25170675,0.338077,0.26085603
0.30771312,0.3037433,0.29557124,0.33700442,0.30520877
0.40027064,0.4093554,0.38739023,0.33809143,0.39719236
0.48660353,0.49412253,0.5044123,0.33913547,0.49041635
0.54343706,0.53904617,0.55317837,0.3670563,0.5625887
0.58078486,0.5826694,0.5820244,0.4077373,0.63915074
0.61326116,0.6077688,0.60585976,0.46544218,0.64233863
0.62895805,0.62447584,0.6343454,0.54129803,0.6906377
0.63734776,0.6268991,0.6394255,0.57779986,0.69484556
0.64573747,0.64473337,0.6459775,0.6005658,0.6801301
0.6419486,0.6388449,0.65578043,0.6082167,0.65158
0.63924223,0.6311617,0.64455163,0.6106845,0.69401455
0.63437074,0.63926524,0.6445669,0.5908739,0.69246626
0.63247633,0.62709594,0.62809646,0.60168135,0.6938732
0.6202977,0.62534606,0.6208014,0.57262915,0.6651851
0.59972936,0.59705925,0.6041516,0.5542688,0.6445254
0.59675235,0.5941813,0.5881659,0.54231334,0.63245976
0.5466847,0.5582335,0.5569743,0.49079227,0.5946347
0.45006767,0.43886957,0.4540999,0.4453931,0.48964006
0.35751015,0.3604799,0.35676563,0.4108564,0.38380888
0.2933694,0.29594356,0.29455513,0.41848737,0.31616902
0.25683355,0.26467645,0.2579215,0.3914188,0.2736408
0.2376184,0.24341747,0.23811643,0.39701542,0.25699753
0.22895806,0.23494652,0.23134331,0.36970526,0.22663914
0.24600811,0.24405754,0.23835018,0.37553883,0.2617431
0.29905277,0.29554278,0.28793073,0.3493303,0.30500388
0.38917455,0.4017799,0.3816291,0.34514505,0.39900255
0.47658998,0.48285243,0.48885447,0.3732795,0.49049026
0.52963465,0.5280148,0.5396824,0.39002705,0.564111
0.5618403,0.5659126,0.56385016,0.40909827,0.6415293
0.591069,0.5889064,0.587192,0.43081707,0.643582
0.6092016,0.5997841,0.61362016,0.4356954,0.69390607
0.61461437,0.60590124,0.62461764,0.49308378,0.697173
0.6284168,0.617708,0.62190485,0.5251197,0.68121815
0.63193506,0.62482035,0.6419057,0.5287569,0.65343845
0.6313938,0.62397105,0.63770527,0.5269734,0.69621074
0.6316644,0.63158286,0.63858515,0.5890653,0.6934055
0.6403248,0.6286084,0.63575256,0.5986683,0.6947412
0.63545334,0.6368437,0.6375027,0.56275815,0.6649214
0.61921513,0.61046976,0.62267023,0.57828003,0.6474588
0.6113667,0.61072576,0.6077273,0.58487415,0.6359267
0.56427604,0.56786877,0.5634582,0.54536015,0.5965708
0.46657646,0.4599854,0.47146523,0.5275769,0.49121058
0.382138,0.3792505,0.36910525,0.54068065,0.38440582
0.317456,0.32809368,0.32103384,0.537776,0.31839138
0.2833559,0.2874869,0.28052968,0.52186155,0.26543555
0.2654939,0.26717272,0.26794127,0.5108969,0.24903373
0.25818673,0.26209632,0.26263863,0.5094836,0.22833933
0.2782138,0.27452418,0.27212083,0.43462348,0.26156136
0.32828146,0.3307,0.32723016,0.46536922,0.31195274
0.4265223,0.4289182,0.41219908,0.4572801,0.3956718
0.520433,0.5236003,0.5315191,0.4847188,0.49222684
0.5872801,0.5764289,0.5781056,0.48111272,0.5596173
0.6248985,0.63088596,0.6266066,0.49510598,0.63207287
0.64925575,0.6540855,0.6498295,0.5470749,0.63913363
0.6657646,0.6560401,0.66710764,0.5896725,0.6800494
0.6790257,0.66711617,0.6808945,0.65146106,0.6847453
0.70067656,0.6913556,0.694692,0.7013515,0.6774709
0.70040596,0.7035433,0.7188394,0.68846494,0.6400422
0.6976996,0.6930544,0.6969043,0.71246487,0.685008
0.69526386,0.6980643,0.70110905,0.69133395,0.6772578
0.6857916,0.68912554,0.69624794,0.69596034,0.6847612
0.6714479,0.6735349,0.6729528,0.69277394,0.6525742
0.6473613,0.64701056,0.6615976,0.6493977,0.63256645
0.63924223,0.6391303,0.6329258,0.6146577,0.62559843
0.60487145,0.60142726,0.5957766,0.5910419,0.5855339
0.50554806,0.50403684,0.51979494,0.5072504,0.48070538
0.40649527,0.41456047,0.4061662,0.5005231,0.37898818
0.32584575,0.34296757,0.3361232,0.4067581,0.31169155
0.26711774,0.28689545,0.28078628,0.3741163,0.27030385
0.23572396,0.24076787,0.23576008,0.33702463,0.23953097
0.22679296,0.22488135,0.21995279,0.31093627,0.21282561
0.23355886,0.2414296,0.23373638,0.29154974,0.24653606
0.27361298,0.2691329,0.26756963,0.35306722,0.3047869
0.36129904,0.36823848,0.35182345,0.30633557,0.39701125
0.45466846,0.46057633,0.46995336,0.33243203,0.4792722
0.51285523,0.5158062,0.5265904,0.39428908,0.560037
0.55669826,0.55429745,0.5514564,0.4425516,0.61067814
0.59296346,0.58990884,0.5920007,0.48452652,0.6263362
0.6129905,0.60852766,0.62151647,0.5730283,0.661756
0.61840326,0.6127785,0.63064045,0.6007291,0.6675327
0.6281462,0.6238525,0.6266926,0.5853902,0.6700362
0.62760484,0.6232492,0.63645065,0.6538649,0.6174826
0.62354535,0.6150127,0.6301395,0.640637,0.66747546
0.62868744,0.6220715,0.63153887,0.640019,0.6642126
0.61840326,0.61979514,0.64040667,0.6288801,0.66070944
0.59296346,0.59696317,0.6017253,0.61877835,0.6178124
0.55399185,0.5604395,0.571719,0.61413753,0.61173594
0.54695535,0.5426667,0.5418731,0.53900653,0.61596423
0.52151555,0.52220887,0.5337454,0.5056417,0.5591852
0.4324763,0.43248737,0.44845098,0.43226498,0.46814167
0.3369418,0.34031293,0.3350619,0.4135338,0.3712397
0.26522326,0.27126452,0.26331618,0.34683847,0.30036113
0.22868742,0.22978869,0.22124498,0.33255664,0.27569687
0.202977,0.21334061,0.21108626,0.31786984,0.22822301
0.18700947,0.19458607,0.19381262,0.31347814,0.21962593
0.18782137,0.19096184,0.18949576,0.29984432,0.22958405
0.19837618,0.20028707,0.21264751,0.2930249,0.24770154
0.24519621,0.24161842,0.24043947,0.30528113,0.27083898
0.32313937,0.3328866,0.3150766,0.3208148,0.37784263
0.4037889,0.40961623,0.39919674,0.39847478,0.45247906
0.46278754,0.46594867,0.4673773,0.45222867,0.5165906
0.4993234,0.504332,0.50349796,0.5187369,0.5297863
0.51474965,0.5196692,0.520656,0.6029887,0.58417964
0.5209743,0.5151557,0.5218843,0.5985226,0.5723618
0.5188092,0.51874006,0.52710015,0.59817284,0.55527514
0.5217862,0.5148426,0.5213488,0.63101155,0.527483
0.53207034,0.52511346,0.53725684,0.60767937,0.5565621
0.5512855,0.5410168,0.5600223,0.59659535,0.56569123
0.56427604,0.5658253,0.5710795,0.6286729,0.57215637
0.5631935,0.5614334,0.5561311,0.6134576,0.5749527
0.5437077,0.54442835,0.54574144,0.5873908,0.5644617
0.538295,0.54286253,0.5327262,0.5648716,0.55388075
0.52313936,0.5100894,0.5121437,0.526505,0.5216407
0.44790256,0.44318643,0.45397317,0.4605683,0.4350355
0.36211097,0.36125007,0.35547572,0.42768502,0.3312145
0.29905277,0.30122527,0.2924781,0.41028643,0.2848762
0.25764546,0.26940295,0.25945556,0.39897916,0.21382658
0.23572396,0.23542151,0.23418304,0.39078873,0.21443118
0.22083898,0.22827557,0.2262405,0.40690914,0.18965182
0.22083898,0.22369915,0.22064294,0.37625203,0.20001028
0.22192152,0.22675982,0.23929314,0.3910916,0.21225752
0.258728,0.25011903,0.25449497,0.4011054,0.21596731
0.34073073,0.3402168,0.3311885,0.43508863,0.33728796
0.44167796,0.42884514,0.42979953,0.4652508,0.41154712
0.529364,0.5191678,0.50774574,0.5472267,0.4941938
0.5932341,0.58763576,0.57512003,0.65009683,0.50026965
0.6384303,0.627882,0.62505335,0.71927285,0.5592248
0.66468203,0.65904415,0.6617357,0.724445,0.5627161
0.6714479,0.672772,0.6802182,0.7830339,0.5339663
0.6722598,0.6743182,0.6803968,0.7639478,0.53870606
0.68849796,0.6821605,0.68245935,0.7598204,0.54914623
0.711502,0.703475,0.71323,0.74136823,0.5740962
0.7345061,0.72677714,0.7258814,0.79037493,0.5827007
0.7369418,0.7409577,0.72712374,0.75722474,0.5750648
0.7163735,0.7257053,0.70722336,0.7216057,0.56414413
0.7098782,0.7074212,0.6893199,0.7171201,0.533741
0.6741543,0.6755148,0.6824596,0.666359,0.5206971
0.56562924,0.57090306,0.5886427,0.6148021,0.4069991
0.46062246,0.4640398,0.44721758,0.51504785,0.31758535
0.3932341,0.39471626,0.3751784,0.4729483,0.26867983
0.35155615,0.35738024,0.34403214,0.4778403,0.25647688
0.32801083,0.32954165,0.32229292,0.49515915,0.25146484
0.3158322,0.32247448,0.31459978,0.46755254,0.21602003
0.3301759,0.32709426,0.31960115,0.46258062,0.24944003
0.37077132,0.38504198,0.36648673,0.45608824,0.29013917
0.47713125,0.46818566,0.44676378,0.45914072,0.38487697
0.5937754,0.5908905,0.6076927,0.46845865,0.47263688
0.6909337,0.6779627,0.682227,0.5710841,0.5539652
0.7667118,0.76526886,0.74882394,0.6725152,0.6370783
0.83193505,0.8207953,0.81461275,0.75000775,0.63124424
0.8649526,0.86264086,0.8767636,0.76721865,0.6892096
0.8738836,0.8686837,0.8920547,0.8448865,0.6921643
0.88687414,0.8779356,0.8887211,0.8576861,0.6722912
0.89336944,0.8904995,0.9051434,0.8666751,0.64902425
0.89878213,0.89557445,0.90174484,0.8740447,0.6938337
0.9039242,0.90337366,0.90249574,0.8746415,0.6942857
0.90419483,0.8980105,0.894874,0.88574576,0.69419384
0.89364004,0.8944679,0.8812831,0.8649927,0.6674771
0.8584574,0.8674922,0.87147945,0.8200773,0.63809186
0.8376184,0.8364263,0.8389864,0.7696824,0.62906647
0.78592694,0.78958523,0.7927476,0.70360243,0.58692753
0.6606225,0.6647886,0.67644763,0.6635051,0.48562276
0.5420839,0.54892236,0.5390277,0.5693754,0.3779963
0.45981055,0.4676706,0.46194106,0.5694717,0.3145173
0.40622464,0.41991243,0.41507122,0.53217965,0.269531
0.3713126,0.38341707,0.37960035,0.48326254,0.25571257
0.35615698,0.35803473,0.35764354,0.46958965,0.22720267
0.36941814,0.36689037,0.36558875,0.4791041,0.26085603
0.41082543,0.42017016,0.4168445,0.4212572,0.30520877
0.5112314,0.51090837,0.4990073,0.47125447,0.39719236
0.6216509,0.6222807,0.633643,0.4545331,0.49041635
0.7060893,0.70539856,0.70917153,0.5776532,0.5625887
0.7810555,0.76979005,0.76475716,0.6419358,0.63915074
0.8451962,0.8381693,0.83556175,0.7815016,0.64233863
0.8774019,0.8747644,0.8897948,0.7922237,0.6906377
0.8909337,0.88204366,0.904348,0.85101247,0.69484556
0.9028417,0.9000258,0.9132682,0.8611981,0.6801301
0.89661705,0.902552,0.9231516,0.85246855,0.65158
0.89120436,0.88907427,0.8981588,0.8262517,0.69401455
0.89282817,0.8893771,0.89216775,0.8508672,0.69246626
0.8895805,0.88316846,0.88076186,0.90089196,0.6938732
0.8744249,0.8764955,0.85729283,0.8660595,0.6651851
0.84384304,0.845855,0.8381349,0.79755986,0.6445254
0.8294993,0.829425,0.8138174,0.7815735,0.63245976
0.77537215,0.78706026,0.78073263,0.7230794,0.5946347
0.6487145,0.6530044,0.6628473,0.63294125,0.48964006
0.5285521,0.53543544,0.52426696,0.5952135,0.38380888
0.44546685,0.45012087,0.44434765,0.55187625,0.31616902
0.39594045,0.40584674,0.39826053,0.5060231,0.2736408
0.36427605,0.3766132,0.3702681,0.493078,0.25699753
0.35128552,0.3578863,0.35167724,0.50121677,0.22663914
0.3631935,0.3639353,0.36032334,0.44837976,0.2617431
0.40108255,0.41124082,0.40616626,0.45270705,0.30500388
0.50040597,0.5013329,0.48175415,0.44725353,0.39900255
0.6197564,0.6107508,0.62304586,0.46843147,0.49049026
0.7036536,0.7046109,0.71495414,0.5734787,0.564111
0.76508796,0.7675015,0.7583598,0.64505684,0.6415293
0.8246279,0.8126905,0.8084981,0.7309428,0.643582
0.8581867,0.8534645,0.8668655,0.78102034,0.69390607
0.8836265,0.8607935,0.8849478,0.82438874,0.697173
0.8990528,0.89630026,0.9115611,0.83818525,0.68121815
0.9079838,0.89930165,0.91534305,0.87774605,0.65343845
0.9093369,0.9090644,0.9174548,0.8524694,0.69621074
0.91041946,0.90950304,0.90587646,0.87421197,0.6934055
0.90852505,0.89921606,0.8907757,0.8586224,0.6947412
0.89147496,0.8990479,0.876999,0.8450022,0.6649214
0.8635995,0.860603,0.8583353,0.8109228,0.6474588
0.8595399,0.84589374,0.83761823,0.77141476,0.6359267
0.79810554,0.81883013,0.80904484,0.6948498,0.5965708
0.66359943,0.669772,0.6775018,0.66679996,0.49121058
0.5526387,0.5519003,0.535334,0.6488248,0.38440582
0.48335588,0.48489377,0.4753221,0.57224184,0.31839138
0.4384303,0.44916812,0.4449697,0.5868205,0.26543555
0.4075778,0.41851273,0.4167626,0.527847,0.24903373
0.3916103,0.39942506,0.3989048,0.5239152,0.22833933
0.39756426,0.40209857,0.401788,0.48479366,0.26156136
0.43897158,0.44365844,0.43734348,0.5063578,0.31195274
0.54560214,0.54355085,0.522201,0.49428558,0.3956718
0.6700947,0.6571759,0.6698618,0.48060548,0.49222684
0.756157,0.76117474,0.7625249,0.6291353,0.5596173
0.8051421,0.8208375,0.8092377,0.70302147,0.63207287
0.85520977,0.84838784,0.84179413,0.7493921,0.63913363
0.88010824,0.8790516,0.89732313,0.7958952,0.6800494
0.8922869,0.87929064,0.9065411,0.8220467,0.6847453
0.90636,0.9034021,0.9115668,0.85701936,0.6774709
0.9012179,0.905385,0.924094,0.8729896,0.6400422
0.8841678,0.89270294,0.89523876,0.86576897,0.685008
0.85385656,0.8746452,0.8691323,0.7975515,0.6772578
0.8338295,0.8288092,0.8265275,0.76533717,0.6847612
0.8075778,0.8213521,0.812855,0.76600355,0.6525742
0.77726656,0.77473617,0.7858428,0.72060686,0.63256645
0.76508796,0.760719,0.75922364,0.68720937,0.62559843
0.70906633,0.72356194,0.71560085,0.66617334,0.5855339
0.60135317,0.59458005,0.60258967,0.63899,0.48070538
0.49824086,0.5081697,0.49689585,0.6175815,0.37898818
0.42462787,0.43083623,0.42587477,0.5736063,0.31169155
0.38430312,0.39003763,0.3801726,0.5609191,0.27030385
0.36048713,0.36614886,0.36112922,0.5222257,0.23953097
0.35020298,0.35602954,0.351053,0.52053463,0.21282561
0.3653586,0.36217937,0.36078572,0.51765823,0.24653606
0.4127199,0.41149658,0.41135848,0.50543207,0.3047869
0.51258457,0.5127586,0.49840796,0.5180768,0.39701125
0.6284168,0.6204549,0.62920034,0.51916265,0.4792722
0.7239513,0.7105948,0.7169403,0.58950996,0.560037
0.79756427,0.789796,0.78152317,0.65879697,0.61067814
0.8614344,0.84419584,0.8455122,0.77413595,0.6263362
0.8960758,0.8845037,0.9051244,0.8306238,0.661756
0.9060893,0.89689934,0.92355394,0.8858127,0.6675327
0.9158322,0.90662885,0.9216662,0.8901921,0.6700362
0.91772664,0.9115948,0.92735595,0.89188534,0.6174826
0.9198918,0.9101026,0.9100109,0.9287724,0.66747546
0.92368066,0.9190168,0.90052074,0.92466825,0.6642126
0.9112314,0.91090727,0.895851,0.9187457,0.66070944
0.8895805,0.88605225,0.87151766,0.8957501,0.6178124
0.8614344,0.8556608,0.86256135,0.8497233,0.61173594
0.8435724,0.8542157,0.83634984,0.79052997,0.61596423
0.80108255,0.80407405,0.77790207,0.6289179,0.5591852
0.70338297,0.6905675,0.6993008,0.66210485,0.46814167
0.5921516,0.60421705,0.5982978,0.66046137,0.3712397
0.4993234,0.5209195,0.5135506,0.6550519,0.30036113
0.4419486,0.4575135,0.45075983,0.6256193,0.27569687
0.40649527,0.42557675,0.4170382,0.5171118,0.22822301
0.3894452,0.38753906,0.3942128,0.6510751,0.21962593
0.3797023,0.39141685,0.3964324,0.49720776,0.22958405
0.38294992,0.3876162,0.40693367,0.5262406,0.24770154
0.42733425,0.4256877,0.43598923,0.48446763,0.27083898
0.5136671,0.5245658,0.5136188,0.51702845,0.37784263
0.597023,0.6072546,0.6078807,0.58543396,0.45247906
0.6654939,0.6703363,0.6637491,0.66119814,0.5165906
0.7236807,0.7197456,0.71538866,0.6663832,0.5297863
0.7564276,0.75663364,0.76117784,0.71513003,0.58417964
0.7713126,0.7663584,0.7759387,0.8206701,0.5723618
0.7713126,0.7771001,0.78551096,0.8519917,0.55527514
0.7615697,0.7727807,0.77611303,0.85061777,0.527483
0.7607578,0.75589544,0.76112103,0.81105137,0.5565621
0.76589984,0.76088184,0.76948273,0.8854905,0.56569123
0.7556157,0.7714278,0.7664226,0.87450016,0.57215637
0.7304466,0.7453177,0.7320394,0.8832695,0.5749527
0.6941813,0.7071322,0.7000444,0.820466,0.5644617
0.679567,0.6838783,0.664561,0.73699653,0.55388075
0.63031125,0.6556697,0.65310514,0.70025665,0.5216407
0.52990526,0.5348144,0.5491986,0.6416395,0.4350355
0.43788904,0.43926194,0.42248076,0.6061418,0.3312145
0.3572395,0.37401435,0.36081377,0.462426,0.2848762
0.3060893,0.31432343,0.30085704,0.48531622,0.21382658
0.27604872,0.2806261,0.2713378,0.40568948,0.21443118
0.25520974,0.26254436,0.2550416,0.45492494,0.18965182
0.24844384,0.24880448,0.2436852,0.36469567,0.20001028
0.24411367,0.24361089,0.25711304,0.3600366,0.21225752
0.27361298,0.2708277,0.2687668,0.3257072,0.21596731
0.34424898,0.35626817,0.33301717,0.36313957,0.33728796
0.4224628,0.43827775,0.4294446,0.45452487,0.41154712
0.47740188,0.48702744,0.49477965,0.46982884,0.4941938
0.5090663,0.5182363,0.5200415,0.51222605,0.50026965
0.52503383,0.5271516,0.5292722,0.5288241,0.5592248
0.5304465,0.52251637,0.53327966,0.584458,0.5627161
0.51962113,0.5245432,0.5321415,0.5865572,0.5339663
0.5104195,0.5092212,0.51257604,0.6097772,0.53870606
0.51258457,0.5089299,0.5165033,0.6293978,0.54914623
0.5336942,0.526704,0.5362989,0.64509517,0.5740962
0.5518268,0.55190957,0.5650494,0.6204985,0.5827007
0.55074424,0.5556661,0.55765796,0.6274578,0.5750648
0.52963465,0.53676367,0.54058385,0.6214084,0.56414413
0.5304465,0.52710915,0.5222316,0.5625809,0.533741
0.49959403,0.5033291,0.5172691,0.5145087,0.5206971
0.40920162,0.4104979,0.43853122,0.45125687,0.4069991
0.32638702,0.32586178,0.32099247,0.42259258,0.31758535
0.26955345,0.27245662,0.2617034,0.3701169,0.26867983
0.23870094,0.23824552,0.23167631,0.34053463,0.25647688
0.22056833,0.2265616,0.21963538,0.32382518,0.25146484
0.21569689,0.21199974,0.21014988,0.3112492,0.21602003
0.23734777,0.22928095,0.21839558,0.3050351,0.24944003
0.28281462,0.29173973,0.2662411,0.30241477,0.29013917
0.37753722,0.37634355,0.34395528,0.3014738,0.38487697
0.46630582,0.47226456,0.48604834,0.307607,0.47263688
0.5277402,0.5172899,0.5391972,0.35174817,0.5539652
0.5648173,0.56691605,0.56387943,0.37528294,0.6370783
0.5932341,0.59146965,0.5849904,0.4354338,0.63124424
0.6073072,0.60002476,0.60923135,0.46795905,0.6892096
0.6143437,0.6007769,0.6137793,0.48339117,0.6921643
0.6300406,0.6182634,0.61955714,0.5375237,0.6722912
0.6292287,0.6277003,0.6490252,0.5574482,0.64902425
0.6292287,0.6198121,0.63426065,0.55040705,0.6938337
0.6330176,0.6336481,0.6393642,0.5679715,0.6942857
0.6381597,0.6344759,0.63957894,0.61793566,0.69419384
0.6248985,0.63119084,0.63765025,0.6192662,0.6674771
0.5986468,0.59983057,0.62049234,0.5698057,0.63809186
0.6021651,0.58792216,0.5931425,0.5217444,0.62906647
0.55155617,0.56150997,0.5655778,0.4688192,0.58692753
0.44871446,0.43885168,0.454511,0.41586006,0.48562276
0.35805142,0.35737693,0.35085487,0.41478187,0.3779963
0.29824087,0.3012505,0.29464352,0.39082137,0.3145173
0.2638701,0.27091995,0.26378527,0.37883744,0.269531
0.24330176,0.24749234,0.24640353,0.3709063,0.25571257
0.23734777,0.23840794,0.2385339,0.38526022,0.22720267
0.2525034,0.2546657,0.253874,0.38212335,0.26085603
0.30635995,0.3035269,0.2999783,0.35100645,0.30520877
0.39594045,0.40763125,0.40049618,0.3593477,0.39719236
0.48579162,0.48626265,0.49282113,0.3549923,0.49041635
0.5393775,0.5389852,0.54580903,0.35484082,0.5625887
0.57401896,0.5752425,0.5728866,0.33852723,0.63915074
0.59945875,0.601318,0.60086167,0.36483562,0.64233863
0.61163735,0.60648656,0.6186773,0.37449265,0.6906377
0.60351825,0.60668683,0.6224586,0.3998651,0.69484556
0.6056833,0.6024952,0.59975827,0.4304034,0.6801301
0.59945875,0.59485686,0.60712326,0.46891642,0.65158
0.5956698,0.5877184,0.5988422,0.47677803,0.69401455
0.6005413,0.5972866,0.6083653,0.53168863,0.69246626
0.6121786,0.6027267,0.61487997,0.5741201,0.6938732
0.6113667,0.61263466,0.6099992,0.59308696,0.6651851
0.58998644,0.59402454,0.59974885,0.6318601,0.6445254
0.58998644,0.5862336,0.5799843,0.6157823,0.63245976
0.55534506,0.5562949,0.5501646,0.55828696,0.5946347
0.46305817,0.45285758,0.46878973,0.48480928,0.48964006
0.37347767,0.3724288,0.36931738,0.4734053,0.38380888
0.3082544,0.3139465,0.31012532,0.45405483,0.31616902
0.27036536,0.27773455,0.27204436,0.39114398,0.2736408
0.24925575,0.25419256,0.25223532,0.3848375,0.25699753
0.24194857,0.24581727,0.24321045,0.38778922,0.22663914
0.258728,0.25745454,0.25328544,0.3880303,0.2617431
0.30554804,0.30966243,0.30171788,0.34563065,0.30500388
0.39675236,0.40239492,0.38473338,0.35563576,0.39900255
0.49201623,0.48893008,0.5026199,0.3418126,0.49049026
0.5594046,0.5448178,0.55334985,0.37185144,0.564111
0.61515564,0.5994911,0.5951843,0.37731463,0.6415293
0.66468203,0.652183,0.64876026,0.4922949,0.643582
0.6887686,0.680486,0.69305724,0.57125396,0.69390607
0.69228685,0.68687516,0.7006408,0.63557124,0.697173
0.6968877,0.69519866,0.6972891,0.65338576,0.68121815
0.68362653,0.6900729,0.70462453,0.6007236,0.65343845
0.6554804,0.66962945,0.67481315,0.6243831,0.69621074
0.6405954,0.6427592,0.6414661,0.5790182,0.6934055
0.637889,0.6331434,0.6413994,0.54498976,0.6947412
0.61867386,0.63079435,0.63076496,0.555423,0.6649214
0.5826793,0.5920721,0.59694654,0.53117996,0.6474588
0.57023007,0.56978273,0.57269675,0.4914695,0.6359267
0.517456,0.5317015,0.5426804,0.39495403,0.5965708
0.4067659,0.4161362,0.4286624,0.3110385,0.49121058
0.30311233,0.31643492,0.30738008,0.25364578,0.38440582
0.23599459,0.24104497,0.23376243,0.24698676,0.31839138
0.1991881,0.20441973,0.19672817,0.2553286,0.26543555
0.17943166,0.18800396,0.17702153,0.25701618,0.24903373
0.17185386,0.17644808,0.17118098,0.25463855,0.22833933
0.18673883,0.18745461,0.18375546,0.27632028,0.26156136
0.23355886,0.23272786,0.22970937,0.28723043,0.31195274
0.31393775,0.33615598,0.31554657,0.2855798,0.3956718
0.39296347,0.39757562,0.41387427,0.2995758,0.49222684
0.44167796,0.44462398,0.46463668,0.34923273,0.5596173
0.47036535,0.47538522,0.48619032,0.3720154,0.63207287
0.4985115,0.4940121,0.4981727,0.42845595,0.63913363
0.511502,0.5040326,0.5176872,0.44693327,0.6800494
0.50960755,0.5004847,0.51538,0.54084355,0.6847453
0.5112314,0.5062721,0.50270873,0.5563442,0.6774709
0.5052774,0.50119746,0.5074644,0.5291822,0.6400422
0.49580514,0.4911048,0.5030767,0.5468822,0.685008
0.49661705,0.4953533,0.5069428,0.5290353,0.6772578
0.5060893,0.50212634,0.5122724,0.49574888,0.6847612
0.5014885,0.5123895,0.5001703,0.49407572,0.6525742
0.4909337,0.48666707,0.48902386,0.48213392,0.63256645
0.49364007,0.48597416,0.4958149,0.46368772,0.62559843
0.4465494,0.45350242,0.45958117,0.42718685,0.5855339
0.3623816,0.34602436,0.35782176,0.3768234,0.48070538
0.28362653,0.28160945,0.2793415,0.3388307,0.37898818
0.2278755,0.22782359,0.23000143,0.30284786,0.31169155
0.20027064,0.19965675,0.19923861,0.29937047,0.27030385
0.18294993,0.18732241,0.18963918,0.28423128,0.23953097
0.17916103,0.17825148,0.17944248,0.27361828,0.21282561
0.19431664,0.19482908,0.19089027,0.2768555,0.24653606
0.24167794,0.23908845,0.22929803,0.2730885,0.3047869
0.32151556,0.33483115,0.30983225,0.28372046,0.39701125
0.41001353,0.40339133,0.40918535,0.2832929,0.4792722
0.46901217,0.45824447,0.47403818,0.30388373,0.560037
0.50635993,0.5043678,0.5017981,0.31669033,0.61067814
0.53152907,0.5307672,0.52988505,0.3129276,0.6263362
0.54343706,0.53194016,0.54533434,0.36726022,0.661756
0.5423545,0.5326228,0.54963255,0.4082653,0.6675327
0.5404601,0.53809214,0.54483825,0.45763892,0.6700362
0.5271989,0.52355146,0.54529023,0.48509258,0.6174826
0.51772666,0.5097969,0.5234482,0.5128105,0.66747546
0.51474965,0.51759315,0.5244572,0.5311613,0.6642126
0.51610285,0.51055586,0.52293926,0.51007414,0.66070944
0.50419486,0.5094323,0.51498723,0.5338614,0.6178124
0.4887686,0.48266497,0.5004299,0.5307115,0.61173594
0.49147496,0.49133846,0.48676318,0.5136809,0.61596423
0.45818675,0.47106037,0.45442477,0.46190673,0.5591852
0.37916103,0.37246206,0.38136977,0.42484736,0.46814167
0.30040595,0.29823962,0.2983932,0.37353912,0.3712397
0.23653586,0.24741706,0.2443343,0.34130538,0.30036113
0.20054127,0.20744213,0.20154275,0.31853426,0.27569687
0.17780785,0.1855677,0.18362416,0.31142145,0.22822301
0.16752368,0.1711686,0.17052864,0.28410557,0.21962593
0.17050068,0.17417803,0.17542833,0.28526038,0.22958405
0.18376184,0.18469906,0.19893806,0.24108687,0.24770154
0.22462788,0.22619447,0.23102121,0.24562794,0.27083898
0.30419487,0.30229563,0.2991927,0.24162063,0.37784263
0.388092,0.3870969,0.38335216,0.36574507,0.45247906
0.44546685,0.4468474,0.44487453,0.386308,0.5165906
0.48092017,0.48177233,0.4790451,0.47795683,0.5297863
0.49986467,0.49742547,0.49983573,0.53800714,0.58417964
0.51447904,0.5010822,0.5076776,0.5703115,0.5723618
0.5142084,0.5143714,0.52303284,0.5993759,0.55527514
0.51772666,0.5095469,0.5132665,0.6058865,0.527483
0.5288227,0.52206707,0.52792513,0.60960436,0.5565621
0.54533154,0.54029346,0.5485463,0.63882846,0.56569123
0.55669826,0.5597578,0.55914116,0.60830605,0.57215637
0.5477673,0.55431664,0.5484748,0.5892602,0.5749527
0.52801085,0.52623916,0.52461505,0.59459543,0.5644617
0.5369418,0.53001714,0.5096111,0.5112108,0.55388075
0.5047361,0.5128218,0.51053363,0.49045438,0.5216407
0.42138025,0.41650444,0.4260214,0.41244477,0.4350355
0.33504736,0.33766547,0.33141106,0.38063347,0.3312145
0.27090663,0.27690262,0.26698235,0.33804345,0.2848762
0.2330176,0.24029312,0.22993316,0.32628113,0.21382658
0.20595399,0.2123462,0.21141995,0.33153284,0.21443118
0.19431664,0.19408539,0.19298129,0.28514752,0.18965182
0.19079837,0.197512,0.19734018,0.34324908,0.20001028
0.19783491,0.19324821,0.20986941,0.2777368,0.21225752
0.22598106,0.2291899,0.2412497,0.3335169,0.21596731
0.2849797,0.3018941,0.29718983,0.33497286,0.33728796
0.36346415,0.36509293,0.35814828,0.38382542,0.41154712
0.42814615,0.42727694,0.4214956,0.4008264,0.4941938
0.47171855,0.4747771,0.4684639,0.44383323,0.50026965
0.50121784,0.49843737,0.49876496,0.536781,0.5592248
0.517456,0.5124829,0.51908004,0.5407631,0.5627161
0.520433,0.5180013,0.5259762,0.58813417,0.5339663
0.52124494,0.5189449,0.5220806,0.60873765,0.53870606
0.5166441,0.5283462,0.52637994,0.59489167,0.54914623
0.5285521,0.52547973,0.52732503,0.6018123,0.5740962
0.54722595,0.54604614,0.5610331,0.5708371,0.5827007
0.5461434,0.55064476,0.56262696,0.5605117,0.5750648
0.53883624,0.52808803,0.53311014,0.5449282,0.56414413
0.53342354,0.5346006,0.5327217,0.49604273,0.533741
0.47469553,0.49209973,0.5035059,0.48150492,0.5206971
0.38538566,0.37327462,0.3909725,0.43091112,0.4069991
0.31069013,0.30878827,0.29755765,0.43283552,0.31758535
0.26278755,0.26043013,0.24936843,0.40100574,0.26867983
0.2338295,0.23758394,0.22713067,0.40081108,0.25647688
0.21948579,0.22067648,0.21377462,0.36002257,0.25146484
0.21380244,0.21456605,0.2141023,0.32010967,0.21602003
0.23626523,0.22681966,0.22087274,0.31540167,0.24944003
0.29120433,0.29274783,0.27319056,0.33849552,0.29013917
0.37861976,0.39168286,0.36237577,0.31534407,0.38487697
0.46874154,0.46900126,0.47259426,0.32303226,0.47263688
0.5328823,0.5230788,0.5397848,0.3360867,0.5539652
0.5802436,0.5758487,0.5730381,0.3537128,0.6370783
0.6156969,0.6147174,0.61084104,0.4380775,0.63124424
0.6419486,0.62609804,0.63779175,0.46665812,0.6892096
0.65304464,0.6410464,0.65791637,0.5395759,0.6921643
0.667659,0.6577677,0.659842,0.59034187,0.6722912
0.67117727,0.6645973,0.6793426,0.61259353,0.64902425
0.66955346,0.6639524,0.671996,0.5980767,0.6938337
0.670636,0.6712804,0.6722572,0.6647257,0.6942857
0.6622463,0.66812146,0.6732317,0.68878675,0.69419384
0.6516915,0.64737356,0.6493145,0.55001587,0.6674771
0.62354535,0.6256252,0.6489651,0.48901707,0.63809186
0.6124492,0.60674834,0.6055999,0.53108925,0.62906647
0.5545331,0.56076443,0.56115395,0.4229967,0.58692753
0.4503383,0.4416277,0.4593827,0.43361598,0.48562276
0.35426253,0.3599877,0.35593015,0.3710987,0.3779963
0.28795668,0.29527667,0.28935808,0.35539886,0.3145173
0.24844384,0.25894248,0.24931963,0.35287702,0.269531
0.22733423,0.2318615,0.2268272,0.303347,0.25571257
0.21867388,0.2233263,0.220547,0.29455698,0.22720267
0.23545332,0.23454577,0.23335278,0.29475522,0.26085603
0.27577808,0.28916213,0.2859227,0.29096046,0.30520877
0.35994586,0.37310064,0.35690808,0.27853316,0.39719236
0.45520973,0.44910756,0.4610724,0.282739,0.49041635
0.51610285,0.51437473,0.5282172,0.36635375,0.5625887
0.56346416,0.5600201,0.560291,0.44300777,0.63915074
0.6008119,0.60010934,0.6016365,0.4476449,0.64233863
0.6156969,0.6195478,0.62906754,0.52785796,0.6906377
0.620839,0.61844444,0.6264478,0.55811983,0.69484556
0.6265223,0.6292534,0.6254975,0.56866676,0.6801301
0.6262517,0.62093484,0.63055634,0.6136305,0.65158
0.62679297,0.6187746,0.63082737,0.58753014,0.69401455
0.6313938,0.62972534,0.64171344,0.63786936,0.69246626
0.63247633,0.62718976,0.63923466,0.6011739,0.6938732
0.61867386,0.62403375,0.6188482,0.6158949,0.6651851
0.588092,0.59668124,0.5932659,0.57375324,0.6445254
0.5853857,0.5815496,0.57071483,0.53360665,0.63245976
0.5307172,0.5504259,0.5499642,0.4718089,0.5946347
0.43058187,0.41939142,0.43362892,0.37235492,0.48964006
0.3345061,0.3389847,0.33409876,0.33503884,0.38380888
0.26738837,0.26978135,0.26732025,0.31761652,0.31616902
0.22868742,0.23530301,0.22853924,0.30470163,0.2736408
0.20649527,0.21501407,0.20776215,0.3100135,0.25699753
0.19972937,0.20084023,0.19689974,0.26716685,0.22663914
0.21705006,0.21647978,0.20911835,0.3040969,0.2617431
0.26332882,0.26711154,0.25748917,0.28922018,0.30500388
0.35128552,0.36438987,0.34200475,0.287325,0.39900255
0.44600812,0.4424076,0.45579267,0.29889742,0.49049026
0.50960755,0.5008958,0.5156669,0.36440486,0.564111
0.55372125,0.5507492,0.5510179,0.4449423,0.6415293
0.5872801,0.58622754,0.58438647,0.4787721,0.643582
0.6067659,0.6018222,0.6083489,0.54340065,0.69390607
0.6156969,0.6079176,0.62075543,0.5736213,0.697173
0.6292287,0.623661,0.62567925,0.58608043,0.68121815
0.6405954,0.6288972,0.64376897,0.602004,0.65343845
0.6397835,0.6390738,0.6563271,0.6092335,0.69621074
0.6435724,0.6381405,0.6482707,0.5851419,0.6934055
0.63897157,0.63916236,0.64911294,0.5985298,0.6947412
0.61867386,0.6255139,0.6205077,0.57987106,0.6649214
0.5889039,0.59119964,0.59821266,0.57139695,0.6474588
0.5937754,0.580868,0.5791107,0.5349196,0.6359267
0.54181325,0.5597371,0.55720973,0.46630424,0.5965708
0.43870094,0.43303698,0.442661,0.41507852,0.49121058
0.34181327,0.3481993,0.33868375,0.36603266,0.38440582
0.2730717,0.27911454,0.27399197,0.3511579,0.31839138
0.23491204,0.23925424,0.23388676,0.2898698,0.24912904
0.21596752,0.21950272,0.21546687,0.30466318,0.21528561
0.20622464,0.21212235,0.21049544,0.2776419,0.23078854
0.21975642,0.22032112,0.2162694,0.30723625,0.2539463
0.2668471,0.2697639,0.2612155,0.28798777,0.32570356
0.35534507,0.35948578,0.34875447,0.30927366,0.41465455
0.45385656,0.44694835,0.457081,0.28215533,0.5020307
0.5255751,0.5165117,0.5252118,0.39271444,0.5858913
0.57564276,0.5725335,0.5712457,0.45036632,0.61478937
0.6175913,0.6112014,0.60976577,0.50906265,0.6401974
0.6403248,0.63778937,0.6460538,0.5751238,0.6765854
0.64925575,0.64964104,0.6575338,0.6526308,0.66563416
0.6606225,0.6599189,0.6605187,0.60681725,0.6905049
0.6503383,0.6566529,0.6744751,0.6274943,0.6420363
0.6365359,0.63202,0.6458806,0.6061321,0.6712756
0.62868744,0.6296646,0.63959825,0.5322503,0.66994643
0.6243572,0.6145779,0.6289176,0.5610917,0.6451317
0.6067659,0.6162878,0.60822105,0.5170385,0.6701357
0.5894452,0.58954185,0.58370495,0.50286835,0.627343
0.5848444,0.58632535,0.58712,0.5025604,0.6377818
0.52665764,0.5241579,0.5451984,0.45408225,0.5755828
0.43355885,0.4213594,0.42792416,0.4260341,0.44717726
0.3396482,0.34369215,0.34129044,0.41079056,0.36512855
0.27848443,0.2763589,0.27278703,0.38662595,0.2901702
0.24763194,0.2469373,0.24360909,0.3608976,0.24926575
0.22895806,0.23339188,0.23282698,0.3348353,0.21739735
0.22273342,0.22547206,0.22418703,0.3116045,0.21786804
0.23870094,0.2395429,0.2363977,0.32385164,0.2434087
0.28795668,0.2874135,0.28209955,0.33541554,0.3198141
0.3721245,0.37903777,0.36885715,0.3343669,0.41625202
0.455751,0.46468905,0.4723045,0.3417459,0.49192375
0.5142084,0.5152641,0.5236522,0.33929008,0.5858751
0.55723953,0.5570053,0.55671763,0.35946482,0.6056264
0.5916103,0.5891483,0.59043455,0.43969238,0.6311318
0.6094723,0.60259986,0.6155757,0.51766896,0.67811835
0.6189445,0.6070311,0.6215965,0.5984962,0.6603334
0.62977,0.6241714,0.62681025,0.6034208,0.6831009
0.6311231,0.6221899,0.6365328,0.6546452,0.63287836
0.6240866,0.61853313,0.6335414,0.6789485,0.66507745
0.6124492,0.6206473,0.6268287,0.65601724,0.66246986
0.6037889,0.5930822,0.6084528,0.6183482,0.63451207
0.58322054,0.58681595,0.5927402,0.5933742,0.6444759
0.55155617,0.5644121,0.5686883,0.59190696,0.6197938
0.55372125,0.54857063,0.5394691,0.5172959,0.6286189
0.511502,0.5125326,0.51861495,0.4711005,0.5576161
0.42733425,0.42059883,0.42517325,0.40670425,0.43827003
0.335318,0.33663464,0.34094346,0.33678317,0.36369523
0.27009472,0.27391252,0.27177534,0.3330853,0.29472548
0.22841679,0.23894295,0.23466028,0.30247897,0.24149321
0.20270637,0.20982322,0.20704268,0.35047323,0.21154155
0.191069,0.19607735,0.19199763,0.3059563,0.19315019
0.19269283,0.19763371,0.19688126,0.2943744,0.20427884
0.21028417,0.20924303,0.21924883,0.31185162,0.24231373
0.24519621,0.25086498,0.2586404,0.28871962,0.29154545
0.3142084,0.32357398,0.30740234,0.31465632,0.34754115
0.38673884,0.3929763,0.39000314,0.34925675,0.4512326
0.44221923,0.44595772,0.4472325,0.36294734,0.5119585
0.47253045,0.47681603,0.48354334,0.3939649,0.53238976
0.4879567,0.48316166,0.4921543,0.44158202,0.5675378
0.48660353,0.48723438,0.4979259,0.54334724,0.5509889
0.48146144,0.48216024,0.48611432,0.55899787,0.5545747
0.4728011,0.47479904,0.48008806,0.589409,0.5176292
0.47415426,0.47167352,0.47431925,0.60328233,0.5596063
0.48822734,0.48211786,0.49336186,0.58973706,0.5587317
0.50094724,0.4989198,0.5124201,0.587842,0.55979085
0.49607578,0.49774453,0.5004472,0.58538914,0.5750591
0.4714479,0.4907981,0.4815696,0.5696021,0.55451965
0.4820027,0.47830188,0.46424344,0.5199697,0.55940485
0.44248986,0.4512854,0.46763444,0.49052775,0.49573725
0.36562923,0.36872688,0.36681163,0.42687142,0.40058607
0.28470907,0.2894129,0.28533235,0.35350883,0.32659465
0.22625169,0.22708797,0.22323227,0.33591995,0.27806625
0.1902571,0.19642937,0.18974873,0.2824783,0.18892993
0.16968876,0.17373946,0.16984065,0.30111504,0.17016084
0.15778078,0.16322342,0.15977237,0.28153533,0.16596805
0.1556157,0.16029486,0.15733734,0.26427293,0.17621157
0.16156968,0.16165102,0.16912235,0.28175735,0.20606981
0.18294993,0.18291408,0.19003297,0.26352364,0.22852089
0.2525034,0.25106752,0.2345586,0.27009252,0.30173445
0.33721244,0.33442757,0.3350915,0.37618548,0.3990415
0.39675236,0.40196428,0.3971593,0.40230387,0.46433496
0.4300406,0.43482998,0.43000615,0.45086026,0.4839846
0.4465494,0.44601303,0.44698596,0.43906707,0.5203798
0.45385656,0.45025536,0.4520467,0.5574007,0.51447326
0.45169148,0.4522628,0.45643574,0.5388868,0.5239001
0.44844383,0.44613472,0.45293823,0.53735507,0.48598093
0.44763193,0.4498702,0.45800203,0.55769855,0.53125155
0.46062246,0.46002558,0.46913534,0.5265768,0.534573
0.47983763,0.47269613,0.49282336,0.48973942,0.52125466
0.47740188,0.4808,0.49426094,0.5441439,0.5710133
0.45845738,0.47205725,0.4680012,0.49200928,0.5222438
0.46792963,0.46288386,0.45392165,0.49015957,0.52481294
0.41461435,0.42624184,0.4474815,0.4455043,0.4929477
0.32963464,0.32527235,0.334032,0.37826782,0.35632563
0.25169146,0.25423434,0.2498499,0.33750457,0.29904497
0.20108254,0.19643784,0.19248591,0.32151192,0.24515931
0.1729364,0.17563501,0.1671475,0.29380783,0.23520763
0.16048715,0.15922359,0.15521576,0.2734298,0.21685307
0.16048715,0.1558834,0.15540642,0.29127097,0.2188903
0.1767253,0.17916888,0.17091076,0.25234115,0.23789226
0.22543979,0.22901979,0.2095641,0.25261268,0.31287944
0.3128552,0.31052968,0.29457986,0.26277453,0.40358934
0.40947226,0.40107855,0.40921342,0.28372556,0.48085898
0.46549392,0.46746588,0.4759814,0.33057702,0.5719962
0.49445197,0.5027278,0.49305218,0.38587064,0.619501
0.5169147,0.52009606,0.51149523,0.42103058,0.62677276
0.52530444,0.5218243,0.5288912,0.4561751,0.6898061
0.52286875,0.515394,0.5273918,0.51272035,0.6748872
0.52638704,0.52185786,0.5206092,0.5266596,0.67958903
0.51989174,0.5172794,0.533812,0.5133075,0.6515974
0.5152909,0.5059902,0.5212158,0.5233619,0.674332
0.5209743,0.5206816,0.525641,0.50290316,0.682967
0.53152907,0.52247,0.5355209,0.5152607,0.639942
0.52151555,0.52958965,0.5299813,0.4992448,0.6722145
0.4985115,0.5138017,0.5162316,0.48637122,0.63488454
0.50581867,0.49838707,0.49754557,0.44577152,0.6424934
0.44844383,0.45418015,0.46514928,0.41161656,0.58400846
0.347226,0.3446305,0.35436958,0.3402812,0.4494241
0.26116374,0.25915655,0.25707495,0.25456405,0.35685766
0.2037889,0.20663694,0.20372947,0.24355409,0.29360902
0.17266576,0.17702162,0.17145811,0.24412647,0.254291
0.15669824,0.16040492,0.15638857,0.23705383,0.22226043
0.15399188,0.15403676,0.15301387,0.26230508,0.23065831
0.17320703,0.17612243,0.17045984,0.25260302,0.24956547
0.22192152,0.23035309,0.22401707,0.2733752,0.32602352
0.30094722,0.31602463,0.31494886,0.26177835,0.41732574
0.38998646,0.38021067,0.39132592,0.273813,0.50025433
0.44465494,0.44072634,0.44634876,0.32605904,0.58592963
0.479567,0.48085532,0.47633368,0.40894097,0.62339246
0.5136671,0.5038794,0.5035324,0.36413622,0.6402515
0.5345061,0.5278475,0.53327465,0.45482582,0.69146776
0.538295,0.5384966,0.54500246,0.4841156,0.67633784
0.5496617,0.54082406,0.5401082,0.48758346,0.68810886
0.5464141,0.5448202,0.5590793,0.48044115,0.6552764
0.5437077,0.53558457,0.54749393,0.4912697,0.67759645
0.54857916,0.5482187,0.5551412,0.490941,0.6843053
0.5493911,0.54539376,0.5577136,0.468601,0.6490792
0.5377537,0.5410398,0.5329877,0.47243023,0.6786873
0.51474965,0.52657384,0.5210011,0.4700892,0.63731277
0.5223275,0.51370966,0.5040083,0.44106954,0.64638484
0.467659,0.46959597,0.47969216,0.39725757,0.58923006
0.36968878,0.36049417,0.37069827,0.31320763,0.4555471
0.2806495,0.27692226,0.27993327,0.2726819,0.36853248
0.22083898,0.22305915,0.22090967,0.21703564,0.2947199
0.1856563,0.19332808,0.18822639,0.21115631,0.25669655
0.16752368,0.17159054,0.16850929,0.19201341,0.22589074
0.16373478,0.16268694,0.16299607,0.24052024,0.23150821
0.18186739,0.18326294,0.17825629,0.23667742,0.24987338
0.23058186,0.23565748,0.2268913,0.2594089,0.32829475
0.3142084,0.32176527,0.31163886,0.25973788,0.42163008
0.402977,0.39661354,0.40539443,0.2666598,0.5035762
0.4608931,0.45598504,0.4632499,0.33264458,0.58900243
0.5006766,0.498342,0.498372,0.35794616,0.6268358
0.5345061,0.5326998,0.53022116,0.39934108,0.6424117
0.5512855,0.548532,0.5565331,0.4745953,0.6960698
0.55236804,0.55100155,0.5612118,0.5235919,0.67961013
0.5610284,0.5553486,0.55509007,0.542976,0.6887959
0.565088,0.55636215,0.56985116,0.5351777,0.65962344
0.56346416,0.5560403,0.5732452,0.5667548,0.68051094
0.5615697,0.56571656,0.57306886,0.56067544,0.6865187
0.5610284,0.55295146,0.56446433,0.5338853,0.6522737
0.5466847,0.5528189,0.54920983,0.50990087,0.6817895
0.5339648,0.53519857,0.5292589,0.49438334,0.6410716
0.5461434,0.5401554,0.532609,0.4569986,0.6498283
0.4895805,0.49504623,0.5052559,0.40822563,0.5920516
0.39350474,0.38329375,0.38937974,0.34632862,0.45852858
0.30581868,0.3010338,0.30152285,0.33625895,0.37018237
0.2511502,0.2479591,0.24420117,0.30328894,0.2988488
0.21596752,0.224125,0.2202449,0.30968392,0.24912904
0.19864681,0.20105013,0.1992821,0.3044039,0.21528561
0.19756427,0.19596541,0.1960219,0.28592482,0.23078854
0.21677943,0.21630248,0.21463442,0.30919516,0.2539463
0.27253044,0.26931813,0.26259416,0.32789493,0.32570356
0.3610284,0.36662534,0.35952753,0.34233224,0.41465455
0.45439783,0.45116854,0.45547438,0.37228936,0.5020307
0.51258457,0.5120208,0.51611614,0.37489557,0.5858913
0.5534506,0.54976416,0.5465915,0.39038926,0.61478937
0.5867388,0.58314085,0.58171475,0.43652767,0.6401974
0.605954,0.5984253,0.60759324,0.4912598,0.6765854
0.617862,0.6084399,0.6184226,0.5910398,0.66563416
0.6368065,0.62760794,0.63038814,0.62856644,0.6905049
0.64790255,0.63534516,0.6544082,0.6447566,0.6420363
0.6419486,0.6422001,0.6556364,0.6648805,0.6712756
0.64627874,0.64031786,0.63639987,0.72006315,0.66994643
0.65277404,0.6387305,0.648216,0.6449646,0.6451317
0.64248985,0.6511744,0.6384821,0.6555186,0.6701357
0.6308525,0.6284243,0.62511706,0.6134042,0.627343
0.64113665,0.63166845,0.6200367,0.5479085,0.6377818
0.5840325,0.58325183,0.5881118,0.50830203,0.5755828
0.48308524,0.4734774,0.4769374,0.4938094,0.44717726
0.39512855,0.38748094,0.38374162,0.4796446,0.36512855
0.33071718,0.3349972,0.33203748,0.48329258,0.2901702
0.29661706,0.29856023,0.29319733,0.4863749,0.24926575
0.27550745,0.2790753,0.28191876,0.4808495,0.21739735
0.27171853,0.2732046,0.2724389,0.48101586,0.21786804
0.28768605,0.2912459,0.2899711,0.46594036,0.2434087
0.3369418,0.33942553,0.33717903,0.450005,0.3198141
0.4257104,0.42845806,0.42622697,0.4587775,0.41625202
0.51799726,0.5220687,0.5261423,0.44767082,0.49192375
0.5805142,0.58640313,0.5788894,0.46371806,0.5858751
0.6197564,0.62761414,0.6195754,0.4715519,0.6056264
0.6465494,0.65090257,0.64908504,0.49218988,0.6311318
0.6519621,0.6564059,0.667601,0.51566494,0.67811835
0.64627874,0.6473038,0.6601081,0.53608614,0.6603334
0.6430311,0.647597,0.6478609,0.5336373,0.6831009
0.62895805,0.6280751,0.6409464,0.548895,0.63287836
0.61028415,0.6090659,0.616796,0.57194436,0.66507745
0.6040595,0.60313606,0.6104294,0.59069663,0.66246986
0.602977,0.5932056,0.61945105,0.56086236,0.63451207
0.5932341,0.59160274,0.6051669,0.5749928,0.6444759
0.5797023,0.5798037,0.5905473,0.5748908,0.6197938
0.58971584,0.5850138,0.5808791,0.59395653,0.6286189
0.54343706,0.5472337,0.5598508,0.52879524,0.5576161
0.45845738,0.4496617,0.4539634,0.47116154,0.43827003
0.36968878,0.3701543,0.3724342,0.44765127,0.36369523
0.30500677,0.31074306,0.3058712,0.40920216,0.29472548
0.26197565,0.27484933,0.26859134,0.38788992,0.24149321
0.24005413,0.24319953,0.23983797,0.40352398,0.21154155
0.22300406,0.23589143,0.23201145,0.3917901,0.19315019
0.22516915,0.2296789,0.22520493,0.3917001,0.20427884
0.23897158,0.24214897,0.2513234,0.36471623,0.24231373
0.27415428,0.27624908,0.2833432,0.39666885,0.29154545
0.35101488,0.35235718,0.34099954,0.34118363,0.34754115
0.4284168,0.43489328,0.4373173,0.3943531,0.4512326
0.48849797,0.4895517,0.4857973,0.4673233,0.5119585
0.5101488,0.5239179,0.52637637,0.5511139,0.53238976
0.5106901,0.5150079,0.5176537,0.6022602,0.5675378
0.50284165,0.5042223,0.50921744,0.61998653,0.5509889
0.49012178,0.49793932,0.49863428,0.65247536,0.5545747
0.479567,0.48228,0.48135316,0.6660516,0.5176292
0.48092017,0.48066637,0.47719282,0.6636171,0.5596063
0.4887686,0.4924974,0.49784625,0.67355335,0.5587317
0.49797022,0.4973925,0.5077854,0.6499534,0.55979085
0.485521,0.4977152,0.50566727,0.61067814,0.5750591
0.46197563,0.47656286,0.47803557,0.5977652,0.55451965
0.47253045,0.47159413,0.4619369,0.53158003,0.55940485
0.42462787,0.44340155,0.4597115,0.42464322,0.49573725
0.34912044,0.3491116,0.34901705,0.33519852,0.40058607
0.26792964,0.2794174,0.2751395,0.30160317,0.32659465
0.20838971,0.21115157,0.20724231,0.24868155,0.27806625
0.17023005,0.17881137,0.17060746,0.21921536,0.18892993
0.15236807,0.15374503,0.146969,0.27024454,0.17016084
0.13667117,0.14694667,0.14124116,0.26858208,0.16596805
0.13964817,0.13473949,0.13250655,0.28988087,0.17621157
0.14722598,0.1465781,0.1551388,0.24938124,0.20606981
0.17023005,0.16905451,0.17646979,0.28237864,0.22852089
0.23545332,0.23927212,0.22647773,0.29255313,0.30173445
0.3142084,0.31492046,0.3155689,0.36883467,0.3990415
0.3721245,0.37364486,0.37086692,0.43556356,0.46433496
0.4051421,0.40546682,0.40212858,0.47978157,0.4839846
0.42192152,0.41763556,0.41869307,0.50702643,0.5203798
0.42625168,0.42153573,0.42611897,0.51208025,0.51447326
0.4248985,0.42245758,0.42526463,0.5371235,0.5239001
0.42462787,0.42097786,0.42736065,0.5395957,0.48598093
0.4368065,0.42806956,0.4384534,0.5563262,0.53125155
0.45899865,0.45687154,0.46912363,0.56552935,0.534573
0.48308524,0.47473067,0.49100283,0.49873543,0.52125466
0.47983763,0.48425433,0.49437752,0.51245147,0.5710133
0.46982408,0.47524354,0.4688199,0.5291606,0.5222438
0.48416778,0.48229042,0.46513712,0.46417874,0.52481294
0.42516914,0.44089755,0.45409226,0.3991466,0.4929477
0.33125845,0.33051708,0.33777916,0.33900666,0.35632563
0.25683355,0.25049773,0.24567236,0.30015838,0.29904497
0.2037889,0.20145762,0.20072843,0.26235044,0.24515931
0.17564276,0.17583525,0.1681911,0.24465197,0.23520763
0.16373478,0.16069144,0.15914766,0.2338134,0.21685307
0.16292287,0.15874812,0.15901028,0.23088363,0.2188903
0.18159676,0.18082556,0.17429852,0.25631833,0.23789226
0.23247632,0.23544869,0.21841387,0.26041964,0.31287944
0.32043302,0.31857187,0.3053014,0.2560675,0.40358934
0.41407308,0.40844145,0.41103095,0.26946542,0.48085898
0.4820027,0.47008985,0.47141337,0.32568508,0.5719962
0.5301759,0.5254771,0.5140676,0.34763217,0.619501
0.56725305,0.56458116,0.5546835,0.42917937,0.62677276
0.5826793,0.5825677,0.58584857,0.4932263,0.6898061
0.5916103,0.58189833,0.5882228,0.54466635,0.6748872
0.6005413,0.6003586,0.59827316,0.5775669,0.67958903
0.6027064,0.5952069,0.61429065,0.5403014,0.6515974
0.5991881,0.5932804,0.6124239,0.55669945,0.674332
0.6024357,0.60290736,0.6050492,0.5924863,0.682967
0.60703653,0.59893835,0.60883045,0.5625764,0.639942
0.59675235,0.59992075,0.5970353,0.5464473,0.6722145
0.573207,0.5847026,0.58797944,0.54937226,0.63488454
0.5840325,0.5713581,0.5653381,0.5000293,0.6424934
0.51312584,0.5270338,0.53703547,0.39422685,0.58400846
0.40703654,0.39458504,0.40436882,0.32929128,0.4494241
0.32070366,0.31088609,0.3131045,0.29423374,0.35685766
0.258728,0.26389703,0.26052937,0.27819163,0.29360902
0.2270636,0.22798166,0.22289108,0.24968597,0.254291
0.20866035,0.21264935,0.21207014,0.27024382,0.22226043
0.20189445,0.20563933,0.20571409,0.27368343,0.23065831
0.21813262,0.21999359,0.21948312,0.29609388,0.24956547
0.2714479,0.27279934,0.27138326,0.28843957,0.32602352
0.3534506,0.3684753,0.36835313,0.2929163,0.41732574
0.4427605,0.44059566,0.4471213,0.31590605,0.50025433
0.5001353,0.5020829,0.5072415,0.34030554,0.58592963
0.54316646,0.54260373,0.53965193,0.3865735,0.62339246
0.57645464,0.574628,0.5761467,0.41115314,0.6402515
0.588092,0.5924689,0.59882486,0.45381182,0.69146776
0.5872801,0.5866811,0.59593076,0.48465616,0.67633784
0.58457375,0.5891166,0.58615464,0.5114277,0.68810886
0.5745602,0.5698674,0.57994926,0.54396886,0.6552764
0.5653586,0.56065553,0.56923395,0.5615202,0.67759645
0.5664411,0.5664066,0.57543993,0.51849633,0.6843053
0.57239515,0.56352544,0.5817802,0.5338301,0.6490792
0.5669824,0.5687775,0.56633884,0.534594,0.6786873
0.5629229,0.5548203,0.55078566,0.5188417,0.63731277
0.56887686,0.5657859,0.56208396,0.49248827,0.64638484
0.49959403,0.50752866,0.5204447,0.45184296,0.58923006
0.40405953,0.38663584,0.39489514,0.41471273,0.4555471
0.32151556,0.3139633,0.31561112,0.38374704,0.36853248
0.26224628,0.26629892,0.26301128,0.3566655,0.2947199
0.22733423,0.23360488,0.22857027,0.3295766,0.25669655
0.21055481,0.214133,0.2095696,0.32581204,0.22589074
0.20189445,0.20678416,0.20596842,0.31551486,0.23150821
0.22056833,0.21803513,0.21196686,0.29460335,0.24987338
0.2714479,0.2738253,0.26372784,0.32492566,0.32829475
0.3518268,0.36432981,0.3518331,0.2996682,0.42163008
0.43707713,0.43507573,0.44796908,0.25973678,0.5035762
0.49282816,0.4905617,0.50016946,0.27418125,0.58900243
0.52313936,0.5288115,0.5277134,0.29847038,0.6268358
0.5480379,0.5492362,0.5443064,0.3917632,0.6424117
0.55507445,0.5527457,0.56376386,0.44356877,0.6960698
0.5545331,0.54513556,0.55777514,0.47195214,0.67961013
0.55723953,0.5542629,0.5548451,0.46786922,0.6887959
0.5480379,0.5456337,0.5607796,0.48886693,0.65962344
0.54533154,0.5343201,0.5439913,0.5188064,0.68051094
0.54722595,0.5511193,0.5586883,0.50729877,0.6865187
0.5437077,0.5458138,0.56079865,0.5487411,0.6522737
0.52503383,0.53656757,0.5415963,0.5171837,0.6817895
0.51447904,0.5139289,0.5230495,0.49937475,0.6410716
0.5261164,0.5207992,0.51590466,0.43813837,0.6498283
0.45981055,0.47443733,0.48700187,0.362685,0.5920516
0.3615697,0.35491493,0.3626384,0.31476283,0.45852858
0.27415428,0.27563468,0.2750115,0.2940293,0.37018237
0.22110961,0.2185443,0.21508059,0.28990927,0.2988488
0.18538566,0.19627148,0.19076264,0.26521307,0.24912904
0.16941813,0.17036018,0.16581833,0.1595901,0.21528561
0.16373478,0.16638914,0.16423,0.20574126,0.23078854
0.17780785,0.18265691,0.17563434,0.20463939,0.2539463
0.22543979,0.23053142,0.21664916,0.2313838,0.32570356
0.30635995,0.31598923,0.3034621,0.2426844,0.41465455
0.39350474,0.3848516,0.39876547,0.25685668,0.5020307
0.45439783,0.44007543,0.45498213,0.35323405,0.5858913
0.49012178,0.4915577,0.49048528,0.3756997,0.61478937
0.5207037,0.5136298,0.5125779,0.40763485,0.6401974
0.5361299,0.5291569,0.53849727,0.45623058,0.6765854
0.53721243,0.53244245,0.5445442,0.4781009,0.66563416
0.5426252,0.53764415,0.5392807,0.4676761,0.6905049
0.538295,0.5343903,0.5507588,0.47564352,0.6420363
0.53315294,0.526142,0.54246193,0.47718668,0.6712756
0.5336942,0.5335682,0.5421602,0.49124032,0.66994643
0.53504735,0.52756554,0.53881913,0.49114978,0.6451317
0.52313936,0.5315517,0.5262487,0.50707877,0.6701357
0.50771314,0.5173888,0.5160224,0.46787906,0.627343
0.520433,0.51358026,0.5040036,0.4243431,0.6377818
0.4592693,0.4700036,0.47964075,0.35821968,0.5755828
0.36346415,0.35181642,0.36257255,0.31127632,0.44717726
0.27848443,0.2761342,0.27697715,0.26528448,0.36512855
0.21705006,0.22080946,0.2212622,0.2909522,0.2901702
0.18538566,0.18764439,0.1818562,0.24508074,0.24926575
0.16671178,0.170093,0.16966404,0.23363726,0.21739735
0.15805142,0.16247919,0.16040146,0.23769963,0.21786804
0.1729364,0.17419946,0.16721131,0.23035768,0.2434087
0.21867388,0.21783581,0.21277218,0.2367843,0.3198141
0.2976996,0.30515704,0.29541376,0.26339996,0.41625202
0.38836265,0.37969142,0.38977778,0.2711509,0.49192375
0.4533153,0.4445792,0.45369524,0.30291224,0.5858751
0.49445197,0.4949331,0.4922083,0.32862753,0.6056264
0.5255751,0.52385235,0.5214812,0.39335603,0.6311318
0.5369418,0.53522563,0.54394144,0.4471776,0.67811835
0.5393775,0.53116626,0.5421542,0.52142924,0.6603334
0.5426252,0.5400069,0.5433639,0.53486586,0.6831009
0.53883624,0.53188443,0.5485875,0.5206647,0.63287836
0.53315294,0.52523625,0.5412847,0.53716195,0.66507745
0.53179973,0.531343,0.5409451,0.51185465,0.66246986
0.52828145,0.51831484,0.5382736,0.5211313,0.63451207
0.5120433,0.5156375,0.51685697,0.49348617,0.6444759
0.49688768,0.4980968,0.5001861,0.51489615,0.6197938
0.50419486,0.5026271,0.4985199,0.4728995,0.6286189
0.45142084,0.45916817,0.4664055,0.38477027,0.5576161
0.3677943,0.35371777,0.36102986,0.30487972,0.43827003
0.2806495,0.28137624,0.28556943,0.2779249,0.36369523
0.21759135,0.22241974,0.21880756,0.28028578,0.29472548
0.18511502,0.1870633,0.18254955,0.24111141,0.24149321
0.16644114,0.1705474,0.16923814,0.24459532,0.21154155
0.15615697,0.16291863,0.16071273,0.2498153,0.19315019
0.15913397,0.16328451,0.16507797,0.2552433,0.20427884
0.17645466,0.17904651,0.18912439,0.24434085,0.24231373
0.20920162,0.21729618,0.22855996,0.27086058,0.29154545
0.2866035,0.2861453,0.27531874,0.2585367,0.34754115
0.36373478,0.36805826,0.3658037,0.30602926,0.4512326
0.4173207,0.4222367,0.4178247,0.3361987,0.5119585
0.44330177,0.44823644,0.45285624,0.388758,0.53238976
0.4511502,0.452732,0.45731032,0.48535305,0.5675378
0.44925576,0.44739595,0.45290548,0.542365,0.5509889
0.4443843,0.44609287,0.44635722,0.5513739,0.5545747
0.43978348,0.43810213,0.44100708,0.5436172,0.5176292
0.43897158,0.4437535,0.442913,0.5306819,0.5596063
0.45277402,0.4481333,0.45498645,0.5558326,0.5587317
0.46738836,0.46425244,0.47780448,0.54283637,0.55979085
0.4600812,0.46616223,0.47006312,0.53016436,0.5750591
0.4473613,0.45364198,0.45007047,0.5041721,0.55451965
0.46414074,0.46158978,0.4467973,0.4698226,0.55940485
0.41542625,0.42893037,0.43921718,0.3772467,0.49573725
0.33856562,0.33678776,0.33162883,0.32556152,0.40058607
0.25899863,0.26385337,0.26019052,0.27401537,0.32659465
0.20514208,0.2022034,0.1992041,0.25637785,0.27806625
0.17185386,0.1778571,0.17316426,0.2250717,0.18892993
0.15453315,0.15827298,0.15341482,0.2558753,0.17016084
0.14479026,0.14952749,0.14674956,0.25658536,0.16596805
0.14722598,0.14934966,0.14735083,0.2585613,0.17621157
0.1556157,0.157639,0.16705383,0.26148385,0.20606981
0.17645466,0.1803078,0.1911483,0.26470125,0.22852089
0.23924223,0.24520072,0.23581655,0.27315307,0.30173445
0.3188092,0.31616074,0.31406164,0.30175185,0.3990415
0.37861976,0.37964466,0.37185907,0.34217533,0.46433496
0.41867387,0.41398513,0.4103422,0.39363092,0.4839846
0.43951285,0.43689856,0.4381879,0.47749442,0.5203798
0.4481732,0.44490176,0.44709396,0.56484,0.51447326
0.44411367,0.4478059,0.45079488,0.56249666,0.5239001
0.43815967,0.43842334,0.44293857,0.5352374,0.48598093
0.44330177,0.43840447,0.44376534,0.5495975,0.53125155
0.4579161,0.45912257,0.46928534,0.52903396,0.534573
0.47929636,0.47104207,0.4873675,0.53770494,0.52125466
0.4849797,0.481639,0.4936886,0.52908486,0.5710133
0.49066305,0.48550162,0.4803648,0.513493,0.5222438
0.49878213,0.5069394,0.48760936,0.48419964,0.52481294
0.43734777,0.44995892,0.45768213,0.39716566,0.4929477
0.34993234,0.34301257,0.34768963,0.3660426,0.35632563
0.27469555,0.27102065,0.26652813,0.34096766,0.29904497
0.2270636,0.21918967,0.21639584,0.2857365,0.24515931
0.19648173,0.19986546,0.19438775,0.27477282,0.23520763
0.17889039,0.18070936,0.17743646,0.21355107,0.21685307
0.1759134,0.17025065,0.17120144,0.25310338,0.2188903
0.19648173,0.19180909,0.18506764,0.2626091,0.23789226
0.2481732,0.25183728,0.23373835,0.27163422,0.31287944
0.33044654,0.33482942,0.32250315,0.27535793,0.40358934
0.42598104,0.415233,0.42391038,0.26187462,0.48085898
0.49147496,0.48398635,0.49076986,0.3395577,0.5719962
0.53504735,0.5339234,0.52233297,0.3892318,0.619501
0.57564276,0.5685774,0.5591588,0.46162474,0.62677276
0.60108256,0.59552234,0.5971019,0.56647855,0.6898061
0.6127199,0.60674644,0.61194825,0.59543663,0.6748872
0.62679297,0.622946,0.6173307,0.6042834,0.67958903
0.62733424,0.6252792,0.6399318,0.6229055,0.6515974
0.62679297,0.6176339,0.6310694,0.6348418,0.674332
0.6284168,0.6335124,0.63170636,0.6297472,0.682967
0.63545334,0.6248673,0.63202477,0.6187408,0.639942
0.62516916,0.63023794,0.63065565,0.6316988,0.6722145
0.6113667,0.6136892,0.6136581,0.5696046,0.63488454
0.6181326,0.61527675,0.60062796,0.5439069,0.6424934
0.5464141,0.5590476,0.5683675,0.46829337,0.58400846
0.4414073,0.42831352,0.4378196,0.37446404,0.4494241
0.35101488,0.344477,0.3454135,0.31777996,0.35685766
0.28633288,0.29061738,0.2871601,0.3007776,0.29360902
0.24952638,0.25307235,0.24685292,0.31438893,0.254291
0.22435723,0.23167807,0.23005082,0.26626357,0.22226043
0.21677943,0.21739638,0.21659309,0.27230853,0.23065831
0.2270636,0.2342422,0.23275764,0.2702235,0.24956547
0.27686062,0.27752778,0.27393594,0.28021902,0.32602352
0.3623816,0.37149337,0.37128758,0.30157745,0.41732574
0.44898513,0.45245957,0.46336684,0.29325545,0.50025433
0.51799726,0.5085168,0.5114211,0.3469714,0.58592963
0.56914747,0.56894255,0.56681913,0.40659723,0.62339246
0.6135318,0.605891,0.608173,0.52471614,0.6402515
0.6451962,0.64070946,0.6449566,0.59500885,0.69146776
0.6654939,0.66246915,0.6675117,0.6421965,0.67633784
0.6820027,0.6836474,0.6800873,0.64562875,0.68810886
0.6887686,0.680738,0.6906297,0.6786985,0.6552764
0.6960758,0.6830652,0.6937831,0.6820965,0.67759645
0.6993234,0.7032502,0.7102852,0.69631606,0.6843053
0.6968877,0.6899756,0.7016789,0.640602,0.6490792
0.67713124,0.6868305,0.67822385,0.6720952,0.6786873
0.66116375,0.65881205,0.64968884,0.62843466,0.63731277
0.65981054,0.66289186,0.6464559,0.5812792,0.64638484
0.58240867,0.59524107,0.6084503,0.47728676,0.58923006
0.47307172,0.4583913,0.46771517,0.3922518,0.4555471
0.37158322,0.3700187,0.37149364,0.32008967,0.36853248
0.30284166,0.30314755,0.2995661,0.34192818,0.2947199
0.26332882,0.26755282,0.2614314,0.2924024,0.25669655
0.24221921,0.24680352,0.24080841,0.3103459,0.22589074
0.23112313,0.23544899,0.23523706,0.3013091,0.23150821
0.24465494,0.24404487,0.24148528,0.30796453,0.24987338
0.2960758,0.29500404,0.29040593,0.29811096,0.32829475
0.37564275,0.39397243,0.3837865,0.31278884,0.42163008
0.46657646,0.4636277,0.46955776,0.30867332,0.5035762
0.54018945,0.531647,0.5412363,0.358581,0.58900243
0.5989175,0.595878,0.59400094,0.49276733,0.6268358
0.6525034,0.64372015,0.64360976,0.5510834,0.6424117
0.69066304,0.68312263,0.69202757,0.64384925,0.6960698
0.714479,0.70956206,0.7197484,0.6736216,0.67961013
0.7420839,0.7337744,0.7337124,0.6988141,0.6887959
0.74857914,0.7474394,0.7644224,0.70869166,0.65962344
0.7526387,0.7410526,0.756117,0.70253116,0.68051094
0.75507444,0.75620884,0.76422966,0.7349867,0.6865187
0.7450609,0.742391,0.7519557,0.70315963,0.6522737
0.71772665,0.72785467,0.7181846,0.69002753,0.6817895
0.7012179,0.6939914,0.69070077,0.65071225,0.6410716
0.6993234,0.7038208,0.6879113,0.62254936,0.6498283
0.6211096,0.6366621,0.6453521,0.5130029,0.5920516
0.5052774,0.49905553,0.50303733,0.46758473,0.45852858
0.40108255,0.4030775,0.39802453,0.41463923,0.37018237
0.33504736,0.33068663,0.3294657,0.3462755,0.2988488
0.2925575,0.30156782,0.29695457,0.3418367,0.24912904
0.26576453,0.27274075,0.26978728,0.34541577,0.21528561
0.25439784,0.25693372,0.25581664,0.35898912,0.23078854
0.2722598,0.26723978,0.26495314,0.33251822,0.2539463
0.3225981,0.32511052,0.31897634,0.35467792,0.32570356
0.40487143,0.4211634,0.4051497,0.32709193,0.41465455
0.4985115,0.49823508,0.50334847,0.35637376,0.5020307
0.5718539,0.56800663,0.5785972,0.37877557,0.5858913
0.6300406,0.6283362,0.6286566,0.50301284,0.61478937
0.68173206,0.6747843,0.6775003,0.5879526,0.6401974
0.7196211,0.7118317,0.72255224,0.69327277,0.6765854
0.74695534,0.74199575,0.75107855,0.7239846,0.66563416
0.7710419,0.77029634,0.7715269,0.76921195,0.6905049
0.77916104,0.7753428,0.7894855,0.8025503,0.6420363
0.77374834,0.77298665,0.7880521,0.7595314,0.6712756
0.76562923,0.7717404,0.7760128,0.7840093,0.66994643
0.74614346,0.7442539,0.75564903,0.5864074,0.6451317
0.7163735,0.72711825,0.7173343,0.6639215,0.6701357
0.70744246,0.6914724,0.6923227,0.61875635,0.627343
0.7060893,0.7061379,0.6979222,0.57959026,0.6377818
0.6330176,0.6381428,0.65198505,0.5155942,0.5755828
0.5239513,0.5129276,0.5178835,0.54427075,0.44717726
0.4270636,0.42778954,0.420485,0.5313824,0.36512855
0.35994586,0.36106214,0.35906565,0.4743632,0.2901702
0.31339648,0.3251317,0.32009888,0.43663394,0.24926575
0.28687415,0.28992787,0.2888779,0.4332323,0.21739735
0.2744249,0.28088,0.2783535,0.3952461,0.21786804
0.28308526,0.2873722,0.28352958,0.4112308,0.2434087
0.32584575,0.32673886,0.3195209,0.37081188,0.3198141
0.3983762,0.41526142,0.39955983,0.36943072,0.41625202
0.48227334,0.48885915,0.49144536,0.3559776,0.49192375
0.541272,0.5524542,0.5621717,0.3685971,0.5858751
0.5745602,0.59087884,0.5922307,0.42218012,0.6056264
0.6,0.6049497,0.60841036,0.4834705,0.6311318
0.6121786,0.6112,0.62642944,0.52550995,0.67811835
0.6140731,0.6092198,0.62638384,0.6095999,0.6603334
0.61515564,0.61939013,0.617862,0.6293285,0.6831009
0.60622466,0.6035735,0.6145363,0.65737295,0.63287836
0.5916103,0.5872047,0.60182637,0.66919494,0.66507745
0.5840325,0.5844396,0.59654266,0.6645678,0.66246986
0.5696888,0.56915057,0.5967257,0.654193,0.63451207
0.54154265,0.5511732,0.56635904,0.63066316,0.6444759
0.5185386,0.5253364,0.5381544,0.58627313,0.6197938
0.5225981,0.5224005,0.52029645,0.51321924,0.6286189
0.46359947,0.48305354,0.5004651,0.40137434,0.5576161
0.37618405,0.36987105,0.3764591,0.3141805,0.43827003
0.29120433,0.29624715,0.29402003,0.29864258,0.36369523
0.22598106,0.23524678,0.23023252,0.299322,0.29472548
0.1864682,0.19338745,0.18526694,0.2347573,0.24149321
0.16373478,0.16785559,0.16244009,0.24727783,0.21154155
0.15290934,0.15846738,0.15054406,0.2611643,0.19315019
0.15669824,0.155256,0.15322018,0.27325514,0.20427884
0.1759134,0.17150673,0.1758133,0.2666989,0.24231373
0.21163735,0.21498433,0.21267386,0.27207384,0.29154545
0.27956697,0.2872804,0.26471025,0.28082186,0.34754115
0.3564276,0.3561897,0.3510737,0.33608615,0.4512326
0.40730718,0.41375613,0.41720867,0.4021957,0.5119585
0.42787552,0.43452194,0.43994313,0.44931835,0.53238976
0.4316644,0.43145624,0.43822277,0.4789827,0.5675378
0.4308525,0.42030373,0.43378213,0.5083168,0.5509889
0.42462787,0.4249299,0.43404227,0.5119772,0.5545747
0.42138025,0.41538277,0.42566383,0.5113463,0.5176292
0.42598104,0.42654562,0.43180704,0.53700924,0.5596063
0.43978348,0.4370688,0.44815674,0.50401175,0.5587317
0.45520973,0.44928813,0.45835438,0.5249029,0.55979085
0.44763193,0.45336893,0.4587382,0.49873644,0.5750591
0.4443843,0.43996027,0.44378272,0.47824943,0.55451965
0.44682002,0.46336922,0.4513755,0.44034147,0.55940485
0.38782138,0.40321705,0.41388497,0.35978258,0.49573725
0.3142084,0.30856118,0.3094821,0.28018746,0.40058607
0.23788904,0.245653,0.24421175,0.2636768,0.32659465
0.18240866,0.18240365,0.18125542,0.2483783,0.27806625
0.15453315,0.1552186,0.14986536,0.22785023,0.18892993
0.13802436,0.14494976,0.14017,0.20515758,0.17016084
0.12665765,0.13378313,0.13105316,0.23055214,0.16596805
0.13044655,0.12974447,0.12806049,0.23680559,0.17621157
0.1428958,0.14252016,0.14966801,0.2442531,0.20606981
0.16400541,0.17178625,0.17815079,0.2322346,0.22852089
0.22571042,0.23410565,0.21771245,0.23976323,0.30173445
0.3036536,0.30043134,0.29729462,0.2869714,0.3990415
0.36481732,0.36318645,0.35299996,0.33472615,0.46433496
0.39891747,0.40017128,0.3955385,0.40572602,0.4839846
0.4181326,0.4136738,0.4136501,0.45597506,0.5203798
0.42760488,0.42213622,0.42556617,0.5044931,0.51447326
0.42462787,0.4270637,0.43200135,0.5138246,0.5239001
0.4265223,0.41980687,0.42656115,0.52830255,0.48598093
0.43626523,0.43189517,0.44223294,0.5290645,0.53125155
0.45520973,0.45488897,0.46745768,0.51921594,0.534573
0.48064953,0.47030118,0.48983654,0.52117574,0.52125466
0.4820027,0.48295936,0.4978056,0.51097584,0.5710133
0.49282816,0.47894832,0.4757475,0.4699828,0.5222438
0.4925575,0.50905204,0.4853841,0.4485352,0.52481294
0.41948578,0.4368308,0.4399205,0.36961213,0.4929477
0.32746956,0.3221251,0.3258783,0.30301338,0.35632563
0.25845736,0.25093183,0.24394672,0.28719884,0.29904497
0.21705006,0.20663682,0.20527077,0.22472689,0.24515931
0.18836266,0.19287172,0.18885724,0.23716742,0.23520763
0.17618403,0.17431498,0.1704087,0.23005413,0.21685307
0.17456022,0.17009932,0.17353807,0.24465969,0.2188903
0.19837618,0.19012001,0.18812443,0.2249305,0.23789226
0.25764546,0.25264102,0.24289994,0.27215445,0.31287944
0.35805142,0.3467724,0.3371547,0.25973037,0.40358934
0.43815967,0.4520528,0.45175177,0.29309577,0.48085898
0.48254398,0.4858558,0.48317388,0.30869865,0.5719962
0.5277402,0.5158975,0.50761515,0.3343829,0.619501
0.5705007,0.5623634,0.55402005,0.35400045,0.62677276
0.5978349,0.58578527,0.5934192,0.43735868,0.6898061
0.6156969,0.5983994,0.6116481,0.5385675,0.6748872
0.62516916,0.62603843,0.6269698,0.5987755,0.67958903
0.62219214,0.62012494,0.63575983,0.64518845,0.6515974
0.61163735,0.61101216,0.6230962,0.60473293,0.674332
0.61001354,0.6119844,0.6102084,0.59659606,0.682967
0.61380243,0.60510653,0.6169765,0.5766098,0.639942
0.617862,0.60816133,0.60903704,0.58071744,0.6722145
0.6230041,0.6113405,0.6180816,0.55867994,0.63488454
0.60866034,0.6280353,0.60861623,0.53879476,0.6424934
0.5307172,0.5358354,0.53673,0.5006816,0.58400846
0.42787552,0.41709128,0.42444545,0.46584737,0.4494241
0.34235454,0.33973035,0.338,0.4370231,0.35685766
0.28822732,0.28906024,0.28354526,0.41506982,0.29360902
0.25548038,0.2641734,0.25573146,0.4105401,0.254291
0.23870094,0.24055791,0.23936775,0.34892297,0.22226043
0.2346414,0.23746827,0.23796913,0.3784296,0.23065831
0.255751,0.25451025,0.25605392,0.3893177,0.24956547
0.31556156,0.31606603,0.31419128,0.33264813,0.32602352
0.4121786,0.41587055,0.41499704,0.36041766,0.41732574
0.4955345,0.5030317,0.5057331,0.3838113,0.50025433
0.55507445,0.54861283,0.54856545,0.41120875,0.58592963
0.60649526,0.6015334,0.6002891,0.49365366,0.62339246
0.6481732,0.6444336,0.6461866,0.5496577,0.6402515
0.6760487,0.6708882,0.6775936,0.5834704,0.69146776
0.69066304,0.68750393,0.6962644,0.6375585,0.67633784
0.7104195,0.70366514,0.69962084,0.6963699,0.68810886
0.7169148,0.7069896,0.7207181,0.674494,0.6552764
0.72070366,0.7083692,0.71741176,0.70870703,0.67759645
0.7236807,0.7235581,0.7264666,0.7319402,0.6843053
0.7201624,0.7137191,0.7222071,0.6766769,0.6490792
0.7012179,0.7114354,0.7039487,0.66926134,0.6786873
0.7028417,0.67970824,0.6800886,0.63019174,0.63731277
0.68660355,0.7074549,0.68777514,0.5598074,0.64638484
0.5978349,0.6100644,0.6126944,0.50992745,0.58923006
0.48227334,0.47393525,0.47985357,0.4818874,0.4555471
0.38592693,0.38355532,0.38253707,0.44157237,0.36853248
0.3179973,0.32417402,0.3217548,0.44726235,0.2947199
0.27956697,0.2865353,0.27822948,0.37918055,0.25669655
0.25899863,0.26457652,0.25861531,0.36851627,0.22589074
0.24682003,0.25537932,0.2529942,0.37475815,0.23150821
0.26251692,0.25997326,0.25942317,0.32527488,0.24987338
0.32151556,0.3151227,0.3150401,0.35549992,0.32829475
0.42300406,0.42476812,0.4202915,0.33915105,0.42163008
0.4895805,0.51981366,0.5271319,0.35201436,0.5035762
0.5404601,0.5355288,0.5381767,0.37048864,0.58900243
0.59133965,0.58505607,0.5882615,0.44981503,0.6268358
0.64086604,0.63269544,0.6344381,0.51657456,0.6424117
0.6806495,0.66483796,0.67885524,0.58686316,0.6960698
0.7052774,0.6977321,0.71197,0.66726243,0.67961013
0.7239513,0.72293496,0.7245964,0.66612977,0.6887959
0.7247632,0.7242328,0.7361077,0.7044322,0.65962344
0.7269283,0.71429646,0.7291955,0.7123188,0.68051094
0.7188092,0.7285521,0.742553,0.68264973,0.6865187
0.7044655,0.70144475,0.71514755,0.70541644,0.6522737
0.6790257,0.6875142,0.6877661,0.584094,0.6817895
0.68525034,0.6549007,0.66087687,0.53612214,0.6410716
0.66495264,0.6907294,0.6751424,0.5331183,0.6498283
0.5705007,0.5842428,0.5943947,0.47914124,0.5920516
0.4549391,0.44893605,0.45188928,0.44650686,0.45852858
0.36481732,0.35947588,0.35554135,0.41970694,0.37018237
0.3052774,0.30385613,0.3027925,0.37759477,0.2988488
0.27361298,0.27574247,0.26987743,0.39335197,0.24912904
0.25223276,0.26101342,0.25674334,0.3776474,0.21528561
0.2443843,0.24699137,0.24591492,0.37026322,0.23078854
0.2630582,0.25966316,0.25931627,0.36947268,0.2539463
0.32719892,0.31650928,0.31173804,0.3461532,0.32570356
0.43951285,0.43434474,0.41708884,0.34685075,0.41465455
0.5052774,0.54049325,0.5438951,0.33464086,0.5020307
0.5377537,0.546628,0.5542338,0.36810994,0.5858913
0.5577808,0.570209,0.5749097,0.38635808,0.61478937
0.5745602,0.5819211,0.585695,0.41335475,0.6401974
0.5797023,0.58093095,0.59538203,0.45340377,0.6765854
0.5737483,0.57232344,0.58829844,0.49786824,0.66563416
0.56887686,0.57424796,0.56966174,0.53398377,0.6905049
0.5545331,0.5548686,0.5635828,0.5757334,0.6420363
0.54397833,0.535866,0.5532393,0.57521677,0.6712756
0.5423545,0.5420908,0.56164825,0.56673366,0.66994643
0.5420839,0.53736514,0.5635936,0.5814589,0.6451317
0.541272,0.5399717,0.54990554,0.5318783,0.6701357
0.55372125,0.54064935,0.55498123,0.5182217,0.627343
0.54154265,0.56583434,0.5513934,0.45373422,0.6377818
0.46955344,0.4752686,0.48197544,0.40922865,0.5755828
0.37753722,0.36762002,0.37360814,0.3923664,0.44717726
0.29120433,0.29770836,0.29757828,0.3711567,0.36512855
0.23788904,0.2357817,0.23525292,0.3335749,0.2901702
0.20811908,0.2127446,0.20897119,0.28138784,0.24926575
0.19161029,0.19634265,0.19171427,0.2851255,0.21739735
0.18322057,0.18812904,0.18588178,0.28873375,0.21786804
0.20135318,0.20000833,0.19273081,0.28520015,0.2434087
0.2608931,0.2455003,0.24066095,0.30698475,0.3198141
0.3548038,0.35257313,0.34204036,0.31325948,0.41625202
0.4316644,0.44212177,0.4458147,0.31853932,0.49192375
0.48227334,0.47358164,0.47948936,0.3232181,0.5858751
0.5158322,0.5150969,0.5141976,0.37555557,0.6056264
0.55020297,0.5410612,0.53707474,0.44352275,0.6311318
0.57618403,0.56146044,0.5725514,0.5327335,0.67811835
0.59133965,0.57785267,0.5930193,0.59295756,0.6603334
0.61028415,0.5991722,0.6044128,0.622537,0.6831009
0.62002707,0.60950625,0.6292667,0.658742,0.63287836
0.62354535,0.61366534,0.63102394,0.6416443,0.66507745
0.6248985,0.62598765,0.6307578,0.6478907,0.66246986
0.61921513,0.6107903,0.62541485,0.61721724,0.63451207
0.60649526,0.6034175,0.61156595,0.5921439,0.6444759
0.61190796,0.5888171,0.60093987,0.6021622,0.6197938
0.6081191,0.6227752,0.59459245,0.49953938,0.6286189
0.5426252,0.5474155,0.54326606,0.46479726,0.5576161
0.4511502,0.43705413,0.44208556,0.44310182,0.43827003
0.36400542,0.3600086,0.36344346,0.42775536,0.36369523
0.2985115,0.3065351,0.30362105,0.43285298,0.29472548
0.26035184,0.26942545,0.26197773,0.37591112,0.24149321
0.23599459,0.24466538,0.24247782,0.43902147,0.21154155
0.2232747,0.23022363,0.22871889,0.37917286,0.19315019
0.22598106,0.23184857,0.23407991,0.39669424,0.20427884
0.24492557,0.24527603,0.26366553,0.39264098,0.24231373
0.282544,0.288149,0.3066793,0.373744,0.29154545
0.34424898,0.3643389,0.34890342,0.4052632,0.34754115
0.4248985,0.4205471,0.40884662,0.4311185,0.4512326
0.48416778,0.4939398,0.4882617,0.43869162,0.5119585
0.52151555,0.5234562,0.5279921,0.4863258,0.53238976
0.54018945,0.5418444,0.5493729,0.5669236,0.5675378
0.5491204,0.5476162,0.5536355,0.6061958,0.5509889
0.54830855,0.55199325,0.55568415,0.6408309,0.5545747
0.54830855,0.5436734,0.54525256,0.6508971,0.5176292
0.55318,0.5467268,0.55082476,0.66024405,0.5596063
0.561299,0.56020564,0.5728847,0.6804704,0.5587317
0.5729364,0.5681363,0.5855923,0.7070773,0.55979085
0.5767253,0.5684099,0.5852159,0.66036147,0.5750591
0.5853857,0.57348216,0.571885,0.6473242,0.55451965
0.5686062,0.5944183,0.5734041,0.6030917,0.55940485
0.51285523,0.50930536,0.5167604,0.57918215,0.49573725
0.43193504,0.4263104,0.4313452,0.5581842,0.40058607
0.3534506,0.3524785,0.34752983,0.5583299,0.32659465
0.3001353,0.29647857,0.2899904,0.5220742,0.27806625
0.26495263,0.2730517,0.26468897,0.5104388,0.1436568
0.2435724,0.24124187,0.24407293,0.48966086,0.11539279
0.23220569,0.23004293,0.2343128,0.47505605,0.13214679
0.2278755,0.23879728,0.23508398,0.43841797,0.14147139
0.2414073,0.24373266,0.24383827,0.44358397,0.1747524
0.26711774,0.28149447,0.28079316,0.41632372,0.17979135
0.32476318,0.3245093,0.3241515,0.3594439,0.25915506
0.41461435,0.40303466,0.40155974,0.44138265,0.32128963
0.49012178,0.48322365,0.48504123,0.50121427,0.38565516
0.53667116,0.5267803,0.53466666,0.6113687,0.3956594
0.5629229,0.55454326,0.56194735,0.68047285,0.41840065
0.57780784,0.5764971,0.5759335,0.704356,0.40955067
0.5767253,0.5772917,0.5854566,0.70748645,0.41921455
0.582138,0.5733763,0.57661253,0.72047037,0.3754586
0.5867388,0.58627623,0.595178,0.7156018,0.38074318
0.5956698,0.59386295,0.6068783,0.6773231,0.42330915
0.60189444,0.60343075,0.62215555,0.7087982,0.42433155
0.59485793,0.6074069,0.61224186,0.7168022,0.4646983
0.59512854,0.60830575,0.58814025,0.6236394,0.42113262
0.5799729,0.5619118,0.58194625,0.60224384,0.42165405
0.51610285,0.5137961,0.5357732,0.5199753,0.39499962
0.43572396,0.42060247,0.43337476,0.47216606,0.27238068
0.35534507,0.35339767,0.35658577,0.47520167,0.22384052
0.30067658,0.29498655,0.29144028,0.42742747,0.15596305
0.2668471,0.27079883,0.26181427,0.4496097,0.15205133
0.24384303,0.25013945,0.24412818,0.43478638,0.16135144
0.23734777,0.23422667,0.2313866,0.4270165,0.13889
0.24600811,0.25114712,0.24253304,0.42925942,0.16464287
0.26332882,0.30482435,0.27273545,0.44247693,0.2510149
0.29715833,0.34263405,0.30762213,0.44655442,0.361502
0.34993234,0.3420074,0.36367124,0.4212734,0.43009135
0.4216509,0.41709182,0.4224949,0.40823758,0.47194755
0.4909337,0.47667316,0.48459622,0.4016384,0.50528306
0.54018945,0.5301167,0.5387657,0.46756232,0.51730865
0.5631935,0.5596194,0.57112736,0.4838481,0.5249151
0.56346416,0.5643116,0.5747211,0.5655093,0.52822995
0.5529093,0.5648266,0.5586362,0.6012561,0.53085977
0.5445196,0.5353779,0.54457235,0.61320716,0.494022
0.54830855,0.52961004,0.54529196,0.6036598,0.5047784
0.5677943,0.5498363,0.57269555,0.61745334,0.52280545
0.5921516,0.57062864,0.6038749,0.6211876,0.5211303
0.591069,0.6016872,0.60731643,0.6301632,0.5415323
0.6002706,0.600841,0.58150154,0.5978675,0.5258235
0.5664411,0.563249,0.59341514,0.54910785,0.51832056
0.48227334,0.48020098,0.5071134,0.53364617,0.4380793
0.3856563,0.3739264,0.39168793,0.39275736,0.3581107
0.30717185,0.3025259,0.29994795,0.39574102,0.2500537
0.25602165,0.24828187,0.24826394,0.38106948,0.20294277
0.2278755,0.23439765,0.22008914,0.37223887,0.17246084
0.21244925,0.21356738,0.20752944,0.3631001,0.17144814
0.21163735,0.21015781,0.20454483,0.34071934,0.15668868
0.2346414,0.23279038,0.22194478,0.31744337,0.1823468
0.30473614,0.30833852,0.27367088,0.34922248,0.26870126
0.42273343,0.4254537,0.39289695,0.35804176,0.3758491
0.48822734,0.49185798,0.5368503,0.33996654,0.45208287
0.5255751,0.51893663,0.52941966,0.3512851,0.48749048
0.5661705,0.5511689,0.5596852,0.4003258,0.5119417
0.60324764,0.59154725,0.59579945,0.49010324,0.5303546
0.6211096,0.6146956,0.6239917,0.5602634,0.5288114
0.63058186,0.6214018,0.6292962,0.57115334,0.5347656
0.634912,0.63293314,0.6374227,0.6082251,0.54419214
0.6262517,0.6191304,0.6401175,0.60319763,0.5019642
0.6135318,0.61449796,0.62607634,0.6142873,0.5091438
0.6129905,0.60893524,0.62516916,0.5918748,0.52674234
0.61001354,0.6041351,0.6324306,0.493581,0.53304356
0.6021651,0.6132131,0.611575,0.5310386,0.55018795
0.6097429,0.610353,0.6077788,0.5301935,0.5339209
0.5853857,0.5723405,0.59749234,0.50679296,0.52674425
0.49607578,0.5054636,0.5130345,0.4551859,0.4463581
0.38782138,0.38857263,0.39034182,0.3783211,0.36311066
0.3112314,0.3046786,0.29978877,0.35009143,0.26037002
0.25520974,0.2604575,0.26113248,0.3142125,0.20850484
0.2240866,0.22855559,0.22323062,0.34505612,0.17459266
0.2067659,0.21041119,0.20824182,0.26860943,0.17453451
0.2,0.20353138,0.20458925,0.30329627,0.1578476
0.21813262,0.22090796,0.21767543,0.26655358,0.18296373
0.2833559,0.28768453,0.27167282,0.26185888,0.26982337
0.3916103,0.40326616,0.38403824,0.24067298,0.38002822
0.45250338,0.45392632,0.4873159,0.2830436,0.4529364
0.48606226,0.480123,0.48983756,0.269904,0.4908464
0.5069012,0.5100908,0.521644,0.4159475,0.51490283
0.53504735,0.51998997,0.52894974,0.47767216,0.53215057
0.5480379,0.54649377,0.5564792,0.5295668,0.5328305
0.5585927,0.5422996,0.55674076,0.55218,0.53754437
0.56941813,0.56340206,0.5634308,0.5463547,0.5449994
0.5661705,0.55978864,0.5739738,0.5888567,0.50578594
0.56725305,0.55563563,0.5671438,0.6069871,0.51192254
0.56941813,0.5662942,0.5877859,0.55701673,0.52978295
0.56941813,0.56211185,0.581039,0.57676685,0.53705835
0.5594046,0.56970465,0.56908005,0.52435774,0.5530257
0.57428956,0.57376814,0.5573687,0.50008637,0.5369203
0.55074424,0.54169357,0.5636865,0.45208567,0.53064746
0.4700947,0.46929148,0.47387594,0.39138246,0.44831577
0.3677943,0.36384025,0.3691857,0.36628485,0.3655157
0.2790257,0.28481874,0.28383952,0.34830937,0.26048306
0.22733423,0.22091666,0.22143051,0.3223765,0.21237193
0.19864681,0.20283219,0.19855864,0.30734944,0.17223583
0.18159676,0.18530717,0.18266739,0.2776314,0.16964236
0.17483085,0.1804573,0.17622228,0.28869477,0.16121468
0.19296347,0.19662863,0.18859124,0.2907015,0.18631832
0.2592693,0.25999147,0.24215077,0.2890942,0.27568945
0.3691475,0.37666175,0.35789254,0.2888065,0.36823887
0.42868742,0.4323216,0.46039683,0.253896,0.4589659
0.45439783,0.45423716,0.45967716,0.29977477,0.48789722
0.46711773,0.47454703,0.4798506,0.3023451,0.50894
0.47713125,0.4756812,0.48326975,0.37188476,0.5290586
0.48227334,0.47708762,0.48653942,0.39631903,0.5268677
0.4820027,0.47488907,0.48890093,0.44605988,0.5299225
0.47848445,0.48310265,0.48467067,0.46495605,0.5488254
0.47117728,0.46206275,0.47532335,0.5145806,0.4953745
0.46576455,0.46113476,0.47347122,0.55646616,0.5043006
0.46711773,0.46495903,0.48613566,0.5283739,0.52234864
0.4714479,0.46754843,0.49224997,0.5295418,0.52423584
0.46738836,0.48529723,0.48667872,0.5024519,0.5401462
0.49012178,0.49251685,0.48404112,0.4689877,0.52419126
0.47388363,0.4517534,0.4924683,0.4178179,0.5216103
0.39133966,0.40493158,0.41022456,0.3097992,0.44648576
0.2976996,0.29063126,0.29353935,0.25783464,0.36259866
0.21190798,0.22360632,0.22013263,0.2234599,0.26345968
0.16373478,0.1595591,0.15880707,0.17357114,0.20510463
0.13856563,0.14441776,0.13751657,0.17416878,0.18000047
0.124492556,0.12469933,0.12368116,0.1956847,0.17453499
0.12232747,0.12792623,0.119935766,0.21002564,0.15534127
0.14018944,0.14658588,0.13683215,0.24955246,0.1787489
0.20703654,0.20261773,0.18387508,0.26753125,0.27328905
0.31258458,0.31662306,0.303873,0.29179573,0.36834767
0.37753722,0.37146297,0.39616156,0.30286533,0.4498955
0.4008119,0.40367392,0.40718725,0.35110506,0.48710644
0.41759133,0.41639513,0.4186443,0.38504696,0.4967246
0.43193504,0.4293716,0.43146473,0.41124055,0.51628804
0.43545333,0.43061945,0.4401195,0.41078207,0.5222203
0.43328822,0.42258653,0.4366401,0.4257915,0.5209515
0.43734777,0.4333554,0.43404412,0.43918812,0.5399087
0.42679295,0.42770514,0.44630125,0.44441175,0.48264575
0.41786197,0.41589063,0.4259122,0.4521234,0.496405
0.4156969,0.42006886,0.4290548,0.4545359,0.51786166
0.41948578,0.41327062,0.4315775,0.45196545,0.51395637
0.4181326,0.42612305,0.43371534,0.44003987,0.5182028
0.43653587,0.4404731,0.43932113,0.41610909,0.5027425
0.42192152,0.4058907,0.4348537,0.37242538,0.5110426
0.3661705,0.36699793,0.35866815,0.30301496,0.4298517
0.28741542,0.28282112,0.28563055,0.30912963,0.35318232
0.21217862,0.21451196,0.2158994,0.24760185,0.2597828
0.16589986,0.15992033,0.1654928,0.22751914,0.20686527
0.13694182,0.14619023,0.14416714,0.1937359,0.19166389
0.12016238,0.12762341,0.12511069,0.21008548,0.15334582
0.118538566,0.120463245,0.118719146,0.20027387,0.15791719
0.12611638,0.13579533,0.13574356,0.20488723,0.17040223
0.14641407,0.1565401,0.1633183,0.24093494,0.20513304
0.191069,0.19585773,0.20283833,0.23628667,0.23177697
0.25385657,0.26434,0.24874997,0.25829867,0.3205709
0.32584575,0.32193452,0.30462778,0.26535016,0.36945617
0.36725304,0.37577325,0.3732229,0.32317594,0.41568464
0.38457376,0.38720074,0.38917214,0.3336119,0.43665388
0.39133966,0.386176,0.3925566,0.3894654,0.4518959
0.3907984,0.3882011,0.39321446,0.44001245,0.43837234
0.38511503,0.38816357,0.39008585,0.44883466,0.44754133
0.3813261,0.38002405,0.3821439,0.47129184,0.40968528
0.3797023,0.38540342,0.38651365,0.4703406,0.41254786
0.3907984,0.3900182,0.392943,0.46587884,0.4428529
0.41163734,0.4083952,0.41407782,0.43724662,0.45663166
0.4240866,0.42785224,0.42786074,0.4342273,0.477687
0.4376184,0.45290133,0.42927152,0.4270532,0.4423152
0.41380244,0.4076854,0.42192873,0.38725293,0.4480314
0.3526387,0.35763112,0.35294268,0.32491708,0.4102394
0.2811908,0.2769108,0.273758,0.28302222,0.31097162
0.21488498,0.22189426,0.21333265,0.22820616,0.2541126
0.16860622,0.1727339,0.167392,0.2417717,0.19189498
0.14073072,0.14973485,0.14147949,0.23565549,0.1436568
0.12719892,0.12817529,0.1270939,0.21728969,0.11539279
0.12097429,0.12438948,0.1260987,0.22788817,0.13214679
0.12584573,0.1323117,0.13170038,0.23008044,0.14147139
0.14316644,0.14558256,0.15665491,0.2545094,0.1747524
0.17131259,0.17988175,0.19784822,0.25027493,0.17979135
0.22625169,0.23712102,0.23509085,0.26733693,0.25915506
0.30338296,0.2989729,0.28746217,0.25786495,0.32128963
0.36184034,0.35858753,0.34941137,0.3032096,0.38565516
0.3907984,0.3910868,0.3896491,0.35279635,0.3956594
0.3948579,0.39928183,0.4031341,0.3469783,0.41840065
0.39539918,0.39309958,0.3922273,0.35458416,0.40955067
0.38078484,0.38958707,0.39255375,0.44333923,0.41921455
0.36481732,0.3690696,0.3720771,0.4799639,0.3754586
0.35832205,0.35988978,0.36235148,0.48982686,0.38074318
0.3753721,0.3710126,0.37777987,0.49469477,0.42330915
0.40243572,0.3965167,0.41849902,0.47104627,0.42433155
0.41082543,0.42477852,0.42793214,0.46294534,0.4646983
0.43220568,0.43353423,0.41370785,0.4247986,0.42113262
0.40703654,0.39804247,0.42632914,0.33843225,0.42165405
0.32313937,0.34649125,0.34955794,0.2641093,0.39499962
0.23924223,0.23797888,0.23977406,0.20977455,0.27238068
0.1729364,0.17961538,0.16994871,0.19000062,0.22384052
0.13288227,0.13965309,0.12471838,0.11994028,0.15596305
0.11150203,0.11686956,0.106401816,0.18996786,0.15205133
0.10365359,0.097928986,0.09825246,0.18410124,0.16135144
0.10473613,0.1107583,0.10334666,0.23165125,0.13889
0.13342355,0.12960166,0.1206719,0.24393809,0.16464287
0.20811908,0.20101392,0.18314497,0.28603625,0.2510149
0.32530448,0.31735328,0.30090964,0.30672735,0.361502
0.39106902,0.39057884,0.42111224,0.32781583,0.43009135
0.4135318,0.41734064,0.4218928,0.35250932,0.47194755
0.42273343,0.4259676,0.43110532,0.40308958,0.50528306
0.43870094,0.42800245,0.42998564,0.43901318,0.51730865
0.44221923,0.43464512,0.44425547,0.4511634,0.5249151
0.4419486,0.42614204,0.43838185,0.43973613,0.52822995
0.4443843,0.43973973,0.43839192,0.45222574,0.53085977
0.43707713,0.4313226,0.45081833,0.46660018,0.494022
0.42976996,0.423166,0.4424357,0.457354,0.5047784
0.43220568,0.4342527,0.44392794,0.45127386,0.52280545
0.44573748,0.43829486,0.45041543,0.42335898,0.5211303
0.45872802,0.46011624,0.46148524,0.42018688,0.5415323
0.4925575,0.48539767,0.47722757,0.407193,0.5258235
0.45953992,0.45654538,0.47624046,0.3617307,0.51832056
0.3745602,0.3789858,0.37178695,0.3240226,0.4380793
0.28281462,0.27413028,0.27854568,0.30556166,0.3581107
0.20595399,0.20983967,0.20771508,0.28937674,0.2500537
0.16427605,0.156975,0.15787226,0.22865714,0.20294277
0.138295,0.15176219,0.14262047,0.1978246,0.17246084
0.12801082,0.12828866,0.1257995,0.19608048,0.17144814
0.12746955,0.13551381,0.13109428,0.17021903,0.15668868
0.14939107,0.15540054,0.15305457,0.21430421,0.1823468
0.21569689,0.22660643,0.21924238,0.2200487,0.26870126
0.33125845,0.33353117,0.33006355,0.24255301,0.3758491
0.40108255,0.39604592,0.40167987,0.25993556,0.45208287
0.43139377,0.4310869,0.42510837,0.294307,0.48749048
0.45737484,0.45150518,0.45324042,0.3399647,0.5119417
0.48470905,0.4752345,0.4751281,0.33860472,0.5303546
0.4947226,0.4896334,0.49758983,0.34958714,0.5288114
0.49418133,0.49010924,0.49764636,0.39355052,0.5347656
0.4955345,0.49595687,0.4940954,0.43221343,0.54419214
0.4863329,0.4809082,0.49905977,0.4587943,0.5019642
0.48579162,0.47802892,0.48347256,0.4862005,0.5091438
0.49878213,0.49308595,0.4988679,0.51994115,0.52674234
0.5169147,0.5061284,0.5156292,0.49887788,0.53304356
0.5285521,0.53097147,0.51818556,0.47889692,0.55018795
0.5583221,0.54593635,0.52903354,0.46174675,0.5339209
0.5261164,0.52491546,0.53277266,0.44412112,0.52674425
0.4473613,0.4425253,0.43365303,0.41664153,0.4463581
0.35074425,0.34898138,0.3465292,0.42663556,0.36311066
0.27794316,0.27210465,0.2670215,0.40151542,0.26037002
0.2330176,0.2287746,0.23072399,0.39074457,0.20850484
0.20405954,0.2133865,0.20909968,0.38303185,0.17459266
0.19431664,0.19094327,0.1916665,0.39378336,0.17453451
0.19431664,0.19452003,0.19906734,0.38760293,0.1578476
0.22083898,0.21933937,0.21947107,0.39575648,0.18296373
0.29228687,0.29359993,0.28965357,0.41633326,0.26982337
0.42083898,0.41284195,0.40532073,0.4075272,0.38002822
0.50094724,0.4905388,0.503814,0.41832125,0.4529364
0.5374831,0.5279612,0.5234767,0.44185907,0.4908464
0.5889039,0.5555717,0.5609581,0.5257029,0.51490283
0.64573747,0.60919833,0.6212174,0.5852789,0.53215057
0.6874154,0.6636788,0.6762109,0.7166899,0.5328305
0.7150203,0.7015815,0.7109293,0.76680106,0.53754437
0.747226,0.720292,0.73463345,0.7983554,0.5449994
0.7640054,0.7438942,0.771354,0.75754374,0.50578594
0.7767253,0.7648809,0.77132595,0.8041045,0.51192254
0.7897158,0.7753321,0.7790017,0.76908785,0.52978295
0.7810555,0.7747457,0.78116256,0.76326,0.53705835
0.7675237,0.76475817,0.7538656,0.69644094,0.5530257
0.7829499,0.76240236,0.7533208,0.6788617,0.5369203
0.729364,0.75189465,0.7515819,0.5683013,0.53064746
0.6202977,0.6263529,0.61649466,0.52951705,0.44831577
0.49336943,0.5003526,0.49608284,0.55854595,0.3655157
0.40135318,0.4015588,0.3943414,0.45311904,0.26048306
0.34073073,0.34111562,0.34392774,0.4090711,0.21237193
0.30554804,0.31049207,0.30648917,0.46377927,0.17223583
0.28606224,0.29055557,0.2894591,0.41566092,0.16964236
0.2774019,0.28238785,0.28772533,0.4075163,0.16121468
0.2901218,0.29724494,0.30604497,0.42171144,0.18631832
0.35236806,0.35288772,0.36091053,0.42875576,0.27568945
0.47225982,0.47825065,0.46410352,0.4364046,0.36823887
0.5377537,0.55118924,0.5685507,0.41982287,0.4589659
0.57564276,0.56893146,0.5800463,0.4355473,0.48789722
0.6129905,0.6053455,0.6223403,0.4830675,0.50894
0.64925575,0.63605297,0.65698105,0.53072965,0.5290586
0.6652233,0.6651443,0.68764997,0.59076035,0.5268677
0.65629226,0.67004913,0.68794864,0.6277844,0.5299225
0.6525034,0.65276384,0.6544709,0.6374155,0.5488254
0.6362652,0.63841563,0.6486255,0.6367974,0.4953745
0.6197564,0.6156441,0.6334163,0.6698262,0.5043006
0.62679297,0.60659873,0.6370822,0.6123413,0.52234864
0.6365359,0.61710095,0.657442,0.62372303,0.52423584
0.6368065,0.6443149,0.6402274,0.62240845,0.5401462
0.63355887,0.6462536,0.627536,0.5802241,0.52419126
0.59133965,0.5840124,0.6051024,0.5156809,0.5216103
0.5098782,0.5043053,0.5180744,0.45439023,0.44648576
0.41867387,0.40693453,0.40829703,0.44890755,0.36259866
0.33640054,0.34111127,0.33799788,0.40489724,0.26345968
0.27415428,0.2793977,0.2802494,0.37357605,0.20510463
0.2443843,0.24585226,0.23806705,0.38025314,0.18000047
0.22571042,0.23343286,0.22822791,0.32491493,0.17453499
0.22192152,0.22297314,0.21855815,0.3438518,0.15534127
0.2397835,0.24231508,0.23484059,0.3316909,0.1787489
0.30094722,0.3050439,0.2834211,0.3378424,0.27328905
0.41948578,0.41836235,0.38805312,0.32596135,0.36834767
0.48822734,0.48971888,0.5302339,0.32408613,0.4498955
0.5166441,0.5182317,0.5250743,0.32465768,0.48710644
0.54181325,0.5353618,0.5431467,0.3418687,0.4967246
0.5653586,0.55462164,0.56692266,0.3576275,0.51628804
0.5699594,0.5695392,0.58185655,0.42840004,0.5222203
0.56589985,0.5536813,0.5706513,0.4736417,0.5209515
0.5631935,0.5579992,0.5650438,0.46484548,0.5399087
0.5437077,0.5384141,0.56424606,0.47984672,0.48264575
0.5328823,0.5239805,0.53713477,0.48393553,0.496405
0.5166441,0.5305297,0.55332416,0.4206888,0.51786166
0.51231396,0.5008172,0.526386,0.39489728,0.51395637
0.5044655,0.5177443,0.5264109,0.36140615,0.5182028
0.50581867,0.51985824,0.51127917,0.34281814,0.5027425
0.46901217,0.4626668,0.5008157,0.30751312,0.5110426
0.40405953,0.40891704,0.40943736,0.2669009,0.4298517
0.3217862,0.32255104,0.3258949,0.2519745,0.35318232
0.24519621,0.24992055,0.24988009,0.25425676,0.2597828
0.18971583,0.19318414,0.19437334,0.24495709,0.20686527
0.15913397,0.16434747,0.15956643,0.25566673,0.19166389
0.14100136,0.14705384,0.14246987,0.24645446,0.15334582
0.13504736,0.13884902,0.13463122,0.25701776,0.15791719
0.14370771,0.14382902,0.14539394,0.25381356,0.17040223
0.16535859,0.16911876,0.17586592,0.28232688,0.20513304
0.21190798,0.21232218,0.21721365,0.26657945,0.23177697
0.27767253,0.28245524,0.272343,0.2686569,0.3205709
0.34316644,0.3448829,0.33846653,0.28534344,0.36945617
0.3805142,0.38983878,0.39464062,0.3235491,0.41568464
0.39296347,0.39645937,0.40393135,0.35529864,0.43665388
0.39269283,0.38875625,0.39700404,0.38166243,0.4518959
0.38430312,0.38055697,0.38974887,0.42647666,0.43837234
0.3745602,0.37250078,0.37792754,0.45572573,0.44754133
0.36265224,0.36372554,0.36956924,0.48034078,0.40968528
0.35615698,0.35920438,0.36491248,0.49756688,0.41254786
0.36671177,0.3626862,0.37000412,0.4807129,0.4428529
0.38078484,0.3883824,0.3930839,0.4525584,0.45663166
0.3902571,0.3953078,0.3938139,0.4224224,0.477687
0.4143437,0.41763368,0.40304118,0.412112,0.4423152
0.394046,0.3897287,0.4127196,0.34821594,0.4480314
0.33477673,0.34282628,0.34336233,0.29804975,0.4102394
0.258728,0.26319495,0.26373634,0.2641901,0.31097162
0.1924222,0.19987392,0.1914694,0.23563969,0.2541126
0.14451963,0.15564969,0.14724757,0.2098756,0.19189498
0.117997296,0.12599674,0.118055105,0.18570924,0.1436568
0.09905277,0.11290423,0.1048228,0.2180771,0.11539279
0.092016235,0.10109063,0.091484874,0.18509036,0.13214679
0.097428955,0.10232375,0.09627856,0.22290738,0.14147139
0.11474966,0.11798205,0.11660205,0.22696224,0.1747524
0.14749661,0.14954722,0.15352759,0.23783486,0.17979135
0.20649527,0.215583,0.20996593,0.26122075,0.25915506
0.2782138,0.27943733,0.27074468,0.2820191,0.32128963
0.32341,0.3277984,0.32281446,0.38467324,0.38565516
0.34100136,0.34611586,0.3446672,0.37591302,0.3956594
0.34235454,0.34545866,0.34760553,0.4002237,0.41840065
0.3458728,0.33663866,0.338905,0.41612774,0.40955067
0.34181327,0.34324583,0.34652716,0.44291043,0.41921455
0.33667117,0.3364614,0.34202924,0.4582184,0.3754586
0.34343708,0.3375468,0.34455118,0.4649331,0.38074318
0.36644113,0.3609404,0.37222052,0.459911,0.42330915
0.3962111,0.38992384,0.40725362,0.45309728,0.42433155
0.41299054,0.4185804,0.42546862,0.43043727,0.4646983
0.44330177,0.43816522,0.42113805,0.41094905,0.42113262
0.4037889,0.4095051,0.42878217,0.36340576,0.42165405
0.32368064,0.3352922,0.32842284,0.32610148,0.39499962
0.2414073,0.23914114,0.2395315,0.29300737,0.27238068
0.1797023,0.18123746,0.1698121,0.28133267,0.22384052
0.1391069,0.1450023,0.13365899,0.2509411,0.15596305
0.118538566,0.12089922,0.112325996,0.22131507,0.15205133
0.10960758,0.1029705,0.1065924,0.22389343,0.16135144
0.11150203,0.11213977,0.11117603,0.21319775,0.13889
0.13504736,0.13274494,0.13378313,0.22402352,0.16464287
0.20351827,0.20115039,0.19202797,0.23797843,0.2510149
0.32341,0.30964556,0.2986136,0.25993574,0.361502
0.39783493,0.39011517,0.40688223,0.27257967,0.43009135
0.42435724,0.42865947,0.42423248,0.31529766,0.47194755
0.44546685,0.43887582,0.43879005,0.24732201,0.50528306
0.46062246,0.45471612,0.4582397,0.24724942,0.51730865
0.467659,0.45787784,0.46626434,0.29554778,0.5249151
0.46359947,0.4570685,0.46885228,0.33990413,0.52822995
0.45764548,0.45973384,0.46099475,0.3591896,0.53085977
0.44303113,0.4400163,0.4605886,0.42958122,0.494022
0.42814615,0.42788854,0.44560948,0.41315988,0.5047784
0.43220568,0.43219838,0.43851763,0.39335424,0.52280545
0.44844383,0.44252667,0.45783663,0.46318454,0.5211303
0.46359947,0.46291733,0.46621138,0.44333375,0.5415323
0.49878213,0.48747733,0.48336995,0.37667525,0.5258235
0.45818675,0.45828828,0.4841626,0.27639517,0.51832056
0.37320703,0.37614363,0.3741193,0.23007166,0.4380793
0.2790257,0.27580228,0.28021628,0.18787771,0.3581107
0.20027064,0.20494184,0.20294861,0.19453308,0.2500537
0.15426251,0.15342864,0.1502098,0.19659226,0.20294277
0.12774019,0.1409435,0.12896423,0.19447102,0.17246084
0.11637348,0.1187103,0.11348431,0.20941915,0.17144814
0.12043302,0.12686658,0.11714399,0.22924103,0.15668868
0.14830853,0.1514596,0.14673252,0.2797506,0.1823468
0.2232747,0.22471228,0.2175351,0.3049475,0.26870126
0.34100136,0.34338602,0.34394827,0.32375968,0.3758491
0.39458728,0.40383318,0.41349727,0.3435099,0.45208287
0.40324762,0.41216043,0.4110109,0.3809261,0.48749048
0.41028416,0.41506195,0.42184484,0.4178115,0.5119417
0.4173207,0.41941878,0.42108613,0.413477,0.5303546
0.41623816,0.4160845,0.41959813,0.4169348,0.5288114
0.40920162,0.40737742,0.41086355,0.43184328,0.5347656
0.4075778,0.4119049,0.40264392,0.42827302,0.54419214
0.39729363,0.40290952,0.40613663,0.438927,0.5019642
0.3907984,0.3931613,0.3912107,0.45251757,0.5091438
0.40405953,0.40005246,0.40143967,0.4366266,0.52674234
0.42625168,0.42265934,0.43365484,0.4509923,0.53304356
0.4481732,0.44962627,0.44381434,0.4426347,0.55018795
0.4895805,0.47807032,0.46875826,0.4068159,0.5339209
0.455751,0.4536341,0.4715667,0.3372609,0.52674425
0.37428957,0.37490255,0.36746016,0.2621413,0.4463581
0.27713126,0.27761248,0.27679718,0.25436157,0.36311066
0.20108254,0.20432305,0.19793634,0.25005913,0.26037002
0.15290934,0.15876874,0.15560073,0.22032642,0.20850484
0.12963465,0.13350368,0.12847438,0.23643507,0.17459266
0.11962111,0.11822016,0.11872777,0.21836022,0.17453451
0.116644114,0.12403462,0.12146415,0.22961462,0.1578476
0.14424899,0.14141369,0.1352745,0.24134819,0.18296373
0.21732071,0.21585539,0.2103811,0.26011264,0.26982337
0.341272,0.33280843,0.33281004,0.26368475,0.38002822
0.39566982,0.40151283,0.4082209,0.27365512,0.4529364
0.40866035,0.40559343,0.40609154,0.2967137,0.4908464
0.41948578,0.41713008,0.42521974,0.3272688,0.51490283
0.42868742,0.4259487,0.42856687,0.3329739,0.53215057
0.4338295,0.42450592,0.4309613,0.4057563,0.5328305
0.43220568,0.42246297,0.43317038,0.41224492,0.53754437
0.4368065,0.43523693,0.43215555,0.44141734,0.5449994
0.43193504,0.4312674,0.44559097,0.42635995,0.50578594
0.4300406,0.42565325,0.43631652,0.42748046,0.51192254
0.4338295,0.43603507,0.44658598,0.41793627,0.52978295
0.44682002,0.43840495,0.4555977,0.41735715,0.53705835
0.46495265,0.460291,0.46911615,0.41483724,0.5530257
0.49499324,0.49477884,0.48470682,0.39472097,0.5369203
0.45656294,0.45689964,0.47245306,0.3238632,0.53064746
0.37645468,0.37468055,0.36885816,0.24242492,0.44831577
0.28389716,0.2760804,0.28039598,0.21407461,0.3655157
0.21055481,0.2071329,0.2073433,0.20527412,0.26048306
0.16454668,0.16026226,0.16515546,0.17764762,0.21237193
0.13802436,0.14408168,0.14149404,0.19491035,0.17223583
0.12638701,0.12341223,0.12620446,0.19260646,0.16964236
0.1255751,0.13272929,0.128721,0.2093574,0.16121468
0.14993234,0.15136898,0.15123941,0.21501872,0.18631832
0.22273342,0.22295809,0.22229297,0.24335349,0.27568945
0.34235454,0.3391209,0.3333034,0.2528756,0.36823887
0.40162382,0.4031497,0.40699992,0.27270353,0.4589659
0.42192152,0.41429833,0.41985422,0.26532963,0.48789722
0.43572396,0.43487003,0.44029832,0.33196503,0.50894
0.45304465,0.44112974,0.44623947,0.34358746,0.5290586
0.46224627,0.45349354,0.46113035,0.39195448,0.5268677
0.4638701,0.4571567,0.46586636,0.43737626,0.5299225
0.4692828,0.4691545,0.46686703,0.45422852,0.5488254
0.46711773,0.46474522,0.47675878,0.47694963,0.4953745
0.46414074,0.46255884,0.47078007,0.4662342,0.5043006
0.4692828,0.46493778,0.4758798,0.46210957,0.52234864
0.4768606,0.47027203,0.48761216,0.45140773,0.52423584
0.48416778,0.48783675,0.48767096,0.44074643,0.5401462
0.51474965,0.5118312,0.49437308,0.42853087,0.52419126
0.47794315,0.4754823,0.49476326,0.3374281,0.5216103
0.39648172,0.39593422,0.39020345,0.2521389,0.44648576
0.29824087,0.29482627,0.29984915,0.22541335,0.36259866
0.22002706,0.22107229,0.21806112,0.2159549,0.26345968
0.16833559,0.16924146,0.17116599,0.20374136,0.20510463
0.14262517,0.14683911,0.14044361,0.19383371,0.18000047
0.12801082,0.12767932,0.12995806,0.17059523,0.17453499
0.12665765,0.13087642,0.12703195,0.19972987,0.15534127
0.14912044,0.1512604,0.15005608,0.22946519,0.1787489
0.21380244,0.2176758,0.21708302,0.23065652,0.27328905
0.32963464,0.327513,0.32155937,0.2275025,0.36834767
0.38836265,0.39352128,0.4047086,0.25898498,0.4498955
0.41759133,0.41072336,0.41127795,0.25363836,0.48710644
0.43815967,0.43680438,0.44416058,0.32672304,0.4967246
0.46062246,0.45218253,0.4544183,0.35223502,0.51628804
0.46901217,0.46470198,0.47308326,0.43719077,0.5222203
0.4692828,0.4626008,0.47329813,0.47460467,0.5209515
0.4760487,0.47548586,0.47162238,0.48408455,0.5399087
0.4660352,0.47281137,0.48394334,0.4844486,0.48264575
0.46305817,0.45794097,0.46207133,0.50134504,0.496405
0.45872802,0.46720624,0.47932625,0.47933674,0.51786166
0.45656294,0.45016575,0.47060403,0.49083847,0.51395637
0.45899865,0.4569452,0.4647252,0.46513742,0.5182028
0.48227334,0.4812754,0.47337675,0.44783348,0.5027425
0.44248986,0.4510979,0.47190833,0.3643905,0.5110426
0.37699595,0.37288383,0.36507615,0.31530172,0.4298517
0.2993234,0.29292107,0.29230672,0.2559129,0.35318232
0.22814615,0.2291221,0.22897203,0.23025934,0.2597828
0.17374831,0.17644641,0.18137327,0.23280142,0.20686527
0.14235453,0.15100425,0.14633182,0.19773152,0.19166389
0.12476319,0.12785953,0.12939969,0.20017229,0.15334582
0.117997296,0.12516147,0.1232816,0.21840982,0.15791719
0.11745602,0.13050476,0.13370936,0.21076304,0.17040223
0.14316644,0.1420623,0.15185772,0.24610204,0.20513304
0.19161029,0.19449082,0.20979372,0.23304084,0.23177697
0.25818673,0.2671133,0.24990766,0.24485421,0.3205709
0.32151556,0.33045337,0.3154,0.2714414,0.36945617
0.35372123,0.3694634,0.36642185,0.2690387,0.41568464
0.37266576,0.37367603,0.37588382,0.3052821,0.43665388
0.37320703,0.37569413,0.38368425,0.37130243,0.4518959
0.36833557,0.36527348,0.37025657,0.47339523,0.43837234
0.3631935,0.36530805,0.36341655,0.5246214,0.44754133
0.34857917,0.35930222,0.35869333,0.5358847,0.40968528
0.35101488,0.34743318,0.34353063,0.5302445,0.41254786
0.37347767,0.3648648,0.37419963,0.5307565,0.4428529
0.39648172,0.39766607,0.4091578,0.5291323,0.45663166
0.41705006,0.4123993,0.4150654,0.5083681,0.477687
0.43815967,0.44690606,0.42985943,0.49148256,0.4423152
0.40622464,0.40994456,0.42065686,0.4517538,0.4480314
0.3488498,0.3464816,0.3453567,0.42841512,0.4102394
0.28092015,0.27748188,0.27584442,0.4021634,0.31097162
0.21921515,0.2234714,0.21281871,0.35388562,0.2541126
0.17428958,0.17779556,0.17152677,0.36357504,0.19189498
0.14830853,0.15510851,0.14727473,0.33933532,0.1436568
0.13477673,0.13524693,0.13588668,0.32258266,0.11539279
0.13125846,0.13181686,0.13236293,0.32372642,0.13214679
0.13261163,0.14432782,0.14173415,0.31844017,0.14147139
0.15047361,0.15157017,0.15845577,0.30567366,0.1747524
0.18457375,0.18715909,0.20230402,0.30536807,0.17979135
0.23518267,0.25117168,0.24998643,0.28332168,0.25915506
0.3060893,0.30420575,0.28892362,0.31751627,0.32128963
0.35994586,0.35656953,0.34819263,0.29018617,0.38565516
0.3872801,0.38808802,0.3843039,0.32087618,0.3956594
0.4008119,0.39624774,0.3970613,0.33043092,0.41840065
0.40405953,0.40427354,0.40336254,0.3596698,0.40955067
0.39458728,0.39937356,0.40295333,0.39455014,0.41921455
0.3840325,0.38563588,0.38953668,0.44730055,0.3754586
0.37997293,0.38231906,0.38917533,0.46141595,0.38074318
0.3924222,0.39445367,0.40336126,0.46148127,0.42330915
0.41596752,0.41062945,0.4314857,0.45898116,0.42433155
0.43815967,0.4376823,0.44542146,0.4265442,0.4646983
0.45548037,0.46461877,0.44603312,0.33767432,0.42113262
0.4075778,0.41363862,0.4332363,0.2718414,0.42165405
0.32611638,0.33938378,0.3382611,0.2223776,0.39499962
0.24627875,0.24428385,0.24753796,0.2123014,0.27238068
0.1805142,0.1874575,0.17904547,0.194305,0.22384052
0.1399188,0.14543885,0.13258252,0.18247478,0.15596305
0.11935047,0.12267131,0.11350772,0.21067297,0.15205133
0.111772664,0.10556684,0.10728215,0.23085548,0.16135144
0.11420839,0.11712342,0.11379576,0.22721137,0.13889
0.13856563,0.13747925,0.13490808,0.29530558,0.16464287
0.21380244,0.20397785,0.19195363,0.276821,0.2510149
0.3428958,0.3241253,0.3096255,0.2982559,0.361502
0.4051421,0.41186154,0.43692878,0.33459127,0.43009135
0.42625168,0.42620614,0.4314495,0.3432293,0.47194755
0.4414073,0.43873474,0.44547337,0.35313627,0.50528306
0.45439783,0.4485114,0.4524998,0.3717755,0.51730865
0.45845738,0.4503935,0.45904905,0.39112967,0.5249151
0.44248986,0.4439477,0.4558971,0.40195444,0.52822995
0.43788904,0.4305291,0.42916068,0.4341398,0.53085977
0.42516914,0.42129174,0.43951836,0.44643736,0.494022
0.41867387,0.40855443,0.42562938,0.45284373,0.5047784
0.4284168,0.4253653,0.43503892,0.4547813,0.52280545
0.45548037,0.44185248,0.4539795,0.44535023,0.5211303
0.48985115,0.47526476,0.47737414,0.45126265,0.5415323
0.5101488,0.51727897,0.5060299,0.4145388,0.5258235
0.45818675,0.45908195,0.47860813,0.37426284,0.51832056
0.38024357,0.37413627,0.3691103,0.35624003,0.4380793
0.28958052,0.28599036,0.28937852,0.33027703,0.3581107
0.21488498,0.21362078,0.21339613,0.32992077,0.2500537
0.16968876,0.16736534,0.16765328,0.29441243,0.20294277
0.14722598,0.15537852,0.14560401,0.28354722,0.17246084
0.13585927,0.13977641,0.13603783,0.25804877,0.17144814
0.13504736,0.14314753,0.13706411,0.26785833,0.15668868
0.15778078,0.16352326,0.15814255,0.25454593,0.1823468
0.23518267,0.23416424,0.22485824,0.27151763,0.26870126
0.3610284,0.35888764,0.36408907,0.26492214,0.3758491
0.41596752,0.42345542,0.42635566,0.25847575,0.45208287
0.42598104,0.4281225,0.42859674,0.26063585,0.48749048
0.43734777,0.4368828,0.44259477,0.29997027,0.5119417
0.4481732,0.44599485,0.4481759,0.33357596,0.5303546
0.44465494,0.44777197,0.4502652,0.37034488,0.5288114
0.4384303,0.43472284,0.43599793,0.41901332,0.5347656
0.43788904,0.44061345,0.4348699,0.4315639,0.54419214
0.4300406,0.4294004,0.4416025,0.46124268,0.5019642
0.42760488,0.42775574,0.4294181,0.46414596,0.5091438
0.43788904,0.43865654,0.44465634,0.4613583,0.52674234
0.46549392,0.4531455,0.46717262,0.45494252,0.53304356
0.4976996,0.493279,0.48932227,0.4257719,0.55018795
0.520433,0.52147484,0.5055445,0.39649194,0.5339209
0.46549392,0.47055456,0.48742494,0.33097947,0.52674425
0.38159674,0.3805596,0.37221366,0.31457305,0.4463581
0.28606224,0.287766,0.28602576,0.29192364,0.36311066
0.21028417,0.21331441,0.20852454,0.2634888,0.26037002
0.16725305,0.16643974,0.16382943,0.23783508,0.20850484
0.14397834,0.14919862,0.14430617,0.24482706,0.17459266
0.1331529,0.13407192,0.13137187,0.20771398,0.17453451
0.13071719,0.13542828,0.13431022,0.2578611,0.1578476
0.15507442,0.15525898,0.1530018,0.25104654,0.18296373
0.22760487,0.22498536,0.22882496,0.2814265,0.26982337
0.3564276,0.3445098,0.3460145,0.27251518,0.38002822
0.41461435,0.41913438,0.42358243,0.28090462,0.4529364
0.42733425,0.42357388,0.42783183,0.29986787,0.4908464
0.4324763,0.43552485,0.4435931,0.32504365,0.51490283
0.44330177,0.43647632,0.43818647,0.3525929,0.53215057
0.44330177,0.44141987,0.4454177,0.36756793,0.5328305
0.44221923,0.428633,0.4401299,0.4104687,0.53754437
0.44465494,0.44395733,0.44409117,0.41767645,0.5449994
0.43410012,0.43432367,0.4510687,0.42719752,0.50578594
0.42949933,0.42407742,0.4322879,0.4387011,0.51192254
0.4359946,0.43502194,0.45009172,0.44467902,0.52978295
0.4600812,0.44400612,0.4681217,0.43408036,0.53705835
0.4947226,0.4810029,0.4886433,0.41082546,0.5530257
0.5171854,0.5223858,0.5078879,0.39158916,0.5369203
0.4668471,0.46874946,0.4829146,0.3355527,0.53064746
0.38267928,0.38144812,0.37628663,0.31037307,0.44831577
0.28687415,0.28385893,0.2863888,0.30111283,0.3655157
0.21650879,0.210462,0.20972195,0.25929362,0.26048306
0.16995941,0.16788203,0.1738359,0.23809445,0.21237193
0.14614344,0.14943615,0.14516534,0.2205931,0.17223583
0.13477673,0.13346305,0.13419323,0.20034486,0.16964236
0.132341,0.14009431,0.13569604,0.2107088,0.16121468
0.15859269,0.15735418,0.15424548,0.24491887,0.18631832
0.23355886,0.23196474,0.22977798,0.26912084,0.27568945
0.36265224,0.35222188,0.3504454,0.271464,0.36823887
0.42110962,0.4252005,0.43066475,0.26199734,0.4589659
0.4359946,0.42799795,0.4331286,0.29089758,0.48789722
0.44627875,0.4452004,0.45151478,0.3282537,0.50894
0.455751,0.44782954,0.45526725,0.3427723,0.5290586
0.4562923,0.45192894,0.458309,0.38160908,0.5268677
0.4503383,0.444326,0.4544862,0.41384196,0.5299225
0.44763193,0.44946697,0.448888,0.44354737,0.5488254
0.4338295,0.43478617,0.44985303,0.43221158,0.4953745
0.4284168,0.42352235,0.4300909,0.4673692,0.5043006
0.43220568,0.4328249,0.44655856,0.46801472,0.52234864
0.44871446,0.4392365,0.46003702,0.46549606,0.52423584
0.48146144,0.47145692,0.4749261,0.43988568,0.5401462
0.5098782,0.5147263,0.49931306,0.40450752,0.52419126
0.46820027,0.46269277,0.48263767,0.34769303,0.5216103
0.38836265,0.38742104,0.38209686,0.34769946,0.44648576
0.29526386,0.29118618,0.29393375,0.3246264,0.36259866
0.21921515,0.22133598,0.21943508,0.30442607,0.26345968
0.17131259,0.16947967,0.17204678,0.28625837,0.20510463
0.14533153,0.15189996,0.14637007,0.2762028,0.18000047
0.13288227,0.13160145,0.13233772,0.26040345,0.17453499
0.13450609,0.13661897,0.13256414,0.24455196,0.15534127
0.15615697,0.1603711,0.157847,0.23196031,0.1787489
0.22625169,0.2247087,0.21671407,0.25009206,0.27328905
0.34912044,0.3427271,0.342401,0.26132983,0.36834767
0.4075778,0.41361132,0.4215619,0.28212065,0.4498955
0.42787552,0.42536458,0.42132697,0.29077187,0.48710644
0.44113666,0.44244257,0.4474007,0.3053717,0.4967246
0.4549391,0.45083073,0.45080802,0.31270498,0.51628804
0.4571042,0.45435098,0.45994914,0.31873062,0.5222203
0.4503383,0.44429466,0.45441562,0.39024812,0.5209515
0.4451962,0.44890895,0.4460764,0.43014246,0.5399087
0.42949933,0.4322507,0.44503838,0.45298022,0.48264575
0.42056835,0.42030886,0.4242301,0.49073297,0.496405
0.42273343,0.42697743,0.4320408,0.49302685,0.51786166
0.4292287,0.42589366,0.44661394,0.49489486,0.51395637
0.44898513,0.4397969,0.44934356,0.4811393,0.5182028
0.4638701,0.47616652,0.47005934,0.4263528,0.5027425
0.42543977,0.42230746,0.44441918,0.29653594,0.5110426
0.3645467,0.3639137,0.3523188,0.27211598,0.4298517
0.28606224,0.2831271,0.28347448,0.22980016,0.35318232
0.21461435,0.21469426,0.21646859,0.23380128,0.2597828
0.16292287,0.1649087,0.16942745,0.21135497,0.20686527
0.13179973,0.14100555,0.13702363,0.23725022,0.19166389
0.117997296,0.122029506,0.1183321,0.23690191,0.15334582
0.11231394,0.12100951,0.11832757,0.23589124,0.15791719
0.117997296,0.12804762,0.12820072,0.23659182,0.17040223
0.1488498,0.14661318,0.15878554,0.25614637,0.20513304
0.20514208,0.20183289,0.22643647,0.24778876,0.23177697
0.27253044,0.27964655,0.26818585,0.2856207,0.3205709
0.33748308,0.33605376,0.3247621,0.28318685,0.36945617
0.36833557,0.38041246,0.3797399,0.3420813,0.41568464
0.37320703,0.38108495,0.38497823,0.38272744,0.43665388
0.37050068,0.3691784,0.37283748,0.40538356,0.4518959
0.3623816,0.36043873,0.36407882,0.43944937,0.43837234
0.35020298,0.35812923,0.35391402,0.44914818,0.44754133
0.3404601,0.3436828,0.34109694,0.44358164,0.40968528
0.341272,0.34322232,0.34067565,0.46085948,0.41254786
0.35236806,0.35520002,0.3604222,0.44469345,0.4428529
0.37699595,0.37469193,0.37955078,0.44470447,0.45663166
0.40243572,0.3969768,0.40475482,0.43878627,0.477687
0.4202977,0.4355415,0.4138001,0.3998714,0.4423152
0.3788904,0.38797507,0.40365994,0.30091152,0.4480314
0.3201624,0.320968,0.31553897,0.27160317,0.4102394
0.25304466,0.25152424,0.24886654,0.21293205,0.31097162
0.18782137,0.1976789,0.18792671,0.23249406,0.2541126
0.14262517,0.15079704,0.14061524,0.19747168,0.19189498
0.11393775,0.1253404,0.11691369,0.21726292,0.1436568
0.1014885,0.10862426,0.100146264,0.22585122,0.11539279
0.09418133,0.1046426,0.099804506,0.23235592,0.13214679
0.10013532,0.10647822,0.10307382,0.25678068,0.14147139
0.122056834,0.12212456,0.13148,0.24169478,0.1747524
0.16481732,0.16281393,0.18128057,0.25055507,0.17979135
0.22516915,0.23570403,0.23782079,0.24771653,0.25915506
0.2968877,0.2936684,0.2808149,0.24801779,0.32128963
0.33991882,0.3440857,0.3360771,0.26760116,0.38565516
0.35290933,0.35877964,0.3576198,0.31202114,0.3956594
0.35507444,0.35503238,0.3560301,0.35440993,0.41840065
0.3496617,0.35065725,0.35087237,0.4484108,0.40955067
0.34100136,0.34351975,0.34295106,0.5153255,0.41921455
0.33125845,0.33537713,0.33881125,0.48956007,0.3754586
0.33802435,0.33095926,0.33681273,0.50569516,0.38074318
0.3661705,0.35755557,0.36928964,0.49102944,0.42330915
0.40433016,0.392539,0.41472352,0.49206614,0.42433155
0.4465494,0.43148747,0.43606853,0.47029918,0.4646983
0.45953992,0.47798464,0.4553601,0.42271662,0.42113262
0.4135318,0.41140172,0.42172018,0.34231317,0.42165405
0.3309878,0.3424693,0.3414865,0.2986589,0.39499962
0.25169146,0.24552727,0.24360766,0.2632637,0.27238068
0.18592693,0.18908334,0.1802235,0.23938513,0.22384052
0.1450609,0.15022323,0.13666698,0.23520786,0.15596305
0.12232747,0.12688974,0.118304715,0.22849426,0.15205133
0.11474966,0.10814003,0.10879025,0.22285402,0.16135144
0.11637348,0.117374845,0.11566007,0.24898492,0.13889
0.14181326,0.13924223,0.13765115,0.27456698,0.16464287
0.21732071,0.21024469,0.20541291,0.27021238,0.2510149
0.34857917,0.33060467,0.32607734,0.26278663,0.361502
0.41001353,0.41701397,0.43219328,0.2613396,0.43009135
0.42435724,0.427493,0.42631376,0.25303346,0.47194755
0.43355885,0.43179357,0.4369165,0.28134152,0.50528306
0.44600812,0.43763903,0.44173032,0.30520982,0.51730865
0.45060894,0.44223893,0.45026064,0.31246462,0.5249151
0.4495264,0.43747675,0.4481625,0.40683088,0.52822995
0.45277402,0.44928053,0.44854233,0.48590422,0.53085977
0.4392422,0.44277284,0.46358132,0.4869911,0.494022
0.43355885,0.4253253,0.44197574,0.48016733,0.5047784
0.44086602,0.44182187,0.45506716,0.46941388,0.52280545
0.46305817,0.45058152,0.47207153,0.47291726,0.5211303
0.5044655,0.482134,0.49143642,0.45660347,0.5415323
0.52638704,0.5349761,0.51999,0.42410648,0.5258235
0.47334236,0.4758231,0.49222678,0.32139158,0.51832056
0.38511503,0.38425797,0.38120842,0.28659952,0.4380793
0.29445195,0.28299665,0.28820807,0.2705218,0.3581107
0.21677943,0.21765968,0.21857575,0.23059112,0.2500537
0.16887686,0.16721556,0.1670686,0.23107365,0.20294277
0.14235453,0.14992246,0.14266798,0.22027862,0.1678554
0.13125846,0.13995272,0.12845543,0.21215281,0.1498823
0.12909336,0.13648072,0.13255055,0.2609253,0.15027687
0.15480378,0.15572184,0.15297249,0.24420737,0.16834566
0.22895806,0.23237768,0.23344716,0.24568766,0.24923949
0.3594046,0.36418986,0.35353765,0.24752142,0.3920061
0.41542625,0.4290143,0.4257466,0.24571995,0.46636754
0.42868742,0.42456362,0.42747736,0.2583896,0.45989496
0.44303113,0.44073096,0.44782627,0.2736979,0.4913532
0.45602164,0.45499286,0.4560851,0.310605,0.48708993
0.46197563,0.46194485,0.460693,0.35439563,0.50680065
0.46305817,0.458911,0.46253636,0.4084621,0.47823638
0.46955344,0.46856606,0.46474582,0.44907492,0.4715035
0.46495265,0.46493348,0.475021,0.45399278,0.43806082
0.4625169,0.4601039,0.46494928,0.459939,0.45056152
0.46820027,0.47173047,0.47918338,0.443793,0.4700123
0.48146144,0.48304042,0.494465,0.458175,0.50953287
0.5136671,0.5266908,0.5002375,0.41936558,0.5516945
0.53207034,0.5095985,0.52414703,0.40255523,0.536077
0.46711773,0.5024276,0.49678326,0.29713476,0.49373645
0.3856563,0.39042822,0.37002406,0.22991504,0.41095915
0.2901218,0.29049915,0.29320434,0.23980957,0.31541348
0.21921515,0.21594211,0.21061908,0.20571545,0.23947461
0.17618403,0.17410913,0.1742356,0.1778357,0.18322398
0.15128551,0.155384,0.15305062,0.18273409,0.16876988
0.13694182,0.14551601,0.13961941,0.18449229,0.15211487
0.13477673,0.13732615,0.13795106,0.20467308,0.15037923
0.15696888,0.15568602,0.1603833,0.22172731,0.1683313
0.22949933,0.22703978,0.22930294,0.20843863,0.24896158
0.3496617,0.36187938,0.3430589,0.2288523,0.3939839
0.4105548,0.41749367,0.416848,0.2407713,0.46869397
0.42949933,0.4240723,0.43238366,0.27048194,0.46258044
0.44871446,0.4448348,0.44815835,0.2945854,0.49328655
0.47171855,0.4617373,0.46293426,0.31049764,0.48971146
0.47929636,0.47990224,0.48333928,0.38541216,0.5101417
0.48416778,0.4757399,0.48335677,0.4669724,0.47980237
0.49526387,0.49584767,0.49021566,0.51185083,0.47348326
0.4963464,0.49502763,0.50616425,0.51855385,0.44000494
0.4909337,0.48965463,0.5027303,0.54861027,0.45265812
0.4863329,0.50063705,0.50574356,0.5129173,0.47125947
0.4871448,0.49153194,0.50450134,0.53426594,0.51183903
0.51907986,0.52484477,0.5034753,0.4895069,0.55398077
0.53667116,0.514094,0.5321477,0.44418705,0.5374877
0.48985115,0.5093716,0.49641144,0.37054467,0.4961356
0.4046008,0.42669338,0.403167,0.32876867,0.41206473
0.30175912,0.30954656,0.30730614,0.25020117,0.3181428
0.22652233,0.22594222,0.22075696,0.24079317,0.23940067
0.1797023,0.17429966,0.18000558,0.2489314,0.1845239
0.14614344,0.15758285,0.15343612,0.21084952,0.17394066
0.12963465,0.13545105,0.12733196,0.19348836,0.14763182
0.12341002,0.13046703,0.12665479,0.20215833,0.15302616
0.14749661,0.14527145,0.14158647,0.17994556,0.17444925
0.21407308,0.21836105,0.21343613,0.2335035,0.25757003
0.33396482,0.34695065,0.32054794,0.22777005,0.39588118
0.39052776,0.40504253,0.41574886,0.26737618,0.4723184
0.41028416,0.40737042,0.41300833,0.26860714,0.46277028
0.42814615,0.42912737,0.4350259,0.3482604,0.4900319
0.4451962,0.43964472,0.4455889,0.36448473,0.4804873
0.45006767,0.4535565,0.4553145,0.43188065,0.50525945
0.45006767,0.44841418,0.45405748,0.4769439,0.47497022
0.45656294,0.4608303,0.45341197,0.4988274,0.47232246
0.45087957,0.4548714,0.46236598,0.5273768,0.43257305
0.4443843,0.439663,0.44856387,0.5268843,0.44349924
0.44492558,0.4530426,0.45797294,0.52015007,0.47800648
0.45169148,0.45719227,0.47038513,0.52369535,0.5008611
0.49364007,0.5021435,0.47205514,0.5041134,0.54019535
0.50798374,0.49603555,0.51431733,0.4944833,0.5281563
0.46278754,0.47242948,0.47712782,0.3636792,0.48658723
0.3864682,0.39285746,0.38449487,0.3709706,0.41390613
0.29228687,0.29321936,0.29328918,0.30931807,0.31360286
0.21975642,0.21944523,0.21342772,0.2879178,0.24108432
0.16995941,0.1729345,0.17258799,0.30155396,0.19151752
0.14560217,0.14398831,0.14156087,0.31093225,0.18012075
0.12774019,0.13697857,0.13384414,0.27843833,0.15051322
0.12638701,0.1252664,0.12418862,0.250314,0.14126903
0.1458728,0.14526266,0.14630765,0.23307039,0.16299441
0.21434371,0.21130532,0.19982046,0.23642153,0.2515844
0.33856562,0.34193715,0.32076663,0.23552032,0.3814094
0.40243572,0.41154155,0.4206308,0.26231056,0.4587394
0.42462787,0.42144468,0.42319265,0.27299985,0.46046364
0.44330177,0.44131348,0.4449713,0.30598962,0.4692502
0.4579161,0.45329756,0.4576585,0.3287499,0.47896767
0.4533153,0.45866767,0.4646446,0.41899043,0.5049946
0.4451962,0.43849772,0.44912085,0.4551013,0.4592973
0.44167796,0.44284555,0.44363016,0.4808964,0.4739884
0.4300406,0.4249794,0.4448495,0.50762117,0.40012264
0.41488498,0.4117022,0.4278319,0.5184226,0.42433786
0.41461435,0.41754785,0.4216804,0.5113219,0.46809453
0.42679295,0.42879924,0.4423104,0.5012478,0.47727668
0.4660352,0.47466624,0.45403403,0.47612977,0.5113891
0.46711773,0.46134236,0.48843414,0.46310818,0.499686
0.42625168,0.43465066,0.44015193,0.38278872,0.46521568
0.36292288,0.37292722,0.35914558,0.34031695,0.40409026
0.28714478,0.28610438,0.27920508,0.32153928,0.29314756
0.21055481,0.21965173,0.21819295,0.2897075,0.2384158
0.16373478,0.15904656,0.16035736,0.28351134,0.18867
0.13450609,0.14341176,0.13963592,0.28035015,0.18680342
0.12016238,0.13265869,0.12039751,0.27819172,0.13629314
0.11231394,0.11953954,0.11956613,0.26188725,0.1453583
0.12124492,0.12110043,0.12677573,0.26643795,0.1625168
0.14830853,0.15125987,0.16371864,0.27236497,0.17813323
0.19864681,0.21225789,0.22344245,0.26922882,0.23554493
0.26955345,0.26835647,0.26367092,0.28563607,0.3122086
0.33342355,0.3437058,0.32622254,0.29134005,0.34803736
0.36644113,0.37721488,0.37416273,0.29125506,0.40318328
0.37428957,0.3868664,0.38415727,0.30170363,0.41483426
0.36806494,0.3759543,0.37412274,0.3094718,0.43305728
0.3585927,0.35724944,0.35902774,0.351987,0.3931999
0.34343708,0.3477626,0.34982485,0.40483677,0.3942256
0.33396482,0.32947302,0.3322966,0.4380796,0.3585521
0.33044654,0.3370734,0.3331213,0.45932776,0.36001697
0.3428958,0.34836742,0.34740576,0.45422393,0.40456194
0.3759134,0.385159,0.37978172,0.46530962,0.442542
0.41975644,0.4329162,0.41226295,0.4299882,0.47388965
0.41407308,0.4148296,0.43086636,0.41223115,0.4527101
0.37699595,0.3843259,0.38275146,0.35266483,0.41394335
0.32232746,0.3259097,0.322788,0.31498918,0.35923636
0.25466847,0.25744712,0.2502827,0.28218436,0.2675798
0.1962111,0.19846755,0.1880909,0.27736184,0.20450248
0.14641407,0.15747193,0.15404941,0.2574892,0.1628259
0.12016238,0.1276967,0.117176905,0.24924366,0.1348326
0.10690122,0.11760386,0.10788143,0.2508923,0.11690904
0.1014885,0.108519964,0.10427779,0.263107,0.119486764
0.10554804,0.1128378,0.11172113,0.2664116,0.1325266
0.12422192,0.124091245,0.13404761,0.25561133,0.1529951
0.16427605,0.17583239,0.18061231,0.2633193,0.16422488
0.22083898,0.22808793,0.23863383,0.24065381,0.25779474
0.29986468,0.2910683,0.27543685,0.22642988,0.2933998
0.34939107,0.35290256,0.3433726,0.24553823,0.37455338
0.36941814,0.37186792,0.3674279,0.2638986,0.37343293
0.37645468,0.37730017,0.37455562,0.25745058,0.38061967
0.38349122,0.374665,0.37397876,0.28821105,0.3722231
0.3797023,0.37674698,0.38403127,0.32645166,0.37114498
0.3721245,0.36710423,0.38008267,0.339867,0.33060864
0.37564275,0.37145314,0.3792675,0.37035322,0.3456661
0.4097429,0.3973815,0.40622562,0.36916927,0.3936727
0.4495264,0.46040052,0.46604592,0.3496774,0.43215755
0.47983763,0.49426875,0.4743245,0.33825853,0.4734369
0.4533153,0.45991305,0.46968088,0.34393683,0.43914378
0.40162382,0.4011643,0.40183103,0.32930213,0.39894888
0.32584575,0.33623496,0.33739296,0.33259094,0.3597988
0.24086604,0.24507275,0.24394132,0.3342596,0.24444692
0.1797023,0.18029085,0.16780774,0.3493868,0.19354291
0.1399188,0.1441842,0.13375334,0.34815228,0.14394297
0.12043302,0.12531057,0.11342022,0.34939188,0.15663703
0.113667116,0.11727733,0.11091265,0.3653494,0.14254312
0.11529093,0.12037129,0.120802775,0.36757278,0.13768014
0.14235453,0.13441542,0.14612752,0.3786012,0.15225302
0.22056833,0.2132068,0.21288891,0.3780817,0.2342246
0.35696888,0.35164246,0.31930965,0.37929404,0.37313354
0.44682002,0.43625304,0.43879795,0.38121182,0.4444136
0.4668471,0.47520092,0.47901016,0.36887014,0.45064825
0.4728011,0.4778103,0.4796902,0.3784542,0.4868849
0.48687416,0.47516012,0.4798142,0.39704672,0.47739083
0.49418133,0.4883859,0.49216512,0.43317252,0.49705493
0.4909337,0.48463723,0.49662733,0.4286294,0.47675133
0.4939107,0.49048218,0.4912354,0.4451154,0.4651425
0.48822734,0.48195347,0.5035691,0.41762644,0.43021995
0.48606226,0.477446,0.49677557,0.41438413,0.44521976
0.50392425,0.49492046,0.512042,0.4035882,0.46360528
0.51962113,0.524511,0.52996236,0.405155,0.5082925
0.54533154,0.55371463,0.5234699,0.34341577,0.54578775
0.5120433,0.5257193,0.54598826,0.33313876,0.5285379
0.4495264,0.45632738,0.46385998,0.30258083,0.48628265
0.37266576,0.37945417,0.36432716,0.28905955,0.40013042
0.2933694,0.28867003,0.28377774,0.27865332,0.31260112
0.22056833,0.2299026,0.22627872,0.277126,0.23237796
0.17077132,0.17399934,0.1737376,0.25706643,0.17828996
0.1428958,0.15175107,0.14417365,0.26431867,0.1678554
0.13423546,0.14150852,0.13024415,0.2597494,0.1498823
0.13071719,0.14059329,0.14105693,0.26002637,0.15027687
0.14939107,0.15587667,0.1605173,0.20041515,0.16834566
0.22516915,0.22150832,0.22963178,0.19845483,0.24923949
0.3594046,0.36431685,0.35126105,0.231023,0.3920061
0.41515562,0.43426126,0.43477297,0.22093704,0.46636754
0.4224628,0.42585805,0.43016496,0.25280774,0.45989496
0.43410012,0.43433267,0.43741623,0.2756706,0.4913532
0.44113666,0.44660816,0.4458908,0.32913354,0.48708993
0.4376184,0.4448202,0.44344008,0.34522623,0.50680065
0.43112314,0.42926654,0.43398172,0.37668315,0.47823638
0.4308525,0.42987493,0.42689654,0.3989321,0.4715035
0.4181326,0.41838527,0.4299398,0.4250676,0.43806082
0.4075778,0.4085307,0.41740248,0.45605505,0.45056152
0.41163734,0.41216552,0.4327814,0.45242572,0.4700123
0.43301758,0.4392087,0.43903124,0.46849263,0.50953287
0.4930988,0.48768857,0.4483165,0.442092,0.5516945
0.50419486,0.49638006,0.503517,0.39622402,0.536077
0.461705,0.46532133,0.4657948,0.32516068,0.49373645
0.38240865,0.39336166,0.3841514,0.28085482,0.41095915
0.2901218,0.28716218,0.2901516,0.18441291,0.31541348
0.21705006,0.21793994,0.21311069,0.24001208,0.23947461
0.17023005,0.17575985,0.17103735,0.23843665,0.18322398
0.14181326,0.1510933,0.14579046,0.2578937,0.16876988
0.1285521,0.13582373,0.12761903,0.27244037,0.15211487
0.1285521,0.13527659,0.1260054,0.29989737,0.15037923
0.1564276,0.15586305,0.14701653,0.3048031,0.1683313
0.2346414,0.23217335,0.21621943,0.30338585,0.24896158
0.37185386,0.36978412,0.35462493,0.33918506,0.3939839
0.42598104,0.44013062,0.44744292,0.3235907,0.46869397
0.43328822,0.428054,0.42845443,0.33204132,0.46258044
0.43328822,0.43598276,0.4482566,0.38648468,0.49328655
0.43112314,0.43445474,0.4363327,0.41306138,0.48971146
0.4240866,0.42327783,0.42839152,0.41178727,0.5101417
0.4156969,0.41033873,0.41761357,0.44145626,0.47980237
0.41380244,0.4144064,0.41240972,0.45465565,0.47348326
0.408931,0.40301615,0.41859514,0.44499648,0.44000494
0.40189445,0.39900297,0.41351122,0.44529885,0.45265812
0.41082543,0.4123717,0.41308594,0.44717276,0.47125947
0.4376184,0.44545403,0.44622952,0.4482097,0.51183903
0.49688768,0.4981297,0.47508973,0.42812037,0.55398077
0.5017591,0.50063694,0.5162352,0.37779784,0.5374877
0.4633288,0.45861903,0.46047607,0.3201068,0.4961356
0.3856563,0.39352325,0.3839032,0.32385725,0.41206473
0.29066306,0.28955123,0.28944522,0.24542928,0.3181428
0.21542625,0.21514636,0.21217555,0.2504772,0.23940067
0.17185386,0.16770631,0.16879652,0.22636224,0.1845239
0.14424899,0.15216044,0.14890212,0.22794205,0.17394066
0.13558863,0.13937497,0.13067809,0.23367208,0.14763182
0.1361299,0.14143741,0.13956127,0.24003136,0.15302616
0.15994588,0.16201365,0.1605989,0.24801986,0.17444925
0.24113667,0.23598352,0.23019136,0.27244323,0.25757003
0.3745602,0.3768769,0.36999875,0.24901445,0.39588118
0.43112314,0.43799123,0.4296965,0.27409476,0.4723184
0.43815967,0.43295678,0.43772858,0.28487015,0.46277028
0.44384304,0.43714926,0.447711,0.29033303,0.4900319
0.44898513,0.4456853,0.44844824,0.32622564,0.4804873
0.44167796,0.44403028,0.44746584,0.33761626,0.50525945
0.4324763,0.42773154,0.43294042,0.3891686,0.47497022
0.4316644,0.43193832,0.42838722,0.45405096,0.47232246
0.4232747,0.42187145,0.43770796,0.44813436,0.43257305
0.41921514,0.41396257,0.4237068,0.4546867,0.44349924
0.42516914,0.4301599,0.4352181,0.45947444,0.47800648
0.45304465,0.4574354,0.45649385,0.44844985,0.5008611
0.5120433,0.51601326,0.48956895,0.430431,0.54019535
0.5104195,0.5134368,0.5268574,0.38657147,0.5281563
0.4660352,0.46139032,0.46640718,0.31603327,0.48658723
0.39133966,0.39373845,0.38389027,0.30434573,0.41390613
0.29986468,0.2966833,0.29712784,0.2778523,0.31360286
0.22543979,0.22541225,0.2234838,0.2684217,0.24108432
0.17564276,0.17866004,0.17996109,0.24535969,0.19151752
0.1518268,0.14980158,0.14950562,0.22610454,0.18012075
0.1331529,0.14450017,0.14108026,0.22160164,0.15051322
0.132341,0.13216805,0.13003813,0.22146401,0.14126903
0.15669824,0.15188119,0.1548849,0.24690543,0.16299441
0.22516915,0.22850326,0.22792694,0.24101347,0.2515844
0.35128552,0.35219505,0.34449175,0.26682776,0.3814094
0.41380244,0.42053977,0.41748393,0.27718788,0.4587394
0.42895806,0.42687842,0.42623755,0.27706176,0.46046364
0.43707713,0.43737105,0.44437099,0.30426663,0.4692502
0.44303113,0.44136897,0.44342336,0.30021363,0.47896767
0.43951285,0.43625954,0.44146454,0.32012415,0.5049946
0.43355885,0.42344958,0.43290412,0.38228232,0.4592973
0.42760488,0.43337682,0.43133053,0.4483251,0.4739884
0.4189445,0.41096148,0.42771882,0.48309422,0.40012264
0.4046008,0.4053798,0.41917077,0.46546584,0.42433786
0.40487143,0.4113604,0.4130238,0.45723307,0.46809453
0.42219216,0.42409572,0.44062024,0.4329651,0.47727668
0.47307172,0.47483742,0.45537913,0.41873342,0.5113891
0.46874154,0.47133115,0.49144408,0.36883664,0.499686
0.4284168,0.43007258,0.43510458,0.29106176,0.46521568
0.36481732,0.37282196,0.36148015,0.23416232,0.40409026
0.28985116,0.28656295,0.28098708,0.23750678,0.29314756
0.2135318,0.22172204,0.22172453,0.2359196,0.2384158
0.15778078,0.16293338,0.16419698,0.22599846,0.18867
0.13017592,0.13484669,0.12899812,0.24665464,0.18680342
0.11393775,0.12913159,0.11680317,0.22133653,0.13629314
0.11014885,0.11704115,0.111677855,0.24955238,0.1453583
0.12070365,0.1231058,0.12748052,0.23914787,0.1625168
0.14857917,0.15481973,0.16641907,0.2507046,0.17813323
0.20866035,0.21236768,0.23100145,0.26389146,0.23554493
0.27875507,0.28072038,0.27668822,0.26079446,0.3122086
0.3480379,0.34708795,0.327005,0.27150288,0.34803736
0.3848444,0.38889262,0.38968062,0.29979557,0.40318328
0.39458728,0.40151024,0.40167913,0.28456515,0.41483426
0.38836265,0.3954642,0.39530697,0.3332878,0.43305728
0.37753722,0.37583867,0.37913656,0.36504376,0.3931999
0.3653586,0.3642058,0.36767885,0.42305893,0.3942256
0.35534507,0.35113186,0.3581553,0.44430578,0.3585521
0.35534507,0.35553363,0.35496354,0.45675844,0.36001697
0.37672532,0.37241244,0.37587422,0.45723253,0.40456194
0.4143437,0.42102018,0.41920108,0.44542158,0.442542
0.45764548,0.46794003,0.44595867,0.44973183,0.47388965
0.4405954,0.44890645,0.45957568,0.416579,0.4527101
0.3991881,0.3987448,0.4025661,0.3717487,0.41394335
0.34181327,0.3441057,0.34351504,0.32287902,0.35923636
0.2744249,0.27178928,0.2660733,0.2847008,0.2675798
0.21082544,0.214957,0.20572491,0.26824233,0.20450248
0.15615697,0.17011335,0.1634087,0.2438286,0.1628259
0.12828146,0.13391426,0.12509502,0.25949466,0.1348326
0.11474966,0.12340432,0.11547059,0.22632402,0.11690904
0.10906631,0.117159985,0.112577796,0.24883406,0.119486764
0.11529093,0.12069877,0.12070079,0.24067485,0.1325266
0.13423546,0.1406618,0.1502157,0.26992384,0.1529951
0.17645466,0.18664816,0.19898428,0.28112134,0.16422488
0.23707713,0.24158725,0.25325245,0.29407424,0.25779474
0.31069013,0.30801222,0.29395244,0.26755738,0.2933998
0.35317996,0.36005795,0.35120636,0.27564245,0.37455338
0.36508796,0.37222254,0.37073785,0.3187953,0.37343293
0.3572395,0.3698921,0.3663879,0.3422882,0.38061967
0.3488498,0.3492366,0.34589365,0.39304012,0.3722231
0.3369418,0.33887306,0.3401078,0.44071424,0.37114498
0.32665765,0.3268097,0.3326507,0.442186,0.33060864
0.3328823,0.32618433,0.33117938,0.45990455,0.3456661
0.3610284,0.3611441,0.36998206,0.46447545,0.3936727
0.402977,0.4111886,0.41957754,0.44238234,0.43215755
0.464682,0.4601751,0.43993077,0.43855155,0.4734369
0.4511502,0.4635992,0.47353974,0.40644816,0.43914378
0.40784845,0.4025316,0.40511745,0.32877427,0.39894888
0.3328823,0.3449711,0.3501856,0.31573367,0.3597988
0.2608931,0.24998891,0.24758066,0.27942842,0.24444692
0.1932341,0.2029041,0.19185053,0.24196982,0.19354291
0.14912044,0.1549384,0.14040709,0.27091357,0.14394297
0.1255751,0.13229454,0.12160942,0.253343,0.15663703
0.119079836,0.12191766,0.11199327,0.24002126,0.14254312
0.121515565,0.12622347,0.11952008,0.2655935,0.13768014
0.1450609,0.14344671,0.1395405,0.2534431,0.15225302
0.2037889,0.21673751,0.19987978,0.2590829,0.2342246
0.30338296,0.32863262,0.30146784,0.27737242,0.37313354
0.38294992,0.3679511,0.3870119,0.25597787,0.4444136
0.43410012,0.41930327,0.4168189,0.29807442,0.45064825
0.46116373,0.45745304,0.45277768,0.2988342,0.4868849
0.47090665,0.46831253,0.47070444,0.34221876,0.47739083
0.45953992,0.4662274,0.47026473,0.33596343,0.49705493
0.4465494,0.44029912,0.4465426,0.36534345,0.47675133
0.4368065,0.4413369,0.43707043,0.4427595,0.4651425
0.42598104,0.4211373,0.43929452,0.43541878,0.43021995
0.42083898,0.41423133,0.43520886,0.458601,0.44521976
0.43410012,0.43353507,0.44448894,0.4602393,0.46360528
0.48010826,0.46941796,0.472615,0.4617266,0.5082925
0.5358593,0.53792423,0.5163951,0.44250983,0.54578775
0.5152909,0.5291073,0.53499943,0.41724247,0.5285379
0.4608931,0.45824918,0.46952546,0.37807065,0.48628265
0.3797023,0.38494495,0.3830943,0.36622435,0.40013042
0.28687415,0.2851226,0.28644246,0.33501595,0.31260112
0.21217862,0.21533105,0.20698835,0.29544717,0.23237796
0.16427605,0.16650116,0.16241243,0.2846556,0.17828996
0.1361299,0.14468336,0.13635683,0.26921657,0.1678554
0.12286874,0.1324065,0.1198366,0.24543716,0.1498823
0.123951286,0.12816927,0.12063794,0.25506446,0.15027687
0.14912044,0.15123868,0.14676307,0.26423433,0.16834566
0.22543979,0.22558275,0.21915014,0.26491174,0.24923949
0.35669824,0.36224452,0.3578012,0.2683103,0.3920061
0.42002708,0.42931804,0.43415502,0.2882086,0.46636754
0.43545333,0.4346627,0.43685174,0.300573,0.45989496
0.44221923,0.4477337,0.45255166,0.30084574,0.4913532
0.4519621,0.4488133,0.44781914,0.32176554,0.48708993
0.44384304,0.45298246,0.45011598,0.33666235,0.50680065
0.43572396,0.4313986,0.43318248,0.35640788,0.47823638
0.43707713,0.43405828,0.4314317,0.40401822,0.4715035
0.42598104,0.4260197,0.44254008,0.44933116,0.43806082
0.42002708,0.41975275,0.4239824,0.44543308,0.45056152
0.4284168,0.4277321,0.44410515,0.46121025,0.4700123
0.46414074,0.4593428,0.4710099,0.4495752,0.50953287
0.52476317,0.5221151,0.49430826,0.4185369,0.5516945
0.5069012,0.5201148,0.52864933,0.3777427,0.536077
0.46576455,0.45369846,0.46049666,0.3485012,0.49373645
0.37834913,0.40120274,0.39039695,0.33642536,0.41095915
0.2866035,0.27846465,0.27663872,0.30362523,0.31541348
0.21677943,0.21265516,0.21030636,0.26919645,0.23947461
0.16752368,0.17452374,0.17203248,0.25438523,0.18322398
0.14154263,0.1440934,0.14035763,0.25281802,0.16876988
0.13017592,0.13567081,0.12857045,0.2724097,0.15211487
0.13288227,0.13386095,0.13144085,0.28324813,0.15037923
0.15805142,0.15570709,0.15815012,0.28094164,0.1683313
0.23139377,0.22955057,0.22830394,0.26824185,0.24896158
0.36508796,0.3624419,0.3542047,0.28788257,0.3939839
0.42760488,0.43705258,0.4334983,0.2784835,0.46869397
0.43491206,0.43539324,0.43919498,0.2701975,0.46258044
0.43951285,0.44009146,0.44563386,0.27329895,0.49328655
0.4473613,0.444853,0.44492063,0.3120253,0.48971146
0.44709066,0.44477135,0.4467212,0.34528852,0.5101417
0.43328822,0.43553713,0.44367892,0.3609057,0.47980237
0.43545333,0.4297265,0.427629,0.38619584,0.47348326
0.4284168,0.42654788,0.44280222,0.42131007,0.44000494
0.42625168,0.4180276,0.43119776,0.45917428,0.45265812
0.43545333,0.4367832,0.4489649,0.44742703,0.47125947
0.47117728,0.46540293,0.47311223,0.43902636,0.51183903
0.52665764,0.5273105,0.5064892,0.41451976,0.55398077
0.5133965,0.5207362,0.52940136,0.39052847,0.5374877
0.46197563,0.46033964,0.46700945,0.3566773,0.4961356
0.38240865,0.39143482,0.3756712,0.33317274,0.41206473
0.28687415,0.29006094,0.28797185,0.28829658,0.3181428
0.21434371,0.21351758,0.20909913,0.27029368,0.23940067
0.16481732,0.16722146,0.16865858,0.27682084,0.1845239
0.14262517,0.14341894,0.13781522,0.24969557,0.17394066
0.12584573,0.13996291,0.13151166,0.28244737,0.14763182
0.12746955,0.13044089,0.12339847,0.27604878,0.15302616
0.14939107,0.15239176,0.15214999,0.24606684,0.17444925
0.2240866,0.22082591,0.22031264,0.26432908,0.25757003
0.3610284,0.35810676,0.35072204,0.27103102,0.39588118
0.4284168,0.43374318,0.42716295,0.27055433,0.4723184
0.43897158,0.43806663,0.44134754,0.2626658,0.46277028
0.44303113,0.44311467,0.45136675,0.2729849,0.4900319
0.4519621,0.44547695,0.44826892,0.31168157,0.4804873
0.4571042,0.4500611,0.4528073,0.3724807,0.50525945
0.4511502,0.4500904,0.45653132,0.44515818,0.47497022
0.45087957,0.4544207,0.45159042,0.48956817,0.47232246
0.4414073,0.44391054,0.4570663,0.4822532,0.43257305
0.43410012,0.43162975,0.44261488,0.47438514,0.44349924
0.43220568,0.44516864,0.45394045,0.4763223,0.47800648
0.45385656,0.4515076,0.46365553,0.4243067,0.5008611
0.5152909,0.5128714,0.48556292,0.4019382,0.54019535
0.5074425,0.51769495,0.52747995,0.35471478,0.5281563
0.4592693,0.4564117,0.46252662,0.26722,0.48658723
0.3813261,0.3900398,0.38101417,0.25265267,0.41390613
0.2917456,0.28848398,0.28716305,0.21842793,0.31360286
0.21975642,0.22047603,0.21676937,0.2625001,0.24108432
0.17158322,0.17371404,0.17390671,0.26371795,0.19151752
0.14262517,0.14630562,0.1462632,0.26173955,0.18012075
0.13017592,0.13332322,0.12777485,0.2713067,0.15051322
0.13179973,0.12918514,0.13093413,0.26493785,0.14126903
0.1556157,0.15096748,0.15599714,0.26325765,0.16299441
0.22571042,0.22170442,0.2223123,0.27517533,0.2515844
0.35209742,0.35028085,0.34281433,0.28276098,0.3814094
0.41759133,0.42542586,0.42301312,0.24402574,0.4587394
0.4343708,0.4341797,0.4325713,0.24524046,0.46046364
0.44411367,0.44597074,0.4495759,0.2573676,0.4692502
0.45385656,0.4493517,0.45290303,0.28820404,0.47896767
0.45087957,0.45211914,0.4570685,0.3423763,0.5049946
0.43788904,0.43623203,0.44551978,0.38081604,0.4592973
0.4343708,0.43360385,0.43094257,0.45990014,0.4739884
0.42300406,0.41844705,0.43668962,0.467889,0.40012264
0.40649527,0.40632218,0.42088908,0.47681248,0.42433786
0.40433016,0.40963513,0.4123537,0.4928555,0.46809453
0.42110962,0.42329144,0.43633103,0.4893821,0.47727668
0.47171855,0.47332337,0.45329583,0.47265995,0.5113891
0.45223275,0.4700063,0.4884869,0.40010494,0.499686
0.41515562,0.40788355,0.41551822,0.31407666,0.46521568
0.3564276,0.3664055,0.3531774,0.26081914,0.40409026
0.2841678,0.28346404,0.27576146,0.22590482,0.29314756
0.21028417,0.21853003,0.21813394,0.24021783,0.2384158
0.15832205,0.1619679,0.1626085,0.2118208,0.18867
0.13071719,0.13692302,0.13175192,0.24073607,0.18680342
0.1188092,0.12899974,0.119152725,0.20061088,0.13629314
0.111231394,0.123243965,0.120345995,0.21442738,0.1453583
0.12286874,0.122321494,0.12611218,0.16108452,0.1625168
0.15507442,0.15525874,0.16815002,0.2392976,0.17813323
0.21299052,0.2194019,0.23510523,0.26763034,0.23554493
0.27767253,0.28274062,0.27781785,0.26579863,0.3122086
0.3420839,0.3433459,0.32444656,0.30697346,0.34803736
0.36292288,0.38027725,0.38317284,0.33355567,0.40318328
0.36725304,0.37306687,0.37163848,0.39768672,0.41483426
0.3564276,0.36797714,0.3664931,0.4158878,0.43305728
0.34316644,0.3421394,0.3439055,0.44119775,0.3931999
0.32909337,0.33031127,0.33225447,0.45770198,0.3942256
0.31853858,0.31682083,0.31948516,0.46080095,0.3585521
0.3150203,0.32108584,0.3160956,0.4509048,0.36001697
0.33802435,0.3350333,0.33178,0.43927824,0.40456194
0.38376185,0.38851655,0.3840537,0.42697966,0.442542
0.42814615,0.4454273,0.4219793,0.41745222,0.47388965
0.4051421,0.42147076,0.4291548,0.3987604,0.4527101
0.36725304,0.3672602,0.36969405,0.36716467,0.41394335
0.31366712,0.3198758,0.31459087,0.3536579,0.35923636
0.2533153,0.25228938,0.24071173,0.32991326,0.2675798
0.19512855,0.19948909,0.19103847,0.29103723,0.20450248
0.14830853,0.15729102,0.15223949,0.26077998,0.1628259
0.116102844,0.12983808,0.12247665,0.27702007,0.1348326
0.09932341,0.1132083,0.10115822,0.24848264,0.11690904
0.09418133,0.10064955,0.09515941,0.23846564,0.119486764
0.09932341,0.10600067,0.10536641,0.22145331,0.1325266
0.11962111,0.12012506,0.13093495,0.23294573,0.1529951
0.16292287,0.17184743,0.18407412,0.24541159,0.16422488
0.21813262,0.22725174,0.23968889,0.28478965,0.25779474
0.28822732,0.2870283,0.27101037,0.265206,0.2933998
0.3285521,0.33630207,0.32551715,0.27650604,0.37455338
0.3437077,0.34908548,0.3445002,0.28553072,0.37343293
0.34614342,0.3516138,0.34663075,0.31797668,0.38061967
0.34560215,0.3446063,0.34096205,0.35311207,0.3722231
0.3345061,0.33859795,0.342016,0.3966238,0.37114498
0.3217862,0.32488108,0.33098137,0.42806852,0.33060864
0.32395127,0.32116786,0.327,0.42226595,0.3456661
0.34695536,0.3517613,0.35952216,0.44892573,0.3936727
0.40135318,0.39785054,0.4006364,0.42487043,0.43215755
0.47090665,0.46281987,0.4435796,0.4041667,0.4734369
0.45087957,0.46894258,0.47212696,0.35651016,0.43914378
0.3983762,0.3971295,0.3949235,0.32913256,0.39894888
0.31853858,0.33211228,0.33711797,0.3060395,0.3597988
0.24221921,0.23689583,0.23530953,0.27009383,0.24444692
0.18078485,0.1856497,0.17365967,0.20577563,0.19354291
0.141272,0.14613947,0.13240966,0.21309447,0.14394297
0.12070365,0.12826037,0.11363478,0.19472769,0.15663703
0.11447903,0.11739185,0.10857457,0.19812596,0.14254312
0.1188092,0.12329332,0.11811866,0.1947647,0.13768014
0.1526387,0.14399034,0.14452302,0.28365773,0.15225302
0.23220569,0.23048693,0.22504584,0.26216793,0.2342246
0.37239513,0.36367932,0.33627725,0.29130226,0.37313354
0.4376184,0.44293347,0.45197812,0.3018439,0.4444136
0.44005412,0.44855914,0.45012426,0.35922158,0.45064825
0.43870094,0.439238,0.4462694,0.3431788,0.4868849
0.44898513,0.43925783,0.44302568,0.4046382,0.47739083
0.44086602,0.44763258,0.4521104,0.4226296,0.49705493
0.43112314,0.42374554,0.43057653,0.4422084,0.47675133
0.4270636,0.42870638,0.42349973,0.44090807,0.4651425
0.41326118,0.415328,0.43339926,0.4495409,0.43021995
0.40730718,0.3991152,0.4176536,0.44865215,0.44521976
0.4143437,0.42197582,0.4315748,0.45136237,0.46360528
0.46062246,0.44867525,0.45447892,0.43676925,0.5082925
0.53152907,0.525307,0.5063617,0.40248665,0.54578775
0.5112314,0.53297603,0.53635323,0.36249125,0.5285379
0.455751,0.45288837,0.4576601,0.34894684,0.48628265
0.37943166,0.38029268,0.37083048,0.32679164,0.40013042
0.28714478,0.28615147,0.2884303,0.30200866,0.31260112
0.21163735,0.2163975,0.21142739,0.27544418,0.23237796
0.16617051,0.16554981,0.16488811,0.2603503,0.17828996
0.14154263,0.14834535,0.14161655,0.21117398,0.1678554
0.13125846,0.14032146,0.12857075,0.19054538,0.1498823
0.13017592,0.1361601,0.1339212,0.18570776,0.15027687
0.15345061,0.15609273,0.15480033,0.18891986,0.16834566
0.23193505,0.23025683,0.23043992,0.21499404,0.24923949
0.3713126,0.36798257,0.36612326,0.22792211,0.3920061
0.4300406,0.4413528,0.42810866,0.2595428,0.46636754
0.43788904,0.4353259,0.43517268,0.26691335,0.45989496
0.44330177,0.44333664,0.45217723,0.29546016,0.4913532
0.4541272,0.44936967,0.44970703,0.3099909,0.48708993
0.4592693,0.45596215,0.45384616,0.31332868,0.50680065
0.4549391,0.45273808,0.45681694,0.34945804,0.47823638
0.45439783,0.453215,0.45297012,0.38996673,0.4715035
0.4414073,0.44106832,0.45739406,0.3845504,0.43806082
0.43734777,0.43385413,0.43796533,0.41406992,0.45056152
0.45250338,0.44723603,0.4582187,0.42764187,0.4700123
0.49526387,0.48855796,0.49388412,0.43689936,0.50953287
0.5428958,0.54773945,0.5239448,0.42443335,0.5516945
0.51907986,0.52780247,0.53172874,0.37504202,0.536077
0.46576455,0.46127024,0.4678595,0.33272094,0.49373645
0.38782138,0.39365676,0.38371348,0.28481236,0.41095915
0.29364005,0.29215947,0.2930537,0.2498536,0.31541348
0.21840325,0.2183708,0.21567617,0.22430724,0.23947461
0.17320703,0.17486286,0.17182663,0.2420027,0.18322398
0.14993234,0.15471488,0.14887911,0.1749701,0.16876988
0.141272,0.14659393,0.13814887,0.22292235,0.15211487
0.14018944,0.14690492,0.14509764,0.21681377,0.15037923
0.16644114,0.16613817,0.16665843,0.25872278,0.1683313
0.25223276,0.24303594,0.24952795,0.2913218,0.24896158
0.40433016,0.39280838,0.3769146,0.26827937,0.3939839
0.46522328,0.47623697,0.4687687,0.29753333,0.46869397
0.46278754,0.463016,0.47160786,0.29862958,0.46258044
0.45277402,0.45886838,0.4699033,0.34330732,0.49328655
0.45277402,0.45104167,0.45187634,0.41810036,0.48971146
0.44763193,0.44666216,0.45018616,0.41368347,0.5101417
0.43355885,0.43273827,0.44259685,0.4317565,0.47980237
0.42679295,0.42795858,0.42809063,0.43962187,0.47348326
0.4165088,0.41308704,0.42594314,0.4190156,0.44000494
0.41542625,0.4051592,0.41757727,0.42227256,0.45265812
0.43410012,0.42954186,0.44597852,0.4296314,0.47125947
0.49147496,0.4804009,0.4792173,0.4303789,0.51183903
0.5426252,0.553246,0.52779675,0.4349367,0.55398077
0.52124494,0.52935207,0.53575623,0.4261462,0.5374877
0.46738836,0.46375856,0.47327358,0.40191478,0.4961356
0.39377537,0.3946171,0.38068902,0.38104534,0.41206473
0.30933693,0.30328816,0.30051005,0.3654564,0.3181428
0.23572396,0.23800504,0.23736817,0.33219647,0.23940067
0.1805142,0.18788907,0.19073893,0.3320384,0.1845239
0.15209743,0.15557262,0.15199289,0.3242851,0.17394066
0.14100136,0.14779109,0.13786864,0.29175967,0.14763182
0.14046007,0.14645073,0.14195688,0.2697133,0.15302616
0.16860622,0.1666587,0.16326813,0.26184806,0.17444925
0.25087956,0.24686787,0.24429803,0.27397302,0.25757003
0.39594045,0.38914087,0.3856968,0.26125062,0.39588118
0.45439783,0.46324235,0.45121902,0.27131197,0.4723184
0.45520973,0.4528632,0.45435932,0.28379273,0.46277028
0.45250338,0.44948098,0.4624235,0.27972394,0.4900319
0.45439783,0.45219776,0.45370978,0.34981617,0.4804873
0.4533153,0.44756743,0.45075053,0.35644615,0.50525945
0.4435724,0.44031048,0.4481487,0.38975948,0.47497022
0.43870094,0.44021156,0.44100583,0.4214871,0.47232246
0.42814615,0.4259537,0.4436744,0.42678034,0.43257305
0.42625168,0.420204,0.43108118,0.44875395,0.44349924
0.4451962,0.44262868,0.45378244,0.4504854,0.47800648
0.5014885,0.49550387,0.49285406,0.44343364,0.5008611
0.55399185,0.5630815,0.5345761,0.43778628,0.54019535
0.5342355,0.5372354,0.5444298,0.42263854,0.5281563
0.4871448,0.4731556,0.48507634,0.38988605,0.48658723
0.41407308,0.41374895,0.40762985,0.37052542,0.41390613
0.3269283,0.31873763,0.3202334,0.36364907,0.31360286
0.2503383,0.2515354,0.24982962,0.3445344,0.24108432
0.19512855,0.19972807,0.20066492,0.33390856,0.19151752
0.16725305,0.16776758,0.166857,0.340886,0.18012075
0.15805142,0.15697259,0.15505661,0.32131892,0.15051322
0.15696888,0.1549716,0.16177212,0.31376576,0.14126903
0.18484439,0.17727908,0.18118949,0.27900076,0.16299441
0.26062247,0.2601697,0.26351458,0.25407305,0.2515844
0.402977,0.39123115,0.38635215,0.24934681,0.3814094
0.45385656,0.47319174,0.4637301,0.2778299,0.4587394
0.4600812,0.45268217,0.45240784,0.28017706,0.46046364
0.455751,0.46229222,0.47301757,0.31647974,0.4692502
0.46116373,0.45485714,0.45558548,0.36298555,0.47896767
0.4571042,0.4544452,0.46032318,0.37979305,0.5049946
0.44303113,0.4387166,0.45045885,0.38943988,0.4592973
0.4324763,0.4360697,0.43644848,0.42837352,0.4739884
0.41407308,0.4155155,0.43094033,0.42228603,0.40012264
0.40216509,0.3988863,0.4087035,0.44679034,0.42433786
0.4135318,0.41381112,0.42483917,0.45222837,0.46809453
0.45466846,0.46429366,0.46848688,0.44436443,0.47727668
0.51096076,0.51386917,0.49317682,0.4424793,0.5113891
0.49066305,0.5027833,0.5193764,0.4179834,0.499686
0.45602164,0.43972,0.45265943,0.38598156,0.46521568
0.39891747,0.40187508,0.3923158,0.35334167,0.40409026
0.32665765,0.32228652,0.3148214,0.3342832,0.29314756
0.2525034,0.26000676,0.25735435,0.32723856,0.2384158
0.20324764,0.20392963,0.20388176,0.30770224,0.18867
0.17456022,0.1803177,0.17997763,0.2920621,0.18680342
0.16129905,0.16966939,0.16424568,0.29094666,0.13629314
0.16048715,0.16480693,0.16335051,0.3103092,0.1453583
0.17023005,0.17126936,0.18279038,0.29640007,0.1625168
0.20243572,0.20151713,0.21638907,0.33255738,0.17813323
0.264682,0.26488832,0.2915228,0.3165205,0.23554493
0.33504736,0.3300512,0.32548162,0.3420492,0.3122086
0.39594045,0.39897755,0.37879097,0.3251586,0.34803736
0.42002708,0.4251347,0.4287058,0.34206158,0.40318328
0.4232747,0.43027362,0.42938608,0.41544667,0.41483426
0.4121786,0.41870806,0.41934854,0.42258388,0.43305728
0.397023,0.3913894,0.3972525,0.45282704,0.3931999
0.38105547,0.3809761,0.38295215,0.469526,0.3942256
0.3737483,0.363129,0.37069368,0.4594779,0.3585521
0.3753721,0.37551138,0.37750325,0.45701325,0.36001697
0.39783493,0.3947235,0.40048867,0.46151602,0.40456194
0.44384304,0.46032363,0.44720596,0.4547214,0.442542
0.4768606,0.4970735,0.4805988,0.4382261,0.47388965
0.45060894,0.45678166,0.46711642,0.42031848,0.4527101
0.402977,0.40682814,0.41429597,0.39714047,0.41394335
0.34506088,0.34685677,0.34471416,0.3660319,0.35923636
0.2857916,0.27788606,0.27256995,0.3354954,0.2675798
0.22841679,0.23093724,0.22578223,0.32005858,0.20450248
0.17943166,0.18863818,0.18641831,0.29150307,0.1628259
0.14749661,0.15681541,0.151535,0.26569048,0.1348326
0.13125846,0.13895345,0.13255516,0.24469903,0.11690904
0.13071719,0.13271415,0.1285835,0.24000782,0.119486764
0.1315291,0.14304823,0.14623766,0.26660752,0.1325266
0.15426251,0.15421396,0.16233502,0.2792535,0.1529951
0.20135318,0.20694748,0.22517566,0.3060085,0.16422488
0.26332882,0.26621708,0.27572018,0.31895947,0.25779474
0.32584575,0.33342066,0.31602025,0.3214348,0.2933998
0.3623816,0.3669465,0.35908264,0.32978028,0.37455338
0.37780786,0.3798913,0.3765753,0.37533313,0.37343293
0.37699595,0.38169447,0.37850916,0.38583955,0.38061967
0.36806494,0.36907372,0.3682508,0.3699426,0.3722231
0.35751015,0.3569105,0.35859305,0.40941375,0.37114498
0.35399187,0.3463838,0.35422924,0.41085884,0.33060864
0.3572395,0.35801187,0.3673141,0.4195009,0.3456661
0.39729363,0.38335028,0.39440238,0.3949597,0.3936727
0.45899865,0.46165866,0.46429938,0.3984815,0.43215755
0.5074425,0.5131806,0.48833954,0.37748164,0.4734369
0.48146144,0.4910123,0.49347246,0.33930123,0.43914378
0.42976996,0.42563495,0.426245,0.3153451,0.39894888
0.35236806,0.36450267,0.36675656,0.27792013,0.3597988
0.28173208,0.26967695,0.27006465,0.23499647,0.24444692
0.22002706,0.22587356,0.21662018,0.23064739,0.19354291
0.17645466,0.18251735,0.17154633,0.22670794,0.14394297
0.15345061,0.15770915,0.14779754,0.2422518,0.15663703
0.1480379,0.14960724,0.14090894,0.2654078,0.14254312
0.15372124,0.15006796,0.15166472,0.27266377,0.13768014
0.1805142,0.17608774,0.17655072,0.30747944,0.15225302
0.26414073,0.25527796,0.24403922,0.30792773,0.2342246
0.41082543,0.3951443,0.37541622,0.3303076,0.37313354
0.47767252,0.48205873,0.49179715,0.3262533,0.4444136
0.47929636,0.48595104,0.48702776,0.3440702,0.45064825
0.47794315,0.47480002,0.48325855,0.35473615,0.4868849
0.4820027,0.47776914,0.48045766,0.41826463,0.47739083
0.47794315,0.4762016,0.48005444,0.42850077,0.49705493
0.46792963,0.4608117,0.47002226,0.43333864,0.47675133
0.46197563,0.46349472,0.4637452,0.44655138,0.4651425
0.44844383,0.4484954,0.4693211,0.45353568,0.43021995
0.4392422,0.43659118,0.45202625,0.46141964,0.44521976
0.4562923,0.45160416,0.4664469,0.43811023,0.46360528
0.5090663,0.5065663,0.50536114,0.43029732,0.5082925
0.57591337,0.56662536,0.54364187,0.43126482,0.54578775
0.54993236,0.56877095,0.57540923,0.3911569,0.5285379
0.49986467,0.48714742,0.49299473,0.3645311,0.48628265
0.4248985,0.42503825,0.41823092,0.32978094,0.40013042
0.33937752,0.3307498,0.33385867,0.29626372,0.31260112
0.26792964,0.26678488,0.26555791,0.26563257,0.23237796
0.22165088,0.22447151,0.2220005,0.2570098,0.17828996
0.19756427,0.20076293,0.19808798,0.29154423,0.1678554
0.19079837,0.19331235,0.18823549,0.30861682,0.1498823
0.19458728,0.19799426,0.19864987,0.2887973,0.15027687
0.22354533,0.21818766,0.22480227,0.34763896,0.16834566
0.30554804,0.30682725,0.30196494,0.33268628,0.24923949
0.4533153,0.44009948,0.43652397,0.32173562,0.3920061
0.5166441,0.51958704,0.5101578,0.34866697,0.46636754
0.5082544,0.51821053,0.511505,0.3628677,0.45989496
0.49742895,0.49394712,0.5090703,0.37180448,0.4913532
0.48985115,0.49834552,0.49533865,0.45767218,0.48708993
0.48389715,0.4807187,0.4801699,0.45661598,0.50680065
0.46522328,0.4682865,0.47531715,0.47258365,0.47823638
0.44898513,0.4540205,0.4543168,0.4784915,0.4715035
0.4338295,0.42865446,0.43919262,0.4918431,0.43806082
0.42516914,0.4258734,0.42821318,0.49583215,0.45056152
0.44411367,0.43801394,0.44703582,0.48141927,0.4700123
0.5082544,0.50392663,0.4995312,0.46233684,0.50953287
0.57916105,0.57449126,0.5525998,0.45895505,0.5516945
0.5618403,0.57234347,0.5714618,0.42075425,0.536077
0.5166441,0.50397563,0.50769395,0.40027833,0.49373645
0.44167796,0.4475812,0.43653995,0.37276176,0.41095915
0.347226,0.3459666,0.3500023,0.3639627,0.31541348
0.27361298,0.2725967,0.2708045,0.3420825,0.23947461
0.2300406,0.22572172,0.22960515,0.33409396,0.18322398
0.202977,0.21058679,0.2086959,0.31821132,0.16876988
0.19188093,0.1991162,0.1911385,0.31898463,0.15211487
0.191069,0.18988365,0.19602926,0.30247527,0.15037923
0.21542625,0.21261808,0.21457814,0.29797453,0.1683313
0.29418132,0.29105505,0.28078473,0.30800402,0.24896158
0.44032475,0.4271294,0.42847598,0.29900074,0.3939839
0.5090663,0.5073085,0.49988228,0.3061899,0.46869397
0.5044655,0.5082842,0.50203377,0.3097713,0.46258044
0.50284165,0.49156216,0.5044451,0.30793297,0.49328655
0.5031123,0.5050111,0.5038569,0.33364004,0.48971146
0.48903924,0.49307737,0.49693608,0.37185103,0.5101417
0.46792963,0.46672055,0.47150397,0.42859936,0.47980237
0.45304465,0.45834875,0.45338282,0.46917373,0.47348326
0.43274695,0.4353101,0.44915882,0.49183398,0.44000494
0.42625168,0.41831523,0.42650113,0.49850506,0.45265812
0.4368065,0.44283858,0.45114797,0.5092028,0.47125947
0.49526387,0.4954134,0.48871994,0.5009376,0.51183903
0.5599459,0.5649569,0.5455563,0.47264808,0.55398077
0.54479027,0.55419815,0.5566677,0.4267977,0.5374877
0.49824086,0.48949525,0.50029874,0.3742248,0.4961356
0.42733425,0.42765158,0.4230633,0.30484936,0.41206473
0.3466847,0.33606675,0.3382867,0.27012733,0.3181428
0.27767253,0.27492377,0.2776268,0.26928833,0.23940067
0.22381596,0.22977203,0.23455341,0.27179956,0.1845239
0.1924222,0.19585481,0.19515532,0.268984,0.17394066
0.18294993,0.18512595,0.1774595,0.29408062,0.14763182
0.18376184,0.18547505,0.18672384,0.30677688,0.15302616
0.21055481,0.20605966,0.20765175,0.2923933,0.17444925
0.28849798,0.2881256,0.27546448,0.29874015,0.25757003
0.42895806,0.4227049,0.41812503,0.32201087,0.39588118
0.49742895,0.49366352,0.4945075,0.31178927,0.4723184
0.49445197,0.50004685,0.49252975,0.35216302,0.46277028
0.4930988,0.48067436,0.4956901,0.32197267,0.4900319
0.5020298,0.49402186,0.49388003,0.35970247,0.4804873
0.5023004,0.4939231,0.49981487,0.36734182,0.50525945
0.4955345,0.48572966,0.493675,0.4064393,0.47497022
0.49445197,0.4913939,0.48949617,0.43449622,0.47232246
0.48606226,0.47943932,0.49805692,0.4655016,0.43257305
0.48443842,0.47680542,0.4880003,0.4657374,0.44349924
0.50121784,0.4993703,0.5055699,0.47565722,0.47800648
0.52638704,0.5445986,0.5445254,0.4806118,0.5008611
0.5223275,0.57208353,0.548942,0.47807652,0.54019535
0.4985115,0.49113986,0.5068952,0.449431,0.5281563
0.4684709,0.45378074,0.47083938,0.41167653,0.48658723
0.397023,0.40947133,0.4064269,0.3743975,0.41390613
0.30500677,0.30815732,0.31015617,0.34896255,0.31360286
0.23355886,0.23390383,0.22934057,0.33729738,0.24108432
0.18809202,0.18477786,0.1872463,0.30935183,0.19151752
0.16454668,0.16603068,0.16310899,0.28512073,0.18236263
0.15101488,0.14933279,0.15503052,0.25670862,0.1933486
0.14560217,0.15161699,0.15442611,0.24643782,0.17336513
0.16617051,0.15970403,0.16988026,0.23062637,0.19473378
0.23274696,0.22772512,0.24125381,0.21670249,0.26522595
0.36048713,0.34249732,0.3439759,0.2246088,0.38668817
0.44032475,0.42662784,0.43412125,0.22554317,0.45582867
0.4533153,0.4610215,0.46242642,0.2498353,0.49534917
0.46820027,0.45714173,0.46093613,0.27427745,0.47938764
0.48173207,0.46889868,0.4799527,0.32283103,0.49906135
0.48010826,0.47595164,0.48642808,0.3179086,0.5109311
0.46576455,0.46842343,0.47575355,0.32389677,0.48637724
0.45466846,0.45663792,0.45648852,0.30547947,0.49286014
0.43815967,0.4298312,0.45083535,0.3130598,0.45200062
0.41867387,0.4216535,0.43884927,0.36041296,0.45794648
0.4156969,0.46048775,0.43081647,0.37062043,0.52265364
0.4511502,0.42400083,0.43573037,0.3726825,0.54655707
0.4939107,0.45361912,0.46912414,0.33603132,0.53362435
0.45737484,0.48932704,0.5004889,0.2944194,0.50253254
0.41515562,0.41936556,0.42109066,0.27430055,0.47758913
0.3572395,0.36613506,0.35575163,0.28325677,0.42045525
0.2901218,0.28734615,0.27995658,0.24849747,0.32311842
0.22056833,0.22640872,0.229078,0.2674029,0.2633609
0.17212449,0.17468825,0.17576094,0.22220698,0.20076858
0.14370771,0.14956361,0.14696443,0.16962543,0.20347483
0.12719892,0.13975415,0.13007495,0.16034135,0.1816016
0.116102844,0.12781239,0.12419954,0.1819538,0.18524122
0.12963465,0.12566537,0.1273866,0.19567926,0.19208756
0.16211095,0.16292548,0.17238902,0.22681294,0.20698698
0.22002706,0.22113967,0.23750775,0.25023752,0.2647207
0.28037888,0.29158455,0.28969458,0.2621095,0.34674215
0.33829498,0.3401409,0.32450512,0.27427027,0.39293596
0.36346415,0.37779608,0.38086385,0.38168874,0.42435998
0.37483084,0.3693701,0.37608874,0.3881629,0.4163492
0.36752367,0.37262788,0.37775695,0.40411025,0.45981508
0.3556157,0.35224798,0.3558951,0.42634678,0.42186385
0.3396482,0.33674282,0.34421396,0.3983481,0.4193352
0.32530448,0.32667372,0.3285196,0.40708625,0.374694
0.32476318,0.3286011,0.3218802,0.43321133,0.39843106
0.3466847,0.39242285,0.34948182,0.42915344,0.46481705
0.408931,0.3857309,0.3938276,0.43392813,0.5103372
0.45087957,0.4282438,0.45001724,0.40387082,0.50492954
0.41921514,0.44784412,0.43544024,0.37379533,0.45341742
0.37834913,0.38071516,0.37916082,0.356253,0.43540013
0.3269283,0.3260805,0.32503128,0.3388294,0.4085847
0.2663058,0.26224697,0.25711942,0.32164112,0.3219976
0.20541272,0.21276355,0.20412704,0.32909942,0.25896978
0.16021651,0.16412765,0.16058187,0.30299127,0.20180069
0.13017592,0.13995472,0.13428822,0.2431001,0.15675476
0.12097429,0.12636107,0.115114436,0.23207608,0.13088195
0.123139374,0.12351415,0.12172599,0.24805984,0.15751703
0.1361299,0.137337,0.14110407,0.27121627,0.16312176
0.16021651,0.1660111,0.17566529,0.2762224,0.17335333
0.20270637,0.20483977,0.22543304,0.28046262,0.21161263
0.30040595,0.26533404,0.27161744,0.3012029,0.2816345
0.34451962,0.37527636,0.36593747,0.30376625,0.3388983
0.37158322,0.36903825,0.35591942,0.35015094,0.39603648
0.38376185,0.37918437,0.38771504,0.37522203,0.38428238
0.38863328,0.3842813,0.3836189,0.39971963,0.41387734
0.37618405,0.38235623,0.38431704,0.44903767,0.40210783
0.35399187,0.36030874,0.36485165,0.4422353,0.41186863
0.35507444,0.33744904,0.34351835,0.47752303,0.35931152
0.38376185,0.3694706,0.3745807,0.48050278,0.38632327
0.44492558,0.4738522,0.43911567,0.4778561,0.44864208
0.5326116,0.5046824,0.5135142,0.4657464,0.48542738
0.54397833,0.54370105,0.55830103,0.434516,0.49600285
0.49012178,0.5170636,0.49391913,0.40939206,0.44558972
0.43951285,0.4306422,0.43304718,0.39006674,0.41570795
0.36941814,0.37314662,0.37107307,0.3687123,0.39065665
0.2893099,0.29411632,0.28373814,0.3576523,0.29663682
0.26711774,0.22971755,0.21568233,0.34813666,0.22143917
0.197023,0.24197525,0.24694775,0.32660687,0.18206792
0.18484439,0.16949278,0.14781211,0.32698882,0.16850133
0.18159676,0.18478242,0.18690218,0.31320196,0.18016502
0.1894452,0.19066134,0.1901202,0.3327232,0.16532892
0.22381596,0.21419159,0.22344916,0.3291598,0.18118581
0.32070366,0.30361143,0.30700356,0.36229438,0.2527669
0.44979703,0.45619616,0.43584174,0.3561551,0.3826443
0.4985115,0.5054053,0.5104445,0.3620274,0.44560286
0.49147496,0.5001124,0.4986326,0.37805736,0.48381346
0.485521,0.4787998,0.4947817,0.4607153,0.4933095
0.48227334,0.48052463,0.48534864,0.45835894,0.5021221
0.47334236,0.47016636,0.4746123,0.45098454,0.517815
0.455751,0.44856924,0.46264678,0.47624576,0.49910992
0.44898513,0.4417005,0.4499363,0.48488843,0.4874354
0.4414073,0.4353887,0.45691657,0.5076216,0.46858287
0.45304465,0.44135287,0.45645148,0.5066862,0.4707173
0.52313936,0.5257891,0.51368135,0.49909467,0.53337294
0.61677945,0.586907,0.59550446,0.48340648,0.56889415
0.6124492,0.63424516,0.62018394,0.43159842,0.5695985
0.5718539,0.5719139,0.56376433,0.40296802,0.5329652
0.51447904,0.5132372,0.52394354,0.38472718,0.49275255
0.43220568,0.43874583,0.4272062,0.38138127,0.4234622
0.34560215,0.34538218,0.3436523,0.36026442,0.33380952
0.28037888,0.27673212,0.28151932,0.36768043,0.25748855
0.23815967,0.24140993,0.23526007,0.33934757,0.1961412
0.21867388,0.22160968,0.21747899,0.33165467,0.18594484
0.21001354,0.21101356,0.21364419,0.34821796,0.19026172
0.21623816,0.20871565,0.21810892,0.34889403,0.18079247
0.24979702,0.24003938,0.2509429,0.3252666,0.19622809
0.33558863,0.330602,0.3458351,0.32081696,0.27054802
0.46197563,0.46664068,0.45288616,0.33585697,0.39629796
0.5017591,0.50709754,0.50066054,0.32913452,0.4659251
0.4930988,0.49490222,0.50044674,0.35480815,0.5013752
0.47821382,0.48097786,0.49421066,0.3808421,0.49750578
0.4700947,0.46844643,0.46793705,0.43222618,0.511523
0.46035182,0.45943043,0.45689347,0.48989654,0.523272
0.43978348,0.4437594,0.45251697,0.51182806,0.5036929
0.43545333,0.43161812,0.431475,0.50429124,0.5021289
0.42679295,0.42731103,0.43676922,0.49954748,0.47485787
0.43707713,0.43295673,0.44175595,0.4874832,0.47713816
0.49878213,0.5095569,0.5129935,0.47124386,0.5437316
0.585115,0.5591311,0.57807183,0.44547755,0.5735037
0.58294994,0.5947176,0.593804,0.3763314,0.5740382
0.5477673,0.5404447,0.5447414,0.33623213,0.53735363
0.49120432,0.49053624,0.50236756,0.313725,0.49768353
0.40730718,0.41622397,0.40631026,0.27578437,0.43891355
0.3179973,0.31539708,0.3190212,0.2607337,0.34200272
0.24925575,0.24729216,0.2511723,0.25815985,0.26530704
0.20811908,0.20729148,0.20864603,0.24605823,0.2041486
0.1843031,0.18784854,0.18572815,0.24980181,0.18894276
0.17077132,0.1730299,0.17201987,0.2619553,0.19334811
0.17456022,0.17338836,0.17247052,0.25986332,0.18233865
0.20974289,0.19873002,0.20191298,0.26401168,0.19777429
0.2993234,0.28701043,0.30084872,0.30449587,0.27221218
0.43031123,0.43268982,0.41745242,0.3034165,0.39801508
0.47036535,0.4821252,0.4734821,0.32196453,0.46627402
0.46522328,0.46009386,0.46825463,0.35296047,0.50478107
0.46062246,0.457675,0.4654541,0.3763169,0.5001217
0.45602164,0.45717907,0.45540366,0.41225368,0.5128815
0.45060894,0.44327304,0.445354,0.4229204,0.52817935
0.4376184,0.43502554,0.44414997,0.46014607,0.5060419
0.43058187,0.43197986,0.4353534,0.45802373,0.50266635
0.41867387,0.41834417,0.4334619,0.47143984,0.4782499
0.42733425,0.41526875,0.43078205,0.45060593,0.4804033
0.49066305,0.4960204,0.4936242,0.42617458,0.54753864
0.5599459,0.54849744,0.5636681,0.3912915,0.57526493
0.54857916,0.5657487,0.56238586,0.34337115,0.57519805
0.51772666,0.5080315,0.5188354,0.32129827,0.5393724
0.46657646,0.47013745,0.47726595,0.31420296,0.50117135
0.3872801,0.39313194,0.38335985,0.28829786,0.44225186
0.29282814,0.29708067,0.2988836,0.2782272,0.3450987
0.22083898,0.2190648,0.22088242,0.2698496,0.26567268
0.1759134,0.17879623,0.17843364,0.26449236,0.20775123
0.15778078,0.15877107,0.15059571,0.2560416,0.17960338
0.14560217,0.14958766,0.14798516,0.2642464,0.18845595
0.14857917,0.14838797,0.14837642,0.2668257,0.179369
0.17374831,0.1723218,0.1787879,0.27049968,0.19814436
0.25358593,0.2433917,0.26163876,0.28528818,0.27328566
0.37672532,0.37908426,0.3695643,0.2895411,0.39176905
0.43707713,0.42958328,0.42568833,0.2908126,0.46886832
0.44871446,0.44439155,0.4521504,0.3189953,0.49914527
0.45845738,0.44811317,0.4565875,0.35133404,0.49138308
0.47063598,0.45912194,0.4614471,0.35781795,0.5130464
0.47253045,0.4634421,0.4713437,0.32948986,0.5211645
0.46792963,0.46206525,0.47105038,0.34244722,0.49441105
0.46576455,0.4591801,0.46945608,0.32645422,0.5043485
0.4519621,0.4510975,0.47294673,0.32459182,0.46349478
0.46197563,0.4468623,0.4625994,0.3154817,0.46604824
0.50933695,0.5274538,0.5224543,0.29865044,0.5330199
0.55886334,0.54991627,0.5576585,0.2704976,0.5610282
0.55020297,0.55837923,0.5548637,0.2363823,0.559823
0.5139378,0.5114978,0.52583665,0.2019982,0.52519596
0.46711773,0.46086589,0.47036475,0.2039909,0.48920834
0.39458728,0.3960088,0.38644087,0.18316796,0.43845809
0.30690122,0.30695903,0.30496877,0.20870365,0.33398098
0.24005413,0.23352262,0.23526542,0.2344752,0.26785704
0.19891746,0.19756895,0.19955869,0.23001651,0.19723941
0.18322057,0.18029368,0.1788511,0.24518073,0.18236263
0.17320703,0.17647538,0.1787137,0.27444485,0.1933486
0.17483085,0.17762363,0.18009947,0.27517056,0.17336513
0.20568335,0.19647968,0.20762019,0.32819963,0.19473378
0.2925575,0.28225747,0.29034483,0.34141564,0.26522595
0.41461435,0.4251288,0.40297848,0.3127637,0.38668817
0.46576455,0.4679989,0.47098014,0.3349955,0.45582867
0.4752368,0.47079417,0.47827405,0.38893256,0.49534917
0.47713125,0.47434843,0.48550677,0.47723454,0.47938764
0.47794315,0.47296292,0.47911257,0.45475858,0.49906135
0.47631934,0.46441826,0.47453225,0.45703632,0.5109311
0.467659,0.45882982,0.4749846,0.4663772,0.48637724
0.46495265,0.4580194,0.46535397,0.47181273,0.49286014
0.45981055,0.4431343,0.46688145,0.46946156,0.45200062
0.46738836,0.45677745,0.4763143,0.4564774,0.45794648
0.52476317,0.530883,0.5169755,0.45198792,0.52265364
0.5848444,0.57050204,0.57681835,0.45313513,0.54655707
0.5615697,0.5806939,0.58141476,0.43609583,0.53362435
0.53179973,0.51585394,0.52551174,0.40994447,0.50253254
0.48606226,0.48450056,0.4908309,0.4069374,0.47758913
0.42543977,0.42296395,0.40113539,0.39420712,0.42045525
0.34695536,0.34585908,0.3435945,0.39113748,0.32311842
0.28010824,0.27633318,0.28057843,0.38082725,0.2633609
0.22814615,0.2328448,0.24008907,0.38509613,0.20076858
0.20487145,0.20615646,0.20302047,0.37523496,0.20347483
0.18836266,0.19858503,0.19646512,0.36761194,0.1816016
0.18700947,0.18946323,0.18971212,0.34821147,0.18524122
0.20108254,0.20445961,0.21450923,0.33701795,0.19208756
0.24167794,0.23917249,0.26912588,0.32881704,0.20698698
0.29499322,0.30765256,0.34118333,0.34494925,0.2647207
0.35507444,0.35285255,0.34477776,0.3383771,0.34674215
0.39675236,0.41072765,0.3973477,0.333992,0.39293596
0.4135318,0.425795,0.42153037,0.36160105,0.42435998
0.40866035,0.41707915,0.4220388,0.41206425,0.4163492
0.4051421,0.40227503,0.40151048,0.45745575,0.45981508
0.3932341,0.39404148,0.39956772,0.4673974,0.42186385
0.3772666,0.3831679,0.38599646,0.47607148,0.4193352
0.36589986,0.36995998,0.3670061,0.47714388,0.374694
0.37618405,0.37577412,0.37753624,0.46383238,0.39843106
0.4451962,0.45679083,0.44314831,0.45490384,0.46481705
0.5066306,0.51257664,0.5280287,0.4426794,0.5103372
0.48687416,0.5065593,0.50768834,0.4052248,0.50492954
0.44844383,0.45387077,0.46005094,0.3794518,0.45341742
0.40622464,0.41016892,0.420331,0.37206823,0.43540013
0.3518268,0.3583888,0.3483154,0.3681429,0.4085847
0.28849798,0.28981435,0.28173837,0.38187248,0.3219976
0.22895806,0.23713404,0.22909613,0.3745376,0.25896978
0.18213803,0.19001165,0.18681438,0.37776893,0.20180069
0.15669824,0.16100553,0.15591179,0.372953,0.15675476
0.14641407,0.14998809,0.14440808,0.36779457,0.13088195
0.14776725,0.14938626,0.14736363,0.3492156,0.15751703
0.16075778,0.16115218,0.16586871,0.35322148,0.16312176
0.1886333,0.18954805,0.20184138,0.355228,0.17335333
0.23112313,0.23472026,0.2525689,0.3416471,0.21161263
0.29201624,0.28716347,0.29098123,0.35078996,0.2816345
0.35507444,0.35577956,0.33749577,0.35358894,0.3388983
0.394046,0.392089,0.38591817,0.35595334,0.39603648
0.40649527,0.40523744,0.40756577,0.3845592,0.38428238
0.41109607,0.4065425,0.4062488,0.4128093,0.41387734
0.408931,0.40331706,0.40763128,0.44367957,0.40210783
0.40270635,0.39934587,0.40663964,0.4498968,0.41186863
0.394046,0.39397016,0.40693533,0.46132386,0.35931152
0.4121786,0.40516666,0.41576624,0.44797343,0.38632327
0.47902572,0.49581382,0.4827794,0.4495445,0.44864208
0.53667116,0.5374171,0.5424611,0.4544646,0.48542738
0.5069012,0.5274795,0.52973664,0.42837888,0.49600285
0.46143436,0.46376798,0.4608203,0.4045676,0.44558972
0.40866035,0.41345242,0.42296898,0.3856065,0.41570795
0.34073073,0.34321594,0.344233,0.34681147,0.39065665
0.27550745,0.27079377,0.2667928,0.326079,0.29663682
0.22056833,0.22301862,0.21660289,0.3550626,0.22143917
0.1843031,0.18407059,0.17977868,0.36426455,0.18206792
0.16779432,0.16982862,0.16333216,0.36430174,0.16850133
0.16048715,0.16339034,0.16380326,0.3471533,0.18016502
0.16346414,0.16525775,0.16978674,0.32700372,0.16532892
0.18971583,0.18737179,0.19433708,0.31865403,0.18118581
0.2600812,0.26375183,0.2522355,0.32860917,0.2527669
0.35588634,0.37616932,0.34618926,0.32565165,0.3826443
0.42733425,0.4102509,0.42251223,0.31773758,0.44560286
0.4633288,0.45451152,0.46291345,0.32438236,0.48381346
0.48146144,0.4748822,0.48149773,0.32732907,0.4933095
0.48146144,0.48582664,0.488506,0.34728664,0.5021221
0.47631934,0.47001675,0.47627577,0.38054734,0.517815
0.4608931,0.45303532,0.47067806,0.41734785,0.49910992
0.45602164,0.44577482,0.4533203,0.43143088,0.4874354
0.4443843,0.43994784,0.4603579,0.45228606,0.46858287
0.4541272,0.4378336,0.46270275,0.44680375,0.4707173
0.5328823,0.5225793,0.51472515,0.43584812,0.53337294
0.59810555,0.5924223,0.5889921,0.44095957,0.56889415
0.5799729,0.5972877,0.57669586,0.42015702,0.5695985
0.5393775,0.5364732,0.5410079,0.41381186,0.5329652
0.48389715,0.4841347,0.48792192,0.41442612,0.49275255
0.40135318,0.40762863,0.39965928,0.390204,0.4234622
0.31096077,0.31042483,0.31249276,0.36960363,0.33380952
0.2427605,0.23833188,0.23951049,0.35928276,0.25748855
0.20541272,0.20292881,0.19935217,0.3335554,0.1961412
0.18403247,0.19055963,0.18332306,0.33851242,0.18594484
0.17537212,0.17245412,0.17136335,0.33380616,0.19026172
0.1826793,0.1740616,0.17923449,0.3345393,0.18079247
0.21948579,0.20823634,0.21677783,0.32778752,0.19622809
0.3090663,0.30254632,0.31137174,0.28550482,0.27054802
0.4443843,0.44542772,0.4316361,0.25659746,0.39629796
0.50040597,0.49955896,0.50453186,0.28055257,0.4659251
0.5152909,0.50157183,0.50962585,0.27255964,0.5013752
0.52801085,0.51429313,0.5276747,0.28602657,0.49750578
0.53667116,0.52828157,0.5327204,0.29105318,0.511523
0.5345061,0.52530086,0.5357684,0.31650013,0.523272
0.5239513,0.51528215,0.53302675,0.34546697,0.5036929
0.5217862,0.5119791,0.5235032,0.36267143,0.5021289
0.51312584,0.50817,0.52750623,0.39758152,0.47485787
0.520433,0.5143748,0.52975696,0.42694545,0.47713816
0.5867388,0.59062755,0.5799873,0.44393015,0.5437316
0.65818673,0.63984764,0.63690966,0.43437874,0.5735037
0.64790255,0.6551287,0.6416607,0.3993603,0.5740382
0.61705005,0.60877955,0.60595983,0.41024435,0.53735363
0.5680649,0.56051755,0.5644945,0.41777295,0.49768353
0.48849797,0.49269745,0.47259277,0.418405,0.43891355
0.3991881,0.39301303,0.39082468,0.4359693,0.34200272
0.33423546,0.32618627,0.325732,0.42146707,0.26530704
0.28958052,0.29049277,0.295568,0.4004895,0.2041486
0.26603517,0.26857728,0.2685627,0.4109663,0.18894276
0.25548038,0.2583937,0.26012695,0.41425294,0.19334811
0.26495263,0.26316592,0.26573116,0.408862,0.18233865
0.29364005,0.29238227,0.30681735,0.42187005,0.19777429
0.37943166,0.37155703,0.37787712,0.39121515,0.27221218
0.49959403,0.5175383,0.5056206,0.36531729,0.39801508
0.54316646,0.54571927,0.5485978,0.36830038,0.46627402
0.5396482,0.5395166,0.5499995,0.37417448,0.50478107
0.5288227,0.53328365,0.5443524,0.43649572,0.5001217
0.5269283,0.52292717,0.5240023,0.4621306,0.5128815
0.5169147,0.51740414,0.5219771,0.48374206,0.52817935
0.4985115,0.49402162,0.512429,0.509983,0.5060419
0.4947226,0.48964623,0.49047402,0.509959,0.50266635
0.4947226,0.48268005,0.49370357,0.5228846,0.4782499
0.51285523,0.49822125,0.5158063,0.51744825,0.4804033
0.5853857,0.5864592,0.58540595,0.5129696,0.54753864
0.65466845,0.6474966,0.65803975,0.504595,0.57526493
0.64682,0.65721154,0.65106344,0.4603142,0.57519805
0.6211096,0.61055136,0.61278784,0.45215452,0.5393724
0.5734777,0.56813425,0.5790272,0.43798286,0.50117135
0.49688768,0.49657598,0.49137282,0.4355886,0.44225186
0.40054128,0.40338624,0.4095294,0.43033016,0.3450987
0.33044654,0.32283112,0.32666397,0.4282366,0.26567268
0.28876862,0.2830958,0.2893517,0.41967177,0.20775123
0.264682,0.26671353,0.2685167,0.4146787,0.17960338
0.25169146,0.25214303,0.2556255,0.42093372,0.18845595
0.2600812,0.25367087,0.25717807,0.39044625,0.179369
0.28173208,0.28372425,0.29338828,0.400702,0.19814436
0.36048713,0.3503148,0.35109672,0.406619,0.27328566
0.48579162,0.4884573,0.48150885,0.4037041,0.39176905
0.5223275,0.5313453,0.53925335,0.4113121,0.46886832
0.51096076,0.5139394,0.517261,0.439651,0.49914527
0.49824086,0.5005833,0.50799465,0.4625101,0.49138308
0.49066305,0.49221733,0.49025634,0.47232556,0.5130464
0.4787551,0.4770615,0.4798264,0.49350125,0.5211645
0.45872802,0.45794833,0.47084296,0.50578046,0.49441105
0.44979703,0.44873792,0.451272,0.5013026,0.5043485
0.44330177,0.43831387,0.4494873,0.4920268,0.46349478
0.45358592,0.4461748,0.46394023,0.46157324,0.46604824
0.5255751,0.5239899,0.5281661,0.42789644,0.5330199
0.5894452,0.5904653,0.6096593,0.39070642,0.5610282
0.5797023,0.5958286,0.593718,0.3157023,0.559823
0.55669826,0.54391605,0.55746233,0.28526455,0.52519596
0.5171854,0.5080324,0.523727,0.26059067,0.48920834
0.4435724,0.44444638,0.4456833,0.2529847,0.43845809
0.3518268,0.3532584,0.35807872,0.26069054,0.33398098
0.2841678,0.27801338,0.2811895,0.2702496,0.26785704
0.2397835,0.2414006,0.24426033,0.27928135,0.19723941
0.2202977,0.2167064,0.2154818,0.3409923,0.18236263
0.21028417,0.21128857,0.21162897,0.28185812,0.1933486
0.21488498,0.21453637,0.21551472,0.29586604,0.17336513
0.2427605,0.23676139,0.24076334,0.29239935,0.19473378
0.32530448,0.31414992,0.31496346,0.29871857,0.26522595
0.44844383,0.45060438,0.44146192,0.34104985,0.38668817
0.49797022,0.4959599,0.49685,0.30229884,0.45582867
0.49878213,0.49475423,0.49829108,0.33255154,0.49534917
0.4939107,0.49012485,0.49753946,0.3650458,0.47938764
0.4803789,0.48501644,0.48763323,0.4027873,0.49906135
0.46874154,0.45853224,0.46376234,0.43595165,0.5109311
0.4495264,0.44820723,0.4575768,0.46668506,0.48637724
0.43707713,0.44152784,0.4418648,0.47958958,0.49286014
0.42516914,0.41642982,0.43695953,0.48615324,0.45200062
0.4359946,0.41927525,0.43798816,0.48173118,0.45794648
0.49797022,0.5022743,0.49974793,0.46603668,0.52265364
0.5512855,0.5511661,0.5633256,0.41356942,0.54655707
0.53504735,0.5465127,0.5549127,0.34551376,0.53362435
0.50094724,0.49676463,0.5177378,0.3287688,0.50253254
0.4638701,0.4576902,0.4677722,0.2583374,0.47758913
0.40189445,0.40894878,0.39575744,0.2636451,0.42045525
0.3285521,0.32575873,0.32367325,0.28476742,0.32311842
0.26197565,0.26361474,0.26824284,0.25889474,0.2633609
0.21407308,0.21784562,0.22173765,0.27297568,0.20076858
0.191069,0.19441864,0.19002779,0.28559718,0.20347483
0.17834912,0.18648127,0.18205138,0.27775893,0.1816016
0.17834912,0.18314934,0.18193714,0.27958772,0.18524122
0.1932341,0.19656134,0.20303193,0.2830121,0.19208756
0.22679296,0.2302174,0.25586993,0.29315627,0.20698698
0.28092015,0.28693652,0.31777972,0.30430448,0.2647207
0.3420839,0.3392334,0.33247787,0.29729122,0.34674215
0.39810556,0.3958658,0.38041687,0.29052082,0.39293596
0.42354533,0.43159047,0.42722464,0.28969756,0.42435998
0.42192152,0.42397147,0.42946398,0.37751454,0.4163492
0.40135318,0.41475648,0.41180915,0.41575354,0.45981508
0.37483084,0.38010797,0.38066888,0.43236613,0.42186385
0.35669824,0.35552695,0.35592133,0.46132368,0.4193352
0.3428958,0.34794936,0.35073975,0.478769,0.374694
0.35615698,0.3503303,0.35685277,0.48052728,0.39843106
0.4368065,0.43508494,0.41958866,0.47787648,0.46481705
0.5044655,0.50760543,0.51548314,0.4322266,0.5103372
0.48010826,0.50402796,0.50181186,0.35559452,0.50492954
0.4473613,0.44508326,0.44645765,0.31701803,0.45341742
0.4143437,0.41390803,0.4225803,0.2676047,0.43540013
0.3602165,0.36592257,0.35726994,0.25795275,0.4085847
0.2968877,0.29494926,0.28989574,0.2734722,0.3219976
0.24032477,0.24439317,0.23824994,0.25822732,0.25896978
0.19350474,0.20218998,0.20139359,0.27057502,0.20180069
0.17212449,0.17238179,0.16804266,0.30258083,0.15675476
0.15859269,0.16463947,0.163723,0.2688419,0.13088195
0.15832205,0.16017267,0.15764314,0.30475038,0.15751703
0.16833559,0.17191815,0.17517225,0.2551905,0.16312176
0.19269283,0.19689274,0.20662042,0.29929805,0.17335333
0.2300406,0.23853144,0.26080757,0.31242925,0.21161263
0.2901218,0.28523186,0.29507208,0.30339158,0.2816345
0.3564276,0.35331962,0.34059113,0.27685863,0.3388983
0.39675236,0.39547023,0.3864736,0.27021518,0.39603648
0.41786197,0.406082,0.40764534,0.31750327,0.38428238
0.43031123,0.41903207,0.41824487,0.36706686,0.41387734
0.42976996,0.42120507,0.4293592,0.3992911,0.40210783
0.42381597,0.4182783,0.42890587,0.4333967,0.41186863
0.41921514,0.41367736,0.428526,0.47046405,0.35931152
0.43572396,0.43214312,0.4440468,0.47616458,0.38632327
0.5101488,0.51709056,0.5023837,0.4872775,0.44864208
0.55047363,0.56679684,0.5781873,0.4976021,0.48542738
0.5236806,0.53128535,0.5270635,0.45520383,0.49600285
0.47767252,0.484511,0.48612043,0.41519365,0.44558972
0.4265223,0.4292366,0.43440384,0.3885861,0.41570795
0.34424898,0.35672334,0.36334124,0.35346216,0.39065665
0.26522326,0.26252124,0.26152265,0.35720378,0.29663682
0.20189445,0.2066508,0.20089912,0.3070814,0.22143917
0.16292287,0.16468996,0.15603799,0.32548416,0.18206792
0.1466847,0.1476481,0.13832295,0.31760228,0.16850133
0.141272,0.14178205,0.13982734,0.28016415,0.18016502
0.14316644,0.14649257,0.15242027,0.32382572,0.16532892
0.17266576,0.16638419,0.1785359,0.30929095,0.18118581
0.2541272,0.2494714,0.24505347,0.31221366,0.2527669
0.3813261,0.37972414,0.34666917,0.33695686,0.3826443
0.44167796,0.44969678,0.45883805,0.33538377,0.44560286
0.45006767,0.45482063,0.46913347,0.33303505,0.48381346
0.4571042,0.45428342,0.4618798,0.32961035,0.4933095
0.46197563,0.45984107,0.4624185,0.33046016,0.5021221
0.4511502,0.45490074,0.46170765,0.35022306,0.517815
0.43545333,0.4325827,0.44416246,0.36319554,0.49910992
0.42543977,0.4263455,0.4271698,0.38506943,0.4874354
0.41299054,0.40891412,0.42338735,0.3694337,0.46858287
0.41623816,0.40255272,0.4328227,0.35683793,0.4707173
0.49012178,0.47715065,0.48104915,0.33236057,0.53337294
0.55669826,0.5504625,0.54878694,0.2719341,0.56889415
0.5461434,0.5576217,0.5461155,0.21339682,0.5695985
0.50933695,0.50717443,0.5226861,0.23611967,0.5329652
0.46549392,0.4592761,0.46716994,0.23645467,0.49275255
0.38592693,0.39272517,0.3821658,0.25525916,0.4234622
0.3044655,0.2946516,0.29408967,0.2308881,0.33380952
0.23572396,0.23519263,0.23754725,0.22784981,0.25748855
0.18755074,0.19537571,0.19365273,0.19908899,0.1961412
0.17537212,0.16942087,0.16248885,0.19703558,0.18594484
0.16833559,0.16771907,0.1709327,0.23085567,0.19026172
0.1759134,0.16768622,0.1737591,0.22238615,0.18079247
0.20541272,0.20271197,0.208728,0.24730146,0.19622809
0.29120433,0.28519425,0.2857573,0.26185885,0.27054802
0.42002708,0.42541555,0.41769063,0.32478875,0.39629796
0.47658998,0.4721624,0.46905553,0.30691725,0.4659251
0.48443842,0.4784614,0.48469502,0.34909427,0.5013752
0.48579162,0.47902232,0.49258253,0.3692422,0.49750578
0.49066305,0.48164085,0.4856524,0.39869177,0.511523
0.49201623,0.4821665,0.4861608,0.41103262,0.523272
0.48470905,0.47956765,0.49003345,0.42478937,0.5036929
0.48741543,0.4765229,0.4860767,0.4630341,0.5021289
0.48579162,0.4778779,0.49910882,0.459651,0.47485787
0.49661705,0.4916862,0.5032892,0.48147,0.47713816
0.5780785,0.5690839,0.55010736,0.48971313,0.5437316
0.64627874,0.6359325,0.6367794,0.45832092,0.5735037
0.6300406,0.6395174,0.62378675,0.41419062,0.5740382
0.60351825,0.5885156,0.5870025,0.39661002,0.53735363
0.561299,0.5489894,0.5515971,0.4064871,0.49768353
0.48064953,0.48513857,0.46862257,0.4133504,0.43891355
0.38863328,0.38040683,0.3828075,0.42622954,0.34200272
0.32151556,0.31227463,0.31323022,0.4064436,0.26530704
0.27875507,0.27588055,0.28205118,0.41155264,0.2041486
0.26035184,0.25728294,0.26158276,0.4020526,0.18894276
0.25439784,0.2525168,0.25772318,0.39647937,0.19334811
0.25520974,0.2597072,0.2671921,0.36930752,0.18233865
0.2857916,0.27560067,0.2904865,0.3679555,0.19777429
0.3669824,0.36363897,0.3834397,0.35936147,0.27221218
0.49607578,0.5007547,0.48077273,0.3736874,0.39801508
0.5369418,0.5461582,0.54595387,0.3508004,0.46627402
0.53315294,0.5283238,0.53648835,0.34650812,0.50478107
0.5223275,0.52648115,0.5373262,0.39381534,0.5001217
0.51312584,0.51741254,0.51756686,0.4370916,0.5128815
0.5036536,0.5022156,0.50420123,0.45854247,0.52817935
0.48822734,0.48500642,0.50087684,0.4903797,0.5060419
0.48254398,0.48236296,0.48600143,0.5127922,0.50266635
0.47253045,0.47089818,0.4816218,0.5112198,0.4782499
0.48741543,0.47172937,0.48583105,0.5087585,0.4804033
0.5683356,0.562515,0.56749487,0.493173,0.54753864
0.6351827,0.6361888,0.6481818,0.45753658,0.57526493
0.6300406,0.6371975,0.6291061,0.41983032,0.57519805
0.60514206,0.5968504,0.6049781,0.38125318,0.5393724
0.56265223,0.55421525,0.5645844,0.34305346,0.50117135
0.48389715,0.49145207,0.4828686,0.32932246,0.44225186
0.39106902,0.39241204,0.3940776,0.3287663,0.3450987
0.32205683,0.3186681,0.32000804,0.32610032,0.26567268
0.27794316,0.2775133,0.28236574,0.34615105,0.20775123
0.2654939,0.25874424,0.25649655,0.31974143,0.17960338
0.26224628,0.26362374,0.2635823,0.3399943,0.18845595
0.270636,0.27004406,0.27373752,0.3626176,0.179369
0.30284166,0.29528013,0.30499363,0.339841,0.19814436
0.38700947,0.37810782,0.38237005,0.38806885,0.27328566
0.51962113,0.51992106,0.50223243,0.36341214,0.39176905
0.5631935,0.5624799,0.56817085,0.38836628,0.46886832
0.55372125,0.5518538,0.5553299,0.39798063,0.49914527
0.53179973,0.5378595,0.54741454,0.4508552,0.49138308
0.5117727,0.5177766,0.5153986,0.4748845,0.5130464
0.49797022,0.49114963,0.49284387,0.49009442,0.5211645
0.47334236,0.47547218,0.48875454,0.50730914,0.49441105
0.4633288,0.45796594,0.46290272,0.5212052,0.5043485
0.45845738,0.4493996,0.46216747,0.51875246,0.46349478
0.4760487,0.4605529,0.47998506,0.51014036,0.46604824
0.55534506,0.54983515,0.55161285,0.48660487,0.5330199
0.6054127,0.618989,0.6294106,0.45173323,0.5610282
0.602977,0.60302114,0.59953594,0.41395193,0.559823
0.5715832,0.5730321,0.5873212,0.36087087,0.52519596
0.5307172,0.51588935,0.5259867,0.33099455,0.48920834
0.4519621,0.45557004,0.45652023,0.30872464,0.43845809
0.35805142,0.3572173,0.36545616,0.2893133,0.33398098
0.2849797,0.28280225,0.2888087,0.2674977,0.26785704
0.23897158,0.23918203,0.24368027,0.26936644,0.19723941
0.21867388,0.2161546,0.21558328,0.24532609,0.18236263
0.21001354,0.20970419,0.20946325,0.24126399,0.1933486
0.21244925,0.21421582,0.2157244,0.25315392,0.17336513
0.23951286,0.23247126,0.23718666,0.2636044,0.19473378
0.31691474,0.31041282,0.3201505,0.28198448,0.26522595
0.4414073,0.43918273,0.43630674,0.30430257,0.38668817
0.5006766,0.49071804,0.48915046,0.32911772,0.45582867
0.5082544,0.49900183,0.50445914,0.33976948,0.49534917
0.5182679,0.5022105,0.507313,0.35959536,0.47938764
0.520433,0.5152695,0.51890564,0.3762713,0.49906135
0.51799726,0.50517315,0.51361823,0.38194156,0.5109311
0.5074425,0.497646,0.51283824,0.4134346,0.48637724
0.49905276,0.49741027,0.505761,0.4486313,0.49286014
0.49120432,0.47783554,0.50315195,0.46721298,0.45200062
0.49607578,0.49036142,0.5097528,0.48684913,0.45794648
0.55236804,0.5600666,0.54888594,0.48728955,0.52265364
0.57618403,0.5987152,0.6049917,0.47505397,0.54655707
0.55669826,0.5590499,0.56286454,0.45516717,0.53362435
0.5201624,0.5205331,0.5419878,0.43348974,0.50253254
0.47496617,0.47184703,0.48533428,0.42637032,0.47758913
0.41299054,0.4176529,0.40289903,0.43189543,0.42045525
0.33721244,0.33676898,0.3349312,0.42550403,0.32311842
0.26928282,0.27065033,0.27373794,0.4069203,0.2633609
0.22273342,0.22277108,0.22798975,0.40496945,0.20076858
0.1991881,0.20281804,0.20029828,0.40888888,0.20347483
0.18403247,0.19301072,0.19079116,0.386186,0.1816016
0.18322057,0.18639398,0.18629415,0.3654853,0.18524122
0.19675237,0.20051932,0.20975439,0.37689543,0.19208756
0.2338295,0.23336276,0.25681424,0.36673522,0.20698698
0.29445195,0.29710984,0.31910846,0.35241938,0.2647207
0.3564276,0.35628965,0.3500206,0.34991294,0.34674215
0.41326118,0.41163638,0.39687324,0.32999778,0.39293596
0.4392422,0.44827256,0.44949263,0.34548467,0.42435998
0.44005412,0.44235724,0.45009243,0.35577124,0.4163492
0.4351827,0.43275207,0.43367964,0.3562116,0.45981508
0.42435724,0.418304,0.4263636,0.38520634,0.42186385
0.41677943,0.4127222,0.4148835,0.40219542,0.4193352
0.41759133,0.40999186,0.41756576,0.39164478,0.374694
0.44005412,0.4316627,0.44660115,0.40444195,0.39843106
0.52476317,0.5217172,0.50398284,0.38922814,0.46481705
0.57780784,0.5896265,0.5857415,0.34395945,0.5103372
0.5558863,0.5625243,0.5587505,0.32163462,0.50492954
0.5223275,0.5207031,0.51757604,0.32050377,0.45341742
0.48930988,0.48095658,0.4816296,0.29255563,0.43540013
0.43788904,0.43603775,0.42552543,0.30757847,0.4085847
0.37401894,0.36678866,0.3636247,0.3191306,0.3219976
0.32151556,0.31522116,0.31181413,0.3048722,0.25896978
0.28200272,0.27869245,0.28493416,0.31061476,0.20180069
0.26441136,0.26193166,0.26218605,0.329903,0.15675476
0.25629228,0.25329742,0.261793,0.337902,0.13088195
0.2549391,0.2574984,0.26416516,0.3452254,0.15751703
0.26495263,0.2631697,0.2767239,0.3571874,0.16312176
0.29282814,0.2997329,0.30942985,0.3524817,0.17335333
0.34073073,0.34524116,0.36053762,0.38246715,0.21161263
0.40405953,0.3917596,0.40158764,0.3841883,0.2816345
0.47631934,0.45988363,0.4471398,0.3960502,0.3388983
0.5169147,0.5137806,0.5089262,0.42758322,0.39603648
0.5309878,0.5232697,0.5305078,0.4481135,0.38428238
0.5377537,0.52474403,0.53325075,0.4628846,0.41387734
0.53179973,0.52748346,0.539427,0.49455553,0.40210783
0.5142084,0.5206113,0.53168106,0.51865864,0.41186863
0.50635993,0.49816224,0.51074475,0.5241002,0.35931152
0.5261164,0.51798266,0.52689177,0.53952366,0.38632327
0.6159675,0.6065629,0.59183955,0.5430739,0.44864208
0.66982406,0.6841234,0.6834322,0.51402473,0.48542738
0.655751,0.6511786,0.6447799,0.48001885,0.49600285
0.6189445,0.62257755,0.6186009,0.49798828,0.44558972
0.57104194,0.5682887,0.5807265,0.47604376,0.41570795
0.50798374,0.5055399,0.5093937,0.4667368,0.39065665
0.4384303,0.43155384,0.4366476,0.45706737,0.29663682
0.38322058,0.3768231,0.37748128,0.45231944,0.22143917
0.341272,0.3426852,0.34390825,0.4477498,0.18206792
0.3201624,0.31834117,0.31652826,0.41507012,0.16850133
0.3120433,0.31194738,0.3112362,0.420232,0.18016502
0.31962112,0.3174336,0.3157674,0.40924424,0.16532892
0.3488498,0.34241596,0.34540492,0.4053898,0.18118581
0.43112314,0.42244154,0.4062578,0.4164859,0.2527669
0.5542625,0.5635889,0.5382498,0.4104402,0.3826443
0.60622466,0.6051266,0.64814186,0.38723916,0.44560286
0.60703653,0.6058041,0.62046134,0.39284086,0.48381346
0.6002706,0.5993422,0.6078446,0.44559807,0.4933095
0.59485793,0.59257376,0.59637034,0.49691528,0.5021221
0.58457375,0.5786009,0.58816606,0.5247022,0.517815
0.57023007,0.5578499,0.57744086,0.5565688,0.49910992
0.5623816,0.55997205,0.56165767,0.5725661,0.4874354
0.5450609,0.54579335,0.5609293,0.57139456,0.46858287
0.5599459,0.5370214,0.557107,0.57397324,0.4707173
0.6368065,0.6329289,0.6332425,0.5649233,0.53337294
0.691475,0.70305294,0.69921064,0.5389584,0.56889415
0.68362653,0.6862896,0.6822729,0.49137086,0.5695985
0.65899867,0.65480137,0.6578561,0.48087108,0.5329652
0.61028415,0.606817,0.62512016,0.48677343,0.49275255
0.52476317,0.52946126,0.54124767,0.477799,0.4234622
0.42949933,0.42786786,0.44012058,0.46147758,0.33380952
0.35101488,0.35125515,0.35910472,0.45926076,0.25748855
0.30067658,0.30069658,0.3028348,0.4461196,0.1961412
0.28200272,0.27880624,0.27169243,0.41847825,0.18594484
0.2722598,0.27249035,0.2729206,0.40423208,0.19026172
0.27280107,0.27015555,0.27725166,0.38842428,0.18079247
0.29905277,0.29230043,0.2967505,0.37398708,0.19622809
0.3745602,0.37433755,0.36695004,0.38273263,0.27054802
0.5014885,0.5003257,0.4918905,0.3838699,0.39629796
0.5564276,0.54980326,0.57088286,0.38845775,0.4659251
0.56373477,0.55597126,0.5579456,0.38459188,0.5013752
0.56914747,0.55702496,0.56812155,0.43305373,0.49750578
0.5696888,0.56761795,0.5714185,0.44978315,0.511523
0.5602165,0.55691206,0.56497735,0.44665837,0.523272
0.54722595,0.53930676,0.552868,0.46341932,0.5036929
0.5437077,0.53949785,0.540604,0.4587342,0.5021289
0.5326116,0.53137034,0.5457709,0.46134168,0.47485787
0.5391069,0.5330421,0.5489717,0.4701469,0.47713816
0.6005413,0.6110333,0.600868,0.46617663,0.5437316
0.6346414,0.65710115,0.66157115,0.4451754,0.5735037
0.6189445,0.62174034,0.62617856,0.4101323,0.5740382
0.58430314,0.58954954,0.60291815,0.42068356,0.53735363
0.541272,0.53065735,0.54749256,0.4153241,0.49768353
0.45737484,0.47686377,0.47001475,0.40615022,0.43891355
0.37077132,0.36607262,0.36512196,0.40886062,0.34200272
0.2960758,0.30545664,0.30173922,0.4046744,0.26530704
0.24546684,0.25129506,0.250313,0.40740344,0.2041486
0.22354533,0.2257787,0.21841924,0.40588725,0.18894276
0.20866035,0.2184942,0.21244517,0.4072519,0.19334811
0.20703654,0.21497893,0.20760901,0.40415925,0.18233865
0.22760487,0.22985852,0.22970943,0.42231256,0.19777429
0.29147497,0.29842362,0.2916689,0.4447173,0.27221218
0.3872801,0.40662515,0.40090668,0.5218308,0.39801508
0.4638701,0.4339333,0.45187283,0.47504824,0.46627402
0.5104195,0.48529407,0.4991219,0.44331014,0.50478107
0.5336942,0.52635694,0.53470886,0.4225939,0.5001217
0.5477673,0.5405739,0.542348,0.41395772,0.5128815
0.5474966,0.5369845,0.55081856,0.40631226,0.52817935
0.5358593,0.52107656,0.54510534,0.40567434,0.5060419
0.5326116,0.5184539,0.53027683,0.37900305,0.50266635
0.51935047,0.51418173,0.53893805,0.36455292,0.4782499
0.5188092,0.5102428,0.5333337,0.36035973,0.4804033
0.56562924,0.5762328,0.5652045,0.35154575,0.54753864
0.5826793,0.6054258,0.6078694,0.32173526,0.57526493
0.5599459,0.56580484,0.5633985,0.28104502,0.57519805
0.5255751,0.52427113,0.5434195,0.2736162,0.5393724
0.485521,0.47767875,0.49574336,0.26089162,0.50117135
0.4216509,0.42080024,0.41918004,0.2741654,0.44225186
0.34018946,0.3386944,0.34243134,0.28580704,0.3450987
0.26792964,0.27118668,0.27019867,0.27699202,0.26567268
0.21434371,0.22305667,0.22141461,0.2785574,0.20775123
0.19485791,0.19259894,0.18584001,0.2877529,0.17960338
0.18078485,0.19001433,0.18617186,0.28485364,0.18845595
0.1826793,0.18343756,0.18019529,0.2832443,0.179369
0.19891746,0.20723975,0.20578118,0.28012598,0.19814436
0.23870094,0.26622564,0.24902685,0.27746043,0.27328566
0.3023004,0.33667126,0.31683746,0.29570675,0.39176905
0.37645468,0.34883636,0.3735092,0.32392055,0.46886832
0.45899865,0.42934078,0.43068904,0.340733,0.49914527
0.5152909,0.50100195,0.5088882,0.3815143,0.49138308
0.5396482,0.53594613,0.5430046,0.41254663,0.5130464
0.5336942,0.5327103,0.5460679,0.43437177,0.5211645
0.4887686,0.5059372,0.52263945,0.46272165,0.49441105
0.43355885,0.4562064,0.45637167,0.45512223,0.5043485
0.397023,0.39418277,0.40194115,0.46435916,0.46349478
0.39377537,0.3795277,0.39902687,0.47579443,0.46604824
0.4392422,0.45763132,0.43926868,0.4999227,0.5330199
0.46224627,0.49947342,0.48294353,0.48434258,0.5610282
0.46035182,0.4713256,0.44443253,0.4678027,0.559823
0.45872802,0.45491144,0.45813796,0.46300352,0.52519596
0.45358592,0.4339881,0.4567989,0.4604398,0.48920834
0.42083898,0.414409,0.4132759,0.45381004,0.43845809
0.3713126,0.35589644,0.3519472,0.45731914,0.33398098
0.32990527,0.31272233,0.3101974,0.41370463,0.26785704
0.29066306,0.28971964,0.29329926,0.4157828,0.19723941
0.27523682,0.2629519,0.26962972,0.39610636,0.18236263
0.26928282,0.26100376,0.27325422,0.41119805,0.1933486
0.2744249,0.2699872,0.27753758,0.3921247,0.17336513
0.2909337,0.2894177,0.29668456,0.43533474,0.19473378
0.33179972,0.353763,0.3306516,0.38763762,0.26522595
0.38782138,0.4232104,0.39651182,0.4042403,0.38668817
0.43193504,0.4209767,0.46416876,0.42553765,0.45582867
0.46657646,0.46411526,0.48259503,0.4216283,0.49534917
0.48335588,0.47962177,0.493598,0.5028813,0.47938764
0.48741543,0.47827974,0.48801345,0.5179605,0.49906135
0.48525032,0.46703976,0.4791265,0.5168876,0.5109311
0.47198918,0.45852003,0.4682141,0.52783805,0.48637724
0.46224627,0.45916164,0.45248145,0.54694587,0.49286014
0.461705,0.43584153,0.45994934,0.5564155,0.45200062
0.48173207,0.46242562,0.4777565,0.5493877,0.45794648
0.5686062,0.55198634,0.5184392,0.5477913,0.52265364
0.61677945,0.63058156,0.63430667,0.52023786,0.54655707
0.6040595,0.606948,0.60590297,0.5020357,0.53362435
0.58322054,0.57098424,0.5725889,0.49243432,0.50253254
0.5534506,0.5374212,0.5507667,0.4804719,0.47758913
0.5006766,0.49467883,0.50223225,0.47432286,0.42045525
0.43410012,0.42101237,0.4405771,0.45150745,0.32311842
0.37401894,0.36411428,0.3810609,0.4247585,0.2633609
0.32882273,0.32116023,0.3362422,0.4327705,0.20076858
0.30852503,0.30464873,0.30649674,0.3916598,0.20347483
0.2960758,0.29645273,0.30385637,0.3946309,0.1816016
0.30175912,0.29342058,0.2999262,0.4015983,0.18524122
0.31096077,0.3138257,0.32856363,0.3999206,0.19208756
0.33937752,0.34085348,0.3556391,0.42699075,0.20698698
0.39052776,0.3927419,0.41784757,0.41268045,0.2647207
0.4473613,0.44190818,0.45435706,0.4277411,0.34674215
0.50284165,0.499634,0.48735547,0.4388597,0.39293596
0.5242219,0.5340986,0.5332643,0.4755317,0.42435998
0.5152909,0.52085143,0.53074783,0.50325716,0.4163492
0.50094724,0.50179255,0.50266653,0.5101814,0.45981508
0.485521,0.48400006,0.48760474,0.5281446,0.42186385
0.47577807,0.47637278,0.4779454,0.56015503,0.4193352
0.47036535,0.46856824,0.47575372,0.57684964,0.374694
0.4909337,0.48192516,0.48694578,0.56721056,0.39843106
0.57753724,0.57420987,0.5599921,0.55928147,0.46481705
0.62138027,0.65098625,0.6587894,0.53482175,0.5103372
0.6002706,0.60315424,0.61006427,0.521361,0.50492954
0.5602165,0.56882954,0.5791333,0.50476813,0.45341742
0.52990526,0.51512617,0.5330712,0.4869349,0.43540013
0.47334236,0.48029837,0.48913893,0.4786644,0.4085847
0.40027064,0.39986613,0.40673,0.4546194,0.3219976
0.33234102,0.3371458,0.3377495,0.4360118,0.25896978
0.2811908,0.28385153,0.28640598,0.43114233,0.20180069
0.25142083,0.25358993,0.2511404,0.39792717,0.22636516
0.23788904,0.23446625,0.23426796,0.3692363,0.21377085
0.23328823,0.23788503,0.23433925,0.35203582,0.22803138
0.23328823,0.24176055,0.24233797,0.3260407,0.23350547
0.25466847,0.2555748,0.25867456,0.33222058,0.2397707
0.2933694,0.3034079,0.31866398,0.35004663,0.3042218
0.34912044,0.35295948,0.36135697,0.3661275,0.3710122
0.4135318,0.41012555,0.40233636,0.3926863,0.42795923
0.4638701,0.45542276,0.45030105,0.4167586,0.48677647
0.4820027,0.48150828,0.48503134,0.43495083,0.45853978
0.4879567,0.48867902,0.48423892,0.4499637,0.48434246
0.4879567,0.48226961,0.4862236,0.44843745,0.5059336
0.4820027,0.47785932,0.48804876,0.4590038,0.4771152
0.4760487,0.47559962,0.48518795,0.4735164,0.44536087
0.4909337,0.48912457,0.50144756,0.4655167,0.47808456
0.5713126,0.5812149,0.56027246,0.45166296,0.5445037
0.6024357,0.6237806,0.64713186,0.40837795,0.60979015
0.58105546,0.5834563,0.58018637,0.40046597,0.61123246
0.54316646,0.5474634,0.5565659,0.4023622,0.5680378
0.4947226,0.49988976,0.5136851,0.39559248,0.52335054
0.41326118,0.4321958,0.4399675,0.41356784,0.47346175
0.33044654,0.32866815,0.33130735,0.39368254,0.3771208
0.2684709,0.26912838,0.26190767,0.38983095,0.32369822
0.2270636,0.22777867,0.22329874,0.39755756,0.25179452
0.20866035,0.20855185,0.19916506,0.39242613,0.24519043
0.20460081,0.20643303,0.19835363,0.4032839,0.23444898
0.20974289,0.21046525,0.2088755,0.3991203,0.23750629
0.23788904,0.23322353,0.23172458,0.38210893,0.2541017
0.31989175,0.3075364,0.29228845,0.38812453,0.31688255
0.4495264,0.4501194,0.41354823,0.3797912,0.44094822
0.5117727,0.51787233,0.54106593,0.3874027,0.5059328
0.51637346,0.51978046,0.5392634,0.37706357,0.5152569
0.52151555,0.51480305,0.52207047,0.39163736,0.54684365
0.532341,0.5237675,0.52430713,0.3948299,0.5594865
0.53179973,0.5279554,0.5363459,0.41278106,0.5609729
0.52503383,0.51204824,0.53277296,0.44235635,0.5538547
0.52530444,0.51275444,0.5229824,0.44916403,0.5310742
0.51610285,0.5129404,0.5316415,0.45847553,0.5161194
0.5288227,0.51181406,0.5361476,0.46508908,0.54586107
0.59972936,0.6083211,0.5923564,0.45860797,0.6175447
0.6427605,0.63950926,0.6451297,0.43379772,0.6872575
0.6300406,0.6329663,0.6284455,0.41412425,0.66807675
0.5953992,0.6006686,0.6065159,0.40703174,0.6436937
0.54830855,0.54505336,0.5456841,0.40989953,0.58802176
0.46035182,0.47745344,0.46203527,0.40761927,0.5176115
0.36292288,0.3600843,0.36400807,0.3972341,0.41355252
0.2909337,0.28485134,0.28842747,0.3851803,0.3448274
0.23951286,0.24542293,0.24782273,0.3798768,0.2755314
0.22002706,0.21838897,0.21160807,0.37080735,0.25590605
0.20568335,0.21272081,0.21089178,0.37213492,0.24008642
0.20405954,0.20193797,0.20600563,0.36659247,0.24967773
0.22976996,0.22681326,0.23004748,0.37155896,0.26842302
0.30960757,0.30115435,0.31123975,0.3658357,0.32661596
0.4405954,0.44129622,0.43704545,0.3704692,0.45344162
0.4993234,0.5066606,0.50482345,0.3635278,0.5228039
0.49986467,0.5023736,0.51057863,0.37384373,0.5310011
0.49715832,0.49782678,0.5070608,0.36229825,0.5518608
0.49282816,0.4954017,0.49932998,0.38546565,0.571967
0.48470905,0.4881167,0.48799402,0.413327,0.5637245
0.47388363,0.4737407,0.48157662,0.45942813,0.55785084
0.4728011,0.46872136,0.47076654,0.4876637,0.5387195
0.4660352,0.46637994,0.4744405,0.49051756,0.5173141
0.47740188,0.47348744,0.4853792,0.4744225,0.5490116
0.56346416,0.56074786,0.5473201,0.46152252,0.6259549
0.6257104,0.614524,0.6361716,0.4222257,0.6832163
0.62543976,0.62066966,0.61104286,0.37342995,0.67073965
0.59675235,0.59919566,0.5997504,0.37803537,0.64417225
0.55236804,0.54825765,0.5503204,0.3603862,0.58932245
0.47577807,0.48032752,0.46614522,0.32205135,0.51949966
0.37861976,0.37430063,0.38084432,0.33325872,0.42080125
0.30581868,0.29879564,0.3002103,0.3171665,0.3499474
0.25548038,0.25880817,0.2621456,0.29135758,0.2811791
0.23734777,0.23209855,0.23100613,0.30746204,0.2585286
0.22841679,0.23175818,0.23102471,0.3207946,0.24228097
0.23274696,0.2347525,0.23395698,0.26982218,0.24964263
0.2600812,0.25478452,0.26347563,0.35234272,0.2687331
0.3428958,0.33254355,0.33758593,0.36202335,0.326265
0.4760487,0.47797924,0.4694373,0.32451028,0.45592493
0.5339648,0.53630567,0.5294557,0.37627196,0.52404165
0.52584577,0.52612174,0.5368252,0.34507048,0.5332958
0.51772666,0.51499236,0.5222222,0.3619048,0.55407596
0.50581867,0.51166975,0.51310444,0.39922446,0.5743234
0.5066306,0.49274704,0.49357152,0.41245276,0.56893694
0.49607578,0.4963785,0.50861186,0.44372892,0.5603411
0.49445197,0.4879283,0.49954176,0.4805259,0.5406625
0.4811908,0.48687813,0.5008509,0.5017942,0.5191692
0.4879567,0.48027846,0.4915287,0.51253533,0.5508897
0.57564276,0.5732065,0.5582953,0.52360266,0.63005996
0.63355887,0.6325397,0.6572591,0.48131788,0.6861331
0.6308525,0.63136744,0.62340546,0.43887508,0.67207265
0.60622466,0.6069359,0.6102266,0.43851078,0.6465252
0.5653586,0.55956495,0.5639336,0.39811677,0.59136647
0.4879567,0.49734607,0.48397732,0.35585397,0.5214386
0.3924222,0.38842118,0.39311317,0.35937166,0.4225545
0.31312585,0.31340218,0.31614277,0.33684677,0.35045707
0.26901218,0.26193532,0.2664684,0.3321769,0.28216645
0.24682003,0.24669516,0.2493092,0.3544842,0.24573399
0.22814615,0.23833749,0.23857938,0.34038377,0.24120028
0.22841679,0.22654244,0.22740449,0.36777413,0.24886073
0.2571042,0.24966627,0.25531384,0.37524122,0.27035263
0.33558863,0.32601568,0.33673054,0.36776853,0.33391643
0.4638701,0.4653963,0.4589884,0.37384242,0.45019925
0.529364,0.5210988,0.519296,0.39779177,0.52823603
0.53667116,0.52623457,0.53519094,0.39674744,0.53233874
0.5391069,0.5295665,0.5396823,0.40902317,0.54968053
0.54830855,0.53464323,0.5392604,0.4397598,0.5648813
0.5474966,0.54023385,0.5510607,0.47548312,0.5516157
0.5391069,0.53042763,0.5472215,0.48400557,0.55213946
0.5420839,0.52497077,0.5389289,0.496507,0.5426027
0.5301759,0.5326568,0.5510913,0.49671835,0.51327956
0.54722595,0.5285857,0.54018223,0.50059605,0.5424888
0.61163735,0.62939227,0.617216,0.50671315,0.6168458
0.6403248,0.64348936,0.6662069,0.48051578,0.66723526
0.6278755,0.6243166,0.6269891,0.4548096,0.6616267
0.59512854,0.59890825,0.61378205,0.4371462,0.63659316
0.54857916,0.5427563,0.55733705,0.40202162,0.5850416
0.4684709,0.47461838,0.47114143,0.36936048,0.5100088
0.3713126,0.36496425,0.3740626,0.35765237,0.4188543
0.29309878,0.28841323,0.29265252,0.33682203,0.34711796
0.23572396,0.23966235,0.24525587,0.33047163,0.28252098
0.21055481,0.20574188,0.20310254,0.33532,0.2475666
0.19648173,0.19629318,0.19590753,0.338755,0.22261499
0.19675237,0.19784671,0.19675624,0.3582152,0.23286559
0.22056833,0.21664393,0.22426197,0.3592065,0.25790852
0.29661706,0.28591567,0.29679388,0.3470016,0.321665
0.42300406,0.42197242,0.41863906,0.3535536,0.44025767
0.4955345,0.49084368,0.49335197,0.3700686,0.5227747
0.5090663,0.5048803,0.5161349,0.35527068,0.52367127
0.5171854,0.5091687,0.51829636,0.3741231,0.5276716
0.5220568,0.51606476,0.52422243,0.36964914,0.5599381
0.5185386,0.5134937,0.52292764,0.39190656,0.5435635
0.50933695,0.5025309,0.51718825,0.3840317,0.5278628
0.50419486,0.50078636,0.50680256,0.39438397,0.53616196
0.4930988,0.4858,0.50469905,0.40282518,0.48758233
0.5050068,0.48872617,0.51072353,0.39968467,0.52708983
0.5783491,0.5807642,0.56699085,0.39700007,0.5971885
0.6067659,0.6101862,0.633687,0.37431663,0.65386283
0.5872801,0.5813918,0.58482814,0.3578647,0.6273461
0.55751014,0.55285513,0.57274944,0.35571587,0.6091037
0.5274696,0.51595294,0.52607864,0.33983076,0.5584814
0.47036535,0.46925,0.45628738,0.32845607,0.49088407
0.39431664,0.38077062,0.38306296,0.3212844,0.392572
0.32151556,0.3158081,0.3221921,0.32811558,0.33774164
0.26657647,0.26655036,0.27333352,0.30661735,0.2715218
0.23870094,0.2400684,0.24066493,0.29422915,0.25677907
0.22354533,0.23026761,0.23011197,0.28707597,0.2268625
0.2240866,0.22674415,0.2261537,0.2832592,0.23830874
0.23653586,0.24015674,0.25004426,0.30368388,0.2491825
0.27496618,0.2750979,0.29060584,0.29550394,0.24304782
0.3369418,0.34687915,0.36739498,0.29739714,0.33838725
0.40487143,0.40908292,0.398909,0.31856716,0.42095986
0.46359947,0.4598979,0.44664204,0.31231898,0.46038043
0.4917456,0.49633357,0.49809715,0.340818,0.50357556
0.49012178,0.49413773,0.50456274,0.37366998,0.5004579
0.48335588,0.48755154,0.4833817,0.3995246,0.5304874
0.47225982,0.4698303,0.47644988,0.41628945,0.5141878
0.4608931,0.46016875,0.4671751,0.43587738,0.4880435
0.4608931,0.45409063,0.45792028,0.44914693,0.4722799
0.4849797,0.47593948,0.4850562,0.45715868,0.48211014
0.5783491,0.57837963,0.5516841,0.44781357,0.5662196
0.6308525,0.63721156,0.6480408,0.40933487,0.62744874
0.6159675,0.620024,0.60977536,0.39141282,0.6210058
0.588092,0.58975124,0.58651245,0.3806215,0.583327
0.56211096,0.55292714,0.5548712,0.36271805,0.5412254
0.5082544,0.5121527,0.50232524,0.3532911,0.4731989
0.43464142,0.42940527,0.42702293,0.34442985,0.40669796
0.36968878,0.3673902,0.36164635,0.34576124,0.3324077
0.31718537,0.31882063,0.32313642,0.35728964,0.26095167
0.29039243,0.28828022,0.2893316,0.34228933,0.22636516
0.2774019,0.27633142,0.28176376,0.34754854,0.21377085
0.27388364,0.28056642,0.2802027,0.3601097,0.22803138
0.28037888,0.28202823,0.29119736,0.38628733,0.23350547
0.3112314,0.31222197,0.3207981,0.36441758,0.2397707
0.3585927,0.37177503,0.38976026,0.36605316,0.3042218
0.4165088,0.42141142,0.42917264,0.3969828,0.3710122
0.48525032,0.47409296,0.46294516,0.39832646,0.42795923
0.529364,0.5259302,0.52063495,0.43052715,0.48677647
0.53856564,0.5430781,0.54619443,0.49359667,0.45853978
0.54181325,0.5362971,0.53753734,0.48537552,0.48434246
0.5420839,0.53553355,0.5415684,0.49560285,0.5059336
0.5369418,0.5333112,0.5476713,0.51459795,0.4771152
0.52963465,0.5302331,0.5430244,0.5318535,0.44536087
0.54533154,0.5421002,0.5456559,0.5383171,0.47808456
0.6359946,0.6353973,0.61011446,0.53646505,0.5445037
0.6979702,0.6943135,0.7169385,0.51728743,0.60979015
0.68146145,0.6889648,0.6866194,0.4980049,0.61123246
0.6519621,0.6532301,0.6469139,0.48775595,0.5680378
0.60703653,0.60576904,0.6270319,0.47939688,0.52335054
0.52584577,0.5391768,0.5472548,0.47631818,0.47346175
0.4300406,0.43248487,0.43772697,0.47126973,0.3771208
0.36048713,0.35495204,0.35010725,0.4576317,0.32369822
0.31826794,0.31298792,0.3113891,0.4551884,0.25179452
0.2960758,0.29454473,0.2911741,0.4437045,0.24519043
0.28687415,0.28541288,0.28269038,0.43434155,0.23444898
0.29418132,0.29034892,0.28692222,0.43118292,0.23750629
0.32368064,0.31616834,0.31829977,0.44063866,0.2541017
0.40216509,0.39824006,0.38254696,0.4297915,0.31688255
0.53856564,0.53518695,0.5052943,0.43058145,0.44094822
0.59837615,0.60461146,0.6392586,0.43674624,0.5059328
0.6108254,0.59721476,0.6153247,0.44440174,0.5152569
0.62679297,0.610803,0.6193163,0.45109534,0.54684365
0.6308525,0.6328716,0.6355606,0.4438396,0.5594865
0.6278755,0.6176943,0.6312972,0.45197958,0.5609729
0.6159675,0.60546064,0.62987477,0.47069526,0.5538547
0.6121786,0.60174096,0.61290383,0.48746336,0.5310742
0.5991881,0.59758085,0.61398536,0.49952632,0.5161194
0.60351825,0.5947751,0.6135128,0.4968015,0.54586107
0.6760487,0.67908895,0.66598046,0.4722774,0.6175447
0.7101489,0.720847,0.7376201,0.46079004,0.6872575
0.6939107,0.6961252,0.6939253,0.4376043,0.66807675
0.65953994,0.6663904,0.68036,0.43659258,0.6436937
0.61380243,0.60723376,0.6233042,0.44061524,0.58802176
0.52341,0.5418262,0.5362323,0.42825264,0.5176115
0.42543977,0.41956222,0.42496487,0.42808908,0.41355252
0.347226,0.34812847,0.35017097,0.42446035,0.3448274
0.29201624,0.29756805,0.29988262,0.42235082,0.2755314
0.26820028,0.27084422,0.26086235,0.41088817,0.25590605
0.255751,0.25790688,0.256019,0.40789694,0.24008642
0.2579161,0.25631174,0.25817442,0.41467065,0.24967773
0.29282814,0.28236887,0.28567407,0.41429147,0.26842302
0.38078484,0.3727828,0.3704958,0.41706687,0.32661596
0.5139378,0.5189509,0.5060877,0.43742234,0.45344162
0.5721245,0.5737692,0.588533,0.4358573,0.5228039
0.57564276,0.56849265,0.5808594,0.425438,0.5310011
0.58240867,0.5702722,0.58105433,0.4330508,0.5518608
0.5894452,0.5817989,0.5888977,0.41774583,0.571967
0.5772666,0.5805159,0.5932363,0.41676623,0.5637245
0.556157,0.55609953,0.5698813,0.41642016,0.55785084
0.5602165,0.5437798,0.5428511,0.4182546,0.5387195
0.5751015,0.5533041,0.56977034,0.42829394,0.5173141
0.5813261,0.5893482,0.6122768,0.41212654,0.5490116
0.6600812,0.6571444,0.62680256,0.39316422,0.6259549
0.7104195,0.70581704,0.71542025,0.37968916,0.6832163
0.7050068,0.699926,0.6892867,0.37553346,0.67073965
0.682544,0.68024844,0.6780182,0.36443925,0.64417225
0.64546686,0.6340914,0.63699883,0.3726467,0.58932245
0.5631935,0.57095647,0.55934834,0.36399442,0.51949966
0.45872802,0.45385298,0.4622162,0.3490305,0.42080125
0.38349122,0.3748642,0.37440568,0.34050483,0.3499474
0.33748308,0.3336157,0.33919773,0.32122526,0.2811791
0.31474966,0.31443438,0.31812295,0.3539005,0.2585286
0.30635995,0.30388495,0.30973658,0.32245004,0.24228097
0.3112314,0.3176287,0.31751758,0.3244815,0.24964263
0.34018946,0.3368572,0.34794694,0.3225289,0.2687331
0.4257104,0.41848457,0.41943505,0.3670047,0.326265
0.5585927,0.5685401,0.5509611,0.40354574,0.45592493
0.6075778,0.6141701,0.6190927,0.4416319,0.52404165
0.6008119,0.5963336,0.6065992,0.45721197,0.5332958
0.5924222,0.5935041,0.6000637,0.49338448,0.55407596
0.5853857,0.58462274,0.5882778,0.5187671,0.5743234
0.57483083,0.57208806,0.57673776,0.5091508,0.56893694
0.565088,0.55696297,0.57235795,0.5246667,0.5603411
0.5686062,0.56076354,0.5696222,0.5443084,0.5406625
0.5618403,0.56193715,0.5794519,0.55010265,0.5191692
0.5772666,0.5623403,0.575126,0.535103,0.5508897
0.6673884,0.66158825,0.6468116,0.5305292,0.63005996
0.732341,0.721507,0.73935294,0.51242197,0.6861331
0.72611636,0.73180807,0.72233516,0.49194568,0.67207265
0.70338297,0.7000022,0.6971805,0.47864878,0.6465252
0.6652233,0.654055,0.66269755,0.4655215,0.59136647
0.5870095,0.59028333,0.58572304,0.45327133,0.5214386
0.4811908,0.4806359,0.49201626,0.44506866,0.4225545
0.40487143,0.39366764,0.3991147,0.43298423,0.35045707
0.35588634,0.35331866,0.36206156,0.40727127,0.28216645
0.33261165,0.32872784,0.3336647,0.41780198,0.24573399
0.32395127,0.3186103,0.32598478,0.39392984,0.24120028
0.32909337,0.3302789,0.33369648,0.38030952,0.24886073
0.35967523,0.35270676,0.36236608,0.3678769,0.27035263
0.44763193,0.43589365,0.43757963,0.3685074,0.33391643
0.5864682,0.5913254,0.5700703,0.34770483,0.45019925
0.63058186,0.6393998,0.64451504,0.37043363,0.52823603
0.6240866,0.6166334,0.6198178,0.4192345,0.53233874
0.6189445,0.6154758,0.6205493,0.4494297,0.54968053
0.61515564,0.61249584,0.61521196,0.4938602,0.5648813
0.6056833,0.60247725,0.6102171,0.48175746,0.5516157
0.5921516,0.5894952,0.60458,0.50274414,0.55213946
0.5918809,0.5840547,0.5917758,0.53489935,0.5426027
0.58782136,0.5845361,0.5984907,0.54389143,0.51327956
0.61028415,0.5937429,0.60815096,0.5556071,0.5424888
0.6968877,0.6983965,0.6830866,0.5544184,0.6168458
0.75317997,0.748906,0.76111066,0.545122,0.66723526
0.7539919,0.7489027,0.73990893,0.51991165,0.6616267
0.72746956,0.73432314,0.73070526,0.5101188,0.63659316
0.6895805,0.67414653,0.68421745,0.5191851,0.5850416
0.61163735,0.6165091,0.61429834,0.49477065,0.5100088
0.51447904,0.5059803,0.5166362,0.51211345,0.4188543
0.43897158,0.431762,0.4368803,0.5155387,0.34711796
0.38105547,0.38598898,0.39536157,0.49860775,0.28252098
0.35751015,0.34911552,0.35376087,0.49766058,0.2475666
0.34479025,0.34260958,0.35278225,0.49036956,0.22261499
0.34912044,0.3505809,0.3529651,0.4634533,0.23286559
0.37428957,0.37298712,0.38299945,0.44571584,0.25790852
0.45060894,0.44560495,0.44675708,0.44824404,0.321665
0.58755076,0.57886434,0.5670004,0.47547948,0.44025767
0.6376184,0.6439748,0.6568235,0.47230923,0.5227747
0.64113665,0.625752,0.6315433,0.4789104,0.52367127
0.64086604,0.63892937,0.6434597,0.47272146,0.5276716
0.62977,0.63271886,0.63992125,0.51471126,0.5599381
0.6156969,0.60987777,0.61930954,0.5352927,0.5435635
0.6027064,0.59711,0.61068606,0.54832006,0.5278628
0.60162383,0.598762,0.60333514,0.56360847,0.53616196
0.5937754,0.58862257,0.6088194,0.5579321,0.48758233
0.60784847,0.5929508,0.6107387,0.56059176,0.52708983
0.6847091,0.6904237,0.6725569,0.54936695,0.5971885
0.7266576,0.7291327,0.7501235,0.5266699,0.65386283
0.71420836,0.7109795,0.7181635,0.49034166,0.6273461
0.6909337,0.6870654,0.69534767,0.44925165,0.6091037
0.6657646,0.6476675,0.66202223,0.43635792,0.5584814
0.6110961,0.6072724,0.604831,0.40232885,0.49088407
0.53640056,0.52236766,0.5315052,0.39073467,0.392572
0.4633288,0.46202537,0.4675581,0.38886458,0.33774164
0.40622464,0.40742096,0.41520548,0.39761811,0.2715218
0.37916103,0.3785724,0.37974137,0.39631766,0.25677907
0.36562923,0.37024012,0.3738065,0.41838682,0.2268625
0.36644113,0.36974093,0.37353057,0.44668055,0.23830874
0.3737483,0.38173878,0.39576554,0.45278072,0.2491825
0.4075778,0.40836206,0.4211549,0.45762008,0.24304782
0.47496617,0.47792605,0.489404,0.48040545,0.33838725
0.54343706,0.54007477,0.5369518,0.4886166,0.42095986
0.5989175,0.59078693,0.5836327,0.49894834,0.46038043
0.62543976,0.6243977,0.6306452,0.5105948,0.50357556
0.6216509,0.62759954,0.6334318,0.54900676,0.5004579
0.6097429,0.6075176,0.61153793,0.5790473,0.5304874
0.5937754,0.5973277,0.6015818,0.58568287,0.5141878
0.5783491,0.5824936,0.5880195,0.59978986,0.4880435
0.5797023,0.56985956,0.5735301,0.60608625,0.4722799
0.6008119,0.596314,0.6023023,0.6130558,0.48211014
0.6912043,0.6882657,0.65554696,0.6187458,0.5662196
0.7196211,0.7541415,0.7579522,0.62372935,0.62744874
0.6847091,0.6953712,0.6943016,0.6139059,0.6210058
0.6503383,0.6518966,0.66183364,0.6005813,0.583327
0.614885,0.6150803,0.63255733,0.58850634,0.5412254
0.55507445,0.5700547,0.56605047,0.5749066,0.4731989
0.49066305,0.48285064,0.4816449,0.552012,0.40669796
0.42814615,0.43390837,0.4284218,0.5396851,0.3324077
0.37185386,0.3797584,0.38125098,0.5350182,0.26095167
0.34262517,0.34196582,0.33838674,0.51563907,0.22636516
0.32611638,0.32705513,0.3295884,0.51286787,0.21377085
0.32449254,0.3269795,0.32377437,0.5076934,0.22803138
0.32882273,0.3340868,0.33985442,0.499565,0.23350547
0.35209742,0.35756513,0.36088595,0.51002365,0.2397707
0.3872801,0.4063936,0.41201162,0.5076618,0.3042218
0.44492558,0.44236055,0.44602174,0.5107646,0.3710122
0.5139378,0.5043223,0.500746,0.525289,0.42795923
0.57077134,0.556015,0.5575053,0.52413815,0.48677647
0.60189444,0.59291005,0.5978085,0.52703816,0.45853978
0.617862,0.6051614,0.61282074,0.5364425,0.48434246
0.6181326,0.6127623,0.6233811,0.5313176,0.5059336
0.6043302,0.60458827,0.61883414,0.53159213,0.4771152
0.5907984,0.58957136,0.6051631,0.5370608,0.44536087
0.59296346,0.59705997,0.6116595,0.5403274,0.47808456
0.68660355,0.6704557,0.64321303,0.5374531,0.5445037
0.7307172,0.7452743,0.75681,0.5232763,0.60979015
0.7101489,0.7059477,0.70072484,0.5013672,0.61123246
0.67036533,0.68294084,0.67678624,0.4854418,0.5680378
0.6135318,0.6196342,0.6374364,0.46408755,0.52335054
0.5288227,0.5466006,0.5543915,0.46263587,0.47346175
0.4376184,0.44228923,0.44780344,0.42783242,0.3771208
0.36833557,0.37241426,0.36171958,0.4244486,0.32369822
0.32395127,0.32523465,0.31616122,0.431445,0.25179452
0.30581868,0.3048632,0.2930073,0.43696457,0.24519043
0.29797024,0.30429468,0.29349557,0.39436156,0.23444898
0.31014884,0.3067974,0.2976727,0.45350337,0.23750629
0.34343708,0.34071273,0.33507997,0.39896548,0.2541017
0.4324763,0.42062733,0.3977779,0.42892373,0.31688255
0.5664411,0.57464683,0.53478557,0.44252008,0.44094822
0.61461437,0.6295285,0.67207724,0.43671304,0.5059328
0.60838974,0.6140079,0.63406926,0.39446706,0.5152569
0.60838974,0.60319626,0.61169994,0.47906554,0.54684365
0.6081191,0.6084022,0.6144972,0.46376473,0.5594865
0.6002706,0.5966888,0.60868585,0.51172316,0.5609729
0.58755076,0.5771966,0.59615874,0.5139548,0.5538547
0.58782136,0.575862,0.57685983,0.5347213,0.5310742
0.5840325,0.57503355,0.59097373,0.54200304,0.5161194
0.60351825,0.5832121,0.6098611,0.55143017,0.54586107
0.6960758,0.68604183,0.6764864,0.5519608,0.6175447
0.7631935,0.7513481,0.75111514,0.5427489,0.6872575
0.76048714,0.7607237,0.74474955,0.51818794,0.66807675
0.73423547,0.7358232,0.724372,0.4984566,0.6436937
0.6985115,0.6811035,0.68101805,0.45732856,0.58802176
0.6202977,0.6233993,0.61713386,0.4627303,0.5176115
0.52476317,0.51546377,0.52605844,0.4103736,0.41355252
0.44600812,0.4447659,0.44901964,0.38781688,0.3448274
0.39810556,0.39447615,0.40197316,0.38030052,0.2755314
0.3729364,0.37940687,0.38014728,0.4116255,0.25590605
0.3610284,0.36160347,0.368763,0.41247082,0.24008642
0.36400542,0.3646072,0.37169266,0.43819946,0.24967773
0.39972937,0.3888305,0.39791918,0.42765749,0.26842302
0.49066305,0.48140565,0.47968477,0.46135122,0.32661596
0.6300406,0.63295543,0.6125784,0.47378123,0.45344162
0.6841678,0.6842914,0.689976,0.50884414,0.5228039
0.6828146,0.6794993,0.6777784,0.50587237,0.5310011
0.6809202,0.6745076,0.68154705,0.5696327,0.5518608
0.68146145,0.6760603,0.68013954,0.61095995,0.571967
0.6741543,0.6670371,0.67996913,0.62622863,0.5637245
0.6619756,0.6589192,0.67535424,0.6137151,0.55785084
0.66305816,0.6535746,0.66453624,0.6383805,0.5387195
0.66116375,0.65226924,0.6726402,0.63677347,0.5173141
0.68146145,0.6685163,0.68018323,0.6428711,0.5490116
0.7612991,0.76394665,0.7424212,0.63361806,0.6259549
0.8070365,0.804885,0.81546116,0.6196679,0.6832163
0.8018944,0.7904586,0.790365,0.60505193,0.67073965
0.7691475,0.7767693,0.77943504,0.60099125,0.64417225
0.72341,0.7124399,0.73003054,0.58377975,0.58932245
0.6330176,0.6472509,0.6482799,0.5851961,0.51949966
0.52828145,0.52204275,0.53325826,0.5665033,0.42080125
0.45520973,0.44550154,0.44552946,0.5493967,0.3499474
0.3932341,0.4033235,0.41149777,0.5153089,0.2811791
0.36671177,0.359434,0.35974303,0.5021386,0.2585286
0.35507444,0.35370988,0.35698223,0.47684485,0.24228097
0.35805142,0.36256438,0.3633534,0.45683324,0.24964263
0.38349122,0.37854174,0.39213622,0.42665058,0.2687331
0.46549392,0.45646736,0.45674574,0.4117375,0.326265
0.58457375,0.6049952,0.58436,0.41023582,0.45592493
0.6346414,0.6319666,0.6503481,0.42113262,0.52404165
0.63355887,0.62531996,0.6407014,0.4478563,0.5332958
0.6330176,0.6284735,0.632403,0.4727797,0.55407596
0.6243572,0.6303495,0.63411343,0.50434947,0.5743234
0.6097429,0.60933137,0.61855376,0.53773904,0.56893694
0.5972936,0.58963764,0.6044952,0.53651035,0.5603411
0.58998644,0.5924939,0.5951741,0.5381345,0.5406625
0.58078486,0.5763786,0.59070635,0.5232955,0.5191692
0.59133965,0.5806167,0.6009186,0.5152157,0.5508897
0.68146145,0.6727867,0.65538865,0.4953192,0.63005996
0.73423547,0.7378452,0.75362283,0.46319413,0.6861331
0.7290934,0.72531843,0.7205949,0.42913556,0.67207265
0.7031123,0.70387584,0.7045986,0.42210847,0.6465252
0.6687415,0.6514514,0.6650442,0.38036525,0.59136647
0.5924222,0.5946723,0.5992323,0.41206312,0.5214386
0.49282816,0.48763034,0.5000683,0.3593219,0.4225545
0.40568337,0.40859672,0.41203707,0.4066615,0.35045707
0.35372123,0.34566277,0.35021847,0.4508074,0.28216645
0.33207035,0.32439345,0.328003,0.41005486,0.24573399
0.31474966,0.31725577,0.32511854,0.4156266,0.24120028
0.31366712,0.31315517,0.3148498,0.4372167,0.24886073
0.3396482,0.33311096,0.33754066,0.43147397,0.27035263
0.4181326,0.41100833,0.40430027,0.42168605,0.33391643
0.55318,0.5516753,0.53229743,0.42926252,0.45019925
0.60866034,0.6079321,0.63254833,0.41599184,0.52823603
0.6024357,0.5998743,0.60680014,0.44119495,0.53233874
0.6027064,0.5920323,0.5971039,0.44309717,0.54968053
0.59810555,0.59848046,0.60331964,0.46579343,0.5648813
0.58457375,0.5832263,0.59076655,0.45786494,0.5516157
0.5596752,0.5641295,0.5768896,0.4791755,0.55213946
0.5526387,0.54409826,0.5477728,0.5133039,0.5426027
0.54154265,0.5427848,0.5554275,0.5220082,0.51327956
0.5548038,0.5425607,0.55692506,0.5270127,0.5424888
0.63951284,0.6413758,0.6231003,0.5122811,0.6168458
0.6917456,0.69137335,0.7105666,0.487683,0.66723526
0.6876861,0.68649983,0.6836513,0.42296642,0.6616267
0.66495264,0.66410357,0.6702693,0.42213476,0.63659316
0.62868744,0.6144008,0.63190585,0.40876067,0.5850416
0.55020297,0.5558765,0.5590049,0.38835466,0.5100088
0.44763193,0.4423564,0.45559168,0.40654933,0.4188543
0.36508796,0.36060306,0.36413687,0.4033059,0.34711796
0.30257103,0.30817762,0.3153675,0.39838123,0.28252098
0.27469555,0.26954803,0.26892486,0.4053585,0.2475666
0.2600812,0.25838497,0.25936586,0.38604683,0.22261499
0.2579161,0.26242542,0.25971937,0.3922573,0.23286559
0.28552097,0.27772143,0.27925134,0.40474993,0.25790852
0.35967523,0.3569628,0.3540088,0.3933854,0.321665
0.48687416,0.48290828,0.4818078,0.38945198,0.44025767
0.55236804,0.5482597,0.5578186,0.42475408,0.5227747
0.5548038,0.5529059,0.55892575,0.41069221,0.52367127
0.5542625,0.5493083,0.55568993,0.41124946,0.5276716
0.5534506,0.5475279,0.5529315,0.42342383,0.5599381
0.54154265,0.5412183,0.54646647,0.45252907,0.5435635
0.5220568,0.5214601,0.532026,0.45762074,0.5278628
0.5169147,0.5134801,0.5147166,0.45289683,0.53616196
0.5087957,0.5032706,0.5209915,0.4713933,0.48758233
0.5236806,0.5091449,0.5255687,0.4940589,0.52708983
0.59675235,0.60860455,0.5926801,0.47911042,0.5971885
0.63058186,0.63942695,0.6646585,0.43595046,0.65386283
0.6175913,0.6125141,0.6226332,0.3975609,0.6273461
0.58457375,0.58830214,0.60911834,0.39627647,0.6091037
0.54830855,0.53945416,0.55447006,0.40117735,0.5584814
0.48254398,0.49065557,0.48273516,0.38284546,0.49088407
0.402977,0.3938332,0.3944693,0.3747862,0.392572
0.3269283,0.32734054,0.33101863,0.37263396,0.33774164
0.261705,0.27148503,0.27652684,0.38135958,0.2715218
0.23193505,0.23192221,0.22735184,0.3780207,0.25677907
0.21596752,0.223488,0.219261,0.38721782,0.2268625
0.21163735,0.2194201,0.21515791,0.38507396,0.23830874
0.22165088,0.22595146,0.23133667,0.38224652,0.2491825
0.25520974,0.25628975,0.2726348,0.3834697,0.24304782
0.3142084,0.31956366,0.34840122,0.39595002,0.33838725
0.38836265,0.38558814,0.37713724,0.3834141,0.42095986
0.4541272,0.44896188,0.43476158,0.3886308,0.46038043
0.49607578,0.49074623,0.49059445,0.4001155,0.50357556
0.50581867,0.5065657,0.51485574,0.40545586,0.5004579
0.4976996,0.5048307,0.50246936,0.44313467,0.5304874
0.47550744,0.48001942,0.48679727,0.43642682,0.5141878
0.46630582,0.45669284,0.46252832,0.47728622,0.4880435
0.46630582,0.46146348,0.4690829,0.5008772,0.4722799
0.4879567,0.480782,0.4935674,0.49397075,0.48211014
0.5669824,0.5779904,0.55362314,0.48563886,0.5662196
0.597023,0.6168594,0.6321775,0.4468162,0.62744874
0.5767253,0.5791682,0.5744444,0.42054874,0.6210058
0.5437077,0.5466929,0.5564214,0.41307846,0.583327
0.5082544,0.5084047,0.51574934,0.4034088,0.5412254
0.44682002,0.4586107,0.45283517,0.3938961,0.4731989
0.37618405,0.36898777,0.36663756,0.3798121,0.40669796
0.30311233,0.31447843,0.30612755,0.38444403,0.3324077
0.2511502,0.25192234,0.24851008,0.37723345,0.26095167
0.2202977,0.2246581,0.22251253,0.37478644,0.22636516
0.20757781,0.20889491,0.20572942,0.37106872,0.21377085
0.20270637,0.20945463,0.20658056,0.3631153,0.22803138
0.20974289,0.21489769,0.21587913,0.36976713,0.23350547
0.23274696,0.24034795,0.24661689,0.3754025,0.2397707
0.27198917,0.28528145,0.29704702,0.3919075,0.3042218
0.33748308,0.3386514,0.34093878,0.36966562,0.3710122
0.41515562,0.40673164,0.396178,0.37870985,0.42795923
0.47577807,0.4623689,0.45897168,0.37107098,0.48677647
0.5069012,0.49951735,0.50260687,0.37621406,0.45853978
0.5220568,0.5156031,0.5166622,0.36500806,0.48434246
0.5236806,0.5145683,0.52554333,0.364632,0.5059336
0.5074425,0.51071465,0.52626365,0.38168257,0.4771152
0.50257105,0.4943379,0.50325876,0.40072024,0.44536087
0.5166441,0.5166658,0.528149,0.40832603,0.47808456
0.5918809,0.60332596,0.57888556,0.40325564,0.5445037
0.62219214,0.6391705,0.6568016,0.41192836,0.60979015
0.60649526,0.60393447,0.59786856,0.39216948,0.61123246
0.5734777,0.5789702,0.58096874,0.3927732,0.5680378
0.5328823,0.5301242,0.53953195,0.40979022,0.52335054
0.45953992,0.47074416,0.47454584,0.40598565,0.47346175
0.3780785,0.37360558,0.37347376,0.39946944,0.3771208
0.30879566,0.31207827,0.30166942,0.40795124,0.32369822
0.25196213,0.26199308,0.25622106,0.39882308,0.25179452
0.22679296,0.22617596,0.2151312,0.3997875,0.24519043
0.21461435,0.22261482,0.2134745,0.39090306,0.23444898
0.21434371,0.21831632,0.21208648,0.39406812,0.23750629
0.2376184,0.23676205,0.2307796,0.4064123,0.2541017
0.29797024,0.30632585,0.28688666,0.40638453,0.31688255
0.39052776,0.41353655,0.38423967,0.42502165,0.44094822
0.47090665,0.45626232,0.4809597,0.42723632,0.5059328
0.5207037,0.5083636,0.52396613,0.43219906,0.5152569
0.55372125,0.54289156,0.5517255,0.4287632,0.54684365
0.56427604,0.5686848,0.5735734,0.44749546,0.5594865
0.55696887,0.5569006,0.56789505,0.4431677,0.5609729
0.5426252,0.533018,0.55072093,0.43411458,0.5538547
0.5307172,0.5262718,0.5345231,0.43768412,0.5310742
0.52341,0.5125356,0.5277088,0.43877923,0.5161194
0.53477675,0.5214793,0.53979456,0.43984383,0.54586107
0.5872801,0.61363757,0.592989,0.43778098,0.6175447
0.61542624,0.62438905,0.63325477,0.43165195,0.6872575
0.59512854,0.60557306,0.60370266,0.4276656,0.66807675
0.5696888,0.5655249,0.5789105,0.42532724,0.6436937
0.5393775,0.52875197,0.55016756,0.43408823,0.58802176
0.47821382,0.4792298,0.4752946,0.42985028,0.5176115
0.39215156,0.38763547,0.3916474,0.42998964,0.41355252
0.3150203,0.31384006,0.31293648,0.42483693,0.3448274
0.25196213,0.26295027,0.26142815,0.41511,0.2755314
0.22462788,0.22392234,0.217602,0.40610462,0.25590605
0.21569689,0.21272233,0.21201223,0.4051254,0.24008642
0.21542625,0.21443549,0.21743356,0.3964609,0.24967773
0.23599459,0.2375269,0.23571338,0.3792472,0.26842302
0.28795668,0.30279663,0.2896464,0.38447058,0.32661596
0.37347767,0.39888242,0.3831836,0.36350876,0.45344162
0.44627875,0.4359465,0.4607432,0.3464166,0.5228039
0.49715832,0.48476055,0.48733795,0.3513559,0.5310011
0.52584577,0.51983106,0.52753705,0.34726048,0.5518608
0.53477675,0.5340439,0.5390327,0.35780144,0.571967
0.5217862,0.53005713,0.5337559,0.36831695,0.5637245
0.49526387,0.50300574,0.5095474,0.3694726,0.55785084
0.4836265,0.47835246,0.47826865,0.3854136,0.5387195
0.4787551,0.47251168,0.48177722,0.40308732,0.5173141
0.4871448,0.48631236,0.4954287,0.4141886,0.5490116
0.55372125,0.57169724,0.5338947,0.4139281,0.6259549
0.57618403,0.6091303,0.61235136,0.39681336,0.6832163
0.5377537,0.56691885,0.5524129,0.38928765,0.67073965
0.5074425,0.5101372,0.5221956,0.4008037,0.64417225
0.4925575,0.47591078,0.4953314,0.39549994,0.58932245
0.46414074,0.45472354,0.4428252,0.4052289,0.51949966
0.42462787,0.3942738,0.3947319,0.4106651,0.42080125
0.3721245,0.3667399,0.36806792,0.406936,0.3499474
0.31718537,0.3254954,0.32898337,0.3999623,0.2811791
0.2925575,0.28633407,0.29029083,0.39835382,0.2585286
0.28092015,0.28162047,0.29070017,0.39611727,0.24228097
0.282544,0.28763133,0.28828645,0.39290273,0.24964263
0.28714478,0.3018507,0.3066004,0.40327543,0.2687331
0.31962112,0.34614757,0.32332742,0.42063022,0.326265
0.36752367,0.40960175,0.38661903,0.4275164,0.45592493
0.43139377,0.41343698,0.43116868,0.4365105,0.52404165
0.48443842,0.4805046,0.48522186,0.44740176,0.5332958
0.49905276,0.51511914,0.5137501,0.47588313,0.55407596
0.49418133,0.4995521,0.49945873,0.5271099,0.5743234
0.48443842,0.48639724,0.4836285,0.54437715,0.56893694
0.46738836,0.4706179,0.47354516,0.54946834,0.5603411
0.44303113,0.4573585,0.45829153,0.54708046,0.5406625
0.43139377,0.4232766,0.434257,0.5778065,0.5191692
0.4443843,0.43128502,0.44800213,0.5775819,0.5508897
0.5101488,0.53640515,0.49526373,0.5747008,0.63005996
0.5496617,0.5779084,0.5638197,0.55901605,0.6861331
0.54560214,0.5554606,0.54044735,0.54155827,0.67207265
0.5345061,0.5348748,0.53286445,0.5510712,0.6465252
0.5217862,0.5067425,0.52063334,0.55445915,0.59136647
0.47550744,0.48408112,0.48735875,0.5515544,0.5214386
0.41786197,0.40002534,0.41398054,0.54426587,0.4225545
0.35696888,0.35387802,0.36076224,0.5519624,0.35045707
0.3098782,0.30481437,0.31074795,0.54821163,0.28216645
0.29526386,0.27573255,0.2837376,0.53446954,0.24573399
0.28741542,0.27848154,0.29254732,0.52541226,0.24120028
0.28822732,0.2846159,0.2914216,0.5106219,0.24886073
0.30473614,0.299408,0.30473903,0.4958548,0.27035263
0.35209742,0.3582228,0.3450487,0.5058677,0.33391643
0.43572396,0.44875214,0.42887035,0.49354738,0.45019925
0.51312584,0.47952715,0.52178836,0.5006265,0.52823603
0.5661705,0.533052,0.5479754,0.5050331,0.53233874
0.6067659,0.58005816,0.5809891,0.51225424,0.54968053
0.62760484,0.61123466,0.62038565,0.50628406,0.5648813
0.6330176,0.6129325,0.6293186,0.509911,0.5516157
0.6262517,0.60849386,0.62598574,0.5209233,0.55213946
0.61921513,0.6036718,0.61692834,0.5223297,0.5426027
0.60838974,0.597884,0.6201081,0.54824966,0.51327956
0.60866034,0.60665214,0.613816,0.5514608,0.5424888
0.673613,0.67836416,0.6324372,0.5432521,0.6168458
0.7231394,0.7094722,0.7213702,0.51365536,0.66723526
0.72070366,0.71762574,0.71025336,0.47137105,0.6616267
0.68362653,0.69691694,0.6940639,0.4448179,0.63659316
0.6384303,0.6289893,0.6487982,0.4240551,0.5850416
0.56211096,0.5688014,0.58081865,0.4234491,0.5100088
0.47821382,0.46237898,0.47982183,0.4275573,0.4188543
0.40649527,0.40298042,0.4068616,0.44419742,0.34711796
0.3564276,0.35182023,0.35798898,0.4529518,0.28252098
0.32476318,0.32662973,0.3291124,0.42306966,0.2475666
0.30798376,0.3049523,0.30867344,0.41647065,0.22261499
0.30717185,0.30954394,0.30641675,0.41138023,0.23286559
0.32530448,0.3272744,0.33049485,0.4202274,0.25790852
0.3856563,0.392231,0.38162357,0.41025972,0.321665
0.47036535,0.5020064,0.48974472,0.43802208,0.44025767
0.53721243,0.5242783,0.5536245,0.415953,0.5227747
0.58078486,0.5643676,0.5798844,0.4428571,0.52367127
0.6021651,0.6027099,0.611783,0.44648767,0.5276716
0.6005413,0.6032825,0.61564666,0.4967392,0.5599381
0.59296346,0.5834591,0.5967773,0.5429381,0.5435635
0.5783491,0.5699982,0.58745396,0.5742673,0.5278628
0.56725305,0.5649035,0.56811494,0.55825174,0.53616196
0.55886334,0.54219335,0.5585437,0.5490897,0.48758233
0.56373477,0.5543659,0.57077706,0.53948003,0.52708983
0.6435724,0.63681567,0.61995244,0.5321093,0.5971885
0.7047361,0.68514955,0.72189415,0.508864,0.65386283
0.6909337,0.69544834,0.6970608,0.47482634,0.6273461
0.65602165,0.6525081,0.65622014,0.4480564,0.6091037
0.617862,0.6028686,0.6252305,0.42003286,0.5584814
0.55020297,0.5491915,0.55611026,0.41036886,0.49088407
0.46874154,0.45201322,0.4664735,0.38050348,0.392572
0.39052776,0.38711432,0.3959421,0.3729331,0.33774164
0.33152908,0.33087954,0.33702984,0.35086894,0.2715218
0.30581868,0.30270684,0.2976872,0.33385575,0.25677907
0.2933694,0.29553995,0.2944646,0.36739236,0.2268625
0.29309878,0.29496273,0.29448316,0.36634225,0.23830874
0.3014885,0.3059391,0.3133684,0.37587088,0.2491825
0.32638702,0.3354726,0.34307304,0.3868791,0.24304782
0.3729364,0.38778985,0.39684278,0.4144581,0.33838725
0.4368065,0.43706825,0.44519752,0.44053072,0.42095986
0.49688768,0.49573842,0.49111113,0.42405283,0.46038043
0.5426252,0.5334716,0.53263384,0.41336256,0.50357556
0.55372125,0.5554317,0.564655,0.43349183,0.5004579
0.54397833,0.5494329,0.5524978,0.45892972,0.5304874
0.5209743,0.5264528,0.5323789,0.51077265,0.5141878
0.4963464,0.5018814,0.5057477,0.541232,0.4880435
0.48146144,0.4834828,0.48453972,0.55456454,0.4722799
0.49066305,0.48734072,0.49554515,0.5442322,0.48211014
0.5664411,0.57925904,0.5590856,0.5274233,0.5662196
0.61515564,0.6206534,0.65150344,0.4974848,0.62744874
0.6,0.60500836,0.61072826,0.47214574,0.6210058
0.57023007,0.569965,0.5801934,0.44720322,0.583327
0.53315294,0.53423417,0.54925466,0.4151137,0.5412254
0.4728011,0.4788873,0.48153615,0.41783637,0.4731989
0.39810556,0.3925985,0.39831078,0.39060274,0.40669796
0.32882273,0.33269563,0.3284337,0.35051537,0.3324077
0.27415428,0.27936107,0.27929232,0.29808813,0.26095167
0.24925575,0.24688601,0.24263115,0.29198068,0.22636516
0.2330176,0.2390897,0.23623998,0.3314669,0.21377085
0.22868742,0.23413175,0.22608526,0.3234059,0.22803138
0.23410013,0.23978385,0.23629917,0.35667294,0.23350547
0.2579161,0.2614233,0.25966465,0.37025642,0.2397707
0.30121785,0.30934092,0.31256193,0.34475946,0.3042218
0.36292288,0.36650038,0.37414694,0.38065252,0.3710122
0.43031123,0.42848286,0.4241335,0.35804424,0.42795923
0.479567,0.47223595,0.47333896,0.35846627,0.48677647
0.50284165,0.4967315,0.5001595,0.3789423,0.45853978
0.50933695,0.5081621,0.50554484,0.39230263,0.48434246
0.50419486,0.49867687,0.5037923,0.4032144,0.5059336
0.49959403,0.48828462,0.4975511,0.44607282,0.4771152
0.5023004,0.491681,0.5039609,0.47647566,0.44536087
0.5255751,0.51862395,0.531692,0.49651617,0.47808456
0.6094723,0.61407506,0.5934665,0.4945634,0.5445037
0.64627874,0.65841997,0.67987716,0.48378414,0.60979015
0.6257104,0.62838626,0.6237058,0.47712082,0.61123246
0.5797023,0.5954783,0.5979201,0.47561693,0.5680378
0.5445196,0.5296927,0.5393136,0.4409706,0.52335054
0.45764548,0.48406652,0.49334788,0.45516205,0.47346175
0.37023005,0.36280745,0.36289495,0.4656672,0.3771208
0.3036536,0.30222392,0.29657748,0.4395113,0.32369822
0.25899863,0.25879213,0.25524503,0.40345627,0.25179452
0.2346414,0.23691437,0.23001656,0.3722643,0.24519043
0.22598106,0.22829431,0.21993123,0.37430447,0.23444898
0.23139377,0.22968355,0.22746193,0.3663649,0.23750629
0.26062247,0.25496018,0.2555306,0.37907594,0.2541017
0.31718537,0.33326563,0.31986117,0.37823582,0.31688255
0.41190797,0.43151775,0.3997063,0.33069152,0.44094822
0.4752368,0.47487572,0.49433336,0.36866385,0.5059328
0.5171854,0.50254035,0.51252866,0.3620394,0.5152569
0.5518268,0.5366498,0.54494214,0.3733148,0.54684365
0.57483083,0.56771064,0.571079,0.3656398,0.5594865
0.57266575,0.5734426,0.58609724,0.36809713,0.5609729
0.5526387,0.5499278,0.5720619,0.3823254,0.5538547
0.5477673,0.5346962,0.5423323,0.401088,0.5310742
0.55074424,0.5352424,0.5523428,0.40669197,0.5161194
0.5686062,0.5545128,0.5823073,0.40631157,0.54586107
0.6535859,0.64761305,0.633122,0.37819386,0.6175447
0.7339648,0.6996043,0.7090004,0.35121268,0.6872575
0.72963464,0.74076754,0.7192578,0.33212405,0.66807675
0.70392424,0.7007585,0.6849741,0.3404505,0.6436937
0.6638701,0.6504837,0.6599434,0.33863193,0.58802176
0.585115,0.58632505,0.57356477,0.35677624,0.5176115
0.50121784,0.4791058,0.4834314,0.382253,0.41355252
0.42949933,0.42486933,0.4248796,0.4103161,0.3448274
0.3772666,0.37936231,0.3809427,0.4398023,0.2755314
0.35778078,0.35514334,0.35105217,0.4681667,0.25590605
0.34749663,0.34934607,0.3561463,0.48511505,0.24008642
0.35128552,0.35057613,0.35565218,0.50992554,0.24967773
0.3753721,0.37213662,0.38166124,0.524782,0.26842302
0.44086602,0.449536,0.43880323,0.54178905,0.32661596
0.53667116,0.5681889,0.54936564,0.52721304,0.45344162
0.5986468,0.58742553,0.61157346,0.5440513,0.5228039
0.6365359,0.6173378,0.6252723,0.5445418,0.5310011
0.65737486,0.64943534,0.6600907,0.5820454,0.5518608
0.66657645,0.6624329,0.66773874,0.6035592,0.571967
0.6579161,0.65527177,0.66598964,0.62335354,0.5637245
0.63707715,0.6407082,0.65352035,0.637218,0.55785084
0.62598103,0.62401915,0.6339761,0.6480999,0.5387195
0.61380243,0.6120939,0.6278807,0.6502741,0.5173141
0.6105548,0.6165811,0.6234377,0.64116126,0.5490116
0.6806495,0.6909908,0.66289324,0.63386756,0.6259549
0.7317997,0.7350514,0.75907844,0.62384623,0.6832163
0.6985115,0.72560024,0.7264804,0.60207784,0.67073965
0.6451962,0.6671907,0.6702554,0.5884566,0.64417225
0.6002706,0.5946462,0.62001365,0.56890297,0.58932245
0.55155617,0.54804325,0.54256046,0.5455478,0.51949966
0.49905276,0.47522336,0.48519647,0.5143774,0.42080125
0.4541272,0.44133535,0.44468498,0.5183606,0.3499474
0.40162382,0.41089895,0.42033303,0.5133344,0.2811791
0.3686062,0.36750683,0.37403014,0.4859367,0.28525078
0.34479025,0.3523346,0.35742256,0.49493456,0.2835668
0.3361299,0.34396926,0.3431564,0.46704805,0.2674175
0.34262517,0.35805294,0.35261536,0.48293036,0.28752682
0.36806494,0.40257406,0.37983215,0.47413355,0.36502147
0.40405953,0.461274,0.42255372,0.5116656,0.48405474
0.4384303,0.43767214,0.45264083,0.5240423,0.5728071
0.48525032,0.47852895,0.47466886,0.49692106,0.574019
0.5290934,0.5208491,0.52381414,0.5192682,0.57937855
0.55155617,0.5549798,0.5545428,0.54218453,0.5699008
0.55886334,0.55535436,0.55593884,0.5331689,0.58919597
0.5615697,0.55072564,0.5552481,0.54669833,0.5932658
0.55047363,0.5656736,0.5631767,0.5566146,0.5756776
0.5420839,0.53113306,0.5490482,0.5702377,0.54629624
0.5496617,0.5398177,0.56494886,0.5570404,0.5677467
0.6384303,0.6080676,0.606428,0.5532772,0.59733534
0.7063599,0.72663844,0.71426415,0.5368144,0.672227
0.6993234,0.69398296,0.69112647,0.5095436,0.66961694
0.6687415,0.6634193,0.6550969,0.4735222,0.6309377
0.62516916,0.61633885,0.63534033,0.44140506,0.58561295
0.55399185,0.5570611,0.5748467,0.4105677,0.51971734
0.4692828,0.46344513,0.48331398,0.43155962,0.43965483
0.40730718,0.39438507,0.3993518,0.42439705,0.36181518
0.37158322,0.362426,0.36007243,0.44333887,0.3150959
0.35399187,0.34175214,0.34636965,0.43661916,0.28382665
0.34397835,0.33555627,0.3434022,0.424658,0.28142095
0.3480379,0.3405179,0.34427777,0.41747493,0.27188298
0.38024357,0.36963642,0.3682481,0.427579,0.29214555
0.44871446,0.45131618,0.432701,0.42516178,0.36861315
0.55696887,0.57816803,0.5294245,0.43528914,0.48581398
0.62598103,0.6047858,0.6439669,0.4522053,0.57342833
0.65764546,0.6360247,0.6614187,0.4640506,0.57272285
0.6895805,0.67247725,0.6756915,0.4827056,0.5755882
0.7063599,0.70145965,0.7086366,0.51015204,0.563508
0.72070366,0.68976605,0.71267915,0.5349488,0.58760977
0.71745604,0.7093859,0.7308054,0.5643118,0.58817804
0.7188092,0.7057924,0.7166294,0.57812315,0.5754004
0.7150203,0.7014868,0.7232429,0.58637285,0.53516275
0.7112314,0.71631694,0.72586167,0.5819042,0.55927444
0.7734777,0.757833,0.7450026,0.581034,0.59414923
0.8300406,0.8338256,0.82018864,0.56689227,0.66078395
0.81082547,0.81546456,0.81900454,0.55868673,0.6572698
0.7661705,0.7709081,0.7761725,0.5389077,0.62588656
0.71935046,0.70841396,0.72660464,0.53325355,0.5774397
0.64113665,0.64843094,0.65026706,0.518386,0.5201722
0.5577808,0.5482414,0.552873,0.52893144,0.432783
0.48768607,0.48948827,0.4894989,0.5361465,0.35904908
0.44600812,0.44770595,0.44337577,0.554323,0.3151174
0.4156969,0.41801357,0.42498225,0.5565972,0.2885902
0.40270635,0.40391406,0.40389997,0.5612449,0.27848953
0.40405953,0.40969372,0.4104741,0.54956174,0.26799864
0.4270636,0.43279433,0.43572325,0.55617577,0.2882359
0.48470905,0.49754915,0.48785943,0.5584586,0.37037045
0.5696888,0.6091737,0.5738002,0.5616743,0.47982633
0.6292287,0.6092853,0.6455139,0.5659813,0.55690324
0.670636,0.6472782,0.66616637,0.5673678,0.57169014
0.6979702,0.6964181,0.7024848,0.56777394,0.5625479
0.71420836,0.7071652,0.71767616,0.5761893,0.563445
0.7117727,0.70361257,0.7273804,0.587401,0.5793119
0.694452,0.69619155,0.71152174,0.61684334,0.57802236
0.67848444,0.68184066,0.6828636,0.6286917,0.57558227
0.6673884,0.65127647,0.6697396,0.62772244,0.5191034
0.6660352,0.658096,0.6770451,0.62705654,0.5479623
0.7285521,0.71333134,0.7057431,0.6118619,0.5841177
0.7870095,0.795093,0.7817264,0.5907773,0.64359754
0.7810555,0.7682235,0.77594465,0.56035733,0.640552
0.74316645,0.7411086,0.7446589,0.5490636,0.6105691
0.7066306,0.6887598,0.7037084,0.5361919,0.5598381
0.6443843,0.6427982,0.64799786,0.51972616,0.5081415
0.5680649,0.55758667,0.5670687,0.5068356,0.4186048
0.50040597,0.49810037,0.49935672,0.50542593,0.35485682
0.44465494,0.4536492,0.45400745,0.48120254,0.3118089
0.41921514,0.41585872,0.41228026,0.51368684,0.27305815
0.4046008,0.4131753,0.4103464,0.47380233,0.26437175
0.405954,0.4067181,0.40748772,0.4776917,0.25134993
0.41975644,0.42481694,0.42945346,0.53713346,0.26411045
0.44627875,0.45441005,0.4633242,0.552996,0.27338117
0.4985115,0.5122309,0.50325704,0.5568064,0.3373625
0.5512855,0.5536105,0.5652563,0.5799323,0.42243093
0.608931,0.60337186,0.5987185,0.5860595,0.48050034
0.64411366,0.6445352,0.6522943,0.5828088,0.53086805
0.65060896,0.65716064,0.6616839,0.5834136,0.5130367
0.6400541,0.6382677,0.64529145,0.62034434,0.5257668
0.6159675,0.62178457,0.6269023,0.6494964,0.53026557
0.58592695,0.593989,0.5983722,0.6527086,0.5021681
0.56914747,0.5638635,0.5684123,0.6484927,0.45431006
0.57401896,0.5684113,0.57716644,0.65037566,0.4845569
0.64573747,0.6330206,0.6235802,0.61701536,0.5223016
0.70933694,0.7310841,0.7190854,0.5853305,0.59206945
0.6917456,0.69513977,0.7123716,0.54040784,0.61636
0.6541272,0.64989144,0.65680903,0.5219311,0.556235
0.62056834,0.6083187,0.6317421,0.48570478,0.50948465
0.5564276,0.5649537,0.5771677,0.43500006,0.46770853
0.4917456,0.4708804,0.48205882,0.4053204,0.40372765
0.4265223,0.42749953,0.43170083,0.3637457,0.34819758
0.37320703,0.37535906,0.3774252,0.3330649,0.26617157
0.3428958,0.34119704,0.3399835,0.31838107,0.23256148
0.31962112,0.32639474,0.32616454,0.2863294,0.24139716
0.3188092,0.31403902,0.30941132,0.34496188,0.23196973
0.32584575,0.33186433,0.33036646,0.34318048,0.24047174
0.3488498,0.3498832,0.35058725,0.36026153,0.26130423
0.38836265,0.4049209,0.397496,0.37401298,0.27176595
0.43734777,0.4411203,0.4518931,0.41481853,0.3783232
0.4895805,0.49428424,0.49250174,0.43156672,0.4245782
0.5271989,0.53063434,0.52746093,0.44650334,0.49992597
0.5339648,0.54402214,0.5435389,0.5157105,0.48097825
0.52530444,0.52835137,0.5258275,0.51598954,0.4875865
0.50960755,0.51338345,0.5094863,0.52201045,0.51297504
0.49580514,0.49501362,0.4951503,0.54323024,0.48541766
0.48606226,0.4856083,0.49310872,0.54523236,0.45440304
0.5074425,0.49010232,0.5050709,0.5492846,0.4611522
0.5932341,0.58038247,0.57879996,0.5319839,0.5204072
0.65981054,0.6803154,0.6742576,0.5030142,0.5884913
0.6397835,0.6482398,0.65612173,0.45983833,0.6112507
0.5924222,0.59889174,0.6039375,0.46164894,0.5504293
0.54560214,0.54091096,0.56296945,0.46440536,0.50925994
0.46143436,0.4795426,0.4965164,0.43227988,0.46589273
0.37753722,0.3739029,0.38020247,0.4173296,0.38631946
0.3166441,0.31064233,0.30874118,0.37798113,0.3426784
0.27631935,0.2743772,0.27067378,0.35850775,0.24662362
0.25304466,0.24969104,0.24678329,0.33705813,0.26999277
0.2435724,0.24076727,0.23615941,0.30867553,0.27627704
0.24682003,0.24112499,0.24258403,0.3026814,0.2583855
0.267659,0.26952517,0.26383597,0.2984638,0.27862275
0.33396482,0.33719304,0.31269997,0.2808711,0.35640964
0.44546685,0.45906717,0.42475775,0.29934147,0.46873665
0.51096076,0.5040665,0.53429234,0.3592893,0.5588019
0.535318,0.5205816,0.53922725,0.35488784,0.5609857
0.5545331,0.54192394,0.5467913,0.33452344,0.57949704
0.56075776,0.5619967,0.55999345,0.34470665,0.56159055
0.5661705,0.549396,0.5561213,0.3653095,0.5839103
0.5545331,0.54968905,0.567631,0.3975072,0.59209764
0.5450609,0.5409709,0.54973495,0.40176305,0.5700504
0.53504735,0.5287955,0.5467764,0.37434608,0.5413474
0.5464141,0.52846634,0.56010723,0.36561775,0.5651715
0.6081191,0.6015762,0.61471534,0.3488916,0.5906461
0.66955346,0.66616803,0.6629257,0.3118539,0.6684686
0.6600812,0.65920544,0.66363406,0.3052677,0.67250264
0.62354535,0.6179676,0.62654257,0.29239267,0.6315854
0.5802436,0.5665885,0.58144057,0.26543644,0.5834218
0.50392425,0.5035738,0.5045256,0.30201906,0.5080767
0.4216509,0.4058751,0.4157505,0.29381242,0.4318985
0.36129904,0.34663942,0.35406172,0.3064741,0.35304987
0.32584575,0.32011852,0.32269382,0.29352254,0.3077538
0.3060893,0.30293706,0.30833393,0.27514428,0.28212184
0.3001353,0.29388902,0.3013301,0.30527288,0.28191322
0.30690122,0.30325088,0.31141433,0.29855365,0.26808196
0.34181327,0.332651,0.34073728,0.31323707,0.28819138
0.42435724,0.41858622,0.41793862,0.32359415,0.36524853
0.56075776,0.565827,0.53787506,0.3527838,0.48187715
0.61461437,0.61848783,0.6406561,0.40504438,0.57359195
0.61840326,0.6081809,0.6154082,0.45356596,0.5712951
0.62381595,0.6129445,0.6223546,0.50064987,0.5779326
0.63193506,0.62691987,0.6285589,0.52614915,0.568358
0.6338295,0.6229972,0.63515633,0.5468079,0.58818436
0.6284168,0.6248306,0.63471144,0.57916516,0.59191555
0.62679297,0.6224778,0.6259531,0.59182215,0.57511675
0.6230041,0.6115973,0.6287915,0.57961017,0.543908
0.6351827,0.6232834,0.63867235,0.58706856,0.565615
0.7069012,0.69793844,0.6829921,0.5832132,0.59556884
0.78376186,0.7703269,0.75770557,0.5799199,0.670311
0.7815968,0.7800045,0.773726,0.59955037,0.6685574
0.75372124,0.745008,0.73562276,0.6075133,0.629658
0.71069014,0.6996591,0.7027756,0.5866379,0.583251
0.63545334,0.63434595,0.62959534,0.59283745,0.51906765
0.5410014,0.5320198,0.5471268,0.5870958,0.43764842
0.47198918,0.46028036,0.4670153,0.5949686,0.3614065
0.42625168,0.42762753,0.4330344,0.5846022,0.3135757
0.4008119,0.3958393,0.40699482,0.5615059,0.28525078
0.3948579,0.38946608,0.39647505,0.56268585,0.2835668
0.3962111,0.40426955,0.4115464,0.55026215,0.2674175
0.4265223,0.42033735,0.43221867,0.53254914,0.28752682
0.49986467,0.5027698,0.5056731,0.5120681,0.36502147
0.63193506,0.6368865,0.61099184,0.5003095,0.48405474
0.68335587,0.6859032,0.7066017,0.49303293,0.5728071
0.67983764,0.6689737,0.68155026,0.48567396,0.574019
0.67171854,0.67588365,0.6793666,0.48213142,0.57937855
0.6600812,0.66763043,0.66996855,0.51923275,0.5699008
0.6435724,0.6440391,0.65305436,0.5699469,0.58919597
0.62138027,0.626669,0.6382868,0.5981714,0.5932658
0.6105548,0.61564434,0.61227226,0.6072866,0.5756776
0.6021651,0.59554464,0.60672003,0.6116174,0.54629624
0.608931,0.6014588,0.61732477,0.6239173,0.5677467
0.6792964,0.6698898,0.66913724,0.6050751,0.59733534
0.7556157,0.7631656,0.7548671,0.58524436,0.672227
0.7558863,0.7526722,0.76112854,0.54349387,0.66961694
0.72990525,0.7213137,0.72398466,0.504974,0.6309377
0.68822736,0.6780813,0.6967666,0.49186128,0.58561295
0.60703653,0.61078715,0.62133443,0.47242606,0.51971734
0.5139378,0.50365293,0.51703715,0.4528787,0.43965483
0.43978348,0.43530682,0.44032806,0.45405388,0.36181518
0.4008119,0.39422148,0.3934279,0.46084797,0.3150959
0.37672532,0.371075,0.38077006,0.46086198,0.28382665
0.36752367,0.35954365,0.3682437,0.46755272,0.28142095
0.37104195,0.36967936,0.37558982,0.46402323,0.27188298
0.3983762,0.3954232,0.4012068,0.46298033,0.29214555
0.47902572,0.46913904,0.46278015,0.45851058,0.36861315
0.6129905,0.61962926,0.5924032,0.44926488,0.48581398
0.6568335,0.6628052,0.68650645,0.45946246,0.57342833
0.6470907,0.63927966,0.64392114,0.4647478,0.57272285
0.6416779,0.6373898,0.6381173,0.48036683,0.5755882
0.6384303,0.6361485,0.6365988,0.5180827,0.563508
0.62543976,0.62371504,0.63065255,0.53411627,0.58760977
0.59972936,0.6054778,0.61507416,0.54651815,0.58817804
0.58917457,0.58702123,0.5842994,0.566954,0.5754004
0.5797023,0.5761931,0.5881523,0.56865925,0.53516275
0.588092,0.5790577,0.59385973,0.58462447,0.55927444
0.6516915,0.6492285,0.6459503,0.57252866,0.59414923
0.7315291,0.7303976,0.71861947,0.5581047,0.66078395
0.7320704,0.73441184,0.7396828,0.5208102,0.6572698
0.70933694,0.69795346,0.6962653,0.44189572,0.62588656
0.6700947,0.65924853,0.67278135,0.43000674,0.5774397
0.5932341,0.5961031,0.6007681,0.403777,0.5201722
0.5087957,0.49546668,0.5067777,0.40874135,0.432783
0.44871446,0.43543074,0.4417771,0.43956053,0.35904908
0.4113667,0.4088858,0.41396806,0.42012835,0.3151174
0.39648172,0.38018644,0.39435595,0.41440123,0.2885902
0.38349122,0.38524923,0.39707875,0.42909688,0.27848953
0.38863328,0.38458946,0.39324117,0.44644076,0.26799864
0.41326118,0.41406372,0.424007,0.44352657,0.2882359
0.4863329,0.47971794,0.4799654,0.45408934,0.37037045
0.60866034,0.61573464,0.59215724,0.4645018,0.47982633
0.66495264,0.6518941,0.6745372,0.45322472,0.55690324
0.6565629,0.6483412,0.66504943,0.44384205,0.57169014
0.6554804,0.64232534,0.64519036,0.41659003,0.5625479
0.6608931,0.64893687,0.65475696,0.46043777,0.563445
0.655751,0.6424973,0.65866834,0.51036215,0.5793119
0.6311231,0.63471544,0.6485442,0.5535211,0.57802236
0.61921513,0.6152823,0.6154397,0.5731975,0.57558227
0.5959405,0.5966766,0.61711246,0.57730174,0.5191034
0.5867388,0.5803139,0.59623206,0.58825374,0.5479623
0.6351827,0.6359279,0.6306291,0.5855572,0.5841177
0.68362653,0.6994034,0.7028204,0.5705334,0.64359754
0.6692828,0.6729132,0.6899482,0.54410076,0.640552
0.6308525,0.6292075,0.6468632,0.49052143,0.6105691
0.58917457,0.58203465,0.59806615,0.44186807,0.5598381
0.52151555,0.5259625,0.53076565,0.41525388,0.5081415
0.45169148,0.4371256,0.4489747,0.3831322,0.4186048
0.38105547,0.38398078,0.39646426,0.37264127,0.35485682
0.3201624,0.33173272,0.33581963,0.3478524,0.3118089
0.29201624,0.286599,0.28377536,0.32393917,0.27305815
0.27415428,0.2807559,0.27580127,0.31529176,0.26437175
0.27036536,0.27017912,0.27138105,0.31057554,0.25134993
0.27848443,0.2844425,0.2872044,0.3197267,0.26411045
0.3036536,0.30289498,0.31837058,0.3324222,0.27338117
0.35317996,0.36298242,0.37187517,0.35469714,0.3373625
0.41326118,0.4098035,0.41184628,0.37426394,0.42243093
0.48227334,0.46567857,0.4582606,0.3939246,0.48050034
0.5361299,0.52111995,0.5319066,0.40830287,0.53086805
0.55913395,0.5529332,0.5647875,0.4407283,0.5130367
0.5664411,0.5553172,0.56121397,0.43646514,0.5257668
0.5564276,0.5530776,0.56134987,0.4394859,0.53026557
0.544249,0.5376072,0.5470167,0.447317,0.5021681
0.5285521,0.52721167,0.54089904,0.43338412,0.45431006
0.5304465,0.52386415,0.5380316,0.4727167,0.4845569
0.57428956,0.5866945,0.5729085,0.45577013,0.5223016
0.60162383,0.6356804,0.62067527,0.44774574,0.59206945
0.57428956,0.580951,0.58609295,0.43959445,0.61636
0.52801085,0.5358395,0.5380204,0.42987937,0.556235
0.48687416,0.48722824,0.49673623,0.3927468,0.50948465
0.42273343,0.43699798,0.4428159,0.39069718,0.46770853
0.36048713,0.34969264,0.35518026,0.37231416,0.40372765
0.30284166,0.30326837,0.30378795,0.36088878,0.34819758
0.25277403,0.25668442,0.25913662,0.38124317,0.26617157
0.21136671,0.22312644,0.22322641,0.35448024,0.23256148
0.19377537,0.19005048,0.18868235,0.33879274,0.24139716
0.18809202,0.19281572,0.1881964,0.32795346,0.23196973
0.19485791,0.1977174,0.19512638,0.29758406,0.24047174
0.21786198,0.21834046,0.21921872,0.29020423,0.26130423
0.26332882,0.27567425,0.26338276,0.28428596,0.27176595
0.3142084,0.3278145,0.32748586,0.30760208,0.3783232
0.37997293,0.38066903,0.37014738,0.31240872,0.4245782
0.4257104,0.4311404,0.43201852,0.3279372,0.49992597
0.4519621,0.44668034,0.45049614,0.33181733,0.48097825
0.45520973,0.45894575,0.4620319,0.35474604,0.4875865
0.45602164,0.44533136,0.4484959,0.33960736,0.51297504
0.45060894,0.447862,0.45336753,0.34165058,0.48541766
0.44627875,0.4386911,0.4533097,0.3224761,0.45440304
0.46224627,0.4507902,0.47250083,0.3309304,0.4611522
0.5396482,0.52834415,0.5224141,0.31817234,0.5204072
0.61001354,0.6112546,0.60487187,0.3095705,0.5884913
0.5959405,0.60276604,0.60234535,0.29568982,0.6112507
0.55209744,0.55741125,0.549319,0.29945529,0.5504293
0.50392425,0.5022366,0.51282096,0.30910826,0.50925994
0.4248985,0.43420234,0.44309992,0.30085337,0.46589273
0.3526387,0.34021637,0.34202114,0.30378103,0.38631946
0.2933694,0.288765,0.2874507,0.30096382,0.3426784
0.25629228,0.24897552,0.24516848,0.3412169,0.24662362
0.23734777,0.23229095,0.22945207,0.34812045,0.26999277
0.23139377,0.22754559,0.22816646,0.34314704,0.27627704
0.23897158,0.23187506,0.23644604,0.3364777,0.2583855
0.26820028,0.26499358,0.26449525,0.30723011,0.27862275
0.34939107,0.34505466,0.32504502,0.3058346,0.35640964
0.48741543,0.48804322,0.4462429,0.30262408,0.46873665
0.5399188,0.55359125,0.57558453,0.3129627,0.5588019
0.5277402,0.5387373,0.55497223,0.30789608,0.5609857
0.5223275,0.5201272,0.52664995,0.3664263,0.57949704
0.5201624,0.524302,0.5229314,0.40004474,0.56159055
0.5066306,0.51312727,0.515174,0.43072063,0.5839103
0.49526387,0.4876692,0.49906534,0.45989847,0.59209764
0.49282816,0.48979232,0.49576414,0.47397047,0.5700504
0.48606226,0.48355028,0.4986295,0.47598338,0.5413474
0.48985115,0.4816123,0.50313497,0.47760034,0.5651715
0.55372125,0.5447651,0.55587816,0.48226863,0.5906461
0.62895805,0.6255784,0.6238302,0.47164202,0.6684686
0.6243572,0.6324302,0.63195544,0.45323235,0.67250264
0.58971584,0.5874476,0.5924865,0.44491643,0.6315854
0.5426252,0.5363294,0.54609644,0.44418323,0.5834218
0.45981055,0.46727386,0.46312487,0.4253258,0.5080767
0.37158322,0.36104423,0.37223637,0.42144996,0.4318985
0.3090663,0.2935718,0.30442387,0.40456218,0.35304987
0.25981057,0.26645705,0.27219588,0.40997076,0.3077538
0.23491204,0.2312088,0.2333866,0.3893842,0.28212184
0.21921515,0.22225124,0.22354345,0.37951726,0.28191322
0.22083898,0.2202268,0.2206072,0.3455353,0.26808196
0.25006765,0.24501666,0.24638255,0.3246557,0.28819138
0.3255751,0.3237211,0.3253506,0.33204883,0.36524853
0.45223275,0.4619177,0.44792163,0.339164,0.48187715
0.51907986,0.5101112,0.5086476,0.34760422,0.57359195
0.51989174,0.51756334,0.5258319,0.36558884,0.5712951
0.5328823,0.51409024,0.52025324,0.36240417,0.5779326
0.54181325,0.5412134,0.54100126,0.37393326,0.568358
0.54154265,0.53858197,0.541189,0.3760373,0.58818436
0.5393775,0.5300219,0.5405959,0.3456115,0.59191555
0.53883624,0.53481704,0.5431395,0.3419941,0.57511675
0.52584577,0.5248424,0.54379016,0.3454939,0.543908
0.5374831,0.5209512,0.5333801,0.34041148,0.565615
0.5918809,0.5982834,0.5989953,0.34307563,0.59556884
0.6330176,0.64372784,0.6467271,0.32995152,0.670311
0.6211096,0.61901176,0.62117565,0.3134125,0.6685574
0.58782136,0.5878449,0.5938864,0.30872226,0.629658
0.54397833,0.53447104,0.54780513,0.30355048,0.583251
0.46062246,0.47292644,0.46820077,0.30563343,0.51906765
0.37077132,0.36069646,0.36771858,0.30467194,0.43764842
0.30311233,0.29498866,0.29928988,0.30931413,0.3614065
0.26062247,0.257723,0.25931355,0.33864102,0.3135757
0.23220569,0.23783329,0.23759961,0.3311217,0.28525078
0.22841679,0.22146365,0.2192056,0.32455146,0.2835668
0.23328823,0.23587394,0.23989893,0.30084997,0.2674175
0.2600812,0.26120195,0.26727653,0.27210322,0.28752682
0.34154263,0.3351445,0.33721584,0.29442602,0.36502147
0.46711773,0.4835771,0.45894206,0.25109673,0.48405474
0.5188092,0.52562577,0.5322303,0.29128015,0.5728071
0.51096076,0.5159498,0.52622646,0.30556506,0.574019
0.50798374,0.50499487,0.51202506,0.34275556,0.57937855
0.5017591,0.5107485,0.5096711,0.41042447,0.5699008
0.4895805,0.493212,0.4959417,0.45343107,0.58919597
0.47415426,0.473365,0.4827137,0.4496842,0.5932658
0.47063598,0.46721068,0.46450612,0.4700768,0.5756776
0.4714479,0.4602194,0.4697439,0.4749661,0.54629624
0.48010826,0.47171637,0.49830145,0.47443736,0.5677467
0.53721243,0.53672695,0.53832465,0.456649,0.59733534
0.6230041,0.6073374,0.5967412,0.44256997,0.672227
0.6262517,0.63333416,0.63605905,0.4169854,0.66961694
0.5932341,0.5932797,0.5877803,0.40139294,0.6309377
0.5518268,0.53795457,0.5449353,0.3709376,0.58561295
0.47577807,0.48180065,0.4701746,0.33402017,0.51971734
0.38782138,0.3800197,0.38557225,0.32773045,0.43965483
0.32232746,0.31216392,0.3181904,0.3240817,0.36181518
0.2774019,0.27983478,0.28434432,0.35196036,0.3150959
0.25520974,0.25162998,0.25607955,0.34618086,0.28382665
0.24898511,0.24455154,0.24975118,0.35431868,0.28142095
0.25169146,0.25337878,0.25942558,0.35754228,0.27188298
0.28308526,0.27615964,0.2802409,0.3635854,0.29214555
0.3610284,0.3578051,0.3612564,0.35494202,0.36861315
0.49120432,0.49857828,0.47690704,0.32449466,0.48581398
0.5548038,0.5438754,0.5461006,0.3334457,0.57342833
0.5585927,0.54542804,0.5563345,0.31736264,0.57272285
0.5683356,0.5527011,0.5585112,0.32987022,0.5755882
0.57699597,0.5683788,0.57239515,0.37809497,0.563508
0.57753724,0.56524295,0.5762091,0.40365607,0.58760977
0.5677943,0.56188816,0.5773129,0.43731087,0.58817804
0.55886334,0.55581963,0.5691907,0.47245586,0.5754004
0.5518268,0.54179335,0.56165296,0.48999995,0.53516275
0.55399185,0.5518781,0.56404996,0.51056266,0.55927444
0.5986468,0.6086628,0.6004923,0.50342023,0.59414923
0.65142083,0.65979195,0.65764755,0.5093322,0.66078395
0.6484438,0.6481787,0.652462,0.5065957,0.6572698
0.6173207,0.6179427,0.6215739,0.49683768,0.62588656
0.57239515,0.5634798,0.57828254,0.4718362,0.5774397
0.4947226,0.50098395,0.49573475,0.43061638,0.5201722
0.4046008,0.3986035,0.40518445,0.42758197,0.432783
0.33315292,0.32891008,0.33297646,0.41087395,0.35904908
0.2866035,0.28740808,0.28944147,0.40613338,0.3151174
0.26522326,0.25911465,0.26307473,0.40209705,0.2885902
0.2533153,0.2550299,0.2581868,0.39177677,0.27848953
0.25304466,0.2541128,0.25877026,0.40137824,0.26799864
0.2806495,0.27335957,0.28214133,0.39455554,0.2882359
0.35236806,0.35340387,0.35582435,0.36500382,0.37037045
0.48173207,0.48132786,0.46634397,0.3978963,0.47982633
0.5426252,0.5423992,0.55922055,0.4034713,0.55690324
0.5450609,0.5412015,0.5499129,0.39037058,0.57169014
0.54316646,0.54212093,0.55000675,0.39942718,0.5625479
0.5423545,0.54072094,0.54535466,0.39954033,0.563445
0.53342354,0.5287651,0.5394082,0.4192286,0.5793119
0.51258457,0.5140226,0.5261044,0.43117678,0.57802236
0.5001353,0.5008422,0.49743256,0.4588424,0.57558227
0.4863329,0.47975188,0.49322215,0.47982228,0.5191034
0.48660353,0.47626838,0.49610376,0.48220396,0.5479623
0.53477675,0.5375364,0.538579,0.4746058,0.5841177
0.6046008,0.59942424,0.59861904,0.45762765,0.64359754
0.5978349,0.6055409,0.6187892,0.43204093,0.640552
0.56752366,0.56359476,0.5671053,0.4190696,0.6105691
0.535318,0.5224933,0.5348795,0.37522846,0.5598381
0.4744249,0.4775244,0.46780545,0.35851756,0.5081415
0.402977,0.39170364,0.39352593,0.35885757,0.4186048
0.341272,0.33160868,0.3401199,0.33885708,0.35485682
0.28687415,0.29483786,0.30253923,0.34100574,0.3118089
0.261705,0.25780925,0.2597769,0.34802055,0.27305815
0.24790257,0.24960208,0.25343212,0.32827792,0.26437175
0.24221921,0.2475461,0.25170928,0.32991317,0.25134993
0.2541272,0.25738332,0.2628194,0.3262761,0.26411045
0.28633288,0.28398922,0.30282408,0.32167256,0.27338117
0.34100136,0.35070634,0.37239647,0.3193373,0.3373625
0.41109607,0.40028587,0.4027732,0.3503012,0.42243093
0.46820027,0.46743867,0.45658618,0.34703135,0.48050034
0.5069012,0.49805364,0.49923164,0.36390132,0.53086805
0.5185386,0.51684225,0.52502745,0.4179502,0.5130367
0.51962113,0.51294154,0.51653796,0.42846644,0.5257668
0.51231396,0.50570285,0.5131792,0.44941765,0.53026557
0.5017591,0.50077105,0.5070587,0.46648443,0.5021681
0.49580514,0.4882069,0.49941328,0.49755633,0.45431006
0.50257105,0.4993342,0.5107605,0.5152006,0.4845569
0.5493911,0.564904,0.54942083,0.523344,0.5223016
0.614885,0.6204187,0.60880184,0.5143752,0.59206945
0.59837615,0.61053526,0.6232816,0.49291945,0.61636
0.55696887,0.55994886,0.5525515,0.492661,0.556235
0.51447904,0.5140836,0.5250055,0.46434873,0.50948465
0.4511502,0.46103334,0.45837292,0.45525783,0.46770853
0.38457376,0.37637758,0.37750706,0.44528836,0.40372765
0.32124493,0.325499,0.3237856,0.43442893,0.34819758
0.27550745,0.27371547,0.27425253,0.42670512,0.26617157
0.24790257,0.250897,0.24915113,0.42478037,0.23256148
0.2316644,0.23084521,0.23473057,0.40649343,0.24139716
0.22868742,0.22974539,0.22891565,0.39495885,0.23196973
0.23410013,0.23942134,0.24532254,0.3906429,0.24047174
0.2571042,0.25705925,0.26981843,0.38346463,0.26130423
0.30040595,0.31230244,0.3199771,0.40496063,0.27176595
0.36725304,0.35879302,0.3695975,0.40492633,0.3783232
0.43707713,0.43331417,0.42588192,0.396128,0.4245782
0.48525032,0.48425916,0.47994936,0.393026,0.49992597
0.5082544,0.5058099,0.50894886,0.3864668,0.48097825
0.51312584,0.51119375,0.5160619,0.37852263,0.4875865
0.51312584,0.5064399,0.5101582,0.38867927,0.51297504
0.5082544,0.50589347,0.5105962,0.38994658,0.48541766
0.50635993,0.49775907,0.50897366,0.40707695,0.45440304
0.5044655,0.5133792,0.5281976,0.41697234,0.4611522
0.5461434,0.56401575,0.55141336,0.4196396,0.5204072
0.6027064,0.6174426,0.6109717,0.4189816,0.5884913
0.6,0.5980295,0.60679716,0.39779562,0.6112507
0.56048715,0.5702629,0.5640533,0.40260404,0.5504293
0.52449256,0.51458716,0.5230162,0.40442267,0.50925994
0.45385656,0.46618968,0.474323,0.41060972,0.46589273
0.38267928,0.37391427,0.37384582,0.41313234,0.38631946
0.32638702,0.32133391,0.31785434,0.41553077,0.3426784
0.28552097,0.2852218,0.28324294,0.4132498,0.24662362
0.261705,0.26139495,0.25874484,0.42067516,0.26999277
0.25656292,0.25002083,0.24938816,0.43004853,0.27627704
0.2600812,0.25779215,0.2613683,0.4200982,0.2583855
0.2866035,0.28416342,0.27887017,0.4281261,0.27862275
0.34560215,0.36117646,0.3357292,0.39560783,0.35640964
0.43870094,0.4671182,0.42777175,0.3957392,0.46873665
0.508525,0.49350688,0.5286099,0.3895204,0.5588019
0.5564276,0.5318617,0.55071837,0.38729066,0.5609857
0.5826793,0.57662475,0.58483326,0.38967186,0.57949704
0.5905277,0.5909096,0.59560597,0.39560628,0.56159055
0.58105546,0.57828647,0.5905812,0.40244916,0.5839103
0.5615697,0.55825573,0.57243466,0.41757786,0.59209764
0.55372125,0.54566634,0.54878736,0.4454052,0.5700504
0.55020297,0.53604996,0.55212283,0.43842864,0.5413474
0.55236804,0.5453444,0.5616541,0.43430555,0.5651715
0.6073072,0.6031878,0.59028137,0.41867733,0.5906461
0.6857916,0.676461,0.6634166,0.4107964,0.6684686
0.6790257,0.6895846,0.6898091,0.39694715,0.67250264
0.6470907,0.64198035,0.6345923,0.37265617,0.6315854
0.605954,0.5939255,0.6100974,0.35303563,0.5834218
0.53667116,0.5339079,0.532532,0.33196175,0.5080767
0.46116373,0.44613945,0.45272344,0.29403013,0.4318985
0.40162382,0.3920589,0.39522263,0.30041575,0.35304987
0.36725304,0.36156604,0.36151022,0.33515704,0.3077538
0.3526387,0.3455448,0.35103324,0.3689722,0.28212184
0.34560215,0.3446765,0.35340145,0.38899392,0.28191322
0.3534506,0.34739658,0.35725507,0.42681468,0.26808196
0.38376185,0.37983128,0.3887408,0.44451934,0.28819138
0.46549392,0.45666716,0.45151034,0.47197628,0.36524853
0.5956698,0.60526764,0.579985,0.48973644,0.48187715
0.64763194,0.6495463,0.68206084,0.50956166,0.57359195
0.6489851,0.6415775,0.6483289,0.52600974,0.5712951
0.6500677,0.6412416,0.64958525,0.54582036,0.5779326
0.65466845,0.6488555,0.6505606,0.57758605,0.568358
0.6481732,0.64166415,0.6518979,0.5766983,0.58818436
0.6381597,0.6343788,0.64204144,0.5955972,0.59191555
0.634912,0.63047457,0.633694,0.6284753,0.57511675
0.6292287,0.6193826,0.6352141,0.6313978,0.543908
0.6405954,0.6287073,0.6381419,0.64094824,0.565615
0.6928281,0.70265126,0.68922734,0.6391165,0.59556884
0.7661705,0.7587563,0.7446118,0.63785136,0.670311
0.7615697,0.7659016,0.76874447,0.64304113,0.6685574
0.7271989,0.7278656,0.72005135,0.6339265,0.629658
0.68362653,0.6743423,0.6832584,0.6222568,0.583251
0.60838974,0.61642575,0.6155714,0.60832846,0.51906765
0.5239513,0.5125889,0.52758145,0.5757721,0.43764842
0.45548037,0.45319167,0.4591272,0.5394531,0.3614065
0.4202977,0.41333073,0.41618043,0.52512366,0.3135757
0.40108255,0.3978258,0.40640813,0.50834686,0.28525078
0.394046,0.3919598,0.39853975,0.4905358,0.2835668
0.39675236,0.40225628,0.40833873,0.47517622,0.2674175
0.4292287,0.42288625,0.4318561,0.46015614,0.28752682
0.5101488,0.50520396,0.5052072,0.46410823,0.36502147
0.637889,0.6501356,0.619261,0.46689868,0.48405474
0.69066304,0.6864951,0.7096136,0.47351867,0.5728071
0.6925575,0.6772672,0.6912129,0.47348106,0.574019
0.6963464,0.6895069,0.69115794,0.48265934,0.57937855
0.6960758,0.69565827,0.7006373,0.4738304,0.5699008
0.6757781,0.67928874,0.69465977,0.5087515,0.58919597
0.6625169,0.653309,0.6630002,0.5290458,0.5932658
0.6554804,0.65815437,0.6565994,0.5715155,0.5756776
0.6405954,0.637136,0.6537199,0.5879057,0.54629624
0.6397835,0.63426775,0.64598954,0.61589193,0.5677467
0.68335587,0.6952651,0.6830062,0.6286585,0.59733534
0.7699594,0.7580091,0.7379596,0.61725336,0.672227
0.7759134,0.77899575,0.7862054,0.5929957,0.66961694
0.7453315,0.7445998,0.73381746,0.57077014,0.6309377
0.70419484,0.6944095,0.70337325,0.5539044,0.58561295
0.6224628,0.6346775,0.63765717,0.53890854,0.51971734
0.53640056,0.52568114,0.53504896,0.5285754,0.43965483
0.4668471,0.46669513,0.4693307,0.51926243,0.36181518
0.42543977,0.42774475,0.42617023,0.50113666,0.3150959
0.40622464,0.3988456,0.40538526,0.489958,0.28382665
0.3991881,0.3987212,0.4020941,0.4792784,0.28142095
0.40838972,0.405811,0.41143447,0.48398924,0.27188298
0.43707713,0.43821263,0.4467728,0.49599743,0.29214555
0.5139378,0.5106168,0.5042138,0.48585552,0.36861315
0.63734776,0.6516017,0.62001956,0.5023708,0.48581398
0.6790257,0.68183863,0.7116995,0.51473075,0.57342833
0.6790257,0.6659248,0.67266566,0.50801206,0.57272285
0.6719892,0.6754453,0.6800615,0.5211066,0.5755882
0.66143435,0.664966,0.6661632,0.55410814,0.563508
0.6481732,0.6426779,0.648174,0.540705,0.58760977
0.62354535,0.6295407,0.6390085,0.5646961,0.58817804
0.60649526,0.61142474,0.6059857,0.60293645,0.5754004
0.6024357,0.58752847,0.5943859,0.6223827,0.53516275
0.60622466,0.60564494,0.6180143,0.62351376,0.55927444
0.6568335,0.66280544,0.6518793,0.6258105,0.59414923
0.74100137,0.7387445,0.72378546,0.61166984,0.66078395
0.7453315,0.75195193,0.7567551,0.59052473,0.6572698
0.72070366,0.7129692,0.70569354,0.5618985,0.62588656
0.6841678,0.6704284,0.68356985,0.5269354,0.5774397
0.6005413,0.61202615,0.6193732,0.5044774,0.5201722
0.5098782,0.5001066,0.5120735,0.49277198,0.432783
0.4465494,0.43661574,0.440178,0.4735685,0.35904908
0.40811908,0.40841153,0.40939012,0.44947624,0.3151174
0.39188093,0.37823394,0.38975433,0.44090092,0.2885902
0.38755074,0.38230756,0.3898369,0.45339996,0.27848953
0.39269283,0.3941665,0.40226522,0.45830935,0.26799864
0.41921514,0.41813847,0.424744,0.47927827,0.2882359
0.49607578,0.48583767,0.48421076,0.48861772,0.37037045
0.61867386,0.6283592,0.6021477,0.5047146,0.47982633
0.6738836,0.66235113,0.68551624,0.52152795,0.55690324
0.6690122,0.662567,0.67497313,0.5137395,0.57169014
0.6606225,0.6598409,0.6583575,0.52656865,0.5625479
0.6516915,0.6515479,0.65258163,0.5371235,0.563445
0.63572395,0.6312426,0.63977534,0.5400505,0.5793119
0.61326116,0.6148784,0.62115526,0.5369857,0.57802236
0.59972936,0.60516185,0.5988618,0.567668,0.57558227
0.58782136,0.57812893,0.595876,0.6001612,0.5191034
0.5894452,0.58117306,0.59604335,0.6178743,0.5479623
0.6294993,0.6451052,0.63618016,0.6290121,0.5841177
0.70554805,0.7009115,0.6914725,0.62015307,0.64359754
0.70257103,0.71255416,0.7260794,0.599554,0.640552
0.6719892,0.6659607,0.6674293,0.5813458,0.6105691
0.63870096,0.6245353,0.6362351,0.55834895,0.5598381
0.57564276,0.57817894,0.5781758,0.54327923,0.5081415
0.49959403,0.49066123,0.50217885,0.5530722,0.4186048
0.4316644,0.42817864,0.43993735,0.5449683,0.35485682
0.38430312,0.38382313,0.39108163,0.5324485,0.3118089
0.35615698,0.3573631,0.36084354,0.52309585,0.27305815
0.33937752,0.3408056,0.34574318,0.50241804,0.26437175
0.33477673,0.3340774,0.342094,0.47681952,0.25134993
0.3428958,0.34881598,0.35629112,0.46252054,0.26411045
0.37239513,0.36832696,0.38784954,0.43953598,0.27338117
0.4284168,0.4329927,0.44901544,0.44096714,0.3373625
0.48930988,0.48106596,0.48938283,0.4496714,0.42243093
0.5474966,0.53299737,0.52893674,0.48137814,0.48050034
0.58322054,0.5772921,0.583815,0.48973382,0.53086805
0.5905277,0.5905856,0.5974468,0.52676636,0.5130367
0.5826793,0.58040315,0.58390975,0.5385159,0.5257668
0.565088,0.5661309,0.5704304,0.54023415,0.53026557
0.5466847,0.54869926,0.55254644,0.5384899,0.5021681
0.53125846,0.5316686,0.5386466,0.53584105,0.45431006
0.53125846,0.53019094,0.53749955,0.5274419,0.4845569
0.5680649,0.5905253,0.5707398,0.5169059,0.5223016
0.62977,0.64266634,0.6268973,0.49497163,0.59206945
0.6140731,0.62873614,0.6474272,0.43795884,0.61636
0.573207,0.57750916,0.57501346,0.42032838,0.556235
0.5342355,0.5331702,0.54943794,0.4032855,0.50948465
0.47225982,0.48622325,0.48975742,0.3642115,0.46770853
0.40568337,0.4003525,0.40383452,0.3712631,0.40372765
0.34857917,0.3501006,0.3473725,0.37101477,0.34819758
0.3052774,0.30730665,0.3072325,0.3752113,0.26617157
0.27875507,0.2821509,0.2776547,0.38776246,0.23256148
0.27334234,0.2645673,0.26383334,0.39082974,0.24139716
0.27280107,0.2780532,0.27654764,0.38824016,0.23196973
0.28633288,0.28414777,0.28680614,0.36900598,0.24047174
0.3158322,0.31282726,0.32106572,0.38371724,0.26130423
0.3677943,0.37560546,0.3721556,0.36893305,0.27176595
0.42625168,0.42694885,0.4367931,0.35193455,0.3783232
0.4947226,0.4843872,0.4786995,0.37769258,0.4245782
0.5393775,0.5389761,0.53964233,0.40366417,0.49992597
0.5491204,0.5559164,0.55677545,0.4289971,0.48097825
0.5526387,0.54275775,0.5427991,0.45369846,0.4875865
0.5488498,0.545349,0.5477975,0.48855436,0.51297504
0.5342355,0.53936124,0.5436233,0.49129254,0.48541766
0.52828145,0.5180068,0.5280373,0.5059059,0.45440304
0.544249,0.5333009,0.5488716,0.5295079,0.4611522
0.6040595,0.6106605,0.5965568,0.5324617,0.5204072
0.69201624,0.6821176,0.65910286,0.5500915,0.5884913
0.68389714,0.6952288,0.6980651,0.53529245,0.6112507
0.6414073,0.64765567,0.62762237,0.55610526,0.5504293
0.5918809,0.5915189,0.59861815,0.5546549,0.50925994
0.50771314,0.528668,0.5276137,0.55370176,0.46589273
0.43139377,0.4217365,0.42219263,0.567156,0.38631946
0.37158322,0.36894178,0.3696858,0.5705587,0.3426784
0.32990527,0.33012775,0.33028057,0.57567054,0.24662362
0.31150204,0.30531326,0.30497134,0.5895097,0.26999277
0.30338296,0.30302712,0.30488425,0.5900878,0.27627704
0.30663058,0.30470082,0.30675235,0.59170884,0.2583855
0.32828146,0.33015665,0.32939738,0.57933897,0.27862275
0.40054128,0.39946508,0.381841,0.56131846,0.35640964
0.52963465,0.53246623,0.5043447,0.5418037,0.46873665
0.5864682,0.5896561,0.6285892,0.49927068,0.5588019
0.59269285,0.5844492,0.6029941,0.48782635,0.5609857
0.60135317,0.59005535,0.59841084,0.48081714,0.57949704
0.605954,0.60261667,0.6066135,0.4813649,0.56159055
0.6046008,0.59249496,0.6056376,0.48400527,0.5839103
0.5905277,0.5845143,0.60466456,0.4938833,0.59209764
0.58322054,0.57633114,0.58284533,0.48382676,0.5700504
0.5677943,0.56583774,0.5821156,0.4795434,0.5413474
0.56914747,0.5580359,0.57974243,0.4587773,0.5651715
0.61840326,0.62123287,0.629395,0.41828048,0.5906461
0.69742894,0.6868894,0.68683076,0.39699483,0.6684686
0.7023004,0.7020028,0.7067884,0.3739857,0.67250264
0.6671177,0.6652646,0.6653426,0.36053875,0.6315854
0.6243572,0.6085691,0.62458444,0.36658376,0.5834218
0.54316646,0.5485368,0.5541788,0.37891525,0.5080767
0.45466846,0.4465169,0.45673028,0.37706423,0.4318985
0.39133966,0.38100982,0.38576448,0.38315555,0.35304987
0.35074425,0.35233524,0.35261846,0.37110102,0.3077538
0.32801083,0.32840368,0.33062303,0.35818583,0.28212184
0.32151556,0.31762698,0.31993067,0.39794624,0.28191322
0.32503384,0.3246738,0.33096543,0.36659044,0.26808196
0.3661705,0.3509932,0.35485,0.38169098,0.28819138
0.45223275,0.44640934,0.44557393,0.39673722,0.36524853
0.585115,0.5946151,0.5671015,0.42841327,0.48187715
0.6346414,0.63805944,0.65767837,0.4330148,0.57359195
0.6338295,0.62297595,0.6297307,0.4647938,0.5712951
0.62733424,0.62372726,0.63600075,0.49292397,0.5779326
0.6232747,0.623278,0.6250067,0.5142397,0.568358
0.5972936,0.6104552,0.61771655,0.51752126,0.58818436
0.57699597,0.5745598,0.57763344,0.54552966,0.59191555
0.57564276,0.56961167,0.5640458,0.57526636,0.57511675
0.5715832,0.5654165,0.57801616,0.6014651,0.543908
0.57943165,0.5714764,0.5853161,0.61809415,0.565615
0.6246279,0.6431598,0.6323029,0.60352546,0.59556884
0.7136671,0.69897485,0.68477225,0.5970466,0.670311
0.7266576,0.7258849,0.73185694,0.5778403,0.6685574
0.70202976,0.6989002,0.6852277,0.562049,0.629658
0.65899867,0.6499357,0.6570605,0.54657406,0.583251
0.5751015,0.58678615,0.5820248,0.5321196,0.51906765
0.4863329,0.47270212,0.48457837,0.5312136,0.43764842
0.4189445,0.41271403,0.4191975,0.51876605,0.3614065
0.37239513,0.37623864,0.3804651,0.5035895,0.3135757
0.35128552,0.3461606,0.35056493,0.48648787,0.28525078
0.3420839,0.34257105,0.34778616,0.48095626,0.2835668
0.34614342,0.3485556,0.35444275,0.46860284,0.2674175
0.37428957,0.3731556,0.38150516,0.45487982,0.28752682
0.45250338,0.4474876,0.44673645,0.46264267,0.36502147
0.5870095,0.5889759,0.56877863,0.4727434,0.48405474
0.63410014,0.6403688,0.6528517,0.45893288,0.5728071
0.6292287,0.61719567,0.62331724,0.45237535,0.574019
0.6248985,0.6221292,0.6262841,0.47734278,0.57937855
0.6094723,0.6205214,0.6209434,0.47024512,0.5699008
0.58971584,0.59139884,0.59087574,0.49950904,0.58919597
0.56752366,0.5708816,0.5770669,0.527126,0.5932658
0.55751014,0.56406194,0.5590794,0.55974764,0.5756776
0.5526387,0.54448026,0.5549817,0.5772206,0.54629624
0.5577808,0.55404806,0.56657475,0.58382666,0.5677467
0.6056833,0.61851406,0.6102799,0.59056556,0.59733534
0.70040596,0.68772805,0.6792829,0.58620125,0.672227
0.71745604,0.71708846,0.72564006,0.5536838,0.66961694
0.6947226,0.6886107,0.67837745,0.53071296,0.6309377
0.6516915,0.6419365,0.65423036,0.5158807,0.58561295
0.5718539,0.575297,0.5793866,0.47779888,0.51971734
0.4828146,0.4721839,0.48486596,0.479874,0.43965483
0.4165088,0.40652356,0.41353822,0.46701354,0.36181518
0.3753721,0.3741551,0.3767386,0.44012326,0.3150959
0.35399187,0.34752133,0.35619432,0.43564254,0.28382665
0.34830853,0.33853993,0.34883094,0.47486043,0.28142095
0.35236806,0.35242167,0.3615104,0.42073548,0.27188298
0.38700947,0.37806907,0.38461727,0.41317093,0.29214555
0.464682,0.46217787,0.4631193,0.43843752,0.36861315
0.5924222,0.6014068,0.57477415,0.39534128,0.48581398
0.64113665,0.6385186,0.6533744,0.4582759,0.57342833
0.6284168,0.6255271,0.63209134,0.43626446,0.57272285
0.6159675,0.6147656,0.6171632,0.43963432,0.5755882
0.60135317,0.6055006,0.6047577,0.5173442,0.563508
0.5813261,0.5815921,0.5839178,0.5013264,0.58760977
0.5580514,0.5592642,0.5659607,0.54245245,0.58817804
0.5518268,0.54818195,0.54644537,0.5706101,0.5754004
0.5393775,0.5415096,0.55387986,0.5713248,0.53516275
0.5558863,0.5368492,0.54579496,0.5753825,0.55927444
0.5916103,0.62292254,0.62030625,0.57010645,0.59414923
0.6820027,0.66477585,0.65529203,0.56333923,0.66078395
0.6925575,0.70158345,0.7146224,0.5341262,0.6572698
0.6690122,0.6624896,0.6535649,0.5003717,0.62588656
0.6308525,0.6169962,0.6317581,0.4893614,0.5774397
0.55209744,0.55749625,0.56461483,0.4474125,0.5201722
0.46901217,0.45309958,0.46716285,0.4377485,0.432783
0.40433016,0.39436978,0.4053049,0.4408942,0.35904908
0.3594046,0.35992038,0.3662797,0.41324902,0.3151174
0.329364,0.32434526,0.33693963,0.4023853,0.2885902
0.30933693,0.31006858,0.31808305,0.41310078,0.27848953
0.30581868,0.30459806,0.31094277,0.38158432,0.26799864
0.329364,0.32326385,0.32933038,0.3864991,0.2882359
0.40027064,0.39362726,0.39246836,0.39154625,0.37037045
0.52449256,0.52373886,0.5125252,0.41631162,0.47982633
0.5813261,0.5752746,0.5942208,0.43432093,0.55690324
0.57943165,0.5724337,0.57801604,0.4453671,0.57169014
0.57483083,0.57078636,0.57455266,0.45967525,0.5625479
0.5713126,0.56814855,0.5697301,0.48620337,0.563445
0.5493911,0.5551263,0.5616255,0.48717356,0.5793119
0.5288227,0.5238635,0.5305949,0.5132188,0.57802236
0.52124494,0.5221144,0.5180952,0.53991956,0.57558227
0.5155616,0.50540465,0.5218435,0.535333,0.5191034
0.5150203,0.51212615,0.52852315,0.53499496,0.5479623
0.5464141,0.56713736,0.55722404,0.5144794,0.5841177
0.61326116,0.6083114,0.6156531,0.49531937,0.64359754
0.61461437,0.61878,0.64081424,0.46714342,0.640552
0.58322054,0.58067775,0.58881116,0.4232456,0.6105691
0.5491204,0.5354656,0.5556389,0.39696342,0.5598381
0.49147496,0.4880732,0.49461213,0.35291123,0.5081415
0.4189445,0.40778902,0.42120683,0.3411983,0.4186048
0.35020298,0.3461514,0.35671464,0.32556516,0.35485682
0.3036536,0.29985568,0.30400547,0.35206705,0.3118089
0.27875507,0.2784515,0.27684,0.36079288,0.25683057
0.26576453,0.2667736,0.26782522,0.342457,0.24795897
0.264682,0.2674407,0.26978174,0.34512907,0.23966335
0.27496618,0.2808588,0.28858435,0.31420705,0.24666093
0.30284166,0.3061472,0.32200623,0.3863057,0.2920544
0.3623816,0.35807106,0.38088256,0.3529029,0.3389752
0.42435724,0.42535394,0.42488816,0.36732563,0.401816
0.47658998,0.47786972,0.4610185,0.34013104,0.4611433
0.4985115,0.50355285,0.5074613,0.36228645,0.482535
0.4917456,0.4993151,0.503764,0.41970205,0.48920166
0.47658998,0.48056456,0.47589326,0.4351241,0.5144168
0.4562923,0.45432946,0.4609852,0.4574979,0.48508668
0.44032475,0.43817383,0.44289905,0.4903053,0.47958195
0.43788904,0.4256792,0.43381572,0.5032515,0.4369266
0.45358592,0.44437164,0.4550695,0.500439,0.45039678
0.4930988,0.4953809,0.50648284,0.49846542,0.5046129
0.5645467,0.57003546,0.55289406,0.4892997,0.5629387
0.5585927,0.58133066,0.59095824,0.48036104,0.5835094
0.52286875,0.51763725,0.52149856,0.47078395,0.5403955
0.4871448,0.486214,0.49577856,0.4563532,0.5086922
0.4284168,0.43606055,0.4369083,0.43309724,0.43592644
0.35967523,0.35191873,0.35835063,0.43484175,0.39255705
0.2968877,0.29624316,0.2990895,0.40002877,0.30702564
0.24979702,0.25176653,0.2543358,0.38992864,0.2546421
0.22273342,0.22608843,0.22270039,0.38124448,0.22683342
0.20730717,0.20705795,0.20859115,0.3551192,0.20666118
0.20243572,0.20731711,0.20330067,0.33771977,0.21438684
0.20947225,0.2123088,0.21308321,0.31363153,0.21931876
0.23139377,0.23365092,0.2419246,0.31444037,0.2500745
0.2782138,0.27831194,0.29566777,0.31648213,0.2833211
0.33342355,0.34175014,0.3516511,0.3505526,0.33992034
0.40162382,0.39595476,0.37983587,0.36955416,0.42243478
0.45358592,0.44471115,0.43996838,0.38736588,0.46373522
0.47658998,0.4721056,0.47301337,0.4000827,0.47182786
0.4820027,0.48074266,0.47990757,0.41331595,0.49019635
0.48227334,0.47477576,0.47773322,0.39630777,0.4722315
0.47848445,0.46977112,0.48182073,0.4310273,0.48737127
0.47225982,0.4695709,0.4841419,0.4534943,0.41815725
0.48227334,0.47604546,0.4907591,0.43525326,0.44843593
0.52963465,0.52264285,0.53504395,0.41402984,0.4955685
0.5834912,0.5984595,0.5934651,0.393884,0.54335093
0.5556157,0.58333004,0.5871815,0.379461,0.57000995
0.49526387,0.5055436,0.5084327,0.36792007,0.538533
0.45981055,0.44899753,0.45754015,0.37325373,0.49261928
0.40216509,0.40790161,0.41776586,0.36933398,0.4257096
0.34451962,0.32895538,0.33253223,0.36271313,0.37686354
0.28173208,0.2883149,0.28967494,0.35295856,0.29694426
0.23734777,0.24024358,0.23448256,0.3516373,0.22401322
0.22273342,0.21771824,0.21127872,0.32922706,0.25199127
0.21596752,0.21990398,0.21881942,0.35609698,0.24603407
0.22300406,0.22056064,0.22125928,0.3464405,0.23865049
0.25196213,0.25233194,0.24852015,0.33301312,0.26051992
0.33152908,0.33284956,0.30348364,0.3231052,0.3427844
0.46224627,0.460821,0.42119575,0.31786248,0.44346863
0.52449256,0.524225,0.5571153,0.31729186,0.52477145
0.5345061,0.5372261,0.5521755,0.3193069,0.53116
0.54479027,0.5345931,0.5423168,0.30741727,0.54821587
0.5564276,0.5485924,0.551134,0.33627665,0.54377866
0.55534506,0.55366516,0.56051606,0.36524177,0.564505
0.5404601,0.53475195,0.5535955,0.3907599,0.5419334
0.5374831,0.52476275,0.5301954,0.42453027,0.54349315
0.52638704,0.5225639,0.5410533,0.44582802,0.5201741
0.5271989,0.5124464,0.53833276,0.4534945,0.5151411
0.55751014,0.5532728,0.567099,0.444672,0.54355466
0.6446549,0.62164634,0.5904757,0.42801142,0.6143897
0.65953994,0.6685253,0.6566767,0.4152795,0.64148223
0.6300406,0.6182531,0.61601436,0.39870673,0.60866606
0.58592695,0.57798314,0.5830922,0.3897944,0.55812925
0.50284165,0.51298374,0.5056433,0.39689118,0.4857471
0.41705006,0.40629336,0.40926012,0.38138434,0.39924544
0.35372123,0.34470898,0.34482777,0.3764328,0.32757446
0.31637347,0.31384903,0.31401798,0.34503573,0.26049957
0.29661706,0.29813012,0.30028376,0.38156557,0.26910996
0.28795668,0.29020822,0.29233354,0.3671583,0.2566106
0.29228687,0.2918811,0.29831257,0.3731922,0.25382036
0.32638702,0.3228871,0.32690573,0.38831592,0.27275807
0.4143437,0.4079573,0.4065231,0.39438555,0.35611233
0.5464141,0.549882,0.54069155,0.3943373,0.4603231
0.594046,0.5936934,0.6061598,0.39659244,0.5399231
0.5818674,0.59071136,0.58950007,0.4173476,0.5472521
0.56427604,0.5653631,0.5818194,0.46983188,0.5511315
0.5493911,0.5585123,0.558558,0.5094286,0.5527736
0.5339648,0.5358852,0.53586054,0.49881977,0.5588643
0.5152909,0.511991,0.5226198,0.51877046,0.54600704
0.50798374,0.5041318,0.50587744,0.5239266,0.55179065
0.50121784,0.4912295,0.50238144,0.5439679,0.521477
0.5090663,0.49877617,0.50872594,0.54429615,0.5183171
0.54830855,0.545839,0.564494,0.54436564,0.54873407
0.6414073,0.6269507,0.62087524,0.5334528,0.6230729
0.6592693,0.67342174,0.67214406,0.51421535,0.64591867
0.62977,0.6176486,0.6194651,0.48719478,0.61128074
0.58755076,0.5746157,0.5839125,0.472358,0.55892885
0.50581867,0.5162952,0.5129993,0.46059275,0.48977995
0.4156969,0.4049034,0.418771,0.45153886,0.40362108
0.34912044,0.34376538,0.3486674,0.44228524,0.33033025
0.30419487,0.30468354,0.31114537,0.41063273,0.26708698
0.27929634,0.28200474,0.28117728,0.41016153,0.2722686
0.2668471,0.27041528,0.2692467,0.39027286,0.25948945
0.26955345,0.2708964,0.27317768,0.3757884,0.25521258
0.30094722,0.29850477,0.29802352,0.38619733,0.27348816
0.3691475,0.3779625,0.3763876,0.3929606,0.3574658
0.46441138,0.4886897,0.47991142,0.40897143,0.46411383
0.5255751,0.50452054,0.5109165,0.39471766,0.54046017
0.565088,0.5380698,0.53935903,0.4118122,0.5505968
0.5972936,0.57897615,0.58307457,0.41602576,0.55362743
0.617862,0.6082263,0.6097358,0.38716084,0.5542867
0.6281462,0.61547565,0.6223531,0.38803554,0.56014913
0.6216509,0.614131,0.6312654,0.39759427,0.5484406
0.61163735,0.60524654,0.6200168,0.4170459,0.5520811
0.597023,0.5891083,0.6104399,0.4455101,0.5238655
0.5872801,0.5873192,0.60106814,0.44868875,0.5205541
0.60866034,0.61107767,0.61705667,0.4548632,0.5522305
0.68362653,0.67022747,0.6596193,0.4461959,0.6266079
0.6828146,0.70274425,0.70403785,0.4306866,0.648381
0.63897157,0.6350235,0.63677794,0.41263306,0.61314875
0.5867388,0.5815202,0.5981724,0.41739142,0.5621955
0.5082544,0.5196811,0.5145839,0.4123792,0.4907416
0.42733425,0.4192802,0.42049277,0.41677296,0.40646237
0.35805142,0.3641703,0.3603003,0.414106,0.33067805
0.31962112,0.316716,0.3125885,0.41186482,0.2705695
0.29391068,0.30205533,0.299599,0.40789038,0.26847792
0.29418132,0.28849635,0.2840398,0.40955,0.2551942
0.3001353,0.30663392,0.30934465,0.37965876,0.25362155
0.3301759,0.33381036,0.33331633,0.3791793,0.27614966
0.4181326,0.40835333,0.39749202,0.37329137,0.35701445
0.54993236,0.55887866,0.5314201,0.3930626,0.45702624
0.5894452,0.60187256,0.63995516,0.38618258,0.5453289
0.58159673,0.5914528,0.59268963,0.39752775,0.54791796
0.57401896,0.57608426,0.5850464,0.44008094,0.5459306
0.5686062,0.5754925,0.5759753,0.47140658,0.55363554
0.5564276,0.5558515,0.5649194,0.53223044,0.558545
0.5404601,0.53257537,0.545478,0.52487576,0.5390047
0.5269283,0.5257945,0.52406204,0.543307,0.553728
0.5152909,0.50467664,0.51483566,0.5691422,0.5173384
0.51989174,0.5067619,0.5266147,0.57474643,0.51520133
0.5510149,0.5520804,0.57426924,0.5739613,0.53776133
0.6470907,0.63145864,0.61074734,0.56417894,0.6120081
0.6700947,0.6859406,0.6764147,0.54259604,0.6309001
0.64546686,0.63490045,0.6279181,0.5041562,0.6045327
0.61001354,0.5967356,0.59651214,0.49325478,0.549495
0.5410014,0.54387295,0.5367548,0.46039528,0.49324685
0.45304465,0.45130703,0.45845425,0.46140712,0.3986007
0.38863328,0.38352767,0.38341516,0.47059578,0.33364072
0.34749663,0.34806433,0.35292768,0.46953225,0.2607478
0.3328823,0.32527247,0.3305591,0.46397728,0.26538205
0.32584575,0.32786053,0.33489653,0.4324863,0.25915658
0.3309878,0.33213755,0.33918,0.43194455,0.25146002
0.36211097,0.36030906,0.36409453,0.4066586,0.2740118
0.4405954,0.43535307,0.43302527,0.43886733,0.35677582
0.56887686,0.5648658,0.55107063,0.42720896,0.45503438
0.6143437,0.6116044,0.6275694,0.44630343,0.53811973
0.6124492,0.6072211,0.60324556,0.46034408,0.54429173
0.59512854,0.6034686,0.61256397,0.5117804,0.53416556
0.5848444,0.58106464,0.58310515,0.51809376,0.54943705
0.57618403,0.56714106,0.57257515,0.52385795,0.55049676
0.5548038,0.55186355,0.56741995,0.56224096,0.5315124
0.54316646,0.5401238,0.54195905,0.5702539,0.54715157
0.5274696,0.5204642,0.53959215,0.5771501,0.5059562
0.52286875,0.5146197,0.52879727,0.57740045,0.5018634
0.54993236,0.5479936,0.56244767,0.57021517,0.52976495
0.6270636,0.6200844,0.6208152,0.56037915,0.6054107
0.64113665,0.6554745,0.6626998,0.53752214,0.61438626
0.61163735,0.6040677,0.6130905,0.48957592,0.58170366
0.58457375,0.5624125,0.576571,0.46125138,0.5414181
0.5269283,0.5237458,0.53019416,0.42312723,0.480134
0.45818675,0.43812957,0.45453036,0.4081114,0.39286646
0.388092,0.38855937,0.4018523,0.3877601,0.3302426
0.34181327,0.33763358,0.34629595,0.37696224,0.25866592
0.31529093,0.31912613,0.320475,0.35186404,0.25683057
0.3060893,0.30400357,0.30662423,0.3182252,0.24795897
0.30879566,0.30666825,0.31503415,0.35185683,0.23966335
0.32503384,0.32557762,0.33746815,0.33202583,0.24666093
0.3623816,0.36199698,0.37730607,0.3590902,0.2920544
0.42056835,0.42316285,0.44592437,0.38119426,0.3389752
0.48335588,0.47191775,0.47438443,0.40143842,0.401816
0.5271989,0.52831644,0.52147746,0.41042486,0.4611433
0.5458728,0.5466386,0.54921836,0.41378367,0.482535
0.5393775,0.5449259,0.55194867,0.48392564,0.48920166
0.5225981,0.52742636,0.5266031,0.4499792,0.5144168
0.4930988,0.50035024,0.50332725,0.487449,0.48508668
0.47740188,0.46965227,0.46989703,0.5215795,0.47958195
0.45899865,0.4642695,0.46891457,0.5518065,0.4369266
0.46657646,0.45644447,0.45720378,0.5575704,0.45039678
0.50040597,0.50903815,0.5111872,0.569871,0.5046129
0.58755076,0.58605033,0.56242764,0.55911523,0.5629387
0.5962111,0.61784536,0.6290761,0.53968555,0.5835094
0.56589985,0.5632218,0.55745494,0.5245019,0.5403955
0.52828145,0.53170276,0.5403762,0.5102063,0.5086922
0.46738836,0.4792575,0.47759295,0.511181,0.43592644
0.40541273,0.3940697,0.39789924,0.48848838,0.39255705
0.35155615,0.34913582,0.3497451,0.47061807,0.30702564
0.31096077,0.31183237,0.314471,0.46126777,0.2546421
0.28768605,0.28868213,0.28861716,0.4392197,0.22683342
0.27604872,0.27478072,0.2789674,0.41882586,0.20666118
0.27090663,0.2805079,0.2786178,0.41333503,0.21438684
0.27794316,0.27890047,0.28439742,0.4238,0.21931876
0.29986468,0.3020145,0.31023556,0.4243734,0.2500745
0.34857917,0.34388942,0.35879937,0.42797834,0.2833211
0.40054128,0.40754938,0.42337233,0.41281116,0.33992034
0.45845738,0.4579948,0.4430751,0.41569275,0.42243478
0.4849797,0.49296024,0.49270967,0.45063472,0.46373522
0.4849797,0.4928817,0.488638,0.46278137,0.47182786
0.48254398,0.4781826,0.47297126,0.47293377,0.49019635
0.47198918,0.4698999,0.47217888,0.4831621,0.4722315
0.4562923,0.45667782,0.4627601,0.5190744,0.48737127
0.45656294,0.44244918,0.4486918,0.5413185,0.41815725
0.47469553,0.46817622,0.47957617,0.54727656,0.44843593
0.5304465,0.52374,0.5322282,0.5537693,0.4955685
0.61867386,0.61923885,0.60489285,0.5475111,0.54335093
0.6173207,0.63680184,0.64070296,0.52481616,0.57000995
0.57591337,0.5712421,0.5670947,0.5147462,0.538533
0.52665764,0.5285231,0.5359218,0.50430787,0.49261928
0.45845738,0.46376082,0.46941054,0.5029317,0.4257096
0.3813261,0.37795126,0.38965395,0.4860831,0.37686354
0.32530448,0.31771353,0.31963006,0.46974307,0.29694426
0.28768605,0.288577,0.2874587,0.45834595,0.22401322
0.27469555,0.26835397,0.26411143,0.44680423,0.25199127
0.27388364,0.26943246,0.26891214,0.43336505,0.24603407
0.2790257,0.28067502,0.28121763,0.43175083,0.23865049
0.3074425,0.30491996,0.30175474,0.41622514,0.26051992
0.3840325,0.3846925,0.36593378,0.42685282,0.3427844
0.5139378,0.5083798,0.48368663,0.42582744,0.44346863
0.5623816,0.5670038,0.59850806,0.43452144,0.52477145
0.5653586,0.56506383,0.5674716,0.43864077,0.53116
0.565088,0.5593586,0.5646515,0.43466115,0.54821587
0.5648173,0.56242,0.56073517,0.44229305,0.54377866
0.5618403,0.5569014,0.5581411,0.43322945,0.564505
0.5556157,0.5434587,0.55756533,0.4742304,0.5419334
0.54830855,0.5478203,0.5544169,0.49271095,0.54349315
0.53856564,0.5338031,0.5496211,0.49996954,0.5201741
0.5426252,0.5322684,0.552742,0.50302786,0.5151411
0.5699594,0.5748429,0.59728456,0.50318134,0.54355466
0.65818673,0.6431829,0.62516165,0.5010701,0.6143897
0.6790257,0.6888881,0.6830423,0.48778075,0.64148223
0.65142083,0.64183056,0.6397149,0.45709813,0.60866606
0.6110961,0.59921753,0.6031528,0.42459857,0.55812925
0.52990526,0.5420822,0.53979415,0.35311675,0.4857471
0.44167796,0.43679616,0.44235274,0.3376246,0.39924544
0.37943166,0.3737311,0.37595016,0.37553993,0.32757446
0.3480379,0.3446139,0.34525138,0.36497915,0.26049957
0.33585927,0.33352256,0.33690816,0.39039353,0.26910996
0.33504736,0.3342978,0.33778054,0.3889872,0.2566106
0.3404601,0.341184,0.35190427,0.42258775,0.25382036
0.37077132,0.3688027,0.37575233,0.45767814,0.27275807
0.45142084,0.448951,0.4451765,0.43720543,0.35611233
0.5837618,0.5800375,0.5646243,0.46924132,0.4603231
0.6202977,0.6293968,0.6478326,0.49530518,0.5399231
0.6140731,0.6131599,0.6060442,0.52853316,0.5472521
0.597023,0.60102034,0.6145817,0.54515266,0.5511315
0.5848444,0.5908742,0.5867783,0.59198123,0.5527736
0.57699597,0.57201743,0.5732626,0.5874779,0.5588643
0.5596752,0.5581143,0.5716898,0.6016499,0.54600704
0.5477673,0.54698074,0.5478333,0.580444,0.55179065
0.53721243,0.5268427,0.53852105,0.5851258,0.521477
0.5361299,0.53218925,0.5438783,0.57342243,0.5183171
0.57699597,0.5691783,0.58156246,0.5733518,0.54873407
0.67036533,0.6630883,0.6528475,0.5718378,0.6230729
0.7012179,0.7039857,0.700611,0.5683815,0.64591867
0.67794317,0.66533345,0.6647464,0.54857326,0.61128074
0.6397835,0.6243666,0.62853605,0.5405885,0.55892885
0.56373477,0.5693734,0.56949973,0.49829376,0.48977995
0.47983763,0.4631143,0.4818242,0.4658764,0.40362108
0.42002708,0.40868863,0.41866374,0.4678501,0.33033025
0.37943166,0.3775642,0.38929772,0.43748122,0.26708698
0.35751015,0.35635433,0.3625686,0.43437558,0.2722686
0.35128552,0.35036805,0.35296208,0.443608,0.25948945
0.35994586,0.36000797,0.3646038,0.46753544,0.25521258
0.39052776,0.3934514,0.3956641,0.47053224,0.27348816
0.47171855,0.46630698,0.46000928,0.48156333,0.3574658
0.6046008,0.6004317,0.5829118,0.504131,0.46411383
0.6397835,0.6487303,0.66259634,0.5122124,0.54046017
0.62381595,0.6270184,0.61925375,0.53541386,0.5505968
0.60622466,0.60790104,0.61422384,0.54063994,0.55362743
0.5886333,0.5980234,0.59532976,0.5734524,0.5542867
0.5667118,0.5703532,0.57123756,0.5586234,0.56014913
0.5410014,0.5381896,0.54813445,0.59515506,0.5484406
0.5261164,0.52928,0.52482325,0.5883428,0.5520811
0.5158322,0.50652766,0.51910377,0.5844188,0.5238655
0.51989174,0.51102436,0.5218866,0.5818961,0.5205541
0.55751014,0.55664736,0.5705702,0.57340205,0.5522305
0.6449256,0.6480995,0.6338372,0.558984,0.6266079
0.67469555,0.6831558,0.68274814,0.5403267,0.648381
0.6565629,0.6426852,0.64547604,0.5073928,0.61314875
0.6243572,0.6079123,0.6184196,0.4806661,0.5621955
0.5556157,0.55366075,0.56454563,0.4566837,0.4907416
0.46901217,0.46004716,0.4791182,0.44069088,0.40646237
0.39972937,0.39598182,0.40288416,0.42939472,0.33067805
0.35994586,0.35513887,0.3580491,0.4127075,0.2705695
0.34397835,0.33452675,0.340314,0.38600296,0.26847792
0.32963464,0.3363537,0.34254855,0.3778093,0.2551942
0.33504736,0.3278358,0.3371703,0.37064356,0.25362155
0.3548038,0.3613969,0.36552328,0.35395104,0.27614966
0.4257104,0.42239246,0.41393775,0.35313296,0.35701445
0.5461434,0.54682124,0.5362222,0.35369864,0.45702624
0.60351825,0.58122796,0.60409176,0.39136735,0.5453289
0.6162382,0.6009462,0.60016805,0.4046029,0.54791796
0.6270636,0.61154914,0.617661,0.44497746,0.5459306
0.63572395,0.62681425,0.62791395,0.4647913,0.55363554
0.63951284,0.6258165,0.6308988,0.46821034,0.558545
0.6300406,0.62096214,0.6355711,0.495556,0.5390047
0.6300406,0.6136737,0.62396663,0.55247384,0.553728
0.6173207,0.61247736,0.6361206,0.5658477,0.5173384
0.61001354,0.60712266,0.61676955,0.5657202,0.51520133
0.63031125,0.6352191,0.6340933,0.5618236,0.53776133
0.67469555,0.6894473,0.67950684,0.5528185,0.6120081
0.6744249,0.6852555,0.6927526,0.54630005,0.6309001
0.63355887,0.6362795,0.6505883,0.5124029,0.6045327
0.58294994,0.5781151,0.59617543,0.49712884,0.549495
0.50121784,0.5137433,0.5200323,0.47310638,0.49324685
0.40920162,0.4088638,0.41678458,0.4415127,0.3986007
0.34100136,0.34063455,0.33896178,0.41059464,0.33364072
0.30094722,0.29969355,0.29917526,0.39345324,0.2607478
0.27875507,0.28125328,0.2777823,0.38879594,0.26538205
0.27009472,0.27186576,0.26657835,0.39021164,0.25915658
0.27388364,0.27466175,0.2764567,0.40078855,0.25146002
0.2960758,0.30083096,0.30302846,0.40332133,0.2740118
0.34316644,0.36587718,0.35945308,0.41025537,0.35677582
0.42192152,0.44955954,0.42945182,0.40939143,0.45503438
0.47496617,0.4680209,0.48872802,0.41166794,0.53811973
0.5133965,0.49933454,0.50526553,0.417374,0.54429173
0.5396482,0.53181773,0.5422472,0.4272501,0.53416556
0.5510149,0.54932195,0.5559639,0.437383,0.54943705
0.55886334,0.5445785,0.55358267,0.4471118,0.55049676
0.55047363,0.54586935,0.55866045,0.44360065,0.5315124
0.54343706,0.5367219,0.5400405,0.43719196,0.54715157
0.54154265,0.5208237,0.54006076,0.43289548,0.5059562
0.5361299,0.53213906,0.5616628,0.4252218,0.5018634
0.54857916,0.55291224,0.5695343,0.43473572,0.52976495
0.60784847,0.59748805,0.5877775,0.42557812,0.6054107
0.6202977,0.62088287,0.63027203,0.4201758,0.61438626
0.58430314,0.58025444,0.58693385,0.41784537,0.58170366
0.5488498,0.5304284,0.5373632,0.41433132,0.5414181
0.4930988,0.48977485,0.4860909,0.40363014,0.480134
0.41596752,0.4086673,0.4194359,0.4214949,0.39286646
0.35453317,0.3438223,0.3514194,0.4042902,0.3302426
0.30554804,0.30947465,0.31764886,0.3698244,0.25866592
0.27550745,0.28104642,0.2811945,0.36564192,0.25683057
0.2630582,0.2626845,0.26359862,0.3317441,0.24795897
0.2579161,0.2666321,0.26483324,0.34480596,0.23966335
0.26359946,0.2721813,0.2719257,0.3302232,0.24666093
0.29878214,0.29011133,0.29570544,0.32173365,0.2920544
0.35507444,0.36025867,0.36594397,0.38274345,0.3389752
0.41705006,0.42093453,0.4235632,0.3726375,0.401816
0.47658998,0.4790975,0.47065413,0.3422403,0.4611433
0.5060893,0.5125479,0.51774466,0.41540265,0.482535
0.50581867,0.5126479,0.5210765,0.45557773,0.48920166
0.49499324,0.49860224,0.5023604,0.48580194,0.5144168
0.4828146,0.47577414,0.4847082,0.51523435,0.48508668
0.47063598,0.4669311,0.47505534,0.5017782,0.47958195
0.46657646,0.45559415,0.46587753,0.5138915,0.4369266
0.47225982,0.46977118,0.47746363,0.510537,0.45039678
0.5050068,0.50719404,0.513358,0.5097754,0.5046129
0.5799729,0.5811432,0.56798625,0.50654674,0.5629387
0.5837618,0.59798443,0.6132083,0.49074602,0.5835094
0.5512855,0.5450749,0.54547274,0.47879517,0.5403955
0.5133965,0.51291525,0.52445465,0.467847,0.5086922
0.44790256,0.46095055,0.46131045,0.45815015,0.43592644
0.38240865,0.37071177,0.37098387,0.45970243,0.39255705
0.32286873,0.32366905,0.3233741,0.45222592,0.30702564
0.2790257,0.2806324,0.27904868,0.43188733,0.2546421
0.26576453,0.25609547,0.25239092,0.4189986,0.22683342
0.25845736,0.25624695,0.262013,0.3834358,0.20666118
0.2579161,0.26128206,0.26147562,0.38158277,0.21438684
0.26522326,0.26906505,0.2746492,0.37786496,0.21931876
0.28633288,0.29273066,0.30126825,0.39049232,0.2500745
0.33558863,0.33377305,0.34549022,0.3599053,0.2833211
0.3932341,0.39713243,0.40972304,0.36298686,0.33992034
0.45439783,0.45346603,0.44106656,0.3550217,0.42243478
0.4849797,0.49183002,0.48899418,0.37374967,0.46373522
0.49147496,0.49520215,0.493453,0.38842618,0.47182786
0.48741543,0.48920116,0.48706293,0.4217975,0.49019635
0.47658998,0.47436926,0.47940177,0.47393978,0.4722315
0.4600812,0.4614807,0.4682115,0.48337132,0.48737127
0.44790256,0.44421783,0.45273525,0.49432355,0.41815725
0.4592693,0.45109287,0.45916536,0.5100742,0.44843593
0.50392425,0.5043865,0.51799554,0.5132609,0.4955685
0.60135317,0.58940417,0.57393324,0.5212436,0.54335093
0.6316644,0.6283314,0.63411236,0.5017356,0.57000995
0.5956698,0.5968823,0.5913112,0.47858095,0.538533
0.55399185,0.54521376,0.54455626,0.44411433,0.49261928
0.48470905,0.49322072,0.4937747,0.40929306,0.4257096
0.41677943,0.39996442,0.40754282,0.44184923,0.37686354
0.35778078,0.35412085,0.35850203,0.42584735,0.29694426
0.3209743,0.31634578,0.31843698,0.41398448,0.22401322
0.3052774,0.3014467,0.3030987,0.40316886,0.25199127
0.30175912,0.299725,0.30023646,0.36878034,0.24603407
0.30690122,0.30801982,0.30721557,0.39897716,0.23865049
0.33207035,0.3349768,0.3277749,0.3701989,0.26051992
0.3983762,0.40736404,0.3830307,0.41690332,0.3427844
0.5006766,0.5164124,0.494941,0.3794943,0.44346863
0.565088,0.54897493,0.58363694,0.41032875,0.52477145
0.5905277,0.5856614,0.58666533,0.42186546,0.53116
0.597023,0.59444594,0.5975487,0.47420686,0.54821587
0.5956698,0.59557986,0.59532166,0.5211886,0.54377866
0.5805142,0.58540416,0.5871464,0.50742,0.564505
0.5631935,0.55281055,0.56420755,0.5146301,0.5419334
0.54695535,0.54995894,0.55275446,0.5379201,0.54349315
0.5345061,0.52660346,0.54207164,0.557094,0.5201741
0.53802437,0.5267477,0.5409677,0.56758314,0.5151411
0.5721245,0.57053447,0.5857725,0.58219117,0.54355466
0.6603518,0.65225077,0.640139,0.5852806,0.6143897
0.68173206,0.6939553,0.69240856,0.5750138,0.64148223
0.6552097,0.64714074,0.6434727,0.54618675,0.60866606
0.617862,0.6033207,0.61768174,0.5162019,0.55812925
0.5404601,0.5488063,0.55659616,0.45406127,0.4857471
0.45602164,0.4463109,0.4586092,0.49170756,0.39924544
0.39296347,0.3871222,0.39110607,0.46659046,0.32757446
0.35751015,0.3559982,0.35627976,0.43906814,0.26049957
0.34073073,0.34085903,0.34188914,0.43099362,0.26910996
0.33829498,0.33759946,0.33773476,0.4494149,0.2566106
0.3437077,0.3437253,0.35166848,0.49903953,0.25382036
0.36887687,0.3715836,0.3747355,0.49570715,0.27275807
0.44546685,0.44181076,0.429289,0.4960994,0.35611233
0.5631935,0.57082576,0.55626905,0.48142397,0.4603231
0.6129905,0.6030524,0.63794655,0.47793174,0.5399231
0.62543976,0.612784,0.61258096,0.44500548,0.5472521
0.6292287,0.6182457,0.6318319,0.43178785,0.5511315
0.63058186,0.6272781,0.628111,0.47219735,0.5527736
0.6265223,0.617442,0.6227349,0.51569647,0.5588643
0.6165088,0.60450506,0.6194459,0.52932864,0.54600704
0.6135318,0.5987692,0.609009,0.54414487,0.55179065
0.6081191,0.5945189,0.61310667,0.56037456,0.521477
0.59972936,0.60234827,0.6152345,0.5641007,0.5183171
0.6156969,0.6245599,0.6287014,0.568155,0.54873407
0.68146145,0.6776439,0.6705973,0.57191914,0.6230729
0.6928281,0.7005563,0.7106216,0.5629341,0.64591867
0.6533153,0.6506934,0.6620072,0.543608,0.61128074
0.6043302,0.5939118,0.60771143,0.5191292,0.55892885
0.51935047,0.53432333,0.5364015,0.46618408,0.48977995
0.43031123,0.42025983,0.43408555,0.45565122,0.40362108
0.36184034,0.36136207,0.3649696,0.42217785,0.33033025
0.31935048,0.31852564,0.32174748,0.36681873,0.26708698
0.2968877,0.30017057,0.296202,0.31172442,0.2722686
0.28552097,0.29264963,0.28675896,0.31693983,0.25948945
0.28687415,0.29300383,0.2894736,0.35018355,0.25521258
0.31772667,0.3173339,0.3129072,0.36603224,0.27348816
0.39215156,0.39478335,0.38790417,0.41102684,0.3574658
0.50040597,0.5190824,0.49819532,0.4412505,0.46411383
0.5445196,0.54612607,0.5702095,0.4534877,0.54046017
0.55372125,0.5500605,0.5531424,0.45615578,0.5505968
0.55669826,0.55450714,0.56244934,0.4979036,0.55362743
0.5599459,0.55815065,0.5598793,0.48522282,0.5542867
0.5564276,0.5523492,0.5598369,0.49013895,0.56014913
0.55507445,0.5371815,0.5517439,0.52608126,0.5484406
0.5599459,0.5479784,0.55257386,0.53210014,0.5520811
0.55723953,0.54570305,0.5643256,0.5197814,0.5238655
0.5534506,0.5486848,0.5681157,0.5049404,0.5205541
0.5669824,0.57631737,0.58978087,0.4825105,0.5522305
0.62733424,0.6261629,0.615544,0.479625,0.6266079
0.6484438,0.64682335,0.65230227,0.45686793,0.648381
0.6135318,0.6109255,0.61933666,0.44404334,0.61314875
0.56941813,0.5544176,0.5628395,0.43375295,0.5621955
0.48903924,0.4974524,0.4991898,0.4230427,0.4907416
0.39350474,0.39239624,0.40256423,0.4164921,0.40646237
0.32665765,0.31988516,0.32145905,0.41225648,0.33067805
0.28362653,0.28501457,0.28781644,0.3959043,0.2705695
0.25899863,0.2619383,0.26105267,0.35007435,0.26847792
0.24925575,0.2511062,0.24748951,0.28882328,0.2551942
0.2525034,0.25462893,0.25412974,0.32134992,0.25362155
0.2811908,0.28285334,0.2798494,0.3054514,0.27614966
0.35534507,0.3566388,0.34743142,0.40616798,0.35701445
0.46576455,0.4827319,0.4610824,0.38651496,0.45702624
0.51447904,0.51250136,0.53378147,0.3938683,0.5453289
0.5158322,0.52332217,0.52581,0.37888944,0.54791796
0.5104195,0.5123534,0.51943314,0.39238483,0.5459306
0.5014885,0.51003355,0.51026374,0.4807076,0.55363554
0.48389715,0.48826757,0.49473715,0.47214574,0.558545
0.46738836,0.45983186,0.47329885,0.493999,0.5390047
0.461705,0.45501813,0.45795235,0.5030229,0.553728
0.4571042,0.44717216,0.45869738,0.50247544,0.5173384
0.46495265,0.4508662,0.46841085,0.48642236,0.51520133
0.49797022,0.4953083,0.51637244,0.4529572,0.53776133
0.5667118,0.5671325,0.5630193,0.43413365,0.6120081
0.5937754,0.5969449,0.5976289,0.41650027,0.6309001
0.56752366,0.56406015,0.57028925,0.38336432,0.6045327
0.5290934,0.51408094,0.52320874,0.36724335,0.549495
0.45899865,0.45778027,0.45740002,0.35603118,0.49324685
0.36806494,0.3650463,0.3748598,0.34554762,0.3986007
0.30067658,0.29356197,0.29777324,0.32405668,0.33364072
0.2541272,0.25540528,0.26150092,0.32187048,0.2607478
0.2316644,0.2292319,0.23035271,0.2990945,0.26538205
0.22516915,0.22211435,0.22271286,0.29131985,0.25915658
0.22435723,0.22846952,0.2326911,0.2883576,0.25146002
0.24871448,0.24585891,0.24630614,0.32501835,0.2740118
0.31826794,0.31890047,0.3094028,0.3178771,0.35677582
0.42625168,0.43699035,0.42887253,0.32505217,0.45503438
0.4879567,0.47618192,0.48706836,0.32502788,0.53811973
0.51772666,0.5003294,0.4995152,0.34016883,0.54429173
0.53883624,0.52588797,0.53111935,0.354842,0.53416556
0.55074424,0.5418941,0.5454457,0.36529922,0.54943705
0.55318,0.54347587,0.54981226,0.35416007,0.55049676
0.5374831,0.5357772,0.55116916,0.39083827,0.5315124
0.5301759,0.5229342,0.5302557,0.4084139,0.54715157
0.51447904,0.5097704,0.53379005,0.43747658,0.5059562
0.50960755,0.50045884,0.51689214,0.4549508,0.5018634
0.5301759,0.5307033,0.5417233,0.453703,0.52976495
0.5734777,0.5816935,0.5789105,0.4523775,0.6054107
0.5699594,0.58135986,0.5926015,0.4561844,0.61438626
0.535318,0.53461075,0.54670274,0.4222427,0.58170366
0.49661705,0.4897215,0.50513023,0.3997662,0.5414181
0.43193504,0.4440229,0.43425,0.39061612,0.480134
0.36292288,0.35457918,0.35128495,0.38196483,0.39286646
0.29418132,0.30073538,0.3028675,0.36451322,0.3302426
0.2465494,0.2492064,0.24984936,0.35032654,0.25866592
0.21948579,0.22493881,0.22279371,0.33199888,0.25683057
0.20866035,0.21178731,0.20933469,0.34985465,0.24795897
0.20351827,0.21494743,0.2125288,0.32211053,0.23966335
0.21786198,0.21993783,0.22373332,0.33683723,0.24666093
0.24844384,0.2515159,0.26977694,0.3329696,0.2920544
0.30284166,0.30729586,0.32177874,0.34802607,0.3389752
0.3623816,0.37012073,0.36787635,0.34894356,0.401816
0.40947226,0.42296568,0.41045773,0.34344938,0.4611433
0.42787552,0.43973777,0.44357497,0.38431257,0.482535
0.4265223,0.43201625,0.4379784,0.4378767,0.48920166
0.41542625,0.42154557,0.4203143,0.48707777,0.5144168
0.3932341,0.39187956,0.40022245,0.4928975,0.48508668
0.3772666,0.371993,0.37266374,0.48864412,0.47958195
0.3669824,0.36343008,0.36548203,0.49189276,0.4369266
0.37077132,0.36969152,0.3769693,0.48198414,0.45039678
0.39566982,0.40771362,0.41690373,0.47060156,0.5046129
0.46630582,0.46796632,0.4491613,0.44389457,0.5629387
0.5052774,0.4965653,0.5041874,0.43753988,0.5835094
0.47658998,0.4859225,0.49137646,0.4094271,0.5403955
0.44465494,0.44018242,0.43593892,0.38265815,0.5086922
0.38430312,0.39198905,0.39173865,0.35820356,0.43592644
0.31772667,0.30947292,0.30937597,0.32067603,0.39255705
0.26197565,0.26029065,0.25646853,0.2804258,0.30702564
0.2202977,0.22037381,0.22329693,0.2817448,0.2546421
0.2,0.20060411,0.19749586,0.29749504,0.22683342
0.19161029,0.18800724,0.19222209,0.26641124,0.20666118
0.19188093,0.19593415,0.19358344,0.28696495,0.21438684
0.20027064,0.20417467,0.20730166,0.31479114,0.21931876
0.22110961,0.22498855,0.23088725,0.30795938,0.2500745
0.26062247,0.26483706,0.2777953,0.344656,0.2833211
0.3142084,0.31993142,0.33011228,0.31324518,0.33992034
0.382138,0.37506506,0.360478,0.31569844,0.42243478
0.41515562,0.42147693,0.41649568,0.34439674,0.46373522
0.42056835,0.42274287,0.42190728,0.39003026,0.47182786
0.41975644,0.41882226,0.41526893,0.39675862,0.49019635
0.41082543,0.40910774,0.4116804,0.4124164,0.4722315
0.38998646,0.3947976,0.40304813,0.43740153,0.48737127
0.37861976,0.37194243,0.38094494,0.4498489,0.41815725
0.3805142,0.38267466,0.38801706,0.4512682,0.44843593
0.41786197,0.4205095,0.41975513,0.45788306,0.4955685
0.49364007,0.49620995,0.4903735,0.4515205,0.54335093
0.52990526,0.52276915,0.53244555,0.44308913,0.57000995
0.49445197,0.5051335,0.5038742,0.43714672,0.538533
0.4511502,0.44817185,0.44489104,0.42658442,0.49261928
0.38024357,0.3888883,0.39351684,0.39246505,0.4257096
0.3098782,0.30238524,0.30319846,0.369039,0.37686354
0.25764546,0.25040892,0.25110528,0.3270504,0.29694426
0.22625169,0.22017789,0.22135106,0.3047927,0.22401322
0.20920162,0.20971707,0.20819612,0.30005863,0.25199127
0.20460081,0.20208958,0.20187415,0.28327256,0.24603407
0.21028417,0.20916408,0.20984425,0.2994349,0.23865049
0.24032477,0.236372,0.2325348,0.34037644,0.26051992
0.3201624,0.31984684,0.29762378,0.29816443,0.3427844
0.43193504,0.44477466,0.42230514,0.3125645,0.44346863
0.4787551,0.48522428,0.50591105,0.2904779,0.52477145
0.4917456,0.48974535,0.49035108,0.29748142,0.53116
0.50094724,0.49028108,0.4976426,0.3325494,0.54821587
0.5074425,0.5021814,0.5023488,0.36471337,0.54377866
0.50284165,0.5027405,0.5037689,0.38590866,0.564505
0.49120432,0.48373446,0.49132124,0.41876525,0.5419334
0.48903924,0.480526,0.48024428,0.43386757,0.54349315
0.48768607,0.47686848,0.4940037,0.46916223,0.5201741
0.48416778,0.48367354,0.5006476,0.46699977,0.5151411
0.50933695,0.5117128,0.5137674,0.479797,0.54355466
0.5886333,0.58417404,0.5634866,0.47638416,0.6143897
0.62868744,0.62435293,0.61883634,0.45466834,0.64148223
0.5989175,0.60531676,0.5946988,0.4424302,0.60866606
0.5548038,0.54282236,0.5382043,0.43793797,0.55812925
0.48308524,0.4854128,0.47667813,0.39733738,0.4857471
0.402977,0.39379886,0.3998467,0.39433748,0.39924544
0.34397835,0.3329092,0.33935544,0.4026443,0.32757446
0.30554804,0.30539712,0.30996487,0.3887757,0.26049957
0.28849798,0.2863842,0.2888617,0.38544697,0.26910996
0.2811908,0.2806932,0.28730863,0.386611,0.2566106
0.2849797,0.28355163,0.29355788,0.39003575,0.25382036
0.31637347,0.31225303,0.31884098,0.42725843,0.27275807
0.3907984,0.39344403,0.3944167,0.42237276,0.35611233
0.49066305,0.5137292,0.49948263,0.43067342,0.4603231
0.53883624,0.528311,0.54003924,0.42332703,0.5399231
0.5458728,0.54629743,0.5491268,0.42593354,0.5472521
0.5480379,0.5401958,0.5526431,0.46470195,0.5511315
0.54695535,0.5514929,0.55013216,0.5041666,0.5527736
0.5407307,0.54057074,0.54020643,0.50348544,0.5588643
0.5307172,0.5246474,0.5334625,0.52096146,0.54600704
0.53152907,0.5225971,0.52624553,0.5255705,0.55179065
0.5301759,0.517999,0.53361356,0.5398805,0.521477
0.5274696,0.5291139,0.5354161,0.5391863,0.5183171
0.5496617,0.5577074,0.5608212,0.5485776,0.54873407
0.61326116,0.62514544,0.61356306,0.548995,0.6230729
0.6603518,0.6401249,0.6456975,0.5376296,0.64591867
0.62868744,0.6384175,0.64025354,0.52391845,0.61128074
0.58755076,0.56926745,0.5699713,0.5019027,0.55892885
0.5120433,0.5224805,0.52291644,0.48353297,0.48977995
0.43355885,0.4171801,0.43020397,0.45858026,0.40362108
0.37428957,0.3681502,0.3730045,0.42648554,0.33033025
0.33477673,0.33257893,0.34012297,0.4111187,0.26708698
0.30933693,0.31446406,0.3170428,0.40021205,0.2722686
0.30473614,0.3006104,0.301423,0.38462728,0.25948945
0.3098782,0.31440848,0.3173136,0.38054055,0.25521258
0.3377537,0.3410845,0.34155342,0.37524948,0.27348816
0.41867387,0.41085476,0.40282035,0.38492507,0.3574658
0.52530444,0.5477112,0.52769125,0.39204118,0.46411383
0.57483083,0.56333745,0.5836164,0.43193346,0.54046017
0.58917457,0.57886064,0.58151376,0.430579,0.5505968
0.58592695,0.58976114,0.5976429,0.46441513,0.55362743
0.58105546,0.5825595,0.5817149,0.49751365,0.5542867
0.5629229,0.5699392,0.57344747,0.52253646,0.56014913
0.54857916,0.53598,0.5488459,0.54992336,0.5484406
0.54343706,0.54063964,0.54092693,0.56425333,0.5520811
0.532341,0.52604026,0.54172194,0.57070416,0.5238655
0.5269283,0.5228994,0.531727,0.55769646,0.5205541
0.5496617,0.5542222,0.56114334,0.564569,0.5522305
0.620839,0.62934864,0.6124666,0.5536834,0.6266079
0.6641407,0.65418816,0.6617644,0.5384475,0.648381
0.63924223,0.64323294,0.6404419,0.514822,0.61314875
0.6027064,0.585951,0.59036475,0.49724478,0.5621955
0.5301759,0.5386137,0.540115,0.48150063,0.4907416
0.45304465,0.43967173,0.4502567,0.4633445,0.40646237
0.39377537,0.38778487,0.3922725,0.44155037,0.33067805
0.35101488,0.3538194,0.35825264,0.41849846,0.2705695
0.3309878,0.32713172,0.33035418,0.42075425,0.26847792
0.31935048,0.32495418,0.32804602,0.44010144,0.2551942
0.3242219,0.3236591,0.32794705,0.45183706,0.25362155
0.3556157,0.35484096,0.3552166,0.47644395,0.27614966
0.43572396,0.43175563,0.4226328,0.4540652,0.35701445
0.5428958,0.5640299,0.54327196,0.46294123,0.45702624
0.5870095,0.57860696,0.6040479,0.4635576,0.5453289
0.58836263,0.58993506,0.5882205,0.4725436,0.54791796
0.57943165,0.57910526,0.5883045,0.47568858,0.5459306
0.5772666,0.5738457,0.5730223,0.4992733,0.55363554
0.56725305,0.56489164,0.5699723,0.5194538,0.558545
0.5496617,0.54396534,0.5569947,0.54998225,0.5390047
0.5445196,0.53647375,0.53731006,0.5803087,0.553728
0.535318,0.52820116,0.5418487,0.5879289,0.5173384
0.53721243,0.5284343,0.536663,0.587917,0.51520133
0.5526387,0.56869125,0.5746226,0.58705413,0.53776133
0.6092016,0.6274502,0.60803986,0.57740784,0.6120081
0.64952636,0.642485,0.64902264,0.5614524,0.6309001
0.62516916,0.63462234,0.63516104,0.51344097,0.6045327
0.5921516,0.57430464,0.57846963,0.4835046,0.549495
0.5242219,0.52859604,0.53569853,0.47897643,0.49324685
0.45006767,0.435317,0.44894248,0.4526989,0.3986007
0.38971582,0.38421825,0.3911389,0.44110578,0.33364072
0.3504736,0.34755507,0.35274726,0.40584663,0.2607478
0.33504736,0.32586375,0.3320549,0.39039642,0.26538205
0.32746956,0.32606408,0.33424935,0.4004225,0.25915658
0.32963464,0.33128098,0.33974704,0.40351844,0.25146002
0.35751015,0.3558633,0.35967588,0.42295605,0.2740118
0.42516914,0.4276196,0.42199147,0.4340644,0.35677582
0.5277402,0.54072803,0.52002233,0.4530359,0.45503438
0.5805142,0.5658132,0.5914444,0.46143466,0.53811973
0.5886333,0.58718103,0.5884675,0.46548104,0.54429173
0.5834912,0.5835111,0.5896208,0.49756277,0.53416556
0.5797023,0.5769786,0.5795654,0.4743623,0.54943705
0.5664411,0.56561947,0.57189476,0.50404674,0.55049676
0.5428958,0.5403639,0.5522022,0.506264,0.5315124
0.5285521,0.5284249,0.525398,0.5419634,0.54715157
0.5155616,0.5040288,0.5198102,0.5551811,0.5059562
0.51285523,0.503076,0.5160947,0.5863955,0.5018634
0.53315294,0.53879327,0.5428268,0.59721726,0.52976495
0.5924222,0.60362804,0.5891625,0.5995619,0.6054107
0.6384303,0.6218666,0.63298285,0.5908991,0.61438626
0.6113667,0.6241293,0.6270096,0.547412,0.58170366
0.58294994,0.5607315,0.5625105,0.5218041,0.5414181
0.53315294,0.5303484,0.532722,0.50333667,0.480134
0.46630582,0.4557779,0.4702451,0.47278726,0.39286646
0.40649527,0.4030889,0.4102501,0.45114166,0.3302426
0.3661705,0.36366883,0.37028146,0.4334529,0.25866592
0.34181327,0.35341218,0.34843484,0.43726593,0.20813952
0.33504736,0.33599517,0.3350268,0.4343329,0.18410428
0.3345061,0.32964694,0.34589985,0.45126498,0.1847123
0.34641406,0.34950823,0.3602357,0.47232425,0.20661692
0.37943166,0.38533193,0.39040193,0.49270284,0.22451253
0.4232747,0.4386428,0.45168775,0.49632394,0.28899333
0.47631934,0.46849403,0.47601956,0.4958604,0.33270264
0.52151555,0.52147853,0.5178295,0.485492,0.40696603
0.5399188,0.5435158,0.54895085,0.5023867,0.43806243
0.54316646,0.53687775,0.54537696,0.50888604,0.46122146
0.5304465,0.5361799,0.536661,0.53628653,0.44232213
0.50635993,0.50795376,0.5127905,0.56964153,0.41854432
0.4828146,0.4863794,0.48635215,0.57016987,0.41614556
0.46414074,0.46429008,0.4680686,0.5697712,0.38078737
0.46955344,0.46027502,0.4617934,0.56798124,0.38184658
0.48768607,0.4923335,0.5073308,0.55848813,0.41148275
0.5391069,0.5395373,0.5405921,0.5468181,0.42956266
0.56725305,0.5880363,0.584645,0.5190948,0.47125727
0.53667116,0.56233335,0.5552486,0.4905663,0.47761673
0.5031123,0.48072287,0.502173,0.46626538,0.4508524
0.44465494,0.4623647,0.4664216,0.42612505,0.39413625
0.3772666,0.37279812,0.38110864,0.37823898,0.33801025
0.31610283,0.31758437,0.32113498,0.35383436,0.2519858
0.27415428,0.27244833,0.27446806,0.3239945,0.19545938
0.2503383,0.26160192,0.24804106,0.2993211,0.17618908
0.23815967,0.23644814,0.23695262,0.2663479,0.15165429
0.23247632,0.23325089,0.2348602,0.26882735,0.15971713
0.2376184,0.2402465,0.23947705,0.2839734,0.18159486
0.25981057,0.2688497,0.26082924,0.28835702,0.19823398
0.30500677,0.31427813,0.30879056,0.31174687,0.23271082
0.36833557,0.3633496,0.37487137,0.33783048,0.28142715
0.4359946,0.42790377,0.42577392,0.35461402,0.36200076
0.47117728,0.47789013,0.474919,0.3970228,0.42176613
0.47848445,0.47736758,0.48145127,0.42810625,0.43138802
0.47902572,0.47674727,0.47129002,0.43779576,0.4289829
0.46792963,0.46631533,0.46948785,0.43132192,0.4099334
0.45277402,0.4493982,0.45455295,0.42120802,0.40704328
0.4324763,0.43820027,0.4450185,0.4142949,0.3725934
0.4351827,0.4267953,0.43461153,0.40457335,0.3749506
0.473613,0.46226725,0.47424906,0.40390867,0.42208052
0.5445196,0.5292168,0.53399223,0.4020896,0.43313965
0.582138,0.5929209,0.577255,0.3986357,0.47856677
0.55507445,0.5712023,0.5581546,0.3869147,0.48326564
0.511502,0.49357834,0.5103849,0.37468076,0.4483441
0.44546685,0.45682392,0.45749837,0.36167485,0.39856523
0.37239513,0.36835572,0.37394908,0.34890014,0.3160035
0.32151556,0.3108087,0.31038666,0.34582728,0.24100398
0.2901218,0.28740913,0.2866122,0.3322838,0.17880452
0.27415428,0.27807847,0.2718189,0.3508628,0.1878104
0.2698241,0.27085316,0.26779392,0.35349977,0.18035217
0.28146145,0.27297577,0.2754687,0.3756835,0.18434146
0.31853858,0.305198,0.30812696,0.38814032,0.21229552
0.39729363,0.40298286,0.37878513,0.41840923,0.28967866
0.51258457,0.52063316,0.49747425,0.41587096,0.4234056
0.56075776,0.55610436,0.59716403,0.44434834,0.46368223
0.56887686,0.5621325,0.5682007,0.4610116,0.49428195
0.5648173,0.5637648,0.5713376,0.54477286,0.51275647
0.5686062,0.5555732,0.5590113,0.5202605,0.51075023
0.56400543,0.5624678,0.56540823,0.5258612,0.50896376
0.5510149,0.54133964,0.55334,0.5365076,0.5006312
0.53883624,0.53958046,0.53967166,0.5450798,0.48337477
0.52584577,0.5147605,0.5331673,0.5550815,0.4657389
0.5290934,0.51239204,0.528671,0.5564794,0.46429592
0.5491204,0.5460735,0.5685854,0.5714568,0.47022474
0.6165088,0.59282744,0.59832567,0.56944007,0.5085936
0.67334235,0.67165136,0.6527014,0.5701785,0.53316206
0.64790255,0.66693413,0.6552116,0.55375963,0.55159926
0.61001354,0.5784272,0.5862207,0.5251115,0.50957966
0.5404601,0.5439266,0.54241085,0.5117515,0.43641365
0.4549391,0.44987512,0.46218655,0.47421145,0.3466856
0.39756426,0.38410807,0.3909365,0.44940007,0.26246616
0.36211097,0.3630889,0.36704293,0.4319247,0.21490361
0.34397835,0.34973457,0.34865916,0.3933921,0.20282365
0.33640054,0.34608614,0.34347323,0.42689818,0.18717419
0.34479025,0.3361754,0.35122538,0.43377018,0.19811364
0.37753722,0.3680091,0.38254276,0.44152057,0.22574796
0.46197563,0.4575015,0.44727978,0.438735,0.30097955
0.5713126,0.58947694,0.5742393,0.47807044,0.4403212
0.6105548,0.6046641,0.6241039,0.4533338,0.48028564
0.608931,0.6050079,0.60689056,0.511481,0.5042015
0.588092,0.60181135,0.6107129,0.5710843,0.5147242
0.58105546,0.5733305,0.57587045,0.576225,0.5164932
0.5548038,0.57323873,0.57205856,0.55673987,0.5089542
0.5396482,0.52388847,0.53223675,0.5612643,0.5003007
0.52638704,0.534167,0.5281321,0.5755925,0.48965156
0.51231396,0.5044215,0.5172912,0.58095133,0.4673677
0.51637346,0.5039334,0.50982016,0.5813317,0.4660405
0.54397833,0.53900087,0.55749756,0.57183844,0.47274685
0.60784847,0.59403396,0.61138624,0.55257183,0.51437026
0.64627874,0.6604204,0.6517978,0.53727615,0.5322859
0.61867386,0.6374506,0.6277752,0.5124767,0.553297
0.5745602,0.5515148,0.5723415,0.47930163,0.51209235
0.5001353,0.51109403,0.5122699,0.45385242,0.44203356
0.4067659,0.4088389,0.4232174,0.41540074,0.35371345
0.3548038,0.33387852,0.338996,0.37978908,0.27099773
0.31474966,0.32174164,0.3243128,0.353409,0.2240914
0.29634643,0.30043706,0.2923612,0.3236356,0.2055604
0.28552097,0.29391408,0.28963858,0.30761746,0.18880245
0.2901218,0.2855732,0.29340488,0.3014199,0.198268
0.3242219,0.31292585,0.3176855,0.31469136,0.22561349
0.40487143,0.40673202,0.39555702,0.32662022,0.30109775
0.52286875,0.53099823,0.51079583,0.3396982,0.44255167
0.57428956,0.56110656,0.58091456,0.37920868,0.48028034
0.58105546,0.56839323,0.5716239,0.40692317,0.50711393
0.58078486,0.5769478,0.57920814,0.4527191,0.5168204
0.5786198,0.5734769,0.57761264,0.45479548,0.51815945
0.5721245,0.57129407,0.5677258,0.4469056,0.5097518
0.55913395,0.55005497,0.56318647,0.44218677,0.5017467
0.5534506,0.5498506,0.5494273,0.44867516,0.49123454
0.5393775,0.53344727,0.5518601,0.4774773,0.4694444
0.5336942,0.52756083,0.5400015,0.5043227,0.46800244
0.55318,0.54945016,0.5629626,0.5165564,0.47527146
0.61515564,0.59677446,0.60287195,0.52320904,0.51664
0.6554804,0.66435903,0.64747846,0.5193473,0.5337293
0.63897157,0.6492082,0.6340469,0.48199493,0.55495787
0.6027064,0.57793194,0.5893276,0.4618004,0.5141889
0.5358593,0.54014564,0.5342772,0.43936592,0.44318902
0.44573748,0.44506046,0.45683306,0.41386127,0.35615247
0.38755074,0.37478235,0.3788678,0.40446848,0.27188683
0.35426253,0.35532746,0.35523888,0.38602734,0.22680669
0.34181327,0.3415911,0.34117618,0.36214167,0.20265616
0.34235454,0.34265116,0.34406033,0.38097784,0.18908979
0.34857917,0.34450197,0.36258093,0.36788684,0.20431419
0.38078484,0.37263423,0.38609567,0.3905195,0.23264019
0.46738836,0.46387964,0.45420322,0.39166346,0.30746523
0.58105546,0.5969518,0.57968795,0.40177917,0.4438117
0.6189445,0.61045504,0.6352823,0.4505126,0.4854678
0.60784847,0.6099695,0.6129842,0.47738677,0.5007649
0.5905277,0.59490764,0.6031004,0.5755031,0.5092572
0.57239515,0.5785198,0.5819184,0.56693125,0.5113472
0.55399185,0.554314,0.555885,0.5559464,0.5080654
0.5290934,0.523837,0.5377859,0.5617862,0.4979564
0.51231396,0.51594675,0.5104525,0.5712878,0.4897548
0.49824086,0.48978946,0.49866286,0.5768596,0.46258062
0.4925575,0.49034438,0.49714023,0.57880205,0.45855987
0.5133965,0.50862116,0.52705383,0.56703526,0.4691214
0.57239515,0.56028414,0.5796894,0.548468,0.5050436
0.63274693,0.6350392,0.61764526,0.52038866,0.52216136
0.6194858,0.6433911,0.63112104,0.48806208,0.54283285
0.5867388,0.557595,0.56892866,0.45616668,0.503251
0.5223275,0.5240109,0.5265744,0.42749757,0.4481591
0.4392422,0.4336547,0.4498101,0.4163134,0.34472743
0.37997293,0.3679836,0.3784401,0.4149709,0.2753252
0.34506088,0.34505895,0.34736133,0.40008408,0.22632174
0.33152908,0.32869247,0.32945,0.399118,0.213185
0.32638702,0.3260418,0.33122033,0.36972344,0.18749924
0.3301759,0.3213967,0.33955362,0.33724096,0.20133244
0.35805142,0.34775546,0.35837105,0.39553547,0.22891925
0.44411367,0.43051428,0.42100304,0.39465785,0.3098763
0.5577808,0.56851745,0.55396557,0.39857736,0.4395662
0.5991881,0.58844405,0.60632324,0.4380073,0.47327542
0.5921516,0.58573866,0.5889282,0.4683395,0.50061285
0.57266575,0.57844484,0.58543235,0.48025227,0.49215162
0.55886334,0.5520366,0.5578238,0.4506685,0.5119555
0.5410014,0.53897005,0.5423777,0.49068433,0.49605423
0.51231396,0.5065838,0.5207284,0.52176356,0.4836806
0.49580514,0.4953768,0.48961955,0.5269608,0.49238122
0.47307172,0.4717848,0.48707435,0.53009963,0.4439979
0.46711773,0.4577601,0.463567,0.53579265,0.4417324
0.48768607,0.48056826,0.49397284,0.5293508,0.45821023
0.5396482,0.526688,0.54829395,0.50977945,0.48933768
0.5894452,0.5894495,0.58714086,0.48665243,0.5057606
0.573207,0.59355175,0.58845925,0.4423625,0.52796876
0.5420839,0.51384807,0.5305376,0.38827282,0.48208296
0.48092017,0.48823467,0.48987076,0.3537398,0.43541792
0.4051421,0.39480546,0.41272935,0.32874972,0.33005685
0.33640054,0.33426476,0.34805354,0.31299835,0.27400845
0.2976996,0.29533896,0.29577845,0.30231434,0.21981062
0.26820028,0.28602016,0.27750885,0.2953856,0.20813952
0.25953993,0.2557608,0.2545793,0.27509516,0.18410428
0.2638701,0.2531709,0.26598704,0.24849227,0.1847123
0.2744249,0.2801926,0.28944075,0.28021708,0.20661692
0.31150204,0.308548,0.32073018,0.29379785,0.22451253
0.3526387,0.37373003,0.399257,0.32363224,0.28899333
0.405954,0.39942175,0.39818683,0.3417505,0.33270264
0.45358592,0.45172873,0.4479035,0.34497967,0.40696603
0.47821382,0.47982457,0.47938782,0.39204347,0.43806243
0.47198918,0.4768555,0.48598075,0.43724328,0.46122146
0.44844383,0.4601697,0.45594883,0.43692464,0.44232213
0.41867387,0.42210016,0.42110014,0.47477472,0.41854432
0.40568337,0.39468643,0.39301348,0.5235532,0.41614556
0.39106902,0.39428926,0.39730573,0.5276502,0.38078737
0.39188093,0.38749018,0.38920707,0.5319644,0.38184658
0.41677943,0.4145907,0.42261094,0.52125454,0.41148275
0.47415426,0.46868175,0.47431922,0.5051748,0.42956266
0.5171854,0.52372134,0.5209267,0.48189622,0.47125727
0.49580514,0.52083844,0.51050705,0.4451964,0.47761673
0.4638701,0.4433928,0.45665538,0.39265907,0.4508524
0.40866035,0.41940945,0.41822854,0.35490513,0.39413625
0.3369418,0.33860007,0.34312382,0.32711935,0.33801025
0.28281462,0.27669427,0.27689403,0.3077041,0.2519858
0.24871448,0.24427,0.24884683,0.31464386,0.19545938
0.24208389,0.23922476,0.23002473,0.29826042,0.17618908
0.23545332,0.234498,0.24381265,0.34262693,0.15165429
0.23031123,0.23073873,0.24121709,0.29040745,0.15971713
0.23788904,0.23890176,0.24207872,0.30552012,0.18159486
0.255751,0.26995525,0.2696716,0.31986248,0.19823398
0.29228687,0.3023741,0.3046869,0.3246919,0.23271082
0.33748308,0.3457949,0.35654777,0.34081936,0.28142715
0.388092,0.39085802,0.37982607,0.33658957,0.36200076
0.42381597,0.42263553,0.4162228,0.36336523,0.42176613
0.44221923,0.43328434,0.4326093,0.38761824,0.43138802
0.4519621,0.4456755,0.44050035,0.3817603,0.4289829
0.44167796,0.443413,0.4486788,0.4119956,0.4099334
0.42516914,0.42592052,0.4308282,0.43949246,0.40704328
0.40730718,0.40950745,0.41633123,0.47854322,0.3725934
0.40351826,0.40270296,0.4110267,0.51206815,0.3749506
0.41759133,0.4264966,0.44015473,0.52812517,0.42208052
0.45845738,0.46509668,0.4696708,0.5346113,0.43313965
0.5150203,0.50421727,0.4941442,0.5390799,0.47856677
0.5529093,0.52825683,0.51704407,0.53322977,0.48326564
0.5255751,0.5154227,0.5289696,0.5015687,0.4483441
0.4571042,0.46309558,0.45783865,0.4726956,0.39856523
0.3772666,0.36985594,0.38254225,0.44815552,0.3160035
0.3082544,0.30698934,0.3165979,0.42464054,0.24100398
0.2730717,0.26513365,0.26771477,0.43862092,0.17880452
0.25845736,0.25667801,0.25803757,0.41184568,0.1878104
0.25087956,0.24967703,0.2517051,0.42865717,0.18035217
0.25169146,0.24642864,0.24986883,0.42043936,0.18434146
0.28146145,0.26583102,0.26552776,0.41100913,0.21229552
0.35453317,0.35635912,0.32943755,0.4047832,0.28967866
0.48470905,0.47449833,0.4477659,0.39111477,0.4234056
0.54560214,0.53453207,0.58742833,0.40799272,0.46368223
0.5496617,0.5450268,0.5499502,0.4015872,0.49428195
0.55399185,0.54185414,0.5514679,0.41308886,0.51275647
0.5542625,0.5482689,0.55903286,0.4228229,0.51075023
0.5396482,0.54445595,0.5494908,0.4415018,0.50896376
0.51935047,0.5145342,0.5191556,0.45317972,0.5006312
0.5104195,0.5035821,0.498939,0.47283453,0.48337477
0.49039242,0.49025235,0.50727826,0.49992555,0.4657389
0.4828146,0.4717436,0.4822635,0.51469815,0.46429592
0.49201623,0.49361518,0.4955743,0.5180553,0.47022474
0.5261164,0.5267806,0.53308314,0.5207639,0.5085936
0.5667118,0.57368875,0.57474256,0.5192991,0.53316206
0.58917457,0.58058554,0.58533955,0.5105385,0.55159926
0.5556157,0.5475825,0.5645313,0.47965127,0.50957966
0.47740188,0.48031327,0.48460028,0.45598137,0.43641365
0.38782138,0.37949482,0.39137796,0.42022842,0.3466856
0.31447902,0.31029606,0.31877586,0.3947109,0.26246616
0.26657647,0.27065477,0.27243608,0.39400953,0.21490361
0.24627875,0.24686822,0.24204288,0.39005795,0.20282365
0.23410013,0.23879734,0.23681521,0.37916225,0.18717419
0.23599459,0.23375884,0.23712914,0.39768124,0.19811364
0.26116374,0.25448504,0.26119217,0.38117197,0.22574796
0.33044654,0.33559075,0.31964225,0.38278705,0.30097955
0.45385656,0.4531215,0.4448698,0.39442217,0.4403212
0.5120433,0.5037193,0.53067404,0.3726175,0.48028564
0.50960755,0.51206255,0.50938374,0.38948035,0.5042015
0.51096076,0.50340974,0.51258695,0.39923295,0.5147242
0.50798374,0.5070939,0.5159766,0.41686612,0.5164932
0.49526387,0.4978164,0.49834538,0.4166296,0.5089542
0.47740188,0.4767871,0.47852355,0.44672978,0.5003007
0.47117728,0.46431917,0.4618929,0.4837737,0.48965156
0.4562923,0.45335266,0.4643163,0.4763372,0.4673677
0.45006767,0.44574532,0.44660842,0.4589851,0.4660405
0.455751,0.4626903,0.46670818,0.44729543,0.47274685
0.47198918,0.48507223,0.4949493,0.45153964,0.51437026
0.5074425,0.50501806,0.5082654,0.44987613,0.5322859
0.5464141,0.5303753,0.5298482,0.43095022,0.553297
0.5150203,0.51494205,0.5280443,0.3891217,0.51209235
0.4473613,0.4438891,0.43750808,0.36165106,0.44203356
0.35832205,0.3532275,0.36537322,0.31532928,0.35371345
0.28985116,0.28099406,0.28654847,0.27244288,0.27099773
0.25142083,0.2469599,0.2488199,0.27897552,0.2240914
0.23437077,0.23928913,0.23383294,0.31002522,0.2055604
0.22435723,0.22759157,0.22946422,0.33744037,0.18880245
0.22652233,0.226998,0.23017715,0.30179167,0.198268
0.25304466,0.24767482,0.25198913,0.31872255,0.22561349
0.32368064,0.32941017,0.3119586,0.3276459,0.30109775
0.4541272,0.44942197,0.4311134,0.31963497,0.44255167
0.51610285,0.5071093,0.5307104,0.32258412,0.48028034
0.52665764,0.5102179,0.5113231,0.31014574,0.50711393
0.52963465,0.5225163,0.5331654,0.31456447,0.5168204
0.5391069,0.5233855,0.5302905,0.31138277,0.51815945
0.5461434,0.5364955,0.54015636,0.3265273,0.5097518
0.5374831,0.53183407,0.54482275,0.3618434,0.5017467
0.53477675,0.52390075,0.528312,0.41007257,0.49123454
0.52665764,0.5115952,0.5336068,0.4435982,0.4694444
0.5277402,0.51228786,0.5240631,0.44956738,0.46800244
0.5526387,0.5403054,0.54021716,0.458803,0.47527146
0.5826793,0.58508635,0.58358204,0.4762678,0.51664
0.59972936,0.6108494,0.6038246,0.48361462,0.5337293
0.58836263,0.59434307,0.598964,0.47348845,0.55495787
0.54722595,0.53300273,0.5413801,0.45558596,0.5141889
0.4714479,0.48029914,0.47004735,0.4298377,0.44318902
0.3805142,0.38054332,0.3827253,0.4057734,0.35615247
0.32124493,0.3078874,0.3088808,0.37459606,0.27188683
0.28037888,0.28659457,0.28706002,0.35028356,0.22680669
0.25981057,0.2655102,0.26032922,0.3196983,0.20265616
0.25466847,0.25364497,0.2533785,0.31477594,0.18908979
0.25953993,0.26064292,0.26705477,0.30656326,0.20431419
0.28741542,0.28456795,0.29485744,0.29891387,0.23264019
0.35453317,0.36636984,0.36602783,0.3219436,0.30746523
0.4495264,0.48058638,0.46323383,0.33331022,0.4438117
0.51772666,0.49296138,0.50386786,0.3736914,0.4854678
0.561299,0.53359675,0.5440774,0.39889053,0.5007649
0.58755076,0.57881373,0.586457,0.41056633,0.5092572
0.6043302,0.59503603,0.60249364,0.43367147,0.5113472
0.6124492,0.6042085,0.6115063,0.45074958,0.5080654
0.6037889,0.59642494,0.61431754,0.47685003,0.4979564
0.58755076,0.5892658,0.59580874,0.49787605,0.4897548
0.56752366,0.55812895,0.57441306,0.5054524,0.46258062
0.5556157,0.54826784,0.5626095,0.52232635,0.45855987
0.5661705,0.5626489,0.57524264,0.5211947,0.4691214
0.58592695,0.59858567,0.5947335,0.5372028,0.5050436
0.6143437,0.6213793,0.5953882,0.5305814,0.52216136
0.64086604,0.62300146,0.6139989,0.5355062,0.54283285
0.6127199,0.6012588,0.6139742,0.53924125,0.503251
0.5391069,0.54133284,0.5318759,0.5408651,0.4481591
0.45060894,0.44381174,0.44729722,0.54651964,0.34472743
0.3813261,0.37821385,0.3785463,0.5138723,0.2753252
0.34939107,0.34279326,0.33817983,0.49577016,0.22632174
0.3225981,0.33824208,0.3361653,0.46118337,0.213185
0.31637347,0.31444046,0.31417418,0.44463146,0.18749924
0.31447902,0.31810656,0.3261248,0.42458898,0.20133244
0.33748308,0.3383309,0.33889553,0.41377163,0.22891925
0.4105548,0.41093466,0.39308214,0.41338032,0.3098763
0.5326116,0.5374862,0.5147831,0.40105206,0.4395662
0.5818674,0.5822759,0.63430613,0.4383949,0.47327542
0.582138,0.5842462,0.5874598,0.43320662,0.50061285
0.5805142,0.5808001,0.59060824,0.45334214,0.49215162
0.5753721,0.5733242,0.5907758,0.5697861,0.5119555
0.5545331,0.5592042,0.5725017,0.57633185,0.49605423
0.5326116,0.51570094,0.53409076,0.58476233,0.4836806
0.51989174,0.5169233,0.51225024,0.57246834,0.49238122
0.5023004,0.49261537,0.50713444,0.56542045,0.4439979
0.4909337,0.4828994,0.4907238,0.5793085,0.4417324
0.49445197,0.49739704,0.5062343,0.5199863,0.45821023
0.50933695,0.5224272,0.5355415,0.52281237,0.48933768
0.5301759,0.54401606,0.5507909,0.5001249,0.5057606
0.5596752,0.54664004,0.5532599,0.47616822,0.52796876
0.53477675,0.5303467,0.5493871,0.4427842,0.48208296
0.48092017,0.47409472,0.4693239,0.41882944,0.43541792
0.40351826,0.3929508,0.41207668,0.39591068,0.33005685
0.32963464,0.32594305,0.34091204,0.3668822,0.27400845
0.2798376,0.2825987,0.28480613,0.34538203,0.21981062
0.2541272,0.26228887,0.25152248,0.3125518,0.20813952
0.23951286,0.24091029,0.24107946,0.29776013,0.18410428
0.23058186,0.22737321,0.23851748,0.2700477,0.1847123
0.24032477,0.24045077,0.24259311,0.24445876,0.20661692
0.26332882,0.27435502,0.27558684,0.24080883,0.22451253
0.3150203,0.32137555,0.32659674,0.26760107,0.28899333
0.37483084,0.3753837,0.38267738,0.28093436,0.33270264
0.4324763,0.4240981,0.42259824,0.30694425,0.40696603
0.4625169,0.46501368,0.47155508,0.3368166,0.43806243
0.46576455,0.4648202,0.47407877,0.3579707,0.46122146
0.45764548,0.45965025,0.46017137,0.38237965,0.44232213
0.43464142,0.4410769,0.4472046,0.38688093,0.41854432
0.40703654,0.410013,0.4147535,0.4323842,0.41614556
0.39350474,0.38644677,0.38581938,0.39376634,0.38078737
0.39215156,0.38885722,0.39057243,0.43992883,0.38184658
0.40189445,0.41182953,0.40667772,0.38132876,0.41148275
0.4173207,0.44228223,0.43062815,0.38971603,0.42956266
0.4443843,0.4532091,0.44623846,0.38072425,0.47125727
0.47171855,0.46598554,0.46804792,0.35985097,0.47761673
0.45277402,0.45025125,0.46252915,0.33218092,0.4508524
0.40216509,0.40605012,0.40529782,0.31999582,0.39413625
0.3377537,0.33039263,0.33909863,0.31155133,0.33801025
0.27794316,0.27515873,0.2784296,0.3330691,0.2519858
0.24194857,0.23319116,0.23665531,0.30183977,0.19545938
0.22138025,0.22838566,0.22285382,0.30582288,0.17618908
0.21299052,0.21045172,0.21264035,0.27665508,0.15165429
0.21190798,0.20812911,0.21451315,0.27057874,0.15971713
0.21867388,0.22243646,0.22519019,0.2671901,0.18159486
0.24005413,0.24909198,0.24429561,0.27569103,0.19823398
0.28741542,0.28878137,0.28653583,0.2806239,0.23271082
0.34397835,0.34837592,0.35814366,0.284783,0.28142715
0.41109607,0.40011755,0.39497888,0.29142678,0.36200076
0.45656294,0.45065072,0.44855028,0.3327523,0.42176613
0.46738836,0.4677931,0.4694297,0.37592417,0.43138802
0.46738836,0.46498576,0.46175274,0.4156732,0.4289829
0.4608931,0.4528333,0.45780674,0.4373976,0.4099334
0.4414073,0.44555345,0.45037535,0.4611308,0.40704328
0.4248985,0.4209833,0.42880058,0.4760161,0.3725934
0.42138025,0.41963026,0.42348325,0.49674255,0.3749506
0.43815967,0.4440425,0.4373415,0.49634212,0.42208052
0.47090665,0.4888316,0.47161683,0.5095022,0.43313965
0.51096076,0.51522005,0.5033494,0.5357884,0.47856677
0.56346416,0.52721745,0.52299476,0.5327058,0.48326564
0.5426252,0.5403961,0.5496191,0.5171826,0.4483441
0.47388363,0.48333588,0.47077233,0.5110261,0.39856523
0.39512855,0.38894954,0.3935299,0.4975111,0.3160035
0.33585927,0.32761142,0.32749325,0.49043524,0.24100398
0.30500677,0.2978018,0.29666132,0.46737128,0.17880452
0.29201624,0.29224926,0.28940368,0.4611624,0.1878104
0.2909337,0.28838524,0.28907856,0.4557113,0.18035217
0.2976996,0.28965348,0.29963323,0.4427151,0.18434146
0.32449254,0.31630558,0.32024306,0.43910748,0.21229552
0.40433016,0.40181854,0.3754598,0.45290512,0.28967866
0.5361299,0.5258984,0.51132965,0.4665783,0.4234056
0.5905277,0.5815255,0.635617,0.46834922,0.46368223
0.5972936,0.58601165,0.5886615,0.47641385,0.49428195
0.5935047,0.5908829,0.5993562,0.49298924,0.51275647
0.582138,0.5827358,0.5882546,0.5304425,0.51075023
0.56265223,0.5667268,0.56938267,0.54255205,0.50896376
0.5410014,0.53257143,0.54055995,0.5367466,0.5006312
0.52584577,0.52647465,0.51967996,0.5369432,0.48337477
0.50284165,0.50162184,0.517597,0.5583958,0.4657389
0.4895805,0.484309,0.4916908,0.5759127,0.46429592
0.49661705,0.49983153,0.49560967,0.5885451,0.47022474
0.52124494,0.5393097,0.53337187,0.5902219,0.5085936
0.55074424,0.5736407,0.56643873,0.5787312,0.53316206
0.5953992,0.57888246,0.5804057,0.57267886,0.55159926
0.57916105,0.5739347,0.5858335,0.5354262,0.50957966
0.5047361,0.51366454,0.5131077,0.5081257,0.43641365
0.41705006,0.41202626,0.42342263,0.48713,0.3466856
0.3594046,0.3459433,0.35337383,0.4380939,0.26246616
0.32665765,0.32421306,0.32815227,0.41963154,0.21490361
0.3142084,0.31396213,0.3122442,0.39417446,0.20282365
0.30960757,0.31458068,0.31364352,0.3705145,0.18717419
0.31231394,0.30775806,0.32260156,0.38262576,0.19811364
0.3404601,0.32871068,0.3408294,0.39823407,0.22574796
0.42002708,0.41567805,0.40064967,0.41526574,0.30097955
0.5542625,0.5436128,0.5305785,0.43172568,0.4403212
0.59431666,0.5963328,0.6299728,0.45234662,0.48028564
0.58322054,0.5782679,0.5713473,0.4579627,0.5042015
0.56400543,0.5676152,0.58172584,0.5057358,0.5147242
0.55074424,0.54548746,0.5549732,0.47595805,0.5164932
0.53342354,0.5340256,0.5363031,0.4460078,0.5089542
0.5136671,0.50723946,0.51248556,0.4773425,0.5003007
0.4955345,0.50116014,0.49351388,0.49726933,0.48965156
0.47334236,0.47084156,0.47792342,0.5228533,0.4673677
0.46062246,0.46089092,0.45698532,0.53249913,0.4660405
0.4638701,0.47461337,0.46623603,0.53898114,0.47274685
0.4895805,0.50493896,0.49551234,0.54107416,0.51437026
0.52449256,0.5363888,0.53501326,0.5279668,0.5322859
0.57699597,0.555721,0.5506229,0.50554776,0.553297
0.5583221,0.5583091,0.5680539,0.4579841,0.51209235
0.48227334,0.49269745,0.48795015,0.41313732,0.44203356
0.39431664,0.38712737,0.4019053,0.39838043,0.35371345
0.32286873,0.3201369,0.332808,0.34914494,0.27099773
0.28470907,0.2816793,0.28251043,0.33448654,0.2240914
0.27469555,0.27350858,0.2645516,0.31144077,0.2055604
0.27009472,0.27479503,0.27265456,0.29054344,0.18880245
0.27469555,0.2703284,0.2808592,0.2890926,0.198268
0.30257103,0.2954248,0.3012669,0.30553448,0.22561349
0.3797023,0.3798537,0.36487436,0.34051836,0.30109775
0.5074425,0.50410414,0.492077,0.34475613,0.44255167
0.556157,0.5498486,0.56710875,0.35513538,0.48028034
0.5423545,0.5424285,0.54160166,0.39710012,0.50711393
0.5242219,0.5238665,0.5353968,0.4425419,0.5168204
0.5207037,0.5063375,0.51798934,0.43221992,0.51815945
0.51772666,0.5100446,0.5148985,0.4210875,0.5097518
0.50933695,0.49657854,0.5064035,0.45293397,0.5017467
0.50121784,0.49964353,0.49618566,0.46543914,0.49123454
0.49039242,0.47883222,0.49201587,0.47300673,0.4694444
0.49147496,0.47832242,0.48396325,0.47681373,0.46800244
0.5101488,0.50667775,0.5054299,0.48181814,0.47527146
0.5339648,0.54358035,0.54542625,0.47954196,0.51664
0.56373477,0.56932026,0.56543046,0.48369497,0.5337293
0.5786198,0.5738528,0.58004457,0.469459,0.55495787
0.5464141,0.5358913,0.5424936,0.43820035,0.5141889
0.47225982,0.47422406,0.4720971,0.39563426,0.44318902
0.37943166,0.37475917,0.39078408,0.37262088,0.35615247
0.3098782,0.30230406,0.3114878,0.33913988,0.27188683
0.26359946,0.2698035,0.27295372,0.31623358,0.22680669
0.24573748,0.2451249,0.24218453,0.2923569,0.20265616
0.2376184,0.2383613,0.23983084,0.27727652,0.18908979
0.23870094,0.23801783,0.2455411,0.27748638,0.20431419
0.26035184,0.25582194,0.26495224,0.2784921,0.23264019
0.32882273,0.3324596,0.3304268,0.2962113,0.30746523
0.45439783,0.4535499,0.44107944,0.32302243,0.4438117
0.5139378,0.50336707,0.5161937,0.35347736,0.4854678
0.53342354,0.5118917,0.51344657,0.3738677,0.5007649
0.5391069,0.53630173,0.5452776,0.40223432,0.5092572
0.54018945,0.5337523,0.5424311,0.41035593,0.5113472
0.5339648,0.53181237,0.53673273,0.3757438,0.5080654
0.5155616,0.51631075,0.52519697,0.38431418,0.4979564
0.50257105,0.49973568,0.5006847,0.40958452,0.4897548
0.48741543,0.47882345,0.49417922,0.47792375,0.46258062
0.47550744,0.47280696,0.4829347,0.48555493,0.45855987
0.48064953,0.481674,0.48770052,0.47318172,0.4691214
0.4939107,0.50340354,0.51208746,0.45855224,0.5050436
0.5158322,0.5284603,0.519663,0.46345484,0.52216136
0.55236804,0.5357364,0.5318561,0.43714255,0.54283285
0.529364,0.5221009,0.54056495,0.41690832,0.503251
0.4579161,0.46006927,0.45708197,0.4000188,0.4481591
0.36508796,0.36293834,0.37193233,0.38119933,0.34472743
0.2955345,0.28705338,0.29271758,0.36379194,0.2753252
0.2533153,0.2527189,0.2546954,0.34883958,0.22632174
0.23734777,0.23605734,0.23343517,0.34033513,0.213185
0.22571042,0.22775373,0.23226228,0.34206378,0.18749924
0.22543979,0.22587791,0.22854711,0.33645517,0.20133244
0.2503383,0.24539116,0.24758856,0.32701188,0.22891925
0.32205683,0.32325292,0.30653268,0.33697864,0.3098763
0.44600812,0.4486516,0.4306615,0.32304794,0.4395662
0.4985115,0.49964902,0.5299309,0.32013622,0.47327542
0.50798374,0.49513426,0.49719962,0.32370228,0.50061285
0.5101488,0.5076909,0.5184961,0.33441725,0.49215162
0.5142084,0.50365853,0.5140933,0.35182416,0.5119555
0.5033829,0.50388587,0.5143257,0.34016842,0.49605423
0.48064953,0.47550258,0.4890992,0.3600204,0.4836806
0.4692828,0.46160534,0.46132606,0.37535834,0.49238122
0.45250338,0.44459602,0.46211258,0.41189456,0.4439979
0.44600812,0.4360055,0.4422114,0.43767226,0.4417324
0.44546685,0.45450923,0.456041,0.45763195,0.45821023
0.4541272,0.46502748,0.46605387,0.4572041,0.48933768
0.4700947,0.48375311,0.48506993,0.4628923,0.5057606
0.5101488,0.49521682,0.49529377,0.44483596,0.52796876
0.49878213,0.48998097,0.50213706,0.41944498,0.48208296
0.44546685,0.44669402,0.4315783,0.39515483,0.43541792
0.37645468,0.36486706,0.36873806,0.35368425,0.33005685
0.3082544,0.30606684,0.31637967,0.318048,0.27400845
0.26062247,0.2662107,0.2671403,0.2861355,0.21981062
0.24194857,0.24339443,0.23914579,0.29070163,0.20813952
0.23112313,0.23602936,0.23741485,0.28575772,0.18410428
0.22868742,0.226666,0.2365291,0.33538476,0.1847123
0.23653586,0.2438179,0.2507407,0.3222136,0.20661692
0.26820028,0.2682308,0.27612627,0.3180284,0.22451253
0.31853858,0.32882956,0.3418901,0.32290226,0.28899333
0.3840325,0.3769671,0.37714955,0.3975642,0.33270264
0.4481732,0.4351729,0.4337818,0.4060703,0.40696603
0.4849797,0.47851214,0.4846321,0.42166728,0.43806243
0.49797022,0.4865767,0.49917656,0.44714868,0.46122146
0.49336943,0.49211583,0.49795106,0.45528978,0.44232213
0.47902572,0.47598162,0.48250645,0.45413226,0.41854432
0.46441138,0.45623305,0.46555766,0.47838414,0.41614556
0.4405954,0.4436724,0.45319912,0.48884153,0.38078737
0.4270636,0.42598888,0.42588633,0.4792874,0.38184658
0.42625168,0.43716392,0.42846775,0.5034845,0.41148275
0.4351827,0.46140495,0.4411004,0.5102177,0.42956266
0.4473613,0.46758717,0.45527974,0.5010007,0.47125727
0.48173207,0.46660486,0.4630713,0.4936514,0.47761673
0.4638701,0.4642244,0.48220572,0.47460318,0.4508524
0.4135318,0.41771683,0.40895188,0.45692563,0.39413625
0.34614342,0.34204736,0.35095483,0.40889823,0.33801025
0.28687415,0.2830685,0.28527674,0.37459332,0.2519858
0.24303113,0.24315813,0.24681088,0.34034163,0.19545938
0.2202977,0.22855479,0.22008708,0.3073374,0.17618908
0.20703654,0.20945555,0.21037929,0.3292715,0.15165429
0.20757781,0.20127085,0.20486103,0.30112416,0.15971713
0.2135318,0.21928644,0.22096963,0.32585424,0.18159486
0.2368065,0.24560386,0.2397141,0.32801092,0.19823398
0.28010824,0.29049975,0.28584057,0.35445714,0.23271082
0.3345061,0.34073505,0.35143417,0.34775615,0.28142715
0.39891747,0.39189795,0.39264226,0.35242188,0.36200076
0.43788904,0.440428,0.44170868,0.3346092,0.42176613
0.44384304,0.44682428,0.45372832,0.3697454,0.43138802
0.4392422,0.44005796,0.44086578,0.3434245,0.4289829
0.42760488,0.42376634,0.43093127,0.3372202,0.4099334
0.41109607,0.41011682,0.41369942,0.3848434,0.40704328
0.3924222,0.39348134,0.39535037,0.39409631,0.3725934
0.39296347,0.38635808,0.38267863,0.39352277,0.3749506
0.40838972,0.41788313,0.4096865,0.4227264,0.42208052
0.44709066,0.45683125,0.43706915,0.44515198,0.43313965
0.48254398,0.4933742,0.48477775,0.43903816,0.47856677
0.538295,0.5002377,0.49546027,0.42405248,0.48326564
0.5269283,0.51950616,0.53007305,0.3940686,0.4483441
0.4533153,0.46990404,0.45893788,0.3701926,0.39856523
0.37564275,0.36507696,0.36667377,0.34919757,0.3160035
0.3209743,0.3078837,0.3085177,0.3449291,0.24100398
0.28308526,0.28304902,0.28270993,0.3377816,0.17880452
0.27496618,0.26588908,0.26229224,0.34126952,0.1878104
0.27875507,0.27272403,0.275826,0.35865566,0.18035217
0.28606224,0.2783296,0.29114676,0.39025286,0.18434146
0.31393775,0.30250165,0.30824006,0.4228257,0.21229552
0.39756426,0.39034614,0.36451504,0.42298967,0.28967866
0.52963465,0.5189745,0.5048195,0.44232523,0.4234056
0.57916105,0.5727041,0.6222021,0.46928608,0.46368223
0.5753721,0.5705552,0.5717765,0.48369586,0.49428195
0.565088,0.5614865,0.56955004,0.51147366,0.51275647
0.5585927,0.5508746,0.5552188,0.5334334,0.51075023
0.54695535,0.54572487,0.54913336,0.52655643,0.50896376
0.5271989,0.5216616,0.5309021,0.5150052,0.5006312
0.51285523,0.51342,0.50790834,0.539144,0.48337477
0.49120432,0.48982593,0.50646645,0.54941946,0.4657389
0.47983763,0.4737543,0.4848872,0.5605544,0.46429592
0.48741543,0.49129447,0.4885567,0.5594334,0.47022474
0.51258457,0.529336,0.5237758,0.5657175,0.5085936
0.541272,0.5644505,0.5570352,0.56497663,0.53316206
0.58836263,0.5693711,0.5717089,0.5597599,0.55159926
0.57104194,0.5675817,0.5778233,0.5373922,0.50957966
0.5020298,0.50399363,0.50005853,0.50457793,0.43641365
0.4135318,0.41053614,0.42473388,0.4775008,0.3466856
0.34641406,0.34044892,0.34984878,0.43750763,0.26246616
0.3090663,0.30934647,0.30971864,0.40092856,0.21490361
0.29526386,0.29722616,0.29393953,0.39153296,0.20282365
0.2901218,0.29636094,0.294644,0.38366395,0.18717419
0.2976996,0.29118538,0.30204368,0.38070428,0.19811364
0.33125845,0.31781146,0.32932597,0.4058224,0.22574796
0.41380244,0.4087277,0.39753476,0.42245728,0.30097955
0.54018945,0.5378556,0.52511114,0.4356866,0.4403212
0.5864682,0.578256,0.6021677,0.45296818,0.48028564
0.57780784,0.5721406,0.57038754,0.45210624,0.5042015
0.55669826,0.56176066,0.57496095,0.448811,0.5147242
0.54343706,0.5372816,0.54739,0.4517482,0.5164932
0.52665764,0.52796036,0.53039086,0.462555,0.5089542
0.508525,0.5018655,0.5057134,0.48650897,0.5003007
0.49039242,0.49621388,0.489663,0.50525695,0.48965156
0.47117728,0.46538112,0.47315896,0.5133041,0.4673677
0.46278754,0.4601703,0.45697743,0.5224048,0.4660405
0.4744249,0.4783444,0.46996313,0.5241186,0.47274685
0.5006766,0.5171651,0.5091018,0.5221252,0.51437026
0.52828145,0.54457855,0.54047775,0.5109844,0.5322859
0.5751015,0.5547343,0.55158,0.49570918,0.553297
0.55723953,0.55345714,0.564231,0.474068,0.51209235
0.48173207,0.4906231,0.48695982,0.4358921,0.44203356
0.38863328,0.38457504,0.39806446,0.40221184,0.35371345
0.31447902,0.3112321,0.32125992,0.3559317,0.27099773
0.2782138,0.2716242,0.2733286,0.3221297,0.2240914
0.26278755,0.26684663,0.2609123,0.3048472,0.2055604
0.25277403,0.25753197,0.25863153,0.29328156,0.18880245
0.2571042,0.2516125,0.26062828,0.27067697,0.198268
0.28443843,0.2769958,0.2840781,0.29780814,0.22561349
0.35967523,0.36114562,0.3472143,0.30699205,0.30109775
0.49282816,0.48476252,0.47275954,0.3249042,0.44255167
0.5466847,0.54010314,0.55804485,0.3556739,0.48028034
0.5577808,0.5340921,0.53159,0.39499342,0.50711393
0.5667118,0.55330706,0.56403995,0.41621,0.5168204
0.5745602,0.56031954,0.5708061,0.42354095,0.51815945
0.57023007,0.56924343,0.5720266,0.4133864,0.5097518
0.55886334,0.54840934,0.55760294,0.40516764,0.5017467
0.5529093,0.54517317,0.5449612,0.4324789,0.49123454
0.54181325,0.528992,0.5483517,0.45497257,0.4694444
0.53477675,0.5278646,0.53664225,0.47454756,0.46800244
0.53883624,0.54520625,0.54042655,0.48789126,0.47527146
0.5596752,0.56621665,0.5578018,0.5024506,0.51664
0.5734777,0.5935178,0.5855212,0.49418277,0.5337293
0.6073072,0.58107984,0.5831168,0.47697645,0.55495787
0.585115,0.57797253,0.5906589,0.43358052,0.5141889
0.5158322,0.5166025,0.5071851,0.4058386,0.44318902
0.43031123,0.4192154,0.42918798,0.39086473,0.35615247
0.3602165,0.35490328,0.3619901,0.37415797,0.27188683
0.31826794,0.3196533,0.32128397,0.36155707,0.22680669
0.30094722,0.3018969,0.30109078,0.3582039,0.20265616
0.29742897,0.29768342,0.29857188,0.36120838,0.18908979
0.30338296,0.2991363,0.31158423,0.3513844,0.20431419
0.33071718,0.3255126,0.33818403,0.3562484,0.23264019
0.40622464,0.41076604,0.3990132,0.34287146,0.30746523
0.5326116,0.5342119,0.51879305,0.3566718,0.4438117
0.5715832,0.57562447,0.60627985,0.3725636,0.4854678
0.5629229,0.56106687,0.56209815,0.37479737,0.5007649
0.5529093,0.5541011,0.56724197,0.42684817,0.5092572
0.5423545,0.5444442,0.5542932,0.4843523,0.5113472
0.5225981,0.52651846,0.53299356,0.47360945,0.5080654
0.5020298,0.49227318,0.50458026,0.49152172,0.4979564
0.48389715,0.48945883,0.48495245,0.52211136,0.4897548
0.46820027,0.4600091,0.46675378,0.53578085,0.46258062
0.461705,0.45692256,0.4578809,0.547069,0.45855987
0.46278754,0.4749225,0.4768763,0.5489881,0.4691214
0.4879567,0.4948764,0.49693054,0.55226964,0.5050436
0.51312584,0.5387293,0.5340655,0.5322491,0.52216136
0.5542625,0.54313636,0.5361919,0.5060948,0.54283285
0.54018945,0.53106284,0.54549277,0.46874195,0.503251
0.46711773,0.47559118,0.47556025,0.44167018,0.4481591
0.37699595,0.3717184,0.3842073,0.4149045,0.34472743
0.3036536,0.30050513,0.30897984,0.39474916,0.2753252
0.26062247,0.25986537,0.2609402,0.37225306,0.22632174
0.2443843,0.24120465,0.2382128,0.34619236,0.213185
0.2316644,0.23314038,0.23791943,0.32511178,0.18749924
0.23220569,0.22782466,0.2341594,0.30984843,0.20133244
0.25304466,0.24838543,0.2515693,0.2900762,0.22891925
0.32395127,0.32110688,0.30127692,0.2768242,0.3098763
0.4503383,0.44731906,0.4330091,0.28471512,0.4395662
0.51258457,0.50156903,0.5252235,0.30703405,0.47327542
0.5223275,0.50862813,0.50957906,0.34241202,0.50061285
0.53125846,0.5180906,0.5267913,0.36921415,0.49215162
0.5339648,0.5255121,0.53678197,0.4004627,0.5119555
0.52665764,0.5211947,0.52823555,0.42127377,0.49605423
0.508525,0.50131536,0.5138437,0.42511648,0.4836806
0.49878213,0.48979124,0.4911834,0.42815048,0.49238122
0.48146144,0.47316948,0.49307254,0.4245094,0.4439979
0.4684709,0.46403977,0.47191924,0.43469763,0.4417324
0.47063598,0.47203395,0.46978718,0.44363743,0.45821023
0.4760487,0.4881706,0.4942814,0.44896245,0.48933768
0.4768606,0.4998215,0.49714798,0.45253968,0.5057606
0.49066305,0.4921697,0.495951,0.4457171,0.52796876
0.4744249,0.46177474,0.48231724,0.42664605,0.48208296
0.41488498,0.427053,0.4166706,0.40387088,0.43541792
0.34235454,0.33480987,0.3397674,0.3947569,0.33005685
0.26711774,0.2742271,0.2825779,0.3957259,0.27400845
0.24221921,0.22184381,0.22224385,0.3947298,0.21981062
0.22273342,0.23450947,0.23313445,0.38105583,0.20813952
0.21299052,0.21484286,0.21618178,0.36622566,0.18410428
0.21028417,0.20390818,0.21888857,0.3672768,0.1847123
0.21488498,0.22381628,0.23289897,0.33531898,0.20661692
0.2270636,0.2449126,0.25608346,0.2836417,0.22451253
0.2798376,0.27626458,0.2873691,0.32193366,0.28899333
0.34100136,0.3461373,0.34600115,0.327747,0.33270264
0.39729363,0.39396402,0.38520628,0.34965098,0.40696603
0.42679295,0.43055195,0.4368488,0.3754815,0.43806243
0.4232747,0.4312754,0.44030166,0.39022702,0.46122146
0.4127199,0.41257983,0.41377395,0.38052675,0.44232213
0.39052776,0.39405844,0.40132982,0.38575572,0.41854432
0.37239513,0.3667645,0.37205046,0.39960295,0.41614556
0.3602165,0.354955,0.35993007,0.38860786,0.38078737
0.36346415,0.35545614,0.35901585,0.3898312,0.38184658
0.37645468,0.38535288,0.3836907,0.3825243,0.41148275
0.40324762,0.4165217,0.40067732,0.3790948,0.42956266
0.4248985,0.4410133,0.43113935,0.37793,0.47125727
0.45087957,0.4440793,0.43511456,0.36321735,0.47761673
0.4338295,0.43068022,0.43776512,0.3355878,0.4508524
0.38159674,0.3892535,0.37483898,0.31481147,0.39413625
0.31962112,0.3117632,0.31468174,0.32487932,0.33801025
0.258728,0.25982192,0.26453763,0.32103232,0.2519858
0.21705006,0.21482414,0.22199859,0.32736248,0.19545938
0.2,0.2026949,0.19507197,0.32859883,0.17618908
0.1902571,0.19168487,0.19259448,0.32697135,0.15165429
0.18755074,0.18396258,0.18969691,0.3357678,0.15971713
0.19296347,0.1955081,0.19733122,0.32962376,0.18159486
0.21759135,0.22002846,0.21723075,0.32052708,0.19823398
0.26062247,0.26755142,0.27380306,0.3218683,0.23271082
0.3217862,0.31965104,0.33223122,0.33358485,0.28142715
0.40108255,0.3769086,0.37535742,0.3172819,0.36200076
0.45737484,0.44448736,0.43811578,0.3314093,0.42176613
0.4879567,0.46968383,0.47097516,0.35544288,0.43138802
0.49445197,0.49050108,0.4934938,0.37193483,0.4289829
0.4917456,0.48358187,0.48736188,0.38935924,0.4099334
0.47388363,0.47134697,0.48501742,0.40719712,0.40704328
0.4633288,0.4508414,0.46251553,0.42069584,0.3725934
0.46305817,0.4568437,0.46744168,0.42243457,0.3749506
0.4760487,0.48121628,0.48000574,0.41746688,0.42208052
0.49878213,0.5095459,0.5018479,0.41004544,0.43313965
0.50960755,0.52742004,0.51649046,0.4176013,0.47856677
0.52638704,0.50712657,0.5051843,0.405909,0.48326564
0.50581867,0.48826298,0.5094045,0.37839895,0.4483441
0.43031123,0.45041814,0.4486109,0.3615827,0.39856523
0.34857917,0.34109923,0.34807238,0.36593956,0.3160035
0.27496618,0.2807548,0.28048602,0.35222536,0.24100398
0.23734777,0.23153713,0.22470112,0.35428607,0.17880452
0.22056833,0.22271937,0.21612705,0.35553598,0.1878104
0.21569689,0.21413639,0.21112089,0.35192257,0.18035217
0.22246279,0.21917823,0.21863334,0.35046908,0.18434146
0.25087956,0.24376073,0.24520987,0.35410148,0.21229552
0.33504736,0.33038828,0.30601078,0.3579044,0.28967866
0.45548037,0.46986648,0.44437855,0.3569892,0.4234056
0.5133965,0.50828147,0.54982996,0.36212718,0.46368223
0.53125846,0.5199405,0.53504866,0.36458266,0.49428195
0.54533154,0.5348412,0.54686683,0.36468756,0.51275647
0.55886334,0.5448584,0.5562897,0.36992776,0.51075023
0.5599459,0.55343425,0.5627889,0.37222987,0.50896376
0.54343706,0.5409897,0.5536759,0.39118546,0.5006312
0.52963465,0.52461064,0.52655196,0.4181767,0.48337477
0.5152909,0.50258344,0.5187067,0.4497711,0.4657389
0.5047361,0.4961619,0.50811875,0.46010268,0.46429592
0.51799726,0.5072567,0.51089644,0.48107582,0.47022474
0.5328823,0.5458925,0.5454156,0.46767318,0.5085936
0.5545331,0.56215274,0.54388005,0.4794473,0.53316206
0.57401896,0.5624159,0.5722712,0.46686554,0.55159926
0.5374831,0.535486,0.55233395,0.4401142,0.50957966
0.47063598,0.46493754,0.45370674,0.42992598,0.43641365
0.3848444,0.37906754,0.38525927,0.42260456,0.3466856
0.30879566,0.30816123,0.31292984,0.40073562,0.26246616
0.27523682,0.26443753,0.2641076,0.39509916,0.21490361
0.25656292,0.26504442,0.26164606,0.37912107,0.1354813
0.24411367,0.25045076,0.25187442,0.36995995,0.1253665
0.23924223,0.23790398,0.24952908,0.35736173,0.13460682
0.26359946,0.2581409,0.2622782,0.35670686,0.16233824
0.3369418,0.3388625,0.3249786,0.33284926,0.23540582
0.45656294,0.46104494,0.4472555,0.34408104,0.36676803
0.5036536,0.5149178,0.5378361,0.34876835,0.4285877
0.49526387,0.49985304,0.5056425,0.34315497,0.45296025
0.48822734,0.48753247,0.49993816,0.38159102,0.46989965
0.48443842,0.48804006,0.49384847,0.40177256,0.46465284
0.4714479,0.47137347,0.4803573,0.41452456,0.46894962
0.45277402,0.44953433,0.4562317,0.4296484,0.45608753
0.4419486,0.44348654,0.43596104,0.45632952,0.45572263
0.42598104,0.42639318,0.4317052,0.47889245,0.42867243
0.4156969,0.41773638,0.41617584,0.4786536,0.42620462
0.42138025,0.4240777,0.43143016,0.47684515,0.43781203
0.43788904,0.4357286,0.4584833,0.45753616,0.43780297
0.45737484,0.45539048,0.47420943,0.44696105,0.47080916
0.49878213,0.48111293,0.47828224,0.42227763,0.4694804
0.48687416,0.4935771,0.4912796,0.3701302,0.46596235
0.42949933,0.41389874,0.42354208,0.3395996,0.41250062
0.3404601,0.33982176,0.35343775,0.3100751,0.30755824
0.27117726,0.2622894,0.26978776,0.29222,0.22154729
0.23058186,0.22663319,0.23205626,0.2926314,0.18393137
0.21461435,0.21613806,0.21012412,0.2920531,0.13725553
0.21596752,0.20693308,0.20763387,0.28613442,0.12738468
0.22165088,0.21066839,0.22720511,0.28778136,0.13471691
0.24979702,0.23693407,0.24843822,0.29566294,0.16215953
0.32341,0.3221083,0.30529645,0.29959083,0.2353865
0.44492558,0.44324276,0.42534962,0.28845072,0.370122
0.49418133,0.4998705,0.512442,0.3098054,0.4291821
0.48985115,0.48378524,0.48515993,0.30767176,0.45604396
0.47713125,0.47544006,0.48986137,0.3808853,0.47173035
0.47658998,0.4679089,0.471795,0.32748103,0.4669891
0.47198918,0.46114522,0.4740073,0.34877554,0.47188658
0.45683357,0.45196012,0.46220613,0.38231617,0.45779806
0.44898513,0.44712642,0.44210353,0.40371406,0.4564007
0.4338295,0.4316992,0.4440872,0.42949432,0.43084168
0.42110962,0.42241922,0.4259124,0.44726938,0.42911178
0.42300406,0.42618874,0.42411757,0.46404117,0.43882036
0.4384303,0.43515828,0.44654432,0.47322,0.44064826
0.45818675,0.45417973,0.4716373,0.48044312,0.47315013
0.49878213,0.485006,0.4833703,0.47078395,0.4710735
0.49688768,0.4964865,0.48858282,0.4169705,0.4687091
0.43193504,0.42681238,0.43468124,0.35961682,0.4139755
0.34776726,0.33595505,0.34779984,0.3138979,0.31022304
0.2714479,0.27247393,0.28274497,0.2914635,0.22168846
0.2346414,0.223326,0.22965445,0.24785958,0.18666601
0.22083898,0.22296423,0.22069247,0.27899668,0.13964714
0.21786198,0.2152822,0.22021063,0.29644606,0.12873419
0.21921515,0.21537396,0.22918849,0.33620548,0.1404271
0.25006765,0.2348249,0.24436131,0.30846214,0.16843323
0.3309878,0.3241121,0.31651512,0.3164798,0.24563457
0.45385656,0.45194972,0.44160992,0.3247049,0.3653286
0.49905276,0.5057622,0.5108698,0.3104087,0.4374416
0.49607578,0.48397717,0.48816383,0.3111729,0.45056218
0.48389715,0.48261937,0.49842066,0.37378496,0.46335602
0.47713125,0.47158086,0.4809113,0.36804268,0.45636165
0.461705,0.4579301,0.47145346,0.40119532,0.4684983
0.44709066,0.4371411,0.44397256,0.41649616,0.45391923
0.43734777,0.43645233,0.4326194,0.42741662,0.45895714
0.4202977,0.41864914,0.42870492,0.4354753,0.4272275
0.40622464,0.40806064,0.40747172,0.44728476,0.41996405
0.41542625,0.40985832,0.40529987,0.45407605,0.4390442
0.43572396,0.4315159,0.44385225,0.46739024,0.43212667
0.45981055,0.4569389,0.46752006,0.47115278,0.46253622
0.5020298,0.490725,0.48818827,0.46520424,0.4596594
0.4963464,0.49804875,0.49297208,0.4300958,0.45670402
0.43328822,0.42418012,0.42924675,0.37620276,0.41808763
0.347226,0.33796132,0.35146144,0.3396635,0.30251575
0.27577808,0.2720668,0.2796096,0.32757896,0.22624262
0.23870094,0.22902584,0.23727396,0.27338997,0.18691643
0.22138025,0.22450086,0.22397386,0.2967325,0.14684315
0.21732071,0.2123551,0.21739589,0.2899606,0.124155715
0.22002706,0.21220899,0.22808172,0.29622525,0.13082851
0.24682003,0.23687997,0.24728926,0.32309818,0.15865472
0.3217862,0.3154584,0.30894056,0.31444722,0.24866782
0.4405954,0.43971005,0.43114954,0.3172769,0.36461443
0.4925575,0.49312153,0.49746227,0.3081379,0.4238659
0.48849797,0.4861816,0.4864006,0.34578967,0.44877827
0.47929636,0.47335657,0.486732,0.39482108,0.44498622
0.4752368,0.47094637,0.4766492,0.36680904,0.45609826
0.45953992,0.45852336,0.46851325,0.39744544,0.459826
0.4427605,0.4304256,0.4412066,0.42087775,0.43439615
0.4338295,0.4333097,0.42635414,0.44084263,0.4581709
0.42381597,0.41367462,0.42636782,0.45375687,0.39868742
0.4189445,0.41455153,0.41887164,0.45812792,0.40071914
0.43464142,0.42471075,0.42683026,0.4578247,0.4213438
0.4608931,0.44650263,0.46545923,0.45541912,0.4107896
0.47415426,0.47544786,0.49233067,0.44807965,0.4436655
0.48443842,0.48649266,0.49030864,0.43297154,0.44240528
0.46630582,0.46819088,0.46405542,0.39406788,0.4351138
0.42002708,0.40406716,0.40295172,0.36054873,0.4041426
0.35155615,0.33818817,0.35119736,0.3351779,0.2825477
0.28552097,0.27668646,0.29329783,0.32216248,0.21718581
0.24303113,0.23463878,0.24793196,0.29411903,0.17841834
0.2202977,0.22551444,0.22506543,0.29248482,0.14107335
0.21244925,0.20506778,0.21457286,0.27279186,0.117161006
0.20757781,0.20440343,0.22151005,0.2791293,0.12352495
0.21569689,0.21747735,0.22894,0.293907,0.1438527
0.24600811,0.2445057,0.26508674,0.29984248,0.18122655
0.29445195,0.29900935,0.33048713,0.314871,0.22511612
0.35913396,0.35243142,0.34631246,0.32590902,0.28949603
0.4265223,0.40321797,0.40101385,0.34764284,0.3336724
0.46495265,0.45665878,0.4619469,0.3264621,0.37668774
0.46955344,0.47453403,0.478072,0.3481179,0.39517963
0.45656294,0.45967105,0.46205217,0.36639482,0.37156752
0.43897158,0.43762875,0.44087738,0.413019,0.36810625
0.41244927,0.42334357,0.42433986,0.46467358,0.37600857
0.3962111,0.3905381,0.3937055,0.4853847,0.31699735
0.3932341,0.39011666,0.3930517,0.49091327,0.33200657
0.39945874,0.4107342,0.4088398,0.4842916,0.3506716
0.41759133,0.42238525,0.42024568,0.45365667,0.36578807
0.42787552,0.430185,0.4368205,0.44289982,0.39668843
0.4562923,0.44625947,0.4318211,0.4027177,0.42368758
0.44303113,0.45784473,0.45811462,0.36874318,0.37942052
0.3916103,0.39030722,0.3944702,0.34787375,0.3555093
0.32828146,0.32343808,0.3269541,0.33174676,0.2715842
0.27550745,0.26712638,0.27119806,0.32080364,0.20461716
0.22895806,0.22932386,0.23957907,0.31710368,0.14796212
0.20162381,0.211687,0.20338516,0.31197622,0.104328156
0.1924222,0.18450311,0.18985717,0.31419426,0.092585504
0.18998647,0.18702418,0.19289215,0.31825045,0.099802524
0.19810554,0.19882715,0.20111865,0.31193942,0.12345542
0.22002706,0.22073671,0.22576447,0.30395788,0.14574857
0.25548038,0.26323584,0.2684434,0.29292488,0.16671377
0.31366712,0.31376153,0.32373202,0.29256213,0.22558405
0.37185386,0.36791012,0.37654918,0.3063162,0.28282094
0.40135318,0.40314913,0.40410894,0.3448245,0.35385162
0.40405953,0.40753615,0.41098404,0.3454066,0.360631
0.39729363,0.39571914,0.3990458,0.37998664,0.3544523
0.38186738,0.38143346,0.386232,0.40991372,0.35954446
0.3610284,0.36755785,0.36471158,0.46307355,0.35796815
0.34560215,0.3441209,0.34626666,0.48648947,0.30560824
0.34018946,0.3410568,0.34259486,0.5000299,0.319085
0.35426253,0.35985014,0.3520866,0.49823433,0.351114
0.38376185,0.3809751,0.38862777,0.47079527,0.35629395
0.40649527,0.40425435,0.41855785,0.4556446,0.40079665
0.44763193,0.43350467,0.42386976,0.4208085,0.42258048
0.44925576,0.45254108,0.44681624,0.38114655,0.37168598
0.38782138,0.38665757,0.3998526,0.34095567,0.3627254
0.30852503,0.30434552,0.31196356,0.28763968,0.24697383
0.23545332,0.2419546,0.24177253,0.248182,0.19282988
0.21217862,0.19032642,0.18537998,0.24888512,0.120673314
0.1953992,0.20251232,0.20027888,0.28857878,0.112761214
0.19431664,0.1873731,0.18807983,0.26742586,0.11713274
0.20135318,0.19063216,0.20036091,0.30842173,0.120205164
0.22598106,0.21893227,0.22047216,0.31394607,0.14803134
0.30960757,0.29396933,0.26849738,0.30431813,0.22515447
0.4338295,0.42930272,0.413265,0.31277472,0.34871566
0.47631934,0.4924936,0.52199537,0.347111,0.41053277
0.4638701,0.47107938,0.47067404,0.32348886,0.4406
0.45845738,0.44748893,0.45757195,0.38076162,0.4668553
0.4600812,0.45134684,0.4550776,0.38478854,0.4573264
0.455751,0.44588408,0.45448658,0.3743806,0.4669969
0.4473613,0.43528506,0.4434699,0.3940344,0.45034385
0.44573748,0.43740228,0.43516698,0.39504004,0.44981313
0.43734777,0.43110326,0.44697967,0.39302975,0.42141908
0.42895806,0.42327556,0.43921602,0.38864297,0.42077866
0.44167796,0.43060791,0.4373992,0.3903496,0.43379852
0.47117728,0.4548308,0.47459275,0.38369387,0.43288684
0.47983763,0.4869626,0.505559,0.38329625,0.47281837
0.5006766,0.49329808,0.49338976,0.39317393,0.46603572
0.4803789,0.4906763,0.484419,0.37864625,0.46190667
0.4051421,0.39949217,0.40784693,0.34367833,0.40468448
0.31339648,0.30324683,0.31871867,0.3061025,0.29856795
0.24492557,0.2359021,0.24531417,0.25472656,0.20991363
0.20514208,0.20169362,0.20960851,0.18313777,0.17430079
0.1834912,0.19134551,0.18571664,0.1937967,0.1354813
0.17834912,0.17338187,0.17454141,0.2341375,0.1253665
0.18213803,0.17936432,0.18766357,0.2502255,0.13460682
0.20811908,0.20235196,0.20982046,0.245267,0.16233824
0.28200272,0.28434092,0.28602803,0.23517616,0.23540582
0.40730718,0.40382922,0.39320534,0.25263798,0.36676803
0.46224627,0.46552196,0.46026033,0.2734537,0.4285877
0.47631934,0.4569958,0.463439,0.30208808,0.45296025
0.4811908,0.47642764,0.48897183,0.2911797,0.46989965
0.48308524,0.48364195,0.48427522,0.2837369,0.46465284
0.47577807,0.47384864,0.47924164,0.3400859,0.46894962
0.46305817,0.4612445,0.46533874,0.38887048,0.45608753
0.45602164,0.45637268,0.45221254,0.43090802,0.45572263
0.43870094,0.43846935,0.45070946,0.43964797,0.42867243
0.43491206,0.42471534,0.427165,0.44461995,0.42620462
0.4481732,0.44232842,0.44918072,0.46459854,0.43781203
0.4728011,0.4598522,0.47258472,0.4523571,0.43780297
0.48416778,0.48540327,0.48834205,0.421619,0.47080916
0.4976996,0.49052367,0.49300602,0.41587108,0.4694804
0.47577807,0.47821546,0.47735423,0.36943555,0.46596235
0.4075778,0.40019718,0.40291953,0.3498411,0.41250062
0.3209743,0.31201276,0.32161206,0.34759235,0.30755824
0.25196213,0.24430332,0.25233018,0.32650948,0.22154729
0.21028417,0.20728406,0.21202305,0.28113568,0.18393137
0.18917456,0.19529393,0.19071564,0.27377486,0.13725553
0.1826793,0.18062848,0.18216999,0.26359275,0.12738468
0.1924222,0.18042251,0.19016643,0.27757475,0.13471691
0.21732071,0.21400592,0.22426729,0.2604112,0.16215953
0.30040595,0.29020318,0.2802509,0.25687957,0.2353865
0.42787552,0.43020624,0.42060244,0.24034819,0.370122
0.47496617,0.48906997,0.489093,0.25213584,0.4291821
0.4728011,0.46545285,0.47330552,0.24385571,0.45604396
0.47631934,0.46409798,0.47712815,0.35897765,0.47173035
0.47577807,0.47688827,0.48148865,0.34747428,0.4669891
0.47063598,0.46019328,0.47061804,0.34562808,0.47188658
0.4592693,0.45207092,0.46218386,0.3709695,0.45779806
0.45439783,0.45102566,0.45039216,0.4039449,0.4564007
0.43815967,0.43719724,0.45237994,0.3916283,0.43084168
0.4270636,0.42449027,0.430602,0.4315126,0.42911178
0.42949933,0.43181917,0.4360198,0.44193858,0.43882036
0.44682002,0.43906775,0.4512605,0.44776988,0.44064826
0.45656294,0.4586344,0.4701273,0.443635,0.47315013
0.49336943,0.47490388,0.4699295,0.437019,0.4710735
0.4963464,0.48882934,0.48520657,0.38335383,0.4687091
0.43355885,0.42953157,0.4312294,0.3391019,0.4139755
0.3466847,0.33864266,0.34636235,0.31368387,0.31022304
0.27659,0.27122152,0.2762438,0.27937222,0.22168846
0.2346414,0.22915393,0.23663522,0.25501272,0.18666601
0.21542625,0.22077534,0.21719709,0.22295055,0.13964714
0.2135318,0.20785671,0.21198717,0.27805224,0.12873419
0.21867388,0.21413022,0.22663914,0.29746807,0.1404271
0.24600811,0.23800045,0.24769275,0.27165002,0.16843323
0.3277402,0.31878382,0.30850747,0.30669606,0.24563457
0.44682002,0.45084572,0.44044542,0.3556746,0.3653286
0.48903924,0.4985982,0.5047199,0.35169297,0.4374416
0.4803789,0.47436532,0.48253337,0.3550539,0.45056218
0.47253045,0.46519336,0.48299226,0.41357058,0.46335602
0.46224627,0.46331373,0.4736143,0.42419797,0.45636165
0.45223275,0.44131657,0.4543817,0.44367296,0.4684983
0.4384303,0.43142006,0.44142264,0.43887496,0.45391923
0.43139377,0.42773938,0.42561057,0.4502439,0.45895714
0.4165088,0.41356352,0.42479366,0.4333281,0.4272275
0.40866035,0.4029126,0.40592396,0.44375086,0.41996405
0.4121786,0.4095045,0.41303092,0.4290504,0.4390442
0.4257104,0.4190206,0.43349403,0.42033917,0.43212667
0.4392422,0.44054174,0.45538902,0.3997861,0.46253622
0.47388363,0.46558407,0.46715727,0.3795792,0.4596594
0.47983763,0.47280696,0.4692818,0.35080054,0.45670402
0.41705006,0.40772882,0.421884,0.30954385,0.41808763
0.33044654,0.31493548,0.33369,0.28525978,0.30251575
0.25439784,0.2502991,0.26302075,0.2525681,0.22624262
0.20866035,0.20234981,0.2115906,0.20164904,0.18691643
0.18592693,0.18723658,0.18754615,0.17180146,0.14684315
0.17753722,0.1737777,0.17775746,0.16770808,0.124155715
0.17483085,0.17176014,0.18296446,0.16686115,0.13082851
0.20405954,0.18935528,0.19333653,0.1999068,0.15865472
0.27767253,0.2723955,0.26636648,0.19125347,0.24866782
0.3948579,0.3978429,0.38502187,0.22567865,0.36461443
0.45466846,0.4538825,0.45626998,0.2855497,0.4238659
0.45602164,0.45639357,0.45575365,0.3173986,0.44877827
0.4481732,0.44778183,0.457277,0.3255285,0.44498622
0.4443843,0.442144,0.4462864,0.35199553,0.45609826
0.43355885,0.43068153,0.44036818,0.36580026,0.459826
0.4232747,0.41106495,0.42065176,0.42308754,0.43439615
0.41461435,0.41994917,0.41268057,0.43452734,0.4581709
0.3983762,0.39494696,0.40712008,0.44225824,0.39868742
0.3872801,0.38388267,0.38770285,0.43553805,0.40071914
0.38836265,0.38620928,0.38837668,0.4217633,0.4213438
0.39945874,0.3874682,0.4053853,0.4162339,0.4107896
0.40730718,0.40700915,0.42530167,0.3735506,0.4436655
0.42598104,0.42324027,0.43427068,0.36104345,0.44240528
0.42138025,0.4291757,0.42573088,0.31407934,0.4351138
0.36968878,0.36427942,0.3672675,0.25244337,0.4041426
0.2933694,0.28650606,0.29472142,0.23384587,0.2825477
0.22516915,0.21936691,0.22851424,0.2716571,0.21718581
0.18024357,0.17670539,0.18454352,0.20070092,0.17841834
0.15480378,0.16175658,0.15932271,0.23604581,0.14107335
0.14560217,0.13927987,0.14550929,0.25014684,0.117161006
0.14614344,0.1405293,0.15022609,0.24637407,0.12352495
0.15751015,0.15741158,0.1685957,0.27007887,0.1438527
0.19052774,0.18654722,0.20280574,0.2818409,0.18122655
0.23924223,0.24091569,0.2700041,0.27101862,0.22511612
0.30284166,0.3040649,0.29148144,0.2981533,0.28949603
0.35778078,0.34814584,0.3456013,0.29937893,0.3336724
0.3840325,0.38388798,0.38774627,0.38921204,0.37668774
0.3797023,0.38783288,0.39503014,0.3268916,0.39517963
0.36481732,0.36886844,0.37144023,0.3790417,0.37156752
0.35128552,0.34316757,0.35145837,0.44221973,0.36810625
0.33152908,0.33925658,0.33899638,0.45332772,0.37600857
0.31826794,0.31267992,0.31470194,0.4602067,0.31699735
0.31637347,0.31252906,0.3129726,0.45576632,0.33200657
0.32341,0.3295417,0.32680947,0.4672523,0.3506716
0.33315292,0.34082395,0.34307832,0.46411198,0.36578807
0.34018946,0.33835694,0.35389817,0.42420787,0.39668843
0.37401894,0.36592874,0.35987705,0.41339153,0.42368758
0.38349122,0.3905502,0.38089943,0.3767522,0.37942052
0.3301759,0.33630374,0.3399064,0.31131077,0.3555093
0.2638701,0.2561536,0.25636676,0.2539765,0.2715842
0.20595399,0.20508716,0.2051121,0.26553062,0.20461716
0.16319351,0.16175929,0.16735107,0.22781062,0.14796212
0.13964817,0.1463933,0.1415631,0.24857387,0.104328156
0.13071719,0.12862375,0.13195388,0.23483054,0.092585504
0.13207036,0.12514642,0.13353239,0.22210369,0.099802524
0.13450609,0.14075133,0.14648555,0.24561538,0.12345542
0.15913397,0.15100825,0.15738975,0.25172776,0.14574857
0.19675237,0.19774082,0.21179886,0.27900916,0.16671377
0.26224628,0.259818,0.26147833,0.2579414,0.22558405
0.34316644,0.31761798,0.32037467,0.26112744,0.28282094
0.4046008,0.3841783,0.37879747,0.27216,0.35385162
0.43058187,0.4196345,0.42144164,0.28816414,0.360631
0.43788904,0.42919582,0.43149245,0.28729492,0.3544523
0.43464142,0.4303583,0.43314296,0.33893722,0.35954446
0.41705006,0.42019394,0.42630565,0.3876949,0.35796815
0.40135318,0.39344963,0.4046943,0.42507803,0.30560824
0.39350474,0.39041346,0.39896232,0.44810617,0.319085
0.39945874,0.40701482,0.40011021,0.46016026,0.351114
0.40622464,0.41505554,0.41575295,0.48637754,0.35629395
0.41515562,0.4102593,0.41471267,0.4750542,0.40079665
0.44465494,0.43343484,0.4249202,0.47506827,0.42258048
0.4427605,0.4433482,0.44067502,0.44930857,0.37168598
0.3737483,0.38027006,0.39029577,0.4195981,0.3627254
0.29201624,0.28681508,0.29352167,0.39781445,0.24697383
0.22300406,0.22546768,0.2245609,0.3723182,0.19282988
0.18511502,0.17734134,0.1748123,0.3450883,0.120673314
0.16238159,0.16982341,0.16296385,0.33340037,0.112761214
0.1564276,0.15165755,0.15103753,0.29936817,0.11713274
0.15399188,0.156692,0.16009337,0.29064158,0.120205164
0.17943166,0.17140803,0.16823947,0.2864882,0.14803134
0.2608931,0.25056738,0.22967969,0.28478074,0.22515447
0.37050068,0.38796696,0.36460918,0.27711573,0.34871566
0.43058187,0.4360792,0.46236503,0.37215978,0.41053277
0.43951285,0.4458136,0.45840293,0.33616525,0.4406
0.43355885,0.44361416,0.45027035,0.34551102,0.4668553
0.4443843,0.42944875,0.4357032,0.39419544,0.4573264
0.44221923,0.43817705,0.45057863,0.45047992,0.4669969
0.4324763,0.4230376,0.43280602,0.45273823,0.45034385
0.42895806,0.42616096,0.41830918,0.4139592,0.44981313
0.41677943,0.41607818,0.42548394,0.39422607,0.42141908
0.40784845,0.39865786,0.40954322,0.35776025,0.42077866
0.408931,0.40625623,0.40940183,0.33596015,0.43379852
0.4189445,0.4076369,0.42180574,0.34853497,0.43288684
0.42679295,0.41842797,0.4381877,0.32649603,0.47281837
0.4608931,0.4473764,0.4515562,0.30811834,0.46603572
0.4625169,0.47176972,0.46048748,0.27491218,0.46190667
0.3840325,0.39325762,0.3971217,0.23324588,0.40468448
0.2947226,0.2792523,0.2885723,0.20840651,0.29856795
0.21732071,0.22107154,0.22301354,0.14619412,0.20991363
0.17239513,0.16868848,0.17113931,0.1658766,0.17430079
0.14776725,0.15479884,0.14925565,0.19069749,0.1354813
0.138295,0.136581,0.13606367,0.17507221,0.1253665
0.1428958,0.13772294,0.14018486,0.17064731,0.13460682
0.16454668,0.16721651,0.16736126,0.19586724,0.16233824
0.23545332,0.22922188,0.22153701,0.21018934,0.23540582
0.34749663,0.35036808,0.34860462,0.23936717,0.36676803
0.41380244,0.4108523,0.41317844,0.22551204,0.4285877
0.4392422,0.42949656,0.42809373,0.26219392,0.45296025
0.45953992,0.4472693,0.45495766,0.28539467,0.46989965
0.47767252,0.4681039,0.47344148,0.28836,0.46465284
0.47821382,0.47573838,0.4840153,0.2563074,0.46894962
0.47469553,0.46808258,0.47239012,0.32417285,0.45608753
0.4752368,0.47077814,0.4705844,0.40016794,0.45572263
0.46305817,0.45676103,0.47664386,0.45547152,0.42867243
0.4625169,0.44550896,0.45613164,0.37586564,0.42620462
0.473613,0.46669802,0.47271353,0.33843434,0.43781203
0.48849797,0.47778222,0.4867999,0.3754037,0.43780297
0.4879567,0.48963717,0.49395424,0.34998572,0.47080916
0.49066305,0.48609373,0.4934133,0.3246057,0.4694804
0.461705,0.4681443,0.47239566,0.28238454,0.46596235
0.39052776,0.38398108,0.38405323,0.22147065,0.41250062
0.3044655,0.29271472,0.30046925,0.22790474,0.30755824
0.2397835,0.22973564,0.23099396,0.18443593,0.22154729
0.2,0.19449091,0.19913372,0.23621362,0.18393137
0.18078485,0.18684942,0.18052214,0.2023502,0.13725553
0.17483085,0.17380586,0.17618133,0.24594504,0.12738468
0.18132612,0.17620146,0.18571874,0.28788593,0.13471691
0.2037889,0.2051427,0.2152238,0.3375563,0.16215953
0.27929634,0.2750993,0.27200973,0.3492656,0.2353865
0.39864683,0.40262735,0.38684288,0.3992135,0.370122
0.461705,0.4627914,0.46779597,0.41237724,0.4291821
0.47577807,0.46907222,0.4813323,0.44087976,0.45604396
0.47253045,0.47784793,0.48771107,0.4675516,0.47173035
0.47658998,0.4728526,0.47305846,0.48852485,0.4669891
0.473613,0.46629652,0.4765416,0.4923523,0.47188658
0.45872802,0.4568671,0.46959385,0.49882722,0.45779806
0.4533153,0.45102713,0.44855046,0.5134615,0.4564007
0.43626523,0.43392995,0.4501248,0.5401973,0.43084168
0.42760488,0.4204378,0.42932492,0.51554066,0.42911178
0.4324763,0.43282762,0.44205165,0.49280304,0.43882036
0.44925576,0.44301087,0.45150778,0.51022553,0.44064826
0.46414074,0.46097907,0.46555358,0.5070864,0.47315013
0.49715832,0.48566905,0.47799036,0.52522993,0.4710735
0.51231396,0.48968312,0.48231885,0.5205974,0.4687091
0.44492558,0.45129272,0.4497288,0.48760533,0.4139755
0.35832205,0.3479848,0.35072672,0.48431987,0.31022304
0.28443843,0.28435698,0.28688443,0.45586354,0.22168846
0.24492557,0.2356914,0.24105532,0.45742834,0.18666601
0.22598106,0.23182955,0.22871293,0.39875776,0.13964714
0.22273342,0.21761584,0.22224109,0.36477202,0.12873419
0.23139377,0.2212606,0.23340075,0.35860634,0.1404271
0.2600812,0.2514496,0.26215425,0.3236885,0.16843323
0.32584575,0.33359075,0.32025528,0.3528307,0.24563457
0.4419486,0.43755117,0.4262634,0.3402913,0.3653286
0.4917456,0.49580178,0.51779497,0.3371294,0.4374416
0.49147496,0.48292187,0.48679414,0.39886442,0.45056218
0.48849797,0.47990212,0.4962157,0.42147064,0.46335602
0.485521,0.48051777,0.49298552,0.42049563,0.45636165
0.46982408,0.4665032,0.48217708,0.43316108,0.4684983
0.44492558,0.44347063,0.45321894,0.45895302,0.45391923
0.4376184,0.4275476,0.42450714,0.480986,0.45895714
0.41975644,0.42088693,0.43313643,0.479836,0.4272275
0.408931,0.40764147,0.40850383,0.49045914,0.41996405
0.40784845,0.41499355,0.4107842,0.4834224,0.4390442
0.42516914,0.41909382,0.426359,0.48090768,0.43212667
0.43978348,0.44719303,0.46038482,0.46484876,0.46253622
0.47496617,0.47015873,0.46774873,0.43578196,0.4596594
0.4976996,0.47038788,0.47811198,0.41005212,0.45670402
0.43870094,0.43757364,0.447823,0.3615506,0.41808763
0.34695536,0.3396182,0.35438055,0.32025826,0.30251575
0.27604872,0.2682183,0.27502257,0.3015021,0.22624262
0.23274696,0.22912946,0.23694412,0.270411,0.18691643
0.21001354,0.21525627,0.2134268,0.27533495,0.14684315
0.20514208,0.19857946,0.20224443,0.25799623,0.124155715
0.21163735,0.20222247,0.21348923,0.2740074,0.13082851
0.2316644,0.22999075,0.23709233,0.32226652,0.15865472
0.30311233,0.29389387,0.27745086,0.28718084,0.24866782
0.39891747,0.41836777,0.41068447,0.317546,0.36461443
0.44682002,0.44565347,0.45627522,0.33736712,0.4238659
0.4571042,0.4475996,0.45331725,0.36571193,0.44877827
0.4592693,0.45149866,0.46629655,0.39244735,0.44498622
0.45656294,0.4551383,0.46160695,0.3813758,0.45609826
0.4451962,0.43995744,0.4492979,0.40065384,0.459826
0.42381597,0.4175954,0.42939848,0.42706192,0.43439615
0.40838972,0.41138867,0.40412745,0.45772433,0.4581709
0.39296347,0.38689658,0.39499345,0.44973683,0.39868742
0.394046,0.38186386,0.38315722,0.4572379,0.40071914
0.394046,0.40360528,0.40529332,0.45276737,0.4213438
0.40568337,0.39835927,0.40785304,0.4533406,0.4107896
0.4113667,0.4165946,0.4371904,0.4414429,0.4436655
0.4270636,0.4306302,0.43692127,0.42366278,0.44240528
0.44221923,0.42238054,0.42844003,0.39427453,0.4351138
0.39188093,0.39424643,0.39853382,0.34995702,0.4041426
0.317456,0.3053333,0.3146268,0.31568116,0.2825477
0.24627875,0.24317873,0.256154,0.2972962,0.21718581
0.202977,0.19767675,0.20456657,0.2822725,0.17841834
0.17861976,0.18556395,0.18336645,0.26831886,0.14107335
0.17699593,0.16343912,0.17079554,0.2413857,0.117161006
0.17699593,0.17365795,0.18695585,0.2755013,0.12352495
0.18592693,0.18865088,0.1965807,0.27601758,0.1438527
0.21299052,0.21449354,0.22558025,0.29976898,0.18122655
0.25981057,0.26118132,0.28130364,0.32099473,0.22511612
0.32990527,0.3207697,0.31717083,0.32590383,0.28949603
0.3856563,0.37933215,0.38014907,0.32384956,0.3336724
0.40433016,0.412276,0.4121484,0.3689832,0.37668774
0.40324762,0.40344155,0.40870523,0.37815076,0.39517963
0.3894452,0.39494517,0.39695856,0.43630922,0.37156752
0.36887687,0.36678192,0.373164,0.44138873,0.36810625
0.34857917,0.35247412,0.35058656,0.45800537,0.37600857
0.3369418,0.33129212,0.33404687,0.46421546,0.31699735
0.33125845,0.33425224,0.33461088,0.45300388,0.33200657
0.33721244,0.34645602,0.33580238,0.43267602,0.3506716
0.35020298,0.36019692,0.3571962,0.42576563,0.36578807
0.35805142,0.3628303,0.3731348,0.401546,0.39668843
0.38240865,0.38504395,0.37745303,0.37937874,0.42368758
0.4037889,0.39006737,0.39038622,0.33889675,0.37942052
0.35778078,0.3650309,0.36900312,0.29725873,0.3555093
0.29228687,0.28562424,0.28575292,0.27877703,0.2715842
0.2308525,0.2306749,0.23364429,0.23650068,0.20461716
0.18619756,0.18542609,0.19137089,0.25397292,0.14796212
0.16265224,0.17092732,0.16452378,0.2477199,0.104328156
0.15805142,0.14846027,0.15535387,0.26958728,0.092585504
0.15723951,0.15682527,0.16222194,0.30296305,0.099802524
0.16860622,0.1660839,0.16884555,0.3033151,0.12345542
0.19837618,0.1913605,0.19767354,0.3472125,0.14574857
0.23437077,0.24080321,0.25432548,0.30779314,0.16671377
0.28985116,0.29285267,0.2984063,0.35289574,0.22558405
0.3488498,0.3385903,0.34103447,0.36878753,0.28282094
0.37753722,0.37678364,0.3759581,0.36846,0.35385162
0.3721245,0.37890694,0.38430303,0.3869329,0.360631
0.36129904,0.36037275,0.3609124,0.40021035,0.3544523
0.3369418,0.3430731,0.34901702,0.40989232,0.35954446
0.30202976,0.31933203,0.3155328,0.42160082,0.35796815
0.27550745,0.2789396,0.27785134,0.42609352,0.30560824
0.26792964,0.26493898,0.26308605,0.42202795,0.319085
0.27604872,0.284974,0.275277,0.42319065,0.351114
0.27550745,0.30124,0.29962784,0.42271614,0.35629395
0.29282814,0.28606275,0.2950341,0.4153203,0.40079665
0.33504736,0.3335724,0.33712548,0.39490938,0.42258048
0.36833557,0.35531974,0.35613927,0.3753816,0.37168598
0.31718537,0.32712054,0.34252283,0.33516818,0.3627254
0.2503383,0.24215832,0.24609403,0.31864244,0.24697383
0.19783491,0.19291735,0.19309269,0.28650892,0.19282988
0.16400541,0.15941682,0.16129254,0.25035805,0.120673314
0.14857917,0.14893723,0.14650223,0.22053564,0.112761214
0.14830853,0.13893908,0.14512011,0.20984554,0.11713274
0.15372124,0.14645195,0.15560396,0.22148018,0.120205164
0.17834912,0.16933253,0.1698661,0.2375347,0.14803134
0.2405954,0.24415955,0.2153319,0.25125998,0.22515447
0.33558863,0.34533212,0.31566006,0.25908792,0.34871566
0.40784845,0.38820264,0.42214072,0.2935936,0.41053277
0.4300406,0.4239915,0.43085766,0.3255629,0.4406
0.44113666,0.42883477,0.42418566,0.34567088,0.4668553
0.45358592,0.4357825,0.43555674,0.33288515,0.4573264
0.46116373,0.44297835,0.44479057,0.35498786,0.4669969
0.46792963,0.4447033,0.44823945,0.40494204,0.45034385
0.4633288,0.4601401,0.46094102,0.42998773,0.44981313
0.455751,0.44114453,0.45728335,0.45768952,0.42141908
0.4495264,0.43976042,0.45806074,0.43990028,0.42077866
0.44600812,0.44788232,0.45675927,0.4450727,0.43379852
0.4189445,0.4432836,0.4530141,0.4276564,0.43288684
0.42787552,0.4060656,0.41261765,0.41784674,0.47281837
0.45358592,0.4542319,0.4590745,0.39121732,0.46603572
0.46062246,0.45859298,0.44520742,0.35144967,0.46190667
0.39106902,0.39407873,0.40791643,0.2950794,0.40468448
0.29878214,0.29048297,0.30631888,0.26823696,0.29856795
0.22652233,0.22219357,0.23030064,0.22905764,0.20991363
0.18619756,0.18091539,0.1851521,0.19494972,0.17430079
0.16238159,0.16961902,0.16733599,0.18156998,0.1354813
0.15480378,0.15083227,0.15393254,0.20225845,0.1253665
0.15480378,0.15577322,0.16288556,0.17957595,0.13460682
0.18376184,0.17574775,0.18283363,0.22521769,0.16233824
0.2384303,0.26021373,0.26029035,0.23098394,0.23540582
0.3277402,0.34828922,0.33153927,0.23065072,0.36676803
0.40324762,0.38451865,0.39645165,0.30521494,0.4285877
0.4240866,0.42782015,0.43704298,0.2788498,0.45296025
0.42760488,0.43031517,0.43769923,0.27585387,0.46989965
0.43464142,0.43128362,0.43712038,0.3084603,0.46465284
0.43112314,0.43127057,0.44070405,0.3179289,0.46894962
0.42598104,0.4195014,0.42571628,0.37875998,0.45608753
0.42543977,0.42529073,0.41717237,0.38921827,0.45572263
0.41407308,0.40995377,0.4202573,0.44069445,0.42867243
0.40433016,0.39975926,0.4001114,0.42798197,0.42620462
0.405954,0.40156513,0.3966471,0.45898086,0.43781203
0.42219216,0.40897742,0.40851897,0.42403013,0.43780297
0.4343708,0.42940503,0.440969,0.42308015,0.47080916
0.45223275,0.4494609,0.44799525,0.41664457,0.4694804
0.43788904,0.44573942,0.44446617,0.3685109,0.46596235
0.36589986,0.36897928,0.36968148,0.35413718,0.41250062
0.28606224,0.26935285,0.27621916,0.32373464,0.30755824
0.21299052,0.21387279,0.2203117,0.2880345,0.22154729
0.1729364,0.16630206,0.1686717,0.25611195,0.18393137
0.15317997,0.15627345,0.15314236,0.24410336,0.13725553
0.14614344,0.14333841,0.14566606,0.21720845,0.12738468
0.15317997,0.14481089,0.15098435,0.22409344,0.13471691
0.17428958,0.17324978,0.17938618,0.2637212,0.16215953
0.23815967,0.24080238,0.22560056,0.23918286,0.2353865
0.33477673,0.35112616,0.33903053,0.2586962,0.370122
0.41244927,0.39180306,0.403861,0.25019813,0.4291821
0.44086602,0.42954126,0.43966565,0.28106594,0.45604396
0.4414073,0.44540733,0.45212415,0.30555838,0.47173035
0.44546685,0.43835348,0.44277394,0.33772302,0.4669891
0.4495264,0.43577337,0.44674304,0.35318422,0.47188658
0.4451962,0.4369995,0.4493996,0.3978305,0.45779806
0.4465494,0.4389731,0.44129968,0.38052472,0.4564007
0.42868742,0.42886522,0.44916785,0.4108289,0.43084168
0.42219216,0.41018346,0.4176278,0.4233234,0.42911178
0.43572396,0.42483243,0.43283665,0.4226029,0.43882036
0.45277402,0.4454434,0.45889425,0.40421274,0.44064826
0.4633288,0.45687968,0.46529588,0.38312915,0.47315013
0.47171855,0.47400913,0.47326863,0.37851542,0.4710735
0.46143436,0.45224428,0.44800153,0.35149753,0.4687091
0.38863328,0.39063156,0.3945397,0.3484526,0.4139755
0.30392423,0.29094508,0.29735526,0.3440408,0.31022304
0.2346414,0.22988155,0.23360284,0.32835734,0.22168846
0.194046,0.18734175,0.19319579,0.31522375,0.18666601
0.17645466,0.17740157,0.17510661,0.3077328,0.13964714
0.17320703,0.1675129,0.17151242,0.2890905,0.12873419
0.1797023,0.17476043,0.18299697,0.26120096,0.1404271
0.20622464,0.19970158,0.20862271,0.2574026,0.16843323
0.27388364,0.2791627,0.27138907,0.24193272,0.24563457
0.3686062,0.39069587,0.3778045,0.2468242,0.3653286
0.4343708,0.42130512,0.43025032,0.24060139,0.4374416
0.45683357,0.442357,0.45663607,0.2604931,0.45056218
0.4592693,0.4602341,0.46705604,0.30693424,0.46335602
0.461705,0.4536684,0.4628691,0.34653893,0.45636165
0.45304465,0.44876507,0.46230835,0.39321467,0.4684983
0.43653587,0.43389758,0.44328403,0.4178666,0.45391923
0.42273343,0.4233564,0.42376432,0.44335562,0.45895714
0.40487143,0.40186253,0.4128436,0.44525588,0.4272275
0.39296347,0.39137587,0.39668357,0.45962864,0.41996405
0.39052776,0.3943518,0.40159935,0.4515792,0.4390442
0.40838972,0.39660773,0.40746558,0.4446143,0.43212667
0.4097429,0.42419887,0.4353174,0.42616558,0.46253622
0.43328822,0.43026996,0.42307806,0.40655422,0.4596594
0.4541272,0.42684254,0.43402982,0.38061136,0.45670402
0.39269283,0.39685026,0.40344298,0.35996458,0.41808763
0.30554804,0.2973235,0.30670995,0.349522,0.30251575
0.2405954,0.23117056,0.2364151,0.33319616,0.22624262
0.19783491,0.19630092,0.20376734,0.32136148,0.18691643
0.17347768,0.18074039,0.1790934,0.30499947,0.14684315
0.16562922,0.16200304,0.16525128,0.2825963,0.124155715
0.16887686,0.16436929,0.17027196,0.24697869,0.13082851
0.19783491,0.18820056,0.18991761,0.24381626,0.15865472
0.25953993,0.2660773,0.24928254,0.26093727,0.24866782
0.34641406,0.36975312,0.3479994,0.24052846,0.36461443
0.40405953,0.39525527,0.4171248,0.28799275,0.4238659
0.4232747,0.41577214,0.42297012,0.36181402,0.44877827
0.42733425,0.42501476,0.43386102,0.3404153,0.44498622
0.43139377,0.4247529,0.4321748,0.31878024,0.45609826
0.41840324,0.42067143,0.43161553,0.34249556,0.459826
0.40162382,0.39061186,0.40291548,0.37174863,0.43439615
0.39539918,0.39285722,0.38595846,0.41208962,0.4581709
0.37618405,0.37568548,0.3902852,0.41893393,0.39868742
0.36427605,0.3594906,0.36269885,0.42594838,0.40071914
0.3602165,0.36423892,0.36534205,0.41589707,0.4213438
0.3585927,0.36100155,0.37227744,0.43468648,0.4107896
0.3631935,0.36523184,0.37362248,0.40829647,0.4436655
0.3864682,0.3863301,0.3941368,0.38243598,0.44240528
0.4097429,0.39224645,0.39372116,0.3533622,0.4351138
0.35778078,0.36527297,0.36871067,0.33462468,0.4041426
0.2849797,0.27295253,0.27985704,0.30793095,0.2825477
0.21921515,0.2125875,0.22526653,0.29710585,0.21718581
0.1729364,0.1723781,0.17965685,0.28234136,0.17841834
0.14830853,0.15366584,0.15124981,0.26076365,0.14107335
0.141272,0.13366956,0.14064316,0.24172696,0.117161006
0.14046007,0.13560468,0.1470643,0.24348888,0.12352495
0.14695534,0.15068609,0.15815216,0.24436024,0.1438527
0.1759134,0.17301688,0.17807059,0.26164085,0.18122655
0.22056833,0.22336778,0.23873083,0.2842753,0.22511612
0.2866035,0.28664154,0.27930012,0.2931571,0.28949603
0.34912044,0.33858547,0.33822492,0.27983338,0.3336724
0.3902571,0.38238063,0.3823107,0.26130962,0.37668774
0.40838972,0.3994121,0.40826857,0.26672035,0.39517963
0.4156969,0.40836343,0.41058883,0.28286585,0.37156752
0.4135318,0.40368688,0.41443765,0.3060764,0.36810625
0.40054128,0.39994144,0.40794328,0.3376193,0.37600857
0.38998646,0.38018385,0.3868737,0.35991248,0.31699735
0.3840325,0.3840355,0.3848307,0.37460363,0.33200657
0.38755074,0.3977095,0.38596976,0.37866762,0.3506716
0.397023,0.40680954,0.3973359,0.42410964,0.36578807
0.39783493,0.401744,0.40870878,0.40635473,0.39668843
0.39945874,0.41312802,0.4013992,0.39162195,0.42368758
0.39431664,0.39239338,0.39006755,0.37704045,0.37942052
0.34506088,0.34851044,0.3490969,0.37255836,0.3555093
0.27794316,0.27659717,0.2763284,0.34868237,0.2715842
0.21867388,0.21883845,0.21850282,0.34638244,0.20461716
0.17726658,0.17509502,0.17885362,0.3408243,0.14796212
0.15317997,0.16226155,0.15629297,0.3249477,0.104328156
0.14370771,0.14006057,0.14556558,0.31672388,0.092585504
0.13856563,0.14024162,0.14785708,0.32397127,0.099802524
0.14722598,0.14533472,0.15249826,0.30827302,0.12345542
0.16941813,0.16908684,0.18227898,0.30608988,0.14574857
0.20135318,0.20882031,0.22248441,0.3063178,0.16671377
0.2608931,0.26285556,0.26072007,0.30653626,0.22558405
0.32801083,0.3206834,0.32010427,0.32346636,0.28282094
0.37401894,0.3687951,0.36935902,0.32503796,0.35385162
0.39269283,0.3885055,0.39710066,0.34668434,0.360631
0.39052776,0.39500496,0.3992936,0.3699054,0.3544523
0.38511503,0.37779573,0.38316226,0.40394878,0.35954446
0.36806494,0.37247,0.37678573,0.4379465,0.35796815
0.35290933,0.3491945,0.3551651,0.43923366,0.30560824
0.3496617,0.34584585,0.34947336,0.44161117,0.319085
0.3691475,0.3685607,0.3635736,0.44268364,0.351114
0.3924222,0.39507413,0.3991868,0.43879968,0.35629395
0.39864683,0.40476623,0.40721393,0.44880342,0.40079665
0.41082543,0.41299513,0.40055797,0.4319309,0.42258048
0.4232747,0.4029161,0.4040482,0.41825682,0.37168598
0.35588634,0.37041166,0.3838748,0.38479206,0.3627254
0.27117726,0.27180436,0.26959714,0.3595432,0.24697383
0.20974289,0.20663476,0.20095694,0.3476046,0.19282988
0.17158322,0.17012724,0.16692264,0.33510476,0.120673314
0.15588634,0.15737629,0.1480437,0.3212099,0.112761214
0.15155616,0.14826536,0.14818244,0.31177878,0.11713274
0.15994588,0.15286148,0.15412565,0.31593472,0.120205164
0.18511502,0.18020916,0.18040894,0.30597872,0.14803134
0.26116374,0.25508842,0.2304217,0.27860844,0.22515447
0.37077132,0.38012502,0.35869074,0.29400617,0.34871566
0.4265223,0.43152896,0.45874923,0.31042713,0.41053277
0.43653587,0.43648016,0.44462395,0.3363899,0.4406
0.43707713,0.43782702,0.44434735,0.37762707,0.4668553
0.44627875,0.4341422,0.43854213,0.37647706,0.4573264
0.43951285,0.43949038,0.44813046,0.40148148,0.4669969
0.4338295,0.41741383,0.42791456,0.4181959,0.45034385
0.4338295,0.42452234,0.42508927,0.42053926,0.44981313
0.41705006,0.41896948,0.43631202,0.42585343,0.42141908
0.40947226,0.3990304,0.4112639,0.41846043,0.42077866
0.4189445,0.41329053,0.42084867,0.42469352,0.43379852
0.43545333,0.43035197,0.43993276,0.38846517,0.43288684
0.44790256,0.44415703,0.45315677,0.3994925,0.47281837
0.45818675,0.46597835,0.4674803,0.375126,0.46603572
0.45602164,0.4446915,0.44462144,0.35766685,0.46190667
0.38294992,0.3878156,0.39095387,0.32759196,0.40468448
0.29309878,0.28503504,0.29107192,0.3061301,0.29856795
0.22489852,0.21881497,0.2237625,0.28693748,0.20991363
0.18024357,0.18305025,0.18551992,0.27227426,0.17430079
0.16292287,0.16325724,0.15872826,0.24793707,0.1354813
0.15669824,0.15515143,0.15748091,0.26277182,0.1253665
0.15507442,0.16014639,0.1642439,0.27143252,0.13460682
0.17239513,0.17623529,0.17733337,0.26722738,0.16233824
0.2443843,0.24155784,0.23301336,0.27889252,0.23540582
0.35155615,0.3639542,0.35915273,0.27977905,0.36676803
0.4165088,0.40923795,0.41059315,0.2927868,0.4285877
0.4300406,0.42625988,0.43481696,0.28726327,0.45296025
0.43220568,0.4325777,0.4392987,0.27941996,0.46989965
0.42895806,0.43379256,0.4376646,0.28458744,0.46465284
0.42083898,0.42087373,0.42357144,0.33105186,0.46894962
0.408931,0.40550575,0.411335,0.36312437,0.45608753
0.40568337,0.403942,0.3987996,0.4119353,0.45572263
0.38863328,0.39344832,0.40225565,0.4222629,0.42867243
0.37861976,0.37769222,0.377565,0.4070806,0.42620462
0.38078484,0.38506225,0.38537213,0.43076843,0.43781203
0.3962111,0.39236623,0.39853224,0.41832137,0.43780297
0.41407308,0.40746853,0.41781047,0.4077855,0.47080916
0.4419486,0.4344149,0.43426523,0.38475496,0.4694804
0.45087957,0.43379253,0.436965,0.35020375,0.46596235
0.3788904,0.38834608,0.39168137,0.31906718,0.41250062
0.28470907,0.2804769,0.28657317,0.2949927,0.30755824
0.20974289,0.20948014,0.2117602,0.27981532,0.22154729
0.16589986,0.16518158,0.1661427,0.2817197,0.18393137
0.14560217,0.14995527,0.14504506,0.27803388,0.13725553
0.13721246,0.1367544,0.1366516,0.2752232,0.12738468
0.13721246,0.13716024,0.13897805,0.27629673,0.13471691
0.16400541,0.15744612,0.15597577,0.27353758,0.16215953
0.2368065,0.23206797,0.2211285,0.27045465,0.2353865
0.34912044,0.35350737,0.3453713,0.2631858,0.370122
0.4270636,0.40934426,0.41711682,0.27703464,0.4291821
0.44979703,0.4374228,0.44298127,0.27805173,0.45604396
0.45764548,0.45068017,0.45706552,0.3006505,0.47173035
0.4684709,0.45666215,0.46113378,0.31749445,0.4669891
0.46522328,0.45841032,0.47124487,0.33044195,0.47188658
0.45602164,0.446143,0.45728576,0.3591476,0.45779806
0.45277402,0.44690508,0.44760996,0.41696173,0.4564007
0.44032475,0.43403175,0.4514629,0.43175894,0.43084168
0.4392422,0.4275834,0.43605846,0.43547451,0.42911178
0.45087957,0.4476655,0.4513412,0.4351371,0.43882036
0.47090665,0.46302307,0.46784145,0.44346172,0.44064826
0.47929636,0.48011902,0.48401207,0.4279052,0.47315013
0.4887686,0.48854402,0.48913062,0.41626203,0.4710735
0.47794315,0.4674357,0.47301832,0.39016336,0.4687091
0.40487143,0.4059033,0.4049911,0.37143582,0.4139755
0.31637347,0.30492866,0.30774784,0.3498578,0.31022304
0.24330176,0.24032944,0.24201614,0.3386773,0.22168846
0.20162381,0.19496906,0.19867024,0.34231287,0.18666601
0.18078485,0.18346465,0.18208733,0.34316963,0.14081292
0.17212449,0.17015785,0.17387512,0.34611392,0.10584976
0.17510149,0.17169929,0.17879005,0.34823418,0.13105662
0.19864681,0.19523337,0.20520917,0.3496076,0.15257747
0.27009472,0.26863435,0.2683953,0.34580624,0.22054376
0.38024357,0.39270374,0.38409138,0.3561383,0.33055198
0.4481732,0.4436443,0.44424254,0.35566193,0.42136374
0.4608931,0.4567238,0.4665534,0.35268867,0.4503188
0.46576455,0.46201006,0.46934098,0.36068463,0.45280302
0.4700947,0.47037774,0.4720954,0.39214623,0.47984403
0.46630582,0.45837113,0.4684834,0.411699,0.49060494
0.45142084,0.44993678,0.45882082,0.43173963,0.47624445
0.4427605,0.43792173,0.44065756,0.437429,0.5033114
0.42300406,0.42354593,0.43762338,0.45205742,0.44329107
0.41190797,0.4076421,0.4121012,0.4573099,0.4546582
0.4156969,0.41244307,0.42094517,0.43834573,0.48036802
0.41542625,0.41952336,0.43743688,0.42884362,0.4616022
0.4143437,0.41810247,0.42526746,0.3831135,0.47870654
0.43031123,0.42692387,0.435789,0.37888563,0.4620636
0.4473613,0.4365867,0.42963493,0.3325529,0.47471392
0.38592693,0.39125612,0.39900714,0.28993857,0.4205434
0.29986468,0.29142922,0.29944083,0.26082894,0.31655318
0.22381596,0.22493094,0.23028482,0.2514595,0.23110752
0.17320703,0.17358556,0.17967948,0.23844667,0.15722728
0.15453315,0.15247026,0.14878328,0.23966962,0.13975897
0.14451963,0.14736882,0.14743164,0.24165025,0.11245854
0.14533153,0.14369738,0.1467293,0.26044935,0.11607236
0.16833559,0.16498065,0.16436885,0.25799003,0.13646474
0.23626523,0.23040268,0.21737988,0.27126557,0.22564934
0.33423546,0.35186255,0.3346354,0.23836708,0.3269384
0.3813261,0.3959084,0.40628868,0.24808627,0.41735983
0.39458728,0.39144608,0.3922161,0.29626846,0.45145983
0.40216509,0.39955887,0.41030914,0.32969022,0.43929282
0.41082543,0.40493938,0.4106864,0.33157563,0.46800578
0.40866035,0.40478954,0.4150989,0.3413151,0.48866302
0.39756426,0.3899422,0.4022939,0.3689171,0.46725476
0.38863328,0.39078522,0.38699505,0.3794303,0.49347043
0.37104195,0.3678905,0.38137096,0.3893754,0.42384827
0.3610284,0.3538287,0.3601318,0.4343232,0.44254768
0.35399187,0.35993373,0.36397633,0.42148268,0.47225153
0.3564276,0.34913293,0.35783404,0.43984652,0.45132267
0.35209742,0.35708246,0.3755558,0.42391336,0.46119326
0.35913396,0.36409697,0.3748326,0.42329627,0.4415002
0.39052776,0.37430137,0.36654454,0.3862542,0.4637531
0.35615698,0.35591444,0.3572294,0.33101177,0.39857394
0.2866035,0.27829307,0.2837427,0.3016621,0.3068812
0.21542625,0.21054038,0.22318187,0.26490927,0.22034626
0.17077132,0.16333905,0.17232597,0.2282572,0.1550773
0.1428958,0.14961806,0.15290995,0.20785733,0.14907382
0.132341,0.12617835,0.13440412,0.25525755,0.11141713
0.13207036,0.1282852,0.13622409,0.2471365,0.114046216
0.14018944,0.1429435,0.15021946,0.2518736,0.1324439
0.16319351,0.16498339,0.17327021,0.26708996,0.14865747
0.21163735,0.20965907,0.21392298,0.2632493,0.19626671
0.28092015,0.28070867,0.26681563,0.27123347,0.2776338
0.3336942,0.33764407,0.33322868,0.33287302,0.33900866
0.3518268,0.36408237,0.36368906,0.32735658,0.37381914
0.35399187,0.35795385,0.36186042,0.33605605,0.3831695
0.34695536,0.34765378,0.3550664,0.38539797,0.41030157
0.33477673,0.32882443,0.3401385,0.3976997,0.38636976
0.3201624,0.32226646,0.32472372,0.42017853,0.40166053
0.30933693,0.30173156,0.30775374,0.41526866,0.34936452
0.30960757,0.30643755,0.3033241,0.4327073,0.36397904
0.3179973,0.32224074,0.31561983,0.43366003,0.39604005
0.33504736,0.33517003,0.3318221,0.4202245,0.40384918
0.33883625,0.34141794,0.355273,0.40621966,0.42049107
0.3534506,0.35322452,0.3514934,0.41523945,0.39368886
0.36725304,0.37320358,0.36244732,0.37122485,0.39517814
0.3188092,0.32715318,0.33036,0.32646322,0.36563912
0.25006765,0.24893096,0.24384058,0.31393677,0.26622808
0.18971583,0.19010657,0.1870024,0.2807874,0.21805246
0.14614344,0.14187327,0.14861013,0.2509481,0.14147
0.11826793,0.12744904,0.12260854,0.2503482,0.09967084
0.11150203,0.10942835,0.10688758,0.23438531,0.07153639
0.11150203,0.109557815,0.11550993,0.2403616,0.08398166
0.11637348,0.12100019,0.12554136,0.2434408,0.100830644
0.135318,0.13097179,0.14511518,0.27957875,0.11753075
0.16400541,0.17323744,0.19480522,0.25953475,0.1450671
0.22381596,0.22897261,0.2304694,0.27015227,0.21390726
0.29418132,0.28416866,0.2811129,0.28370875,0.29396728
0.3391069,0.33559385,0.32895577,0.30027667,0.3452688
0.35805142,0.35552433,0.35612595,0.31490862,0.33945867
0.36265224,0.36151862,0.36164537,0.3572359,0.37383264
0.3602165,0.35271809,0.35849115,0.38249397,0.35558245
0.3504736,0.34897402,0.35419825,0.41113102,0.37417865
0.3437077,0.33726135,0.3446489,0.40867117,0.31095663
0.34235454,0.3408436,0.3478208,0.4106704,0.33643574
0.3594046,0.3578212,0.3555862,0.45528883,0.3780152
0.38538566,0.37739992,0.38906372,0.38829195,0.372221
0.39215156,0.3941547,0.40636188,0.39389455,0.41414756
0.39350474,0.39817512,0.39420974,0.38033444,0.38726276
0.39864683,0.39342037,0.37940332,0.33649832,0.3836571
0.335318,0.34480974,0.35566616,0.31633854,0.34900346
0.2571042,0.25226942,0.25203586,0.30882424,0.24011226
0.1932341,0.19313818,0.191056,0.2978875,0.19355269
0.15399188,0.14759654,0.14846683,0.29026604,0.10539006
0.13775373,0.1356146,0.13128147,0.29244116,0.11584759
0.1361299,0.13001975,0.13279437,0.29994327,0.097558826
0.14100136,0.13654554,0.14432877,0.27886978,0.106731445
0.16779432,0.15988582,0.16383885,0.26620293,0.12825227
0.2397835,0.2321882,0.22327493,0.27350426,0.19586922
0.3518268,0.3555459,0.33242175,0.25855848,0.31648168
0.41759133,0.4204668,0.43363696,0.27571297,0.39204925
0.43301758,0.43558344,0.44091985,0.31541485,0.43436918
0.44248986,0.44050696,0.44118345,0.34348363,0.4529605
0.44330177,0.45149836,0.4490394,0.36738092,0.4664954
0.44248986,0.43323925,0.4398566,0.38422802,0.4845569
0.42949933,0.42655477,0.43641022,0.41799593,0.47536016
0.42273343,0.41609767,0.41673186,0.43381274,0.4833507
0.4051421,0.4061947,0.42105442,0.4405095,0.43898994
0.3924222,0.3877317,0.39960068,0.43056768,0.45027316
0.3962111,0.39378405,0.39844882,0.45349687,0.4720286
0.4051421,0.4034933,0.4140912,0.42827982,0.45849663
0.40811908,0.4089888,0.41663635,0.41023892,0.48330557
0.4181326,0.4194037,0.4287371,0.3952878,0.4643044
0.4419486,0.420438,0.41749159,0.3418574,0.47142416
0.3813261,0.38796642,0.39384273,0.29455024,0.4083389
0.28985116,0.28639892,0.29290563,0.28136486,0.3133179
0.21569689,0.21251959,0.21665461,0.27010366,0.21725948
0.17564276,0.16801903,0.1725325,0.24516122,0.15779442
0.15101488,0.1578173,0.15795316,0.2523709,0.13752586
0.14479026,0.14205077,0.14208165,0.23470584,0.10765551
0.15074424,0.14731807,0.1506786,0.19226816,0.12623401
0.17212449,0.17402276,0.17661451,0.2357522,0.14775483
0.24167794,0.23905507,0.22577415,0.23557007,0.21355556
0.34695536,0.35930657,0.34980956,0.24436852,0.33367383
0.39648172,0.40771696,0.41385442,0.23878199,0.4151418
0.40866035,0.40326786,0.40426156,0.3410992,0.44991207
0.4127199,0.41359606,0.42341322,0.37842953,0.45892566
0.4143437,0.41772792,0.417849,0.35306,0.48328257
0.4189445,0.4061561,0.41405386,0.36730033,0.49139297
0.40784845,0.41093063,0.41685143,0.39339298,0.48134673
0.40351826,0.4007984,0.39480823,0.4134183,0.49867815
0.40027064,0.3894798,0.3981416,0.42122805,0.4498719
0.39133966,0.3927845,0.39948064,0.41193545,0.45696467
0.39431664,0.3956682,0.38963404,0.41406292,0.48132533
0.40135318,0.4008312,0.40592435,0.42194313,0.4704098
0.40405953,0.4047919,0.41094494,0.4131111,0.48891014
0.41786197,0.41308153,0.4204238,0.39745745,0.47014272
0.44627875,0.4247791,0.41601002,0.37866944,0.4798478
0.3907984,0.39221597,0.39909768,0.31663442,0.41713792
0.29499322,0.29288426,0.30101174,0.29371715,0.31729844
0.21677943,0.21065769,0.2180637,0.27919078,0.22801782
0.17537212,0.16666847,0.17266673,0.24922845,0.16060428
0.15480378,0.15807885,0.156942,0.205357,0.13971394
0.14695534,0.14701045,0.14854144,0.27572966,0.1107419
0.15507442,0.14432609,0.15288661,0.24493526,0.12705576
0.18186739,0.17588726,0.18253554,0.29879516,0.1485766
0.24979702,0.24906889,0.24291632,0.29699165,0.2146777
0.35534507,0.36641422,0.34966916,0.27768523,0.3370583
0.40162382,0.4141677,0.41637158,0.32376912,0.41829383
0.40730718,0.40533304,0.4097123,0.37496337,0.45326805
0.40135318,0.40581366,0.4171909,0.36974084,0.4615416
0.4008119,0.40139505,0.4021345,0.35728437,0.48640764
0.39594045,0.38857216,0.40149105,0.3766585,0.4951595
0.38890392,0.37876552,0.38822484,0.39696223,0.4841367
0.39269283,0.38586345,0.38199422,0.41905028,0.49948543
0.38700947,0.38328996,0.39680088,0.43780142,0.45344108
0.38267928,0.37469432,0.38240883,0.4285627,0.45910323
0.38078484,0.3827448,0.3868062,0.42807627,0.4841134
0.38782138,0.37945947,0.39137256,0.4225483,0.47442466
0.39133966,0.3915104,0.4100288,0.41133243,0.4924174
0.40189445,0.4071268,0.41516998,0.39929426,0.47260064
0.43626523,0.41075605,0.40133387,0.3704856,0.48375106
0.3797023,0.38829207,0.39309585,0.3138849,0.41824853
0.28687415,0.28202215,0.28760353,0.26128858,0.32016546
0.21028417,0.20513368,0.21255581,0.24578331,0.22813089
0.16617051,0.15876812,0.16802742,0.23374745,0.16438398
0.1466847,0.1470432,0.14716633,0.21126485,0.14081292
0.138295,0.13846698,0.14137362,0.21965717,0.10584976
0.14154263,0.1378476,0.14451016,0.23510237,0.13105662
0.16968876,0.16263783,0.16549529,0.26419765,0.15257747
0.2384303,0.23854786,0.23189004,0.3071562,0.22054376
0.34912044,0.35324952,0.33710194,0.28248343,0.33055198
0.39512855,0.41005036,0.41005573,0.29380047,0.42136374
0.40189445,0.39283296,0.39827907,0.35653055,0.4503188
0.405954,0.40245828,0.41082948,0.34895605,0.45280302
0.40811908,0.40586105,0.411367,0.36203665,0.47984403
0.40947226,0.39961526,0.40787834,0.40748084,0.49060494
0.40243572,0.39843783,0.40810546,0.40954512,0.47624445
0.40189445,0.39743355,0.3966949,0.42317623,0.5033114
0.39215156,0.39121866,0.4018174,0.42575037,0.44329107
0.38457376,0.38093945,0.38571218,0.4227559,0.4546582
0.38240865,0.38094112,0.38579133,0.42331463,0.48036802
0.37997293,0.38058105,0.39153433,0.4168237,0.4616022
0.38159674,0.38023663,0.3916432,0.40481275,0.47870654
0.39864683,0.40095338,0.40692723,0.40138477,0.4620636
0.43112314,0.41394663,0.4048087,0.3590219,0.47471392
0.37050068,0.38290524,0.38742465,0.31767517,0.4205434
0.29228687,0.27187964,0.2781531,0.26274318,0.31655318
0.21867388,0.21635267,0.22691743,0.22534241,0.23110752
0.16968876,0.16595745,0.17563312,0.2040168,0.15722728
0.14343707,0.14663711,0.1484797,0.1877765,0.13975897
0.12746955,0.13269371,0.13509455,0.17782567,0.11245854
0.12692828,0.12448353,0.12821749,0.21391842,0.11607236
0.14614344,0.14655331,0.14756817,0.2485581,0.13646474
0.20081191,0.20281029,0.19709063,0.21902955,0.22564934
0.31177267,0.30394453,0.29031843,0.23901206,0.3269384
0.38592693,0.38393867,0.3884421,0.25836486,0.41735983
0.40541273,0.40661752,0.40589112,0.27060995,0.45145983
0.41867387,0.41091147,0.41620332,0.27910894,0.43929282
0.4248985,0.42609176,0.42991462,0.28661725,0.46800578
0.41867387,0.4185215,0.42712787,0.34280965,0.48866302
0.41190797,0.39961052,0.41160393,0.37172335,0.46725476
0.40784845,0.40657774,0.4065147,0.39978087,0.49347043
0.3983762,0.38760653,0.4041889,0.42105776,0.42384827
0.39269283,0.3826834,0.3921938,0.42495412,0.44254768
0.39648172,0.39192304,0.39385435,0.43424594,0.47225153
0.402977,0.3938325,0.40446466,0.438232,0.45132267
0.40189445,0.40027773,0.41091433,0.43241686,0.46119326
0.40487143,0.4038761,0.4163034,0.42828023,0.4415002
0.40487143,0.40645656,0.40772218,0.40822038,0.4637531
0.35209742,0.35347745,0.35451317,0.38382986,0.39857394
0.27659,0.2681475,0.27337825,0.35734153,0.3068812
0.20433018,0.20165592,0.20778924,0.3472476,0.22034626
0.15317997,0.15305942,0.1569478,0.344352,0.1550773
0.12530446,0.12929767,0.1268665,0.3307191,0.14907382
0.11096076,0.110608585,0.11366545,0.3096918,0.11141713
0.10500677,0.1076627,0.1118778,0.31897628,0.114046216
0.110690124,0.11336551,0.121515885,0.3208567,0.1324439
0.13856563,0.13344145,0.15290566,0.29677874,0.14865747
0.18809202,0.18927914,0.22040458,0.3118063,0.19626671
0.26603517,0.26365915,0.2523799,0.30854928,0.2776338
0.33558863,0.3322744,0.3220833,0.33532083,0.33900866
0.37483084,0.37755042,0.3739503,0.3273757,0.37381914
0.3856563,0.38847452,0.39356652,0.33743507,0.3831695
0.37699595,0.38613388,0.38687786,0.38321286,0.41030157
0.3585927,0.35965097,0.36721858,0.40829206,0.38636976
0.34235454,0.3414189,0.34458625,0.45506394,0.40166053
0.32395127,0.32619938,0.33262345,0.49697894,0.34936452
0.32070366,0.32410654,0.31662795,0.54528934,0.36397904
0.32286873,0.33333138,0.33249608,0.5156646,0.39604005
0.33396482,0.3284864,0.3341626,0.4842378,0.40384918
0.33315292,0.33584148,0.34753966,0.4098223,0.42049107
0.34397835,0.34003857,0.3419615,0.43068165,0.39368886
0.3721245,0.3727437,0.35665184,0.3823241,0.39517814
0.3309878,0.34578472,0.3503933,0.31965792,0.36563912
0.25953993,0.26436877,0.2600532,0.2674853,0.26622808
0.18809202,0.19969088,0.19260857,0.2864078,0.21805246
0.13694182,0.13856041,0.13780047,0.26454812,0.14147
0.10554804,0.114464484,0.10885261,0.24686943,0.09967084
0.08822733,0.099248126,0.09077406,0.2236423,0.07153639
0.080108255,0.08248029,0.08282684,0.21864319,0.08398166
0.08281461,0.08335839,0.08494051,0.2527632,0.100830644
0.09418133,0.08946311,0.102523446,0.23199654,0.11753075
0.1255751,0.12781668,0.13107121,0.2563913,0.1450671
0.19729364,0.19811976,0.1969087,0.24672034,0.21390726
0.26738837,0.27163115,0.2720452,0.26470417,0.29396728
0.29959404,0.31240305,0.3063072,0.32470968,0.3452688
0.30338296,0.31119868,0.31565613,0.33203083,0.33945867
0.2976996,0.30098525,0.30407745,0.34964836,0.37383264
0.28552097,0.28295258,0.290827,0.37415296,0.35558245
0.2714479,0.27633032,0.27428365,0.44836825,0.37417865
0.26495263,0.2579212,0.26193914,0.49582404,0.31095663
0.26928282,0.26902905,0.26718628,0.56398803,0.33643574
0.28362653,0.29195485,0.2835304,0.5786435,0.3780152
0.30473614,0.29812685,0.3087137,0.5813177,0.372221
0.3188092,0.31657687,0.33193418,0.5451337,0.41414756
0.335318,0.33280963,0.3430258,0.5238474,0.38726276
0.3737483,0.3656592,0.34595513,0.47349465,0.3836571
0.32232746,0.33993074,0.34736052,0.41601616,0.34900346
0.2368065,0.2378481,0.23627059,0.39028934,0.24011226
0.16427605,0.17042136,0.15889648,0.3392753,0.19355269
0.121515565,0.11987797,0.110728815,0.26346216,0.10539006
0.102841675,0.100486144,0.09471484,0.24709025,0.11584759
0.096346416,0.09677512,0.09281112,0.22070341,0.097558826
0.096346416,0.094830446,0.097229466,0.20519799,0.106731445
0.12070365,0.116479285,0.10998571,0.2186464,0.12825227
0.18376184,0.1759474,0.167331,0.27881682,0.19586922
0.29878214,0.28592047,0.27856746,0.2505498,0.31648168
0.37428957,0.3723326,0.39234486,0.28157064,0.39204925
0.4,0.40009966,0.3911657,0.36309463,0.43436918
0.4216509,0.40983602,0.40381372,0.4016807,0.4529605
0.43707713,0.43358418,0.4271261,0.41970032,0.4664954
0.44303113,0.4351215,0.4377941,0.4388486,0.4845569
0.44303113,0.4364611,0.43965715,0.4807126,0.47536016
0.44844383,0.44599676,0.44068825,0.52618,0.4833507
0.4427605,0.4443067,0.45724884,0.519794,0.43898994
0.4392422,0.43382397,0.44882143,0.53255284,0.45027316
0.4376184,0.44394115,0.452481,0.49309385,0.4720286
0.4338295,0.43433908,0.44761795,0.56392246,0.45849663
0.43220568,0.42936596,0.4377926,0.53862244,0.48330557
0.43653587,0.4441426,0.45107183,0.49221897,0.4643044
0.45602164,0.45315385,0.4373927,0.44933784,0.47142416
0.38998646,0.413916,0.4038813,0.3813079,0.4083389
0.28876862,0.28509167,0.29120654,0.2813718,0.3133179
0.20595399,0.20942631,0.2052836,0.29814297,0.21725948
0.14830853,0.15409636,0.15528703,0.24451512,0.15779442
0.123139374,0.12287312,0.118846655,0.14125927,0.13752586
0.10960758,0.11594904,0.11240333,0.19600943,0.10765551
0.105818674,0.107930996,0.1109425,0.23880509,0.12623401
0.13125846,0.12898633,0.1308896,0.22282784,0.14775483
0.19485791,0.19445103,0.20837851,0.23204443,0.21355556
0.3036536,0.31047294,0.30692247,0.2418369,0.33367383
0.37050068,0.38101658,0.3782118,0.26096374,0.4151418
0.38511503,0.39460996,0.39808872,0.25614968,0.44991207
0.3962111,0.39720944,0.40500718,0.26705137,0.45892566
0.4067659,0.40833253,0.4108113,0.31539494,0.48328257
0.4097429,0.40835512,0.41240308,0.35906857,0.49139297
0.405954,0.4039749,0.4087263,0.37033957,0.48134673
0.40649527,0.4035914,0.40228853,0.435484,0.49867815
0.3924222,0.39413533,0.40478733,0.4759544,0.4498719
0.38376185,0.37675068,0.37974358,0.48929322,0.45696467
0.38700947,0.3864794,0.38358146,0.48812908,0.48132533
0.39566982,0.38944796,0.39703745,0.5228905,0.4704098
0.39810556,0.39426014,0.39972922,0.5409576,0.48891014
0.40270635,0.4054232,0.41087127,0.5145114,0.47014272
0.4270636,0.40595707,0.4133669,0.5041474,0.4798478
0.36671177,0.37338856,0.38303065,0.47381473,0.41713792
0.27009472,0.26805794,0.27042025,0.388655,0.31729844
0.19566983,0.1884777,0.1878884,0.36697245,0.22801782
0.15047361,0.14672616,0.14853884,0.35296953,0.16060428
0.12530446,0.12995917,0.1287926,0.30397928,0.13971394
0.11231394,0.11744297,0.11544576,0.3037657,0.1107419
0.112584576,0.11037334,0.11317302,0.32729292,0.12705576
0.13802436,0.13464963,0.13280676,0.3256358,0.1485766
0.2037889,0.20100662,0.19142191,0.31043342,0.2146777
0.31610283,0.31869137,0.29998386,0.30083108,0.3370583
0.38294992,0.38668552,0.3935849,0.2837641,0.41829383
0.39539918,0.39871764,0.4012704,0.29341847,0.45326805
0.4046008,0.39815488,0.40654403,0.30406195,0.4615416
0.41407308,0.4145079,0.41484523,0.31760442,0.48640764
0.4156969,0.40812826,0.41851798,0.388499,0.4951595
0.40351826,0.4016216,0.41412237,0.39831632,0.4841367
0.40784845,0.3956824,0.39485568,0.4217766,0.49948543
0.39972937,0.39655378,0.41415256,0.47308755,0.45344108
0.394046,0.38654897,0.398538,0.46111733,0.45910323
0.40054128,0.3931851,0.40108424,0.44737667,0.4841134
0.405954,0.40031567,0.41524985,0.42868668,0.47442466
0.4051421,0.40268946,0.41302297,0.41390735,0.4924174
0.40866035,0.41010296,0.42379558,0.36224034,0.47260064
0.43193504,0.41205528,0.40861416,0.33554703,0.48375106
0.3813261,0.37968937,0.38174903,0.3038795,0.41824853
0.28552097,0.28712618,0.2906342,0.28276426,0.32016546
0.20730717,0.20229506,0.20486102,0.26565936,0.22813089
0.15994588,0.15450588,0.15996417,0.2568316,0.16438398
0.13504736,0.1386922,0.13682342,0.2564286,0.14081292
0.12286874,0.1248275,0.12528299,0.26080304,0.10584976
0.12476319,0.12235326,0.12541826,0.25833464,0.13105662
0.14857917,0.14692944,0.14853041,0.2640161,0.15257747
0.21299052,0.21137205,0.20801444,0.2614691,0.22054376
0.32070366,0.3264536,0.31586596,0.28044063,0.33055198
0.39215156,0.39210835,0.39001304,0.27620554,0.42136374
0.41244927,0.40995678,0.41320595,0.3084514,0.4503188
0.42598104,0.42125496,0.42596376,0.31050003,0.45280302
0.44113666,0.4328882,0.43700826,0.33197415,0.47984403
0.4443843,0.44026136,0.44758597,0.35508177,0.49060494
0.44221923,0.43323863,0.44190174,0.4101506,0.47624445
0.44790256,0.44058263,0.441406,0.48326236,0.5033114
0.43707713,0.44065854,0.45461014,0.5117012,0.44329107
0.43112314,0.4270896,0.4310946,0.5350388,0.4546582
0.42814615,0.42957392,0.43650585,0.5307979,0.48036802
0.4270636,0.42215464,0.42997986,0.4884196,0.4616022
0.42543977,0.42464846,0.42740625,0.47186965,0.47870654
0.43193504,0.43362662,0.43705884,0.42034805,0.4620636
0.45277402,0.44279838,0.43439984,0.36646098,0.47471392
0.39106902,0.40686008,0.40582877,0.35107875,0.4205434
0.29634643,0.29367313,0.29411173,0.32948047,0.31655318
0.21569689,0.21842158,0.21666117,0.31340292,0.23110752
0.16779432,0.16243544,0.1663534,0.29253167,0.15722728
0.1428958,0.14655858,0.14438252,0.2959736,0.13975897
0.1315291,0.1322209,0.13298379,0.28988585,0.11245854
0.12963465,0.13128418,0.1345052,0.28863427,0.11607236
0.15074424,0.14918244,0.15070046,0.30537942,0.13646474
0.21217862,0.20103753,0.20764536,0.31185615,0.22564934
0.32043302,0.31626967,0.3109269,0.31685698,0.3269384
0.39566982,0.40198395,0.39895624,0.31531933,0.41735983
0.4232747,0.4275488,0.4228034,0.3463642,0.45145983
0.44871446,0.43725196,0.4416294,0.33487153,0.43929282
0.46549392,0.4665272,0.4674738,0.36849362,0.46800578
0.46197563,0.4682099,0.47290868,0.41379452,0.48866302
0.45087957,0.44737366,0.4568827,0.42762196,0.46725476
0.44492558,0.4460066,0.4444105,0.483693,0.49347043
0.42516914,0.42618588,0.44255474,0.4756989,0.42384827
0.4181326,0.40495977,0.41291195,0.48933643,0.44254768
0.4189445,0.41480294,0.42257786,0.5075085,0.47225153
0.41705006,0.40943643,0.42355353,0.48790008,0.45132267
0.41488498,0.4087019,0.41439527,0.46516907,0.46119326
0.4156969,0.4126255,0.42972696,0.40714586,0.4415002
0.42083898,0.42326802,0.4228267,0.36473167,0.4637531
0.37239513,0.3759239,0.37286657,0.36212575,0.39857394
0.2955345,0.28930324,0.28966114,0.33123302,0.3068812
0.22192152,0.22042236,0.22462516,0.33466148,0.22034626
0.16860622,0.1715278,0.17506908,0.33501953,0.1550773
0.13883626,0.14435256,0.14238502,0.35176486,0.14907382
0.12124492,0.12339046,0.126962,0.20350805,0.11141713
0.11691475,0.11582992,0.1190121,0.21777454,0.114046216
0.12124492,0.12523434,0.13191074,0.21181156,0.1324439
0.14316644,0.1414369,0.15458117,0.23460725,0.14865747
0.1924222,0.19065729,0.20477287,0.23463431,0.19626671
0.26657647,0.26757276,0.26212355,0.25633237,0.2776338
0.33640054,0.33256614,0.32710272,0.24685133,0.33900866
0.37564275,0.37905782,0.38144892,0.26411906,0.37381914
0.3916103,0.38984343,0.39573848,0.30751717,0.3831695
0.39052776,0.39288455,0.39640328,0.30942518,0.41030157
0.3737483,0.3750891,0.3849486,0.3690037,0.38636976
0.35669824,0.35535607,0.360032,0.41766453,0.40166053
0.34506088,0.33664685,0.34527493,0.4737215,0.34936452
0.33721244,0.34161854,0.3438425,0.4969107,0.36397904
0.34506088,0.3428556,0.34116116,0.49598598,0.39604005
0.35317996,0.3577201,0.36030716,0.49977708,0.40384918
0.34912044,0.35109684,0.35900295,0.48037088,0.42049107
0.3428958,0.35488677,0.3549196,0.43805236,0.39368886
0.36048713,0.3572753,0.34731257,0.36304075,0.39517814
0.32638702,0.32431749,0.34038943,0.31916374,0.36563912
0.25629228,0.2602444,0.26057085,0.27921027,0.26622808
0.18890393,0.19332927,0.18945257,0.25726944,0.21805246
0.14073072,0.13811627,0.14116406,0.2424103,0.14147
0.11447903,0.11962221,0.113713875,0.2721346,0.09967084
0.09932341,0.10676474,0.10269597,0.18275112,0.07153639
0.09120433,0.09644785,0.096604824,0.23548102,0.08398166
0.090933695,0.09657037,0.09753654,0.23526306,0.100830644
0.10365359,0.10192096,0.10959627,0.21668315,0.11753075
0.13748309,0.13680607,0.14192002,0.27147192,0.1450671
0.20162381,0.21047166,0.2020031,0.2885749,0.21390726
0.26657647,0.26955822,0.26807284,0.36464077,0.29396728
0.30419487,0.30883852,0.3063967,0.33488876,0.3452688
0.31637347,0.3189362,0.32346296,0.34684625,0.33945867
0.31935048,0.31721112,0.31969166,0.33072478,0.37383264
0.31447902,0.30695587,0.3159274,0.37771034,0.35558245
0.30419487,0.30330703,0.30809364,0.40876818,0.37417865
0.30067658,0.29161677,0.2992905,0.4373005,0.31095663
0.30392423,0.30002484,0.30691582,0.45530802,0.33643574
0.32530448,0.3174977,0.32021162,0.45883948,0.3780152
0.35588634,0.34365162,0.3558015,0.4735453,0.372221
0.36833557,0.36438456,0.37925303,0.4499935,0.41414756
0.3677943,0.3753694,0.37467948,0.434116,0.38726276
0.3805142,0.37648445,0.36047044,0.38300836,0.3836571
0.32611638,0.33079413,0.3441492,0.32820264,0.34900346
0.23897158,0.24288541,0.241735,0.2783828,0.24011226
0.16481732,0.17141336,0.16162376,0.2604017,0.19355269
0.12286874,0.12068812,0.112542585,0.2353699,0.10539006
0.10257104,0.102834724,0.0970131,0.22414473,0.11584759
0.09607578,0.09665991,0.09013948,0.2169388,0.097558826
0.09607578,0.09600597,0.09635264,0.23409946,0.106731445
0.119079836,0.11713707,0.111946315,0.23455715,0.12825227
0.18322057,0.17687681,0.17264412,0.26292217,0.19586922
0.29797024,0.29030648,0.28179556,0.29331064,0.31648168
0.37618405,0.37152722,0.3852396,0.27525008,0.39204925
0.40027064,0.4034547,0.40030783,0.35723084,0.43436918
0.41542625,0.41149727,0.40991858,0.33131954,0.4529605
0.42760488,0.42552614,0.42491677,0.33781713,0.4664954
0.4343708,0.4243472,0.43201664,0.36631006,0.4845569
0.42949933,0.42326853,0.43405458,0.4088791,0.47536016
0.4257104,0.42093334,0.42455977,0.41173887,0.4833507
0.41488498,0.410688,0.42924142,0.43721366,0.43898994
0.4067659,0.39918113,0.41980398,0.42128634,0.45027316
0.41461435,0.40685168,0.41922134,0.4277056,0.4720286
0.4284168,0.41748208,0.4357034,0.44399565,0.45849663
0.42516914,0.4280515,0.43608767,0.42391312,0.48330557
0.42381597,0.42579767,0.4355765,0.40562987,0.4643044
0.4240866,0.41918612,0.42582163,0.38301384,0.47142416
0.35778078,0.36053914,0.36918807,0.3440598,0.4083389
0.26224628,0.26117405,0.26469052,0.30555692,0.3133179
0.1843031,0.18493375,0.1831307,0.28128096,0.21725948
0.14018944,0.13699126,0.13666527,0.25709963,0.15779442
0.1150203,0.11970057,0.118048295,0.25297958,0.13752586
0.105818674,0.106969215,0.10427864,0.2468921,0.10765551
0.10690122,0.10789553,0.110785335,0.24537373,0.12623401
0.13125846,0.13338625,0.13438275,0.2387346,0.14775483
0.1932341,0.19852605,0.2026022,0.26549906,0.21355556
0.3098782,0.3096545,0.3010551,0.26458475,0.33367383
0.3848444,0.38387504,0.38660416,0.2869643,0.4151418
0.394046,0.404962,0.40937334,0.34945816,0.44991207
0.40622464,0.3993539,0.40571868,0.35649514,0.45892566
0.41677943,0.41898072,0.41948622,0.3948725,0.48328257
0.4156969,0.41663244,0.42022535,0.43541747,0.49139297
0.41163734,0.40709707,0.4099206,0.46656698,0.48134673
0.40947226,0.41086397,0.40740806,0.4602539,0.49867815
0.40189445,0.39857888,0.40934724,0.4514523,0.4498719
0.39810556,0.39512032,0.4005983,0.44340807,0.45696467
0.39945874,0.40029904,0.40758395,0.42172027,0.48132533
0.39864683,0.39933562,0.40688482,0.4133897,0.4704098
0.39972937,0.3931246,0.39586452,0.39527833,0.48891014
0.40108255,0.40727273,0.4160419,0.3732307,0.47014272
0.42273343,0.41488627,0.39797482,0.3506078,0.4798478
0.36427605,0.37436038,0.37547064,0.28990915,0.41713792
0.26901218,0.26787707,0.27200663,0.23309067,0.31729844
0.1932341,0.18897307,0.19088672,0.17107181,0.22801782
0.1450609,0.14446655,0.14838904,0.20070112,0.16060428
0.11556157,0.12415034,0.121622026,0.20045467,0.13971394
0.09797023,0.107013024,0.10302004,0.20616287,0.1107419
0.10067659,0.093501456,0.09544176,0.20766866,0.12705576
0.12341002,0.12376811,0.12144303,0.22876634,0.1485766
0.18403247,0.18217939,0.17646815,0.24608864,0.2146777
0.30067658,0.2925221,0.2831256,0.2686954,0.3370583
0.3686062,0.3745459,0.38156796,0.27218923,0.41829383
0.38267928,0.38659897,0.38604674,0.32242623,0.45326805
0.40270635,0.3865264,0.39791897,0.31073105,0.4615416
0.41840324,0.41587728,0.41872698,0.34434658,0.48640764
0.41786197,0.41548756,0.42469615,0.4019823,0.4951595
0.4232747,0.40459248,0.41510525,0.45341158,0.4841367
0.42679295,0.42609218,0.4289115,0.45944107,0.49948543
0.4248985,0.41546988,0.43286023,0.46198362,0.45344108
0.41461435,0.41408712,0.42908177,0.48474652,0.45910323
0.4097429,0.4096619,0.4133836,0.47829598,0.4841134
0.40811908,0.39954305,0.41257268,0.47128868,0.47442466
0.40405953,0.4011978,0.40886554,0.47007906,0.4924174
0.40351826,0.41072017,0.41391903,0.45826864,0.47260064
0.4257104,0.40975288,0.40581152,0.44079375,0.48375106
0.36806494,0.37666568,0.38266286,0.3535425,0.41824853
0.27090663,0.27228206,0.2758122,0.305355,0.32016546
0.18998647,0.18965614,0.19054143,0.22275577,0.22813089
0.14262517,0.13659438,0.1399379,0.23609626,0.16438398
0.11935047,0.121324696,0.118411854,0.23629087,0.14081292
0.10690122,0.109713964,0.11017273,0.24539354,0.10584976
0.10446549,0.106319316,0.11022742,0.21992615,0.13105662
0.129364,0.1264632,0.12573455,0.2247173,0.15257747
0.19269283,0.19170734,0.1893516,0.24562827,0.22054376
0.3082544,0.3063769,0.28846583,0.25852087,0.33055198
0.38538566,0.38280684,0.3855117,0.26017398,0.42136374
0.4105548,0.40333444,0.41248652,0.28689268,0.4503188
0.42733425,0.4216772,0.42884633,0.2885231,0.45280302
0.44113666,0.43561265,0.4402219,0.3254481,0.47984403
0.4473613,0.43892574,0.44777155,0.35321707,0.49060494
0.4405954,0.4371219,0.45148182,0.3853073,0.47624445
0.43978348,0.43044695,0.43769526,0.4225633,0.5033114
0.42625168,0.42193195,0.4433447,0.44005996,0.44329107
0.41759133,0.40839002,0.4191234,0.45267093,0.4546582
0.4202977,0.41342202,0.4193503,0.4533674,0.48036802
0.4308525,0.41679394,0.4266935,0.4667403,0.4616022
0.43572396,0.43053386,0.4314224,0.4635561,0.47870654
0.4324763,0.43873128,0.44545162,0.43845904,0.4620636
0.43870094,0.42368612,0.43221864,0.38803446,0.47471392
0.37943166,0.37652722,0.38449913,0.34461206,0.4205434
0.28362653,0.28198573,0.2854221,0.33059293,0.31655318
0.20649527,0.2025913,0.20191735,0.305219,0.23110752
0.15534507,0.15426832,0.15863383,0.29246008,0.15722728
0.13288227,0.13346067,0.12919134,0.27919087,0.13975897
0.12016238,0.12399983,0.12322146,0.2881435,0.11245854
0.121515565,0.12173862,0.12096709,0.27675492,0.11607236
0.14154263,0.14348814,0.1446975,0.27144164,0.13646474
0.20216508,0.20103335,0.19708915,0.27241778,0.22564934
0.31231394,0.31365725,0.30541924,0.2734685,0.3269384
0.39296347,0.38825658,0.39271304,0.2755632,0.41735983
0.42083898,0.41824687,0.422431,0.28650492,0.45145983
0.43707713,0.43229207,0.43851405,0.28469476,0.43929282
0.4443843,0.44855025,0.4498264,0.3174761,0.46800578
0.44492558,0.43831617,0.4465236,0.3446077,0.48866302
0.43545333,0.42864618,0.4417721,0.34430563,0.46725476
0.43031123,0.42463657,0.42929718,0.36861396,0.49347043
0.41705006,0.40805295,0.42975602,0.36500502,0.42384827
0.40622464,0.3997601,0.41270876,0.37200284,0.44254768
0.40487143,0.40343967,0.409729,0.37172383,0.47225153
0.408931,0.3989794,0.41375434,0.37662977,0.45132267
0.4051421,0.4026426,0.41122675,0.3808269,0.46119326
0.3983762,0.4016604,0.4151805,0.36205792,0.4415002
0.40622464,0.3948699,0.40240848,0.33022696,0.4637531
0.35913396,0.3587209,0.36173594,0.30962926,0.39857394
0.28958052,0.27606004,0.27645528,0.30438256,0.3068812
0.21569689,0.21407223,0.22347741,0.30570033,0.22034626
0.16319351,0.16236946,0.16805403,0.2976429,0.1550773
0.135318,0.13925132,0.13860771,0.29965168,0.14907382
0.1217862,0.12053231,0.12536728,0.29272884,0.11141713
0.12016238,0.11829425,0.123238996,0.29864383,0.114046216
0.1255751,0.13011122,0.13801703,0.29075295,0.1324439
0.14993234,0.15048915,0.1611364,0.2915617,0.14865747
0.19566983,0.2007809,0.21470125,0.2915617,0.19626671
0.27009472,0.26919386,0.25812262,0.3055625,0.2776338
0.33721244,0.33487713,0.32758352,0.31345934,0.33900866
0.37050068,0.37817547,0.37653244,0.33813792,0.37381914
0.37997293,0.38139388,0.3871129,0.37932143,0.3831695
0.37050068,0.379135,0.38291267,0.40778092,0.41030157
0.3556157,0.3519052,0.36065614,0.44364738,0.38636976
0.34424898,0.34003058,0.34510076,0.4258824,0.40166053
0.33585927,0.32764998,0.3378512,0.40281424,0.34936452
0.33207035,0.3339405,0.33491206,0.41762984,0.36397904
0.34479025,0.3409696,0.33890602,0.40824354,0.39604005
0.35994586,0.36036465,0.3640605,0.42913514,0.40384918
0.3645467,0.36080763,0.36860788,0.38523835,0.42049107
0.3653586,0.3711389,0.37192166,0.3848483,0.39368886
0.3797023,0.37726638,0.36514246,0.34667373,0.39517814
0.34181327,0.33814925,0.34781566,0.2879239,0.36563912
0.2714479,0.27076158,0.27034307,0.256962,0.26622808
0.20811908,0.2057161,0.20157768,0.2528222,0.21805246
0.15399188,0.15351704,0.16243282,0.25277436,0.14147
0.129364,0.13010845,0.12382494,0.23686251,0.09967084
0.11339648,0.1202716,0.11967975,0.2429845,0.07153639
0.11041949,0.1084998,0.10984129,0.23828566,0.08398166
0.11691475,0.11750849,0.12037182,0.22979124,0.100830644
0.13071719,0.13213417,0.14328863,0.23097365,0.11753075
0.16644114,0.16631928,0.17718774,0.21400496,0.1450671
0.2308525,0.23583797,0.24153002,0.23645958,0.21390726
0.29201624,0.2950293,0.2920214,0.25558257,0.29396728
0.33558863,0.3307065,0.32556802,0.30223876,0.3452688
0.34262517,0.35302478,0.35584882,0.32703418,0.33945867
0.34073073,0.3407878,0.34061426,0.36499536,0.37383264
0.33207035,0.32845172,0.33594418,0.4520291,0.35558245
0.317456,0.32084218,0.32404926,0.46983135,0.37417865
0.30798376,0.30512837,0.30927584,0.4675513,0.31095663
0.30933693,0.30677977,0.30969733,0.46130735,0.33643574
0.32232746,0.32613525,0.32608992,0.4512176,0.3780152
0.33937752,0.3387029,0.34853673,0.4483117,0.372221
0.34776726,0.34402034,0.36075428,0.4214126,0.41414756
0.33991882,0.35995087,0.36184934,0.4145409,0.38726276
0.35967523,0.3547478,0.33662808,0.40130842,0.3836571
0.32990527,0.32160568,0.33727401,0.3342867,0.34900346
0.26332882,0.25771147,0.26200855,0.28127658,0.24011226
0.19891746,0.1989671,0.19613068,0.256934,0.19355269
0.14830853,0.15010881,0.15019482,0.26316798,0.10539006
0.123139374,0.12462703,0.119373694,0.2381751,0.11584759
0.10987821,0.11388194,0.112382576,0.21960029,0.097558826
0.10906631,0.10527585,0.10854961,0.22025956,0.106731445
0.11962111,0.12825784,0.12211916,0.26980802,0.12825227
0.13288227,0.1655168,0.15069686,0.23083016,0.19586922
0.17131259,0.20093542,0.18224578,0.26032454,0.31648168
0.2346414,0.22739857,0.24695884,0.28497708,0.39204925
0.3104195,0.29818833,0.29165924,0.3113653,0.43436918
0.35020298,0.35769626,0.35009345,0.2924022,0.4529605
0.37185386,0.3708876,0.36110553,0.31955314,0.4664954
0.38294992,0.37428853,0.37962168,0.39304215,0.4845569
0.37564275,0.37713736,0.3827307,0.45402247,0.47536016
0.35778078,0.37414148,0.3656134,0.4737509,0.4833507
0.34533152,0.34198058,0.34732348,0.46892405,0.43898994
0.34614342,0.33287007,0.3465884,0.4827261,0.45027316
0.36589986,0.35781178,0.36232796,0.5152883,0.4720286
0.38592693,0.37663662,0.39486516,0.52484345,0.45849663
0.40027064,0.38899514,0.39959103,0.4726621,0.48330557
0.4097429,0.41196665,0.40737006,0.4344951,0.4643044
0.4143437,0.42151582,0.40752268,0.43037564,0.47142416
0.3458728,0.363705,0.37359947,0.38459224,0.4083389
0.26441136,0.251408,0.25645158,0.34391865,0.3133179
0.1886333,0.19219828,0.19160773,0.31035116,0.21725948
0.14397834,0.13742286,0.13325182,0.2782403,0.15779442
0.12124492,0.11856336,0.11733304,0.27822027,0.13752586
0.11285521,0.11226133,0.10856949,0.26473236,0.10765551
0.11989175,0.10945908,0.11338566,0.23605217,0.12623401
0.14560217,0.14248827,0.14177671,0.25750864,0.14775483
0.20866035,0.20381296,0.19841678,0.26548368,0.21355556
0.32882273,0.31698546,0.30859622,0.27415943,0.33367383
0.405954,0.4093542,0.4252162,0.2879157,0.4151418
0.42219216,0.43294832,0.43093157,0.251468,0.44991207
0.44248986,0.43380478,0.43170065,0.34083313,0.45892566
0.45060894,0.45850876,0.45791894,0.34721762,0.48328257
0.45439783,0.44800332,0.45089933,0.33790803,0.49139297
0.4473613,0.44771418,0.44879115,0.34932005,0.48134673
0.4465494,0.44102868,0.4371492,0.41193697,0.49867815
0.4368065,0.4306133,0.44962442,0.38095808,0.4498719
0.4316644,0.42524168,0.4393866,0.40403804,0.45696467
0.43978348,0.43710235,0.44265202,0.39713746,0.48132533
0.45304465,0.44316834,0.45580924,0.39625153,0.4704098
0.44898513,0.45122847,0.46023357,0.3699314,0.48891014
0.4427605,0.44314715,0.45786244,0.3545509,0.47014272
0.4265223,0.43419397,0.4372641,0.33843434,0.4798478
0.35778078,0.36066502,0.36254486,0.2889636,0.41713792
0.2790257,0.26348296,0.26782772,0.2929455,0.31729844
0.21136671,0.20555338,0.20864388,0.28105545,0.22801782
0.16752368,0.16338626,0.16798112,0.26692382,0.16060428
0.14397834,0.14877161,0.14624783,0.27325863,0.13971394
0.13477673,0.13608453,0.13695349,0.27961975,0.1107419
0.13721246,0.13555938,0.14304812,0.2721945,0.12705576
0.16102841,0.15908721,0.1667207,0.26650566,0.1485766
0.22949933,0.22536823,0.22982049,0.2742524,0.2146777
0.33640054,0.34921288,0.33859393,0.27364695,0.3370583
0.40866035,0.4030653,0.40281984,0.28983277,0.41829383
0.4270636,0.42545763,0.43535382,0.28093392,0.45326805
0.4405954,0.4314356,0.44051522,0.33811778,0.4615416
0.45223275,0.45242032,0.4502959,0.38106382,0.48640764
0.455751,0.4442982,0.4559284,0.37801877,0.4951595
0.44844383,0.44227484,0.45395166,0.38410443,0.4841367
0.44627875,0.43898004,0.44268113,0.38748068,0.49948543
0.4316644,0.42790952,0.4466726,0.40551615,0.45344108
0.42002708,0.4149261,0.42533523,0.42452115,0.45910323
0.42435724,0.41959634,0.42586964,0.42246187,0.4841134
0.43355885,0.42705145,0.43604016,0.4178943,0.47442466
0.43301758,0.43243167,0.43344575,0.42073303,0.4924174
0.43058187,0.4337503,0.43707258,0.39660645,0.47260064
0.44925576,0.42203864,0.41549832,0.38590735,0.48375106
0.39972937,0.39356425,0.4032231,0.35268503,0.41824853
0.30338296,0.3078111,0.31669712,0.32367504,0.32016546
0.21948579,0.22055307,0.22369005,0.27379313,0.22813089
0.17104195,0.16483557,0.16939585,0.26056024,0.16438398
0.14479026,0.15107206,0.14763522,0.2515359,0.14081292
0.1331529,0.13392755,0.13312486,0.24528304,0.10584976
0.13640054,0.13330105,0.13361783,0.22794107,0.13105662
0.16265224,0.16061184,0.1576478,0.23995632,0.15257747
0.22652233,0.22950503,0.21755598,0.2510032,0.22054376
0.34154263,0.34210336,0.3247947,0.2473476,0.33055198
0.4037889,0.41134715,0.42644566,0.2686304,0.42136374
0.4143437,0.4126906,0.4173441,0.3209014,0.4503188
0.4165088,0.41782853,0.4281442,0.35918546,0.45280302
0.42435724,0.418691,0.42432576,0.38673228,0.47984403
0.42462787,0.41792753,0.43019933,0.42892313,0.49060494
0.41299054,0.40976435,0.4221971,0.45071453,0.47624445
0.40703654,0.40264702,0.4042942,0.4373635,0.5033114
0.39945874,0.3912899,0.40419328,0.43545485,0.44329107
0.39215156,0.38999218,0.39752573,0.42475742,0.4546582
0.3948579,0.38848236,0.3951837,0.40555346,0.48036802
0.39377537,0.39503706,0.40593296,0.3946374,0.4616022
0.3916103,0.39173424,0.39609557,0.39241832,0.47870654
0.39458728,0.4045886,0.4118933,0.37360603,0.4620636
0.42300406,0.40243602,0.40320045,0.3322538,0.47471392
0.38078484,0.37623698,0.3849617,0.2899655,0.4205434
0.28227335,0.29002094,0.29484043,0.24923006,0.31655318
0.20487145,0.19938278,0.19921923,0.20601973,0.23110752
0.1564276,0.15321165,0.15971291,0.19226915,0.15722728
0.13017592,0.13538668,0.13361615,0.1996719,0.13975897
0.11745602,0.1203467,0.11994848,0.21284804,0.11245854
0.11745602,0.11736695,0.11887096,0.20324352,0.11607236
0.13964817,0.13923553,0.13639054,0.24650669,0.13646474
0.19648173,0.19882733,0.18969218,0.26852107,0.22564934
0.31231394,0.30209616,0.28965852,0.2584183,0.3269384
0.38538566,0.38596985,0.39499193,0.28501117,0.41735983
0.4113667,0.40374836,0.402362,0.3296427,0.45145983
0.4240866,0.42007428,0.42711964,0.31852585,0.43929282
0.4405954,0.43053764,0.43272012,0.31545174,0.46800578
0.44384304,0.44012198,0.4484299,0.37868035,0.48866302
0.4359946,0.42918247,0.44112456,0.41870022,0.46725476
0.42976996,0.42847577,0.4300915,0.4246981,0.49347043
0.41244927,0.40957192,0.42850322,0.4426841,0.42384827
0.40433016,0.39163265,0.4031022,0.44415236,0.44254768
0.39891747,0.39896837,0.40773913,0.4601646,0.47225153
0.40108255,0.38832793,0.39799488,0.39847848,0.45132267
0.4008119,0.39583498,0.4055346,0.41621143,0.46119326
0.39133966,0.40305373,0.4137035,0.43018645,0.4415002
0.39512855,0.39396843,0.3960516,0.38059425,0.4637531
0.35886332,0.3484945,0.35421777,0.29454392,0.39857394
0.2811908,0.28048727,0.2822579,0.29615062,0.3068812
0.20730717,0.2027882,0.21036069,0.2725321,0.22034626
0.16752368,0.1549455,0.1610088,0.24926472,0.1550773
0.1391069,0.14786991,0.14947766,0.23535433,0.14907382
0.123951286,0.123191126,0.12935175,0.244119,0.11141713
0.11989175,0.119229,0.12666799,0.24577674,0.114046216
0.12909336,0.12919915,0.13857514,0.2519772,0.1324439
0.15236807,0.15584072,0.16979514,0.24668786,0.14865747
0.2,0.20299616,0.21665756,0.2645172,0.19626671
0.26143438,0.27403066,0.26004708,0.2805501,0.2776338
0.3242219,0.32047656,0.3099097,0.2847182,0.33900866
0.35317996,0.36299485,0.36665422,0.31641316,0.37381914
0.36292288,0.36376432,0.36948115,0.3443721,0.3831695
0.35805142,0.36119467,0.3670845,0.42231548,0.41030157
0.3428958,0.3405983,0.35058513,0.41540724,0.38636976
0.32801083,0.3275437,0.32971737,0.43684685,0.40166053
0.31366712,0.30908808,0.31677103,0.47117686,0.34936452
0.31150204,0.30898762,0.3074993,0.4768811,0.36397904
0.31393775,0.3216631,0.32014737,0.48937827,0.39604005
0.32476318,0.32683238,0.32456017,0.45947063,0.40384918
0.32882273,0.3274254,0.34080708,0.44555938,0.42049107
0.329364,0.34117737,0.3393146,0.44874507,0.39368886
0.3458728,0.34885433,0.33312994,0.42718875,0.39517814
0.32341,0.31061617,0.32034057,0.3368231,0.36563912
0.26414073,0.2630113,0.26139316,0.2742898,0.26622808
0.20243572,0.20191562,0.20246068,0.22998452,0.21805246
0.15236807,0.14976963,0.15971412,0.2134955,0.14147
0.124492556,0.12805867,0.1244493,0.23822287,0.14671189
0.10933694,0.109538,0.11319792,0.24186072,0.1412368
0.107713126,0.10905417,0.10764605,0.25131828,0.11217892
0.11150203,0.115966566,0.11863235,0.26046103,0.12177949
0.117997296,0.12235468,0.13233192,0.25982922,0.13407515
0.15696888,0.15274072,0.15028599,0.27451637,0.16295661
0.22110961,0.22384027,0.22675648,0.27841425,0.26964277
0.28985116,0.29061708,0.28275257,0.32206047,0.31519657
0.32909337,0.33500132,0.32784855,0.3497277,0.39251807
0.33991882,0.34881034,0.34429497,0.37358806,0.41926798
0.34343708,0.34446898,0.34135666,0.4447416,0.43115264
0.34235454,0.33940315,0.3411084,0.43100715,0.44177178
0.33342355,0.33579776,0.33848453,0.41789716,0.43433163
0.32990527,0.32260653,0.3280711,0.41580465,0.4028502
0.3345061,0.33189377,0.33525702,0.41505346,0.41684645
0.35155615,0.35926756,0.34818256,0.42517954,0.4810747
0.37672532,0.3759803,0.3752939,0.4030487,0.48916376
0.3856563,0.39312583,0.39710116,0.3950377,0.492369
0.38755074,0.38546672,0.38670337,0.3895427,0.43447393
0.402977,0.40353402,0.37987912,0.38340557,0.4038567
0.36671177,0.38049302,0.37223917,0.31679004,0.3968794
0.27496618,0.28196177,0.29300612,0.24473622,0.3145131
0.20514208,0.2006084,0.19025134,0.20572793,0.24712886
0.16075778,0.15405512,0.15589994,0.17112422,0.17874375
0.13937753,0.13765508,0.13330996,0.1872406,0.17792682
0.12801082,0.13404751,0.12879074,0.1852654,0.1651905
0.13071719,0.12778804,0.12742613,0.17950936,0.15411341
0.1526387,0.14674622,0.14913084,0.20823634,0.16730624
0.21163735,0.20621362,0.20271583,0.23405664,0.23051392
0.32882273,0.31766605,0.3093666,0.23736674,0.32989126
0.41082543,0.41312304,0.42163837,0.29023793,0.4330566
0.4343708,0.43986264,0.43437278,0.3333846,0.47781467
0.45845738,0.44692641,0.44152558,0.34499568,0.5197487
0.4811908,0.47703713,0.4711825,0.38389874,0.54675424
0.48254398,0.48674735,0.48994505,0.48113686,0.5638351
0.48687416,0.47743988,0.47741115,0.50931,0.5759592
0.49878213,0.4942203,0.48638827,0.5392226,0.56777996
0.49282816,0.5001178,0.51031655,0.57052994,0.5475503
0.49012178,0.4816794,0.49404573,0.5737052,0.577031
0.49445197,0.5009211,0.49945757,0.57138354,0.572898
0.4955345,0.50027305,0.50360215,0.5682405,0.55973107
0.48903924,0.4957331,0.48964125,0.5534166,0.5700518
0.48010826,0.48264655,0.49163342,0.53887695,0.52511144
0.49120432,0.48632863,0.4755482,0.49720806,0.51734734
0.44492558,0.47064844,0.445403,0.42939228,0.4765684
0.35399187,0.34019706,0.3528786,0.32546705,0.38563254
0.26711774,0.27391675,0.27086508,0.2999531,0.29664278
0.21515562,0.21333483,0.21083204,0.25600788,0.23579665
0.18457375,0.18838441,0.18914928,0.23537113,0.19365214
0.16887686,0.17433488,0.1716403,0.2505417,0.1690901
0.16698241,0.1668331,0.17008242,0.24806628,0.1685733
0.1856563,0.18488133,0.1908394,0.24322163,0.18682791
0.24221921,0.23914361,0.24676265,0.24619281,0.247167
0.34451962,0.34998104,0.34881845,0.2850181,0.34524068
0.42354533,0.4305474,0.42573667,0.2902145,0.45417565
0.45683357,0.45732152,0.45677787,0.36570346,0.48806655
0.4787551,0.48182413,0.48088592,0.37294245,0.52293074
0.49905276,0.5022826,0.49745002,0.46950972,0.5578487
0.51610285,0.50982237,0.51074225,0.520679,0.5682998
0.5255751,0.52358836,0.527114,0.5899224,0.57820547
0.53152907,0.5339635,0.5326503,0.5607839,0.58133763
0.5225981,0.5291091,0.5323982,0.6327855,0.5506543
0.5185386,0.5128766,0.51387024,0.61236715,0.5797123
0.5155616,0.5251543,0.52259606,0.6109293,0.5768379
0.5074425,0.51257247,0.5140022,0.58854735,0.562649
0.49336943,0.503716,0.49407125,0.52376753,0.5707429
0.4836265,0.47823766,0.48483694,0.4994309,0.5264597
0.49120432,0.48246148,0.48195428,0.4833821,0.52147746
0.4405954,0.45708558,0.45160055,0.4240486,0.4868737
0.34993234,0.33360156,0.35061294,0.3739539,0.39265764
0.2730717,0.26459768,0.26567686,0.33408722,0.30104637
0.22516915,0.22164544,0.22228529,0.31367642,0.243854
0.19729364,0.19715843,0.199998,0.2971051,0.19799714
0.18186739,0.18683335,0.18626542,0.3167339,0.17065132
0.17916103,0.1807538,0.18303682,0.28857636,0.16950235
0.1991881,0.19651413,0.19861786,0.27908114,0.18928725
0.25764546,0.2525611,0.24918136,0.2816881,0.24853022
0.35805142,0.3662588,0.34594128,0.2866752,0.3472476
0.42679295,0.43939444,0.4458589,0.27871934,0.45429945
0.4473613,0.45034876,0.46167684,0.27103424,0.49026316
0.45899865,0.46053463,0.4641909,0.34714335,0.52615595
0.47983763,0.4733634,0.4753673,0.3923073,0.5590919
0.48525032,0.4854084,0.49829495,0.41096264,0.5719472
0.48443842,0.4743439,0.48937267,0.47516334,0.58022755
0.48741543,0.48057762,0.48415753,0.4852978,0.58290195
0.47848445,0.47813475,0.49011683,0.5219263,0.5526442
0.47415426,0.4622969,0.47443897,0.55504495,0.58203983
0.47631934,0.4783164,0.48161656,0.5494821,0.5797305
0.4744249,0.48348615,0.48275232,0.5348896,0.5649054
0.46738836,0.46978787,0.4723482,0.49919176,0.5719971
0.45953992,0.4547634,0.4742616,0.47013462,0.52902347
0.46441138,0.45418963,0.4562741,0.42483985,0.5249944
0.4097429,0.43211004,0.42055315,0.38607916,0.48846453
0.3242219,0.30802688,0.3229281,0.33765703,0.3943482
0.24492557,0.24644294,0.24890871,0.31092176,0.3020097
0.19566983,0.19459611,0.19436917,0.27287233,0.2461374
0.17239513,0.1695902,0.1696396,0.24608964,0.18453574
0.16075778,0.16292274,0.16190185,0.24775258,0.16121635
0.15994588,0.16104352,0.16159059,0.23073298,0.16286682
0.17861976,0.17742932,0.17849185,0.2379406,0.18564166
0.2346414,0.23188895,0.2253735,0.23235181,0.24716394
0.3404601,0.3448287,0.32212138,0.22475356,0.3415485
0.41840324,0.4158279,0.42857528,0.23845904,0.45307606
0.44465494,0.4393756,0.45098597,0.2741673,0.48098642
0.46035182,0.45869228,0.46052706,0.30960625,0.5143893
0.47334236,0.4718132,0.4760296,0.3336373,0.5554628
0.47658998,0.47137266,0.48154026,0.34951156,0.56028897
0.4744249,0.46507645,0.4785671,0.3942655,0.5712392
0.46711773,0.46831843,0.47593808,0.42466718,0.5799607
0.46197563,0.45143923,0.46455115,0.43231255,0.540665
0.45818675,0.45285594,0.4651751,0.44542688,0.5696121
0.46197563,0.4627193,0.46483752,0.4441173,0.5665845
0.46278754,0.47362065,0.4689353,0.46951348,0.5508981
0.45169148,0.46303353,0.461492,0.42503643,0.5527275
0.44086602,0.4387779,0.45577043,0.4397028,0.5187111
0.44979703,0.43607563,0.43738243,0.43150693,0.5111338
0.40622464,0.42106345,0.40750906,0.381863,0.4875263
0.3255751,0.30763143,0.32572538,0.3340614,0.38280112
0.24221921,0.24872229,0.25116807,0.31646848,0.29519013
0.20433018,0.18750489,0.18987873,0.2695548,0.23763703
0.17510149,0.18023631,0.18769623,0.25867397,0.19333173
0.16238159,0.16197303,0.16273572,0.25654143,0.1715629
0.16184032,0.16119859,0.16392364,0.27219224,0.15660976
0.17807849,0.17643479,0.18147168,0.28229815,0.18133402
0.23193505,0.22737566,0.223822,0.26817212,0.23766612
0.33748308,0.33501866,0.32072094,0.25981605,0.34185845
0.4189445,0.41777757,0.4266158,0.28664178,0.43730733
0.44221923,0.44872406,0.45136726,0.30944538,0.48200023
0.46197563,0.4529892,0.45380473,0.31711262,0.50859547
0.4660352,0.47661072,0.47903898,0.36386895,0.54435205
0.47117728,0.45853722,0.46638405,0.42837572,0.55955523
0.46116373,0.4605491,0.4744909,0.45411438,0.5636982
0.4608931,0.45205948,0.45452216,0.45716864,0.56779313
0.45439783,0.4471695,0.46580374,0.47381645,0.5204622
0.4435724,0.44220233,0.45440426,0.46910918,0.5523995
0.4392422,0.44424906,0.44192457,0.49483907,0.5651064
0.43139377,0.43709898,0.44145346,0.4743538,0.5412829
0.41705006,0.4263611,0.4252,0.47036088,0.5337012
0.4051421,0.4083484,0.4226747,0.44800407,0.5049419
0.4143437,0.4136854,0.4072402,0.4352408,0.5028579
0.40405953,0.40724942,0.38085508,0.38474196,0.459643
0.32665765,0.32697305,0.34480965,0.33401525,0.3705574
0.24627875,0.24310985,0.25064307,0.28140765,0.29408476
0.19052774,0.19454646,0.19750962,0.25902677,0.23297001
0.15372124,0.16263321,0.16262893,0.2799967,0.19297144
0.14154263,0.14085051,0.13750443,0.21004415,0.15547402
0.13396482,0.14040926,0.14191005,0.26365983,0.15086514
0.14154263,0.14154756,0.14481412,0.23460403,0.1526334
0.15534507,0.16023046,0.17449616,0.25302485,0.16765766
0.20784844,0.20727476,0.20567037,0.2663483,0.21036817
0.28903925,0.2855213,0.2809966,0.271234,0.31023046
0.35615698,0.35969266,0.34995538,0.40167046,0.35465834
0.3813261,0.3994646,0.39739382,0.38490716,0.42921406
0.3991881,0.39884403,0.39390755,0.44495732,0.45743537
0.40135318,0.4091717,0.41334814,0.49088156,0.4745415
0.40135318,0.3956361,0.4008284,0.53936946,0.4753791
0.39864683,0.39578643,0.40452144,0.55762845,0.45863342
0.3991881,0.39311543,0.3995468,0.59235764,0.4241734
0.40838972,0.40705657,0.403184,0.59485227,0.45580626
0.42083898,0.42801765,0.42060965,0.55615747,0.4848253
0.42976996,0.4322832,0.42790967,0.6070181,0.48261023
0.42543977,0.43901762,0.42805156,0.5837832,0.4834202
0.41759133,0.4179052,0.4198725,0.5625792,0.43720946
0.42300406,0.43483087,0.41446766,0.53865093,0.4266203
0.4121786,0.4161635,0.39553833,0.46234512,0.40653697
0.33640054,0.34485084,0.3493347,0.38290226,0.34158438
0.26143438,0.25659612,0.25303409,0.23858306,0.26373973
0.20622464,0.2046974,0.20730942,0.23622333,0.20511003
0.17023005,0.17667982,0.17465001,0.26283112,0.14671189
0.14614344,0.15538844,0.15420601,0.24470818,0.1412368
0.13423546,0.13839203,0.13748872,0.24926947,0.11217892
0.13288227,0.1362431,0.13850993,0.25867355,0.12177949
0.13640054,0.13798496,0.15447937,0.2591781,0.13407515
0.17347768,0.17487466,0.1805166,0.27162838,0.16295661
0.24411367,0.24788412,0.25317746,0.29763347,0.26964277
0.32313937,0.3224535,0.30872726,0.37748486,0.31519657
0.37266576,0.37961575,0.3675307,0.44085807,0.39251807
0.40541273,0.40507555,0.39823568,0.503788,0.41926798
0.41759133,0.42838937,0.42225245,0.5764555,0.43115264
0.42381597,0.42462334,0.4218883,0.6309473,0.44177178
0.42192152,0.4237705,0.4268275,0.61392885,0.43433163
0.42083898,0.41988924,0.42371184,0.6576695,0.4028502
0.4308525,0.42578903,0.42882085,0.62798524,0.41684645
0.45385656,0.45722535,0.4523551,0.6614057,0.4810747
0.47415426,0.47346744,0.4818805,0.6329023,0.48916376
0.4787551,0.48311308,0.4828421,0.6249368,0.492369
0.47307172,0.4719589,0.47237784,0.614937,0.43447393
0.48525032,0.4828727,0.46452266,0.543688,0.4038567
0.4519621,0.4629124,0.46275985,0.47635245,0.3968794
0.3556157,0.35921428,0.37307334,0.43605566,0.3145131
0.27090663,0.26999858,0.2601858,0.34314698,0.24712886
0.2202977,0.21237653,0.20661907,0.3342794,0.17874375
0.1924222,0.18961158,0.1849645,0.2456779,0.17792682
0.17645466,0.1810711,0.1738845,0.27146927,0.1651905
0.17320703,0.16973424,0.17010091,0.2920485,0.15411341
0.19269283,0.1859177,0.18418042,0.29579425,0.16730624
0.24979702,0.24433014,0.23470266,0.2886251,0.23051392
0.36048713,0.3535361,0.33876202,0.30069324,0.32989126
0.4384303,0.4552296,0.46689662,0.33128127,0.4330566
0.47767252,0.47721234,0.47435236,0.37621337,0.47781467
0.5112314,0.50677395,0.4989798,0.40597945,0.5197487
0.5445196,0.5397978,0.5321387,0.4717003,0.54675424
0.56941813,0.558696,0.5617428,0.55759126,0.5638351
0.57943165,0.5772171,0.5814735,0.6209195,0.5759592
0.591069,0.58872885,0.584996,0.66571856,0.56777996
0.58782136,0.59427994,0.60331047,0.68681914,0.5475503
0.5805142,0.5789622,0.5891938,0.6643219,0.577031
0.57591337,0.5839071,0.5814581,0.6730364,0.572898
0.56752366,0.5711606,0.57926947,0.6098645,0.55973107
0.5510149,0.55780494,0.55964196,0.5979053,0.5700518
0.53883624,0.53376716,0.54757375,0.6021085,0.52511144
0.54018945,0.53923345,0.54495186,0.5753223,0.51734734
0.48930988,0.51247275,0.50305974,0.54207474,0.4765684
0.38836265,0.3814039,0.39464408,0.48462158,0.38563254
0.29986468,0.30270642,0.29541606,0.40770817,0.29664278
0.24492557,0.24392891,0.24090555,0.37462878,0.23579665
0.21434371,0.21802735,0.21467543,0.3493407,0.19365214
0.19296347,0.20269266,0.20027155,0.35110104,0.1690901
0.1894452,0.18888763,0.18977682,0.32950938,0.1685733
0.2067659,0.20633203,0.21019723,0.32346773,0.18682791
0.2668471,0.25956407,0.25890017,0.32878894,0.247167
0.36562923,0.3773658,0.36316633,0.32013226,0.34524068
0.43897158,0.454455,0.45637858,0.333663,0.45417565
0.4828146,0.47637078,0.48474354,0.36463827,0.48806655
0.5074425,0.5166714,0.519393,0.36228395,0.52293074
0.52990526,0.5314009,0.53159434,0.40305406,0.5578487
0.5426252,0.54200315,0.54875314,0.47274065,0.5682998
0.5461434,0.54466784,0.5516857,0.5418631,0.57820547
0.54830855,0.5496229,0.5474247,0.5540267,0.58133763
0.5377537,0.5393169,0.5464481,0.5475245,0.5506543
0.5274696,0.5231863,0.5303393,0.5870019,0.5797123
0.5182679,0.5291953,0.5319013,0.60136396,0.5768379
0.5136671,0.5126326,0.5195598,0.542639,0.562649
0.49986467,0.5109169,0.5083488,0.54398817,0.5707429
0.48146144,0.4848452,0.49372685,0.5123167,0.5264597
0.47929636,0.48048458,0.48162413,0.4935354,0.52147746
0.43301758,0.4523372,0.44210488,0.46703798,0.4868737
0.33585927,0.33453596,0.34859455,0.4092397,0.39265764
0.25087956,0.25158313,0.24957971,0.33357418,0.30104637
0.19566983,0.19857559,0.19637819,0.3033366,0.243854
0.16671178,0.16927707,0.16551064,0.2736588,0.19799714
0.15047361,0.15961412,0.1513005,0.2702505,0.17065132
0.14641407,0.14903781,0.14684588,0.22400337,0.16950235
0.16238159,0.16324091,0.16001362,0.19793944,0.18928725
0.21542625,0.21078098,0.20269486,0.19892755,0.24853022
0.3255751,0.323189,0.29426107,0.23733497,0.3472476
0.40189445,0.41311622,0.42945826,0.2767888,0.45429945
0.4324763,0.43130812,0.44384548,0.40047902,0.49026316
0.45304465,0.45255998,0.45428127,0.4128499,0.52615595
0.47713125,0.47166285,0.472717,0.41097248,0.5590919
0.4895805,0.48448887,0.49505186,0.45084047,0.5719472
0.48768607,0.48472157,0.4984451,0.48897284,0.58022755
0.49201623,0.48469028,0.48844913,0.4795168,0.58290195
0.47388363,0.48504218,0.49984765,0.46023154,0.5526442
0.46738836,0.45267797,0.46412835,0.46853805,0.58203983
0.46738836,0.47002032,0.47754824,0.4795171,0.5797305
0.4684709,0.4708064,0.47186363,0.45212734,0.5649054
0.46711773,0.46417177,0.46277797,0.44280428,0.5719971
0.45683357,0.4548539,0.47019958,0.408485,0.52902347
0.45737484,0.4480238,0.4555732,0.38937265,0.5249944
0.41407308,0.42165712,0.41618568,0.34629035,0.48846453
0.32530448,0.3146992,0.33047763,0.33486065,0.3943482
0.24113667,0.24249789,0.2436627,0.30861086,0.3020097
0.1924222,0.18796626,0.18667619,0.2919545,0.2461374
0.16833559,0.16681677,0.16763094,0.29100513,0.18453574
0.15507442,0.16044983,0.15773419,0.28067708,0.16121635
0.15534507,0.15554982,0.15437247,0.2710086,0.16286682
0.1759134,0.1730282,0.17331222,0.26145592,0.18564166
0.2338295,0.22992563,0.22242396,0.27494058,0.24716394
0.34235454,0.3442292,0.32188234,0.2789474,0.3415485
0.42354533,0.42392227,0.43539613,0.27738822,0.45307606
0.45006767,0.44840676,0.45957392,0.2779976,0.48098642
0.46549392,0.4645533,0.4663263,0.32204846,0.5143893
0.47902572,0.47700262,0.48113474,0.3538282,0.5554628
0.49066305,0.47792163,0.48814014,0.38687706,0.56028897
0.48930988,0.48339877,0.49789345,0.43715638,0.5712392
0.4871448,0.48163745,0.49002293,0.45832103,0.5799607
0.4744249,0.4735789,0.48743877,0.4669642,0.540665
0.46738836,0.4602641,0.4699599,0.46769792,0.5696121
0.47307172,0.47144318,0.473234,0.46284425,0.5665845
0.479567,0.4853874,0.4822155,0.4412399,0.5508981
0.47794315,0.4804879,0.4784655,0.42127252,0.5527275
0.47415426,0.46503055,0.48072863,0.3876601,0.5187111
0.46738836,0.46486074,0.46916512,0.3639716,0.5111338
0.4127199,0.42439184,0.41382295,0.3328011,0.4875263
0.32530448,0.30950704,0.32339954,0.3221987,0.38280112
0.2465494,0.24648842,0.24557479,0.32682127,0.29519013
0.19972937,0.19403249,0.19652884,0.31122786,0.23763703
0.17347768,0.17362466,0.17626034,0.30320495,0.19333173
0.1594046,0.1629822,0.16194588,0.3173598,0.1715629
0.15994588,0.15893245,0.15974517,0.31214678,0.15660976
0.18132612,0.17656249,0.18131894,0.30002475,0.18133402
0.2346414,0.23387828,0.23496287,0.31056577,0.23766612
0.33179972,0.3368628,0.32858044,0.31577057,0.34185845
0.41677943,0.41285715,0.41538715,0.31241113,0.43730733
0.44763193,0.45245078,0.45478326,0.32954687,0.48200023
0.47225982,0.4636533,0.46421152,0.33551037,0.50859547
0.4895805,0.489467,0.49184534,0.34620804,0.54435205
0.4849797,0.48773035,0.49937287,0.34230822,0.55955523
0.47794315,0.46705517,0.47846833,0.34754765,0.5636982
0.4714479,0.4684486,0.4736266,0.34769914,0.56779313
0.45899865,0.45145077,0.46910682,0.34549326,0.5204622
0.45304465,0.4442248,0.45488793,0.35941595,0.5523995
0.45304465,0.45693251,0.46215698,0.35714212,0.5651064
0.45060894,0.4604524,0.46013415,0.3722558,0.5412829
0.44248986,0.44016078,0.44818664,0.38134703,0.5337012
0.42679295,0.4234744,0.44806722,0.3724404,0.5049419
0.41975644,0.41767535,0.4210516,0.34985965,0.5028579
0.38024357,0.39328808,0.37655675,0.33564115,0.459643
0.3036536,0.2941499,0.3069898,0.31683862,0.3705574
0.22598106,0.22590694,0.23274566,0.31226063,0.29408476
0.17428958,0.17703983,0.17711815,0.3027501,0.23297001
0.15426251,0.14852563,0.14835277,0.30353516,0.19297144
0.1399188,0.14585802,0.14710414,0.29800272,0.15547402
0.13937753,0.14093184,0.14037164,0.29949406,0.15086514
0.14695534,0.15072984,0.15766375,0.29831934,0.1526334
0.16779432,0.16880986,0.18252258,0.30918384,0.16765766
0.21190798,0.22500142,0.22617657,0.3124029,0.21036817
0.28606224,0.2854798,0.27709383,0.30575228,0.31023046
0.3594046,0.355094,0.34637108,0.31453842,0.35465834
0.40135318,0.4064521,0.40647733,0.35091615,0.42921406
0.41948578,0.4218571,0.4226364,0.3774821,0.45743537
0.41623816,0.42415628,0.42491835,0.41235524,0.4745415
0.40541273,0.40300936,0.4099481,0.4431321,0.4753791
0.39431664,0.39140648,0.39826825,0.48279244,0.45863342
0.38430312,0.38195744,0.39079684,0.50690913,0.4241734
0.3772666,0.3860437,0.3871526,0.51724976,0.45580626
0.38267928,0.38937077,0.38476443,0.48251075,0.4848253
0.39756426,0.4013804,0.39455885,0.49480468,0.48261023
0.39972937,0.40690422,0.40411502,0.46627212,0.4834202
0.38998646,0.39305332,0.39710492,0.45168108,0.43720946
0.3932341,0.39854145,0.3828237,0.38314724,0.4266203
0.37483084,0.37303364,0.3624345,0.37165707,0.40653697
0.30717185,0.30612317,0.31460637,0.3286767,0.34158438
0.23437077,0.23661348,0.2361315,0.29637694,0.26373973
0.18213803,0.18125719,0.18480074,0.2756397,0.20511003
0.15290934,0.15627047,0.15538964,0.27373874,0.14671189
0.13667117,0.14044684,0.13949016,0.26252285,0.1412368
0.12719892,0.13421288,0.13220817,0.27149773,0.11217892
0.1285521,0.13018876,0.13127239,0.23914841,0.12177949
0.13667117,0.13559449,0.14735737,0.2544553,0.13407515
0.17726658,0.17641097,0.1715987,0.23823477,0.16295661
0.24546684,0.2495307,0.2522446,0.29822966,0.26964277
0.3142084,0.31950036,0.31377643,0.3147571,0.31519657
0.35967523,0.3634342,0.3556865,0.32774472,0.39251807
0.37510148,0.3859127,0.38184988,0.3539546,0.41926798
0.3759134,0.3821892,0.37936676,0.40253538,0.43115264
0.3653586,0.36967483,0.37293184,0.42986327,0.44177178
0.3572395,0.35415938,0.35638773,0.4662395,0.43433163
0.35209742,0.34811816,0.35400456,0.5151874,0.4028502
0.35913396,0.3527734,0.35546815,0.5179636,0.41684645
0.37672532,0.38403884,0.37813643,0.52970505,0.4810747
0.394046,0.39912084,0.4018463,0.53507113,0.48916376
0.4008119,0.4060473,0.40554538,0.51213515,0.492369
0.3948579,0.39923367,0.40328866,0.50629586,0.43447393
0.41109607,0.4069892,0.389682,0.46192318,0.4038567
0.37916103,0.39375547,0.39068907,0.4118302,0.3968794
0.2976996,0.2959337,0.3058505,0.3697099,0.3145131
0.2232747,0.22337621,0.21666084,0.28216454,0.24712886
0.17997293,0.17006555,0.1688372,0.2884408,0.17874375
0.15480378,0.15585268,0.15334544,0.20927612,0.17792682
0.138295,0.1470784,0.14069772,0.27056026,0.1651905
0.13964817,0.13409114,0.13249943,0.21353096,0.15411341
0.16346414,0.15576088,0.15368347,0.24934143,0.16730624
0.21244925,0.21972689,0.20677686,0.27888954,0.23051392
0.3188092,0.3134843,0.29320195,0.271975,0.32989126
0.40189445,0.40136173,0.4217298,0.27764446,0.4330566
0.4405954,0.43581235,0.43319792,0.35504645,0.47781467
0.47063598,0.46113345,0.455254,0.39624906,0.5197487
0.4895805,0.4912208,0.48273802,0.42167866,0.54675424
0.50094724,0.49184272,0.49415836,0.44169825,0.5638351
0.4976996,0.4996539,0.5016327,0.49577242,0.5759592
0.50581867,0.49857506,0.4923038,0.5020769,0.56777996
0.50635993,0.50508463,0.5158766,0.5360776,0.5475503
0.50798374,0.49800745,0.5143813,0.53659993,0.577031
0.5142084,0.5159528,0.51856965,0.5110515,0.572898
0.51772666,0.51771414,0.521711,0.5443865,0.55973107
0.50771314,0.5150053,0.5130616,0.51331365,0.5700518
0.4879567,0.49448898,0.50360024,0.49687093,0.52511144
0.4871448,0.4850218,0.48036534,0.4648173,0.51734734
0.45818675,0.45622632,0.44307572,0.38869646,0.4765684
0.35805142,0.35650036,0.3793105,0.3493263,0.38563254
0.27009472,0.2671539,0.26474732,0.31318283,0.29664278
0.21623816,0.21462703,0.2131597,0.2988153,0.23579665
0.18971583,0.18840116,0.18724366,0.25974002,0.19365214
0.17510149,0.1798299,0.1777723,0.24247009,0.1690901
0.17347768,0.17361543,0.17699894,0.21498619,0.1685733
0.1924222,0.19116038,0.1977547,0.25413036,0.18682791
0.24682003,0.24683547,0.25197542,0.2643491,0.247167
0.35588634,0.35350412,0.3505094,0.2747484,0.34524068
0.4270636,0.4445439,0.4464104,0.28661925,0.45417565
0.4684709,0.45765185,0.45637873,0.35952383,0.48806655
0.508525,0.50053763,0.49954662,0.42254192,0.52293074
0.5410014,0.54024756,0.5356425,0.49060065,0.5578487
0.56211096,0.5554545,0.5595262,0.55890757,0.5682998
0.5715832,0.5716095,0.57350916,0.60118043,0.57820547
0.5956698,0.57929075,0.5784304,0.61526036,0.58133763
0.60108256,0.6031423,0.61426234,0.63231605,0.5506543
0.60866034,0.595832,0.6026272,0.64206034,0.5797123
0.620839,0.61591196,0.61674446,0.65099746,0.5768379
0.6135318,0.6179835,0.62057734,0.6389517,0.562649
0.6040595,0.59915996,0.5843923,0.63481736,0.5707429
0.58457375,0.5852616,0.5885689,0.5641547,0.5264597
0.5818674,0.58177674,0.56404483,0.58365005,0.52147746
0.5428958,0.5470793,0.5320357,0.4859013,0.4868737
0.43626523,0.43196824,0.44823804,0.40956342,0.39265764
0.34154263,0.33824703,0.33451226,0.42060578,0.30104637
0.28010824,0.28060657,0.27884528,0.42434585,0.243854
0.25006765,0.24986926,0.24741851,0.36187053,0.19799714
0.22760487,0.23983955,0.23668411,0.36731392,0.17065132
0.21948579,0.22226566,0.22232081,0.3732528,0.16950235
0.2346414,0.23371473,0.23588283,0.35000414,0.18928725
0.2841678,0.28593284,0.2871774,0.38444513,0.24853022
0.38836265,0.38505852,0.3773643,0.38586855,0.3472476
0.49066305,0.4857401,0.4856429,0.3635105,0.45429945
0.54722595,0.54729956,0.549755,0.4457065,0.49026316
0.57699597,0.5875912,0.5829475,0.51465094,0.52615595
0.6008119,0.6057311,0.60133624,0.5345537,0.5590919
0.61028415,0.6133839,0.6207621,0.57328445,0.5719472
0.61190796,0.61087584,0.6218217,0.6149997,0.58022755
0.62138027,0.6170136,0.61982685,0.65068275,0.58290195
0.6165088,0.6219387,0.6296641,0.70053464,0.5526442
0.60703653,0.6034176,0.6148177,0.7003191,0.58203983
0.6073072,0.6047747,0.6128335,0.67450756,0.5797305
0.6005413,0.60122156,0.615543,0.71076554,0.5649054
0.5826793,0.5883099,0.58931637,0.69834155,0.5719971
0.5623816,0.5639057,0.5688321,0.6874426,0.52902347
0.5580514,0.56250626,0.5593603,0.65061706,0.5249944
0.5188092,0.5345063,0.52281344,0.58440596,0.48846453
0.41677943,0.4211037,0.42988637,0.5478453,0.3943482
0.32476318,0.32781258,0.3196767,0.49824768,0.3020097
0.2638701,0.26631963,0.2624499,0.44687063,0.2461374
0.22868742,0.23401204,0.23019895,0.39653528,0.18453574
0.20487145,0.21486408,0.20980358,0.36138266,0.16121635
0.19783491,0.19990516,0.19630034,0.3260089,0.16286682
0.21001354,0.21223855,0.21025173,0.32766077,0.18564166
0.26359946,0.25625,0.25065264,0.27969262,0.24716394
0.37050068,0.3725039,0.3522532,0.33327925,0.3415485
0.4533153,0.466434,0.4838493,0.34078956,0.45307606
0.50257105,0.4933171,0.5005082,0.3852886,0.48098642
0.53802437,0.53786564,0.5344351,0.503235,0.5143893
0.5618403,0.56374395,0.5643494,0.5110509,0.5554628
0.56914747,0.5685793,0.5775534,0.5648836,0.56028897
0.5686062,0.56777686,0.5754535,0.59333986,0.5712392
0.57699597,0.5731474,0.5726049,0.61508703,0.5799607
0.5729364,0.5757209,0.5866159,0.6090277,0.540665
0.5648173,0.56132495,0.5732113,0.64631677,0.5696121
0.5585927,0.5628809,0.5702004,0.6440801,0.5665845
0.5510149,0.5514384,0.5590869,0.6391639,0.5508981
0.5355886,0.5451088,0.5394772,0.6230539,0.5527275
0.5090663,0.5225122,0.52706826,0.6082443,0.5187111
0.49580514,0.50556296,0.5052849,0.5723394,0.5111338
0.46441138,0.47283807,0.46091163,0.48894614,0.4875263
0.36941814,0.37231454,0.38759977,0.40999216,0.38280112
0.27577808,0.28233966,0.27891898,0.37876904,0.29519013
0.22246279,0.21411172,0.21343857,0.30675292,0.23763703
0.1953992,0.1932525,0.19304428,0.26725134,0.19333173
0.18159676,0.18712401,0.18119958,0.24748585,0.1715629
0.1759134,0.18093494,0.18005091,0.26972157,0.15660976
0.19350474,0.18962243,0.19012226,0.24633251,0.18133402
0.23139377,0.24426916,0.2381812,0.25011557,0.23766612
0.3225981,0.3289253,0.30214578,0.2939003,0.34185845
0.41461435,0.4055495,0.41910172,0.2836365,0.43730733
0.4638701,0.46112898,0.47624484,0.3838231,0.48200023
0.48335588,0.4922597,0.4934033,0.43194097,0.50859547
0.49742895,0.4979774,0.4970951,0.40414435,0.54435205
0.4993234,0.49844334,0.5074733,0.4637664,0.55955523
0.4939107,0.48537597,0.50171566,0.480201,0.5636982
0.49066305,0.48741308,0.49439365,0.52444047,0.56779313
0.48092017,0.4751387,0.49283773,0.52798384,0.5204622
0.4668471,0.46292266,0.4811666,0.5310285,0.5523995
0.46792963,0.4624656,0.4708083,0.5330119,0.5651064
0.4579161,0.46465334,0.47992054,0.52976996,0.5412829
0.4384303,0.44624457,0.44611955,0.52618617,0.5337012
0.42002708,0.41958714,0.44008833,0.5072682,0.5049419
0.42219216,0.41823605,0.42825952,0.49989527,0.5028579
0.40027064,0.40689123,0.39651144,0.4308052,0.459643
0.3255751,0.31929746,0.33108026,0.3690209,0.3705574
0.24790257,0.24274161,0.25046915,0.28543472,0.29408476
0.19350474,0.19602463,0.19828445,0.24106619,0.23297001
0.16048715,0.1639908,0.16640264,0.24812232,0.19297144
0.14235453,0.14527667,0.14547683,0.23276532,0.15547402
0.13288227,0.13940817,0.13701668,0.23351043,0.15086514
0.1391069,0.13901088,0.13940503,0.2579653,0.1526334
0.1526387,0.15713736,0.16400294,0.2565779,0.16765766
0.20920162,0.20512006,0.19295496,0.2790538,0.21036817
0.27496618,0.28866157,0.28521863,0.28694618,0.31023046
0.34100136,0.3426954,0.33003873,0.3336094,0.35465834
0.3737483,0.3842757,0.38805446,0.4122071,0.42921406
0.3894452,0.39002448,0.39251775,0.405869,0.45743537
0.3872801,0.39507547,0.39982632,0.4446528,0.4745415
0.38105547,0.37430993,0.3857673,0.45011383,0.4753791
0.37158322,0.37029174,0.3810525,0.47115374,0.45863342
0.36184034,0.35975653,0.3700889,0.47030884,0.4241734
0.3585927,0.36222914,0.36258012,0.47581857,0.45580626
0.3661705,0.3731128,0.36811274,0.47154045,0.4848253
0.37645468,0.38693064,0.37607366,0.45665818,0.48261023
0.38024357,0.38512167,0.3803777,0.44407743,0.4834202
0.36833557,0.37748772,0.38596126,0.4346668,0.43720946
0.37104195,0.37838885,0.3681205,0.40612516,0.4266203
0.3572395,0.35487527,0.35047564,0.37955517,0.40653697
0.2909337,0.2928718,0.3006745,0.3447597,0.34158438
0.21840325,0.22248465,0.21873803,0.26605287,0.26373973
0.16698241,0.16382271,0.16613325,0.18500035,0.20511003
0.13748309,0.14018086,0.13755825,0.17901653,0.14671189
0.12232747,0.12273317,0.12337588,0.2173769,0.1412368
0.11529093,0.120932214,0.11845446,0.21628097,0.11217892
0.11637348,0.120628424,0.1217982,0.23477021,0.12177949
0.121515565,0.12529472,0.13563982,0.25642645,0.13407515
0.15913397,0.15930516,0.15627873,0.2648119,0.16295661
0.22192152,0.22889054,0.22715928,0.28273717,0.26964277
0.29147497,0.2948324,0.28442538,0.33766592,0.31519657
0.33937752,0.34074017,0.3341512,0.34364536,0.39251807
0.36427605,0.36631525,0.3625322,0.3951126,0.41926798
0.3686062,0.37734583,0.37412587,0.4396382,0.43115264
0.3745602,0.36524215,0.36694744,0.4620992,0.44177178
0.36725304,0.37116322,0.37716353,0.48166972,0.43433163
0.36373478,0.3574964,0.36342993,0.4717123,0.4028502
0.36941814,0.36466414,0.3709069,0.4851787,0.41684645
0.3894452,0.3917094,0.38855106,0.4840666,0.4810747
0.41677943,0.41141284,0.41703302,0.4646663,0.48916376
0.42138025,0.42964527,0.4349839,0.42989588,0.492369
0.408931,0.4160811,0.41433272,0.4527995,0.43447393
0.41109607,0.41423556,0.39705285,0.40369678,0.4038567
0.3856563,0.3861467,0.38196218,0.38985968,0.3968794
0.30311233,0.30403692,0.31755906,0.35689262,0.3145131
0.22598106,0.22578496,0.21877144,0.2909593,0.24712886
0.17753722,0.16999704,0.170243,0.22605315,0.17874375
0.14939107,0.15129715,0.14783557,0.18928097,0.17792682
0.13883626,0.14046934,0.13386196,0.2090969,0.1651905
0.13775373,0.13720894,0.13764203,0.23457444,0.15411341
0.15534507,0.15290993,0.15139748,0.21805415,0.16730624
0.20243572,0.20774126,0.19846691,0.260491,0.23051392
0.3014885,0.30484763,0.28482115,0.26100826,0.32989126
0.3902571,0.38378337,0.39651507,0.2813745,0.4330566
0.4465494,0.4317645,0.43172073,0.34582186,0.47781467
0.4820027,0.4784079,0.46975335,0.35233366,0.5197487
0.517456,0.50620425,0.49788794,0.43478584,0.54675424
0.535318,0.5304931,0.5335425,0.49316955,0.5638351
0.54343706,0.53851485,0.54119664,0.530162,0.5759592
0.55723953,0.5487895,0.5448375,0.5263559,0.56777996
0.5556157,0.55795646,0.57025266,0.5430376,0.5475503
0.55074424,0.5450257,0.56051457,0.537127,0.577031
0.54993236,0.55315495,0.5566689,0.5192824,0.572898
0.5529093,0.5477611,0.55389506,0.54143333,0.55973107
0.5407307,0.5453997,0.5429568,0.50110656,0.5700518
0.51285523,0.5214553,0.5248287,0.49229532,0.52511144
0.50581867,0.5013714,0.500737,0.42447108,0.51734734
0.467659,0.47163448,0.46663713,0.40018627,0.4765684
0.3699594,0.36405897,0.38307363,0.37365693,0.38563254
0.2790257,0.2815121,0.27779967,0.30975264,0.29664278
0.22462788,0.22136196,0.2183315,0.27801248,0.23579665
0.19756427,0.19678605,0.19498308,0.25182235,0.19365214
0.18213803,0.18772227,0.186467,0.23722991,0.1690901
0.1805142,0.18070382,0.18356661,0.2502727,0.1685733
0.1962111,0.19800717,0.20508099,0.25391155,0.18682791
0.24248984,0.24862742,0.2521115,0.27903438,0.247167
0.3391069,0.3462738,0.334506,0.28996375,0.34524068
0.43058187,0.43211323,0.43421024,0.3175249,0.45417565
0.48227334,0.47957957,0.4860933,0.34150398,0.48806655
0.5158322,0.51886606,0.51724225,0.38687408,0.52293074
0.5474966,0.54493773,0.543465,0.4760518,0.5578487
0.5664411,0.5640876,0.56907636,0.50182074,0.5682998
0.57023007,0.5719896,0.57837963,0.5413863,0.57820547
0.57943165,0.5735662,0.5715142,0.6060057,0.58133763
0.57266575,0.5747458,0.5831555,0.543246,0.5506543
0.55913395,0.55956364,0.56715065,0.59804475,0.5797123
0.5510149,0.55713433,0.5584266,0.5870238,0.5768379
0.55155617,0.54347414,0.5513257,0.55966,0.562649
0.5423545,0.54565585,0.53791213,0.57870674,0.5707429
0.5236806,0.5242399,0.5201509,0.56200445,0.5264597
0.5225981,0.5206497,0.5148358,0.54259235,0.52147746
0.48525032,0.49469098,0.48314673,0.5260204,0.4868737
0.38890392,0.38436976,0.3981105,0.48294854,0.39265764
0.30338296,0.30124736,0.29690593,0.46422696,0.30104637
0.24194857,0.24908051,0.2465284,0.4425522,0.243854
0.2135318,0.21312931,0.20893513,0.38897634,0.19799714
0.19783491,0.20402536,0.20037791,0.39077914,0.17065132
0.19350474,0.19701225,0.19507027,0.35700285,0.16950235
0.21380244,0.20871001,0.20761292,0.33315116,0.18928725
0.26441136,0.26768038,0.2598848,0.32629597,0.24853022
0.35913396,0.36814785,0.3473366,0.33480006,0.3472476
0.45683357,0.4489585,0.459663,0.34353662,0.45429945
0.5142084,0.50826526,0.5185082,0.40618134,0.49026316
0.5615697,0.54983944,0.5462426,0.448937,0.52615595
0.6021651,0.5951992,0.59481883,0.5432997,0.5590919
0.6262517,0.61732334,0.62751144,0.5784468,0.5719472
0.64411366,0.6316185,0.641409,0.6564616,0.58022755
0.6625169,0.65126264,0.6603557,0.6280755,0.58290195
0.65737486,0.6621698,0.677173,0.6439747,0.5526442
0.65142083,0.64150494,0.6490662,0.6263023,0.58203983
0.65087956,0.6476605,0.64901155,0.63393974,0.5797305
0.649797,0.6413308,0.64542556,0.61050785,0.5649054
0.6422192,0.63715327,0.62967354,0.43861282,0.5719971
0.617862,0.6135942,0.62250066,0.4624191,0.52902347
0.59810555,0.59654486,0.59701896,0.4465068,0.5249944
0.5342355,0.5465534,0.5419929,0.4632489,0.48846453
0.4343708,0.4190459,0.4316216,0.43655038,0.3943482
0.34857917,0.34271798,0.34080815,0.39294875,0.3020097
0.29282814,0.2903355,0.2883377,0.38865352,0.2461374
0.2630582,0.2604803,0.26152956,0.4001283,0.18453574
0.2405954,0.2512252,0.24943157,0.3710295,0.16121635
0.2300406,0.23809674,0.23653154,0.37714273,0.16286682
0.24871448,0.24345687,0.24635251,0.3507824,0.18564166
0.3036536,0.30427787,0.30218944,0.35985065,0.24716394
0.39539918,0.41497812,0.39681488,0.35999405,0.3415485
0.47983763,0.48470435,0.49322063,0.3477329,0.45307606
0.5361299,0.5283335,0.5390488,0.3643797,0.48098642
0.5699594,0.5761352,0.5792344,0.41943747,0.5143893
0.5916103,0.59835404,0.5990914,0.46451962,0.5554628
0.59269285,0.5969137,0.6100067,0.43850356,0.56028897
0.5886333,0.58605784,0.5965823,0.53144544,0.5712392
0.59269285,0.5895372,0.58651006,0.54232746,0.5799607
0.58294994,0.5869444,0.59278727,0.5827548,0.540665
0.56752366,0.5673375,0.5798043,0.59802264,0.5696121
0.56075776,0.5628879,0.57690156,0.599715,0.5665845
0.55020297,0.5563853,0.5760637,0.58825564,0.5508981
0.5393775,0.542242,0.544509,0.5660636,0.5527275
0.5171854,0.52470475,0.53331655,0.53258246,0.5187111
0.5087957,0.5096878,0.5083973,0.50813293,0.5111338
0.47767252,0.4825668,0.4715551,0.4612525,0.4875263
0.38430312,0.38589105,0.40457523,0.37686893,0.38280112
0.28741542,0.29834482,0.29748768,0.29661122,0.29519013
0.22652233,0.22538465,0.22441185,0.27039972,0.23763703
0.19161029,0.19550642,0.19315661,0.25489312,0.19333173
0.17347768,0.17942184,0.1709188,0.21787548,0.1715629
0.16860622,0.16934675,0.16505659,0.2330074,0.15660976
0.18294993,0.18193021,0.17872804,0.24204098,0.18133402
0.22571042,0.22776246,0.21793967,0.26357117,0.23766612
0.3179973,0.32382518,0.29260603,0.2465266,0.34185845
0.41028416,0.40318927,0.42124167,0.26944697,0.43730733
0.46305817,0.4586247,0.475554,0.37510395,0.48200023
0.4963464,0.49341413,0.49183476,0.4313854,0.50859547
0.52584577,0.51773626,0.5184734,0.4752251,0.54435205
0.5391069,0.5339726,0.54451483,0.50394624,0.55955523
0.54316646,0.53532845,0.5491202,0.5533086,0.5636982
0.54533154,0.5454799,0.5521418,0.57010525,0.56779313
0.54560214,0.5352889,0.55237526,0.5857528,0.5204622
0.54479027,0.5340378,0.5519636,0.58285093,0.5523995
0.54695535,0.54355735,0.55159634,0.6057534,0.5651064
0.5423545,0.53648543,0.54670125,0.59998906,0.5412829
0.52476317,0.5267026,0.5271506,0.53101397,0.5337012
0.5006766,0.5027046,0.51077926,0.5568948,0.5049419
0.48579162,0.50045335,0.4955075,0.51516515,0.5028579
0.46116373,0.4646596,0.44895363,0.4520542,0.459643
0.37780786,0.37324986,0.38780212,0.33907276,0.3705574
0.28985116,0.2871091,0.29048723,0.2989804,0.29408476
0.23355886,0.22946817,0.2297933,0.25458717,0.23297001
0.19945873,0.20288283,0.20370567,0.24663845,0.19297144
0.1805142,0.18519121,0.18393043,0.23698789,0.15547402
0.16779432,0.17618805,0.17642382,0.25028867,0.15086514
0.17158322,0.17305624,0.17548637,0.2638948,0.1526334
0.17861976,0.18989131,0.20254119,0.27999687,0.16765766
0.22976996,0.2315884,0.22394376,0.2432482,0.21036817
0.30960757,0.3150237,0.30694675,0.29266167,0.31023046
0.3864682,0.3867881,0.37755004,0.3664391,0.35465834
0.4435724,0.43848342,0.44025683,0.40334827,0.42921406
0.479567,0.4801726,0.48091745,0.4902017,0.45743537
0.49878213,0.49927577,0.49952063,0.5721351,0.4745415
0.5036536,0.5041532,0.50795674,0.6123201,0.4753791
0.5033829,0.5010881,0.5063398,0.64999604,0.45863342
0.50284165,0.5030861,0.5075067,0.62789065,0.4241734
0.5101488,0.50530726,0.51399904,0.6119487,0.45580626
0.5209743,0.5220352,0.53297764,0.61135566,0.4848253
0.5326116,0.52998924,0.53351605,0.6335177,0.48261023
0.5269283,0.5334213,0.5267301,0.5919478,0.4834202
0.5023004,0.51046896,0.50503165,0.596563,0.43720946
0.48849797,0.5023199,0.48245502,0.5215459,0.4266203
0.46657646,0.46722174,0.45743695,0.47140157,0.40653697
0.38592693,0.3869137,0.39968783,0.3788752,0.34158438
0.30284166,0.30110273,0.29780287,0.32377797,0.26373973
0.24248984,0.24194354,0.2411812,0.2543129,0.20511003
0.20243572,0.209963,0.20480713,0.2398229,0.14671189
0.1797023,0.18492809,0.1793187,0.25010943,0.1412368
0.16968876,0.17115831,0.16849878,0.24259561,0.11217892
0.16698241,0.17240521,0.17260422,0.25392032,0.12177949
0.16562922,0.17197198,0.18483742,0.26499528,0.13407515
0.20703654,0.20361787,0.20027165,0.29813108,0.16295661
0.28037888,0.29019597,0.28336307,0.28694287,0.26964277
0.35778078,0.36198828,0.35613436,0.37079734,0.31519657
0.4232747,0.41775814,0.41398776,0.47529644,0.39251807
0.47225982,0.46873423,0.4641185,0.5174168,0.41926798
0.50094724,0.5034448,0.5002806,0.60936385,0.43115264
0.51989174,0.51570463,0.5149382,0.65272367,0.44177178
0.5223275,0.5237095,0.5302246,0.6700657,0.43433163
0.5309878,0.52290845,0.52504796,0.68767774,0.4028502
0.541272,0.5420371,0.5473161,0.68972635,0.41684645
0.5564276,0.55771697,0.56598186,0.6670606,0.4810747
0.56725305,0.5739643,0.58119726,0.6484473,0.48916376
0.5680649,0.5635607,0.56575805,0.657787,0.492369
0.5458728,0.5572802,0.5490653,0.6318439,0.43447393
0.54154265,0.54210275,0.5210524,0.5923777,0.4038567
0.52638704,0.5152544,0.51767147,0.54175067,0.3968794
0.4248985,0.43554744,0.45969245,0.4558717,0.3145131
0.3277402,0.33007208,0.3181424,0.45386314,0.24712886
0.26738837,0.26462758,0.25415665,0.3989791,0.17874375
0.2330176,0.23476544,0.22589824,0.36877972,0.17792682
0.20920162,0.21987873,0.21011987,0.33319736,0.1651905
0.20433018,0.19840759,0.19627258,0.321247,0.15411341
0.22138025,0.2176848,0.21043193,0.33183956,0.16730624
0.264682,0.2725669,0.25493172,0.33676893,0.23051392
0.36211097,0.362327,0.33616728,0.33564383,0.32989126
0.4633288,0.46272564,0.4715025,0.37358344,0.4330566
0.5304465,0.5287827,0.53390896,0.45296627,0.47781467
0.58430314,0.581424,0.5705719,0.52263176,0.5197487
0.63031125,0.6275331,0.61996305,0.6059975,0.54675424
0.6622463,0.65452355,0.65922177,0.7043299,0.5638351
0.68822736,0.6749096,0.68321764,0.66947013,0.5759592
0.711502,0.7031467,0.7093761,0.7272992,0.56777996
0.72286874,0.7179272,0.7333747,0.74966455,0.5475503
0.72801083,0.7199481,0.7308463,0.78275865,0.577031
0.73504734,0.7289672,0.7302669,0.77297145,0.572898
0.73937756,0.727721,0.7316781,0.75213385,0.55973107
0.7290934,0.7272699,0.72045153,0.72141325,0.5700518
0.7023004,0.699128,0.70361686,0.72653705,0.52511144
0.6917456,0.6861198,0.6888602,0.6909365,0.51734734
0.65142083,0.64566743,0.653102,0.63077235,0.4765684
0.535318,0.53142047,0.5472548,0.5663013,0.38563254
0.43193504,0.42635086,0.4187507,0.5492869,0.29664278
0.36048713,0.3662773,0.35832494,0.5765615,0.23579665
0.3158322,0.32919827,0.3181339,0.530227,0.269531
0.28958052,0.29518214,0.2921049,0.4900633,0.25571257
0.27686062,0.2822599,0.28241783,0.46958208,0.22720267
0.28876862,0.29219842,0.28870693,0.45647973,0.26085603
0.32746956,0.33758435,0.33579093,0.43831384,0.30520877
0.42733425,0.42305338,0.4127901,0.4546966,0.39719236
0.52801085,0.5368519,0.5439797,0.4667037,0.49041635
0.6110961,0.60020053,0.5979178,0.51440376,0.5625887
0.6728011,0.67573935,0.66914344,0.62692946,0.63915074
0.72151554,0.72158444,0.71935034,0.7066311,0.64233863
0.7575101,0.7490145,0.759902,0.7454806,0.6906377
0.7788904,0.77110004,0.79072285,0.7624185,0.69484556
0.79810554,0.7933623,0.8012377,0.79306096,0.6801301
0.8056834,0.8008033,0.8144405,0.82750124,0.65158
0.8105548,0.8048739,0.8132982,0.82421625,0.69401455
0.8121786,0.8134325,0.82030463,0.83400697,0.69246626
0.81001353,0.8010067,0.8067981,0.8149176,0.6938732
0.7953992,0.7969951,0.7858571,0.8054771,0.6651851
0.768065,0.76622677,0.7638935,0.78197104,0.6445254
0.7610284,0.75549924,0.74462295,0.70467967,0.63245976
0.72070366,0.718045,0.7207034,0.69398856,0.5946347
0.6054127,0.6057138,0.6164088,0.66998583,0.48964006
0.49607578,0.49812683,0.48699152,0.6434452,0.38380888
0.42219216,0.42493355,0.41625142,0.6190212,0.31616902
0.38294992,0.3903372,0.3786661,0.6067095,0.2736408
0.35426253,0.36804953,0.3633797,0.54891646,0.25699753
0.33558863,0.34949878,0.344637,0.5173048,0.22663914
0.34560215,0.34644267,0.3424346,0.5138598,0.2617431
0.38700947,0.39372215,0.3874681,0.57593936,0.30500388
0.4849797,0.48609158,0.46889937,0.51670945,0.39900255
0.58998644,0.5941446,0.6018783,0.47208464,0.49049026
0.6692828,0.6657178,0.6732278,0.57436657,0.564111
0.73937756,0.732257,0.7233789,0.6402157,0.6415293
0.79106903,0.7928811,0.7910628,0.73702973,0.643582
0.83031124,0.81671506,0.8297944,0.79941404,0.69390607
0.85520977,0.8393656,0.86463594,0.8107272,0.697173
0.87280107,0.8681876,0.8813951,0.8626795,0.68121815
0.8635995,0.8743593,0.88947344,0.825611,0.65343845
0.8346414,0.8526251,0.8565724,0.8490876,0.69621074
0.79566985,0.81938696,0.8171506,0.8256503,0.6934055
0.7707713,0.7662308,0.7719457,0.7066527,0.6947412
0.7420839,0.7529582,0.75299203,0.68426,0.6649214
0.7066306,0.7086809,0.7191488,0.6480091,0.6474588
0.6841678,0.6914725,0.69095606,0.6310242,0.6359267
0.62895805,0.64274305,0.6480249,0.59291327,0.5965708
0.5274696,0.5241516,0.53071433,0.5851979,0.49121058
0.4257104,0.43948928,0.42692795,0.53158355,0.38440582
0.3623816,0.36090142,0.35430592,0.5033224,0.31839138
0.32313937,0.3333108,0.32472938,0.48969215,0.26543555
0.2976996,0.30676576,0.29985324,0.49558932,0.24903373
0.2866035,0.28930226,0.28739658,0.47845435,0.22833933
0.29526386,0.30014881,0.2970109,0.45687598,0.26156136
0.33640054,0.3352809,0.33284903,0.46359813,0.31195274
0.43707713,0.43870386,0.41052607,0.4410615,0.3956718
0.5342355,0.54367864,0.55148935,0.43286562,0.49222684
0.6043302,0.59960973,0.61797774,0.5256597,0.5596173
0.6568335,0.6566312,0.65874445,0.5474321,0.63207287
0.70419484,0.6960414,0.69714475,0.5723115,0.63913363
0.7361299,0.7246323,0.74092495,0.6802262,0.6800494
0.74993235,0.7397387,0.7615771,0.6989038,0.6847453
0.7623816,0.7567353,0.76287335,0.74297327,0.6774709
0.76535857,0.75750506,0.7732708,0.7403886,0.6400422
0.75967526,0.7536706,0.7638215,0.7161304,0.685008
0.73775375,0.75231385,0.74687254,0.7105201,0.6772578
0.71772665,0.7166178,0.7088976,0.72242373,0.6847612
0.70175916,0.7020348,0.6895056,0.6463833,0.6525742
0.6579161,0.67479247,0.67942953,0.59189683,0.63256645
0.6397835,0.6363349,0.62913746,0.5264709,0.62559843
0.5907984,0.5983149,0.5998103,0.48108137,0.5855339
0.49066305,0.4869115,0.5014812,0.46555704,0.48070538
0.39539918,0.4009417,0.3942082,0.37713194,0.37898818
0.32503384,0.33285394,0.33035228,0.45259053,0.31169155
0.28389716,0.29136512,0.28352544,0.40823966,0.27030385
0.25981057,0.26559404,0.26004493,0.4067399,0.23953097
0.24682003,0.25334942,0.24873471,0.4128642,0.21282561
0.25223276,0.25866187,0.2521574,0.38364398,0.24653606
0.26359946,0.28769165,0.28541657,0.3952741,0.3047869
0.30635995,0.33860752,0.31440306,0.37982732,0.39701125
0.36968878,0.386067,0.37890613,0.4127022,0.4792722
0.44248986,0.4364031,0.4415688,0.43651468,0.560037
0.49959403,0.50170165,0.5087475,0.46949238,0.61067814
0.5239513,0.5392139,0.54446876,0.47049433,0.6263362
0.53152907,0.5321383,0.53903943,0.49018216,0.661756
0.52801085,0.52247417,0.5354582,0.5288327,0.6675327
0.5112314,0.52828765,0.526167,0.5601973,0.6700362
0.49012178,0.48799935,0.50013405,0.5305398,0.6174826
0.47550744,0.4652888,0.48393315,0.5571904,0.66747546
0.47469553,0.47301,0.48542324,0.54052323,0.6642126
0.48254398,0.4772767,0.49602488,0.5015051,0.66070944
0.4803789,0.4851471,0.489407,0.47423124,0.6178124
0.4571042,0.4633395,0.46841198,0.4546731,0.61173594
0.44005412,0.45215556,0.45575494,0.4210258,0.61596423
0.40135318,0.41459975,0.42344654,0.39025182,0.5591852
0.34018946,0.3230509,0.3402533,0.3700602,0.46814167
0.27280107,0.27138942,0.27492097,0.33561796,0.3712397
0.21975642,0.22382894,0.22076486,0.33265638,0.30036113
0.1843031,0.19307339,0.18738167,0.29073906,0.27569687
0.16589986,0.1682086,0.1644944,0.2670974,0.22822301
0.15317997,0.15970209,0.15642054,0.28945646,0.21962593
0.15155616,0.15455794,0.1505068,0.28718013,0.22958405
0.16589986,0.15796137,0.16001274,0.26682627,0.24770154
0.2,0.20508006,0.1922877,0.2614416,0.27083898
0.25899863,0.2745688,0.24550606,0.2881363,0.37784263
0.3328823,0.33947498,0.3271197,0.30693018,0.45247906
0.3848444,0.39089522,0.3961258,0.3631142,0.5165906
0.39891747,0.41719976,0.41352016,0.4138376,0.5297863
0.39891747,0.4008434,0.4031554,0.44344258,0.58417964
0.3872801,0.38496986,0.39902872,0.46831667,0.5723618
0.37185386,0.3753508,0.37939286,0.5449033,0.55527514
0.36481732,0.3580412,0.36698824,0.52530193,0.527483
0.37050068,0.3716866,0.37476823,0.56276184,0.5565621
0.3894452,0.3906202,0.39589572,0.6256459,0.56569123
0.40866035,0.40904763,0.42040968,0.60970235,0.57215637
0.41028416,0.41813758,0.42338198,0.5900059,0.5749527
0.39566982,0.40054968,0.4098975,0.581961,0.5644617
0.39377537,0.40703884,0.38824722,0.54733914,0.55388075
0.37645468,0.3791655,0.37055337,0.49701953,0.5216407
0.32963464,0.3201903,0.3249185,0.4347794,0.4350355
0.2638701,0.2756115,0.26854333,0.42494327,0.3312145
0.21163735,0.21604148,0.2093237,0.39246172,0.2848762
0.17916103,0.18917921,0.17902131,0.3756795,0.21382658
0.15778078,0.16285089,0.16291651,0.3662166,0.21443118
0.14614344,0.1482541,0.14943027,0.3040657,0.18965182
0.14695534,0.147805,0.14825612,0.34866285,0.20001028
0.15209743,0.14786556,0.16500302,0.27358013,0.21225752
0.18294993,0.1775296,0.18318792,0.33008853,0.21596731
0.24330176,0.25279036,0.24903044,0.3425368,0.33728796
0.3179973,0.31671938,0.31320763,0.36236763,0.41154712
0.38240865,0.37487832,0.36355305,0.42353505,0.4941938
0.42219216,0.4249958,0.408934,0.50721014,0.50026965
0.43788904,0.4428238,0.43627423,0.57774097,0.5592248
0.44709066,0.44158545,0.43983567,0.5990657,0.5627161
0.45169148,0.44791403,0.45017526,0.674781,0.5339663
0.45872802,0.45196894,0.4587197,0.6641302,0.53870606
0.47658998,0.46803808,0.4754122,0.6853911,0.54914623
0.5006766,0.5025424,0.5057911,0.72969687,0.5740962
0.52584577,0.52223146,0.52519953,0.7267686,0.5827007
0.53152907,0.53033674,0.5344925,0.7164361,0.5750648
0.5152909,0.51979536,0.5164226,0.6808912,0.56414413
0.5090663,0.52033424,0.49129534,0.64209795,0.533741
0.48092017,0.4820821,0.4786271,0.58197063,0.5206971
0.39377537,0.39780676,0.4164299,0.47225004,0.4069991
0.30852503,0.31357974,0.3008787,0.39622667,0.31758535
0.255751,0.2530716,0.24218501,0.36638388,0.26867983
0.22219215,0.22808164,0.21952797,0.38196954,0.25647688
0.20514208,0.20618004,0.1999803,0.36983383,0.25146484
0.20243572,0.1974104,0.19908084,0.35739148,0.21602003
0.21759135,0.2158812,0.21606712,0.36366695,0.24944003
0.26197565,0.26316878,0.25977218,0.36683977,0.29013917
0.35155615,0.35105008,0.34370476,0.36365604,0.38487697
0.44844383,0.4482483,0.44909948,0.375898,0.47263688
0.52476317,0.50848925,0.5062411,0.42310262,0.5539652
0.57753724,0.5773536,0.5615815,0.47863412,0.6370783
0.62516916,0.6149987,0.6049789,0.5314631,0.63124424
0.6565629,0.64785105,0.65147614,0.6265445,0.6892096
0.6757781,0.6634551,0.6749066,0.62806994,0.6921643
0.69742894,0.68571025,0.6905792,0.6181388,0.6722912
0.70392424,0.6996356,0.71767735,0.6759836,0.64902425
0.70419484,0.70010215,0.70855737,0.63767314,0.6938337
0.7023004,0.7063157,0.7037785,0.6863371,0.6942857
0.69580513,0.6939437,0.6962934,0.6319487,0.69419384
0.68308526,0.6809807,0.67505634,0.5987116,0.6674771
0.66468203,0.65440166,0.6606065,0.63584685,0.63809186
0.65277404,0.65237045,0.65200615,0.6432847,0.62906647
0.5975643,0.6011225,0.612527,0.57838947,0.58692753
0.48849797,0.48324135,0.49707454,0.52642906,0.48562276
0.39945874,0.39499453,0.38367975,0.5062854,0.3779963
0.34018946,0.34458894,0.33537152,0.47830373,0.3145173
0.30284166,0.31308374,0.3034296,0.47231358,0.269531
0.27956697,0.28508577,0.2840178,0.44782877,0.25571257
0.27117726,0.2747054,0.27546787,0.4704433,0.22720267
0.28606224,0.28858948,0.2878906,0.4705881,0.26085603
0.33071718,0.33814052,0.33610284,0.45228451,0.30520877
0.42516914,0.42886844,0.41632736,0.40211135,0.39719236
0.5345061,0.52629316,0.5330101,0.43132263,0.49041635
0.6127199,0.60958946,0.61544096,0.5103665,0.5625887
0.6741543,0.66848177,0.66436815,0.56750864,0.63915074
0.7285521,0.72097015,0.72034645,0.6837646,0.64233863
0.75886333,0.75460505,0.76912856,0.72593457,0.6906377
0.77239513,0.766391,0.78304255,0.75812185,0.69484556
0.7964817,0.78081137,0.7854185,0.7411509,0.6801301
0.80487144,0.79887366,0.81579775,0.76525974,0.65158
0.80947226,0.80065405,0.80874854,0.7642494,0.69401455
0.802977,0.8101528,0.810759,0.79396087,0.69246626
0.7991881,0.7867079,0.78424126,0.7488979,0.6938732
0.7870095,0.78752947,0.77545726,0.6754314,0.6651851
0.7526387,0.7561791,0.75838137,0.6946658,0.6445254
0.74154264,0.7345375,0.72105646,0.64522713,0.63245976
0.68335587,0.6968806,0.6906879,0.6480239,0.5946347
0.5564276,0.5638202,0.5756681,0.60422534,0.48964006
0.43951285,0.44971573,0.4419548,0.49604166,0.38380888
0.3713126,0.36716658,0.36205125,0.48535496,0.31616902
0.33585927,0.3428854,0.33207273,0.5084767,0.2736408
0.30581868,0.32196745,0.315494,0.49313313,0.25699753
0.29364005,0.29825196,0.2932858,0.45969248,0.22663914
0.30500677,0.30785573,0.30572858,0.4316947,0.2617431
0.34641406,0.35391554,0.35178834,0.4035591,0.30500388
0.44898513,0.44837013,0.43267208,0.38491204,0.39900255
0.5602165,0.559693,0.57005787,0.49294865,0.49049026
0.6248985,0.6358999,0.64183176,0.52365506,0.564111
0.6722598,0.6759666,0.6698493,0.58136314,0.6415293
0.70338297,0.7143661,0.7125886,0.62311447,0.643582
0.7236807,0.7207555,0.7296466,0.6754242,0.69390607
0.7336942,0.72557485,0.7451613,0.7104156,0.697173
0.74830854,0.7438618,0.74959147,0.7421765,0.68121815
0.7504736,0.74956274,0.7621484,0.7370996,0.65343845
0.7504736,0.7427229,0.75529003,0.748565,0.69621074
0.7539919,0.7495376,0.75877994,0.7626075,0.6934055
0.7512855,0.74594367,0.75599355,0.72807676,0.6947412
0.72746956,0.73895705,0.7320257,0.7082786,0.6649214
0.691475,0.6932144,0.69872224,0.70234674,0.6474588
0.67171854,0.67751145,0.6741083,0.6571846,0.6359267
0.6159675,0.6247586,0.6246265,0.5184364,0.5965708
0.5033829,0.5051501,0.5119229,0.54035157,0.49121058
0.40027064,0.40736276,0.3959525,0.46824342,0.38440582
0.33125845,0.33624452,0.3308874,0.42999953,0.31839138
0.29039243,0.29881898,0.2914621,0.440884,0.26543555
0.26738837,0.2746866,0.26574194,0.3791208,0.24903373
0.25385657,0.26135397,0.25786513,0.331711,0.22833933
0.26359946,0.26591837,0.26115245,0.35298815,0.26156136
0.30500677,0.30663326,0.3032502,0.31690484,0.31195274
0.3932341,0.40760353,0.385539,0.31380332,0.3956718
0.48687416,0.48969677,0.4998739,0.38638234,0.49222684
0.5458728,0.5469564,0.5586584,0.4347803,0.5596173
0.5818674,0.5862874,0.58704555,0.46068656,0.63207287
0.60649526,0.6110872,0.6098753,0.49194068,0.63913363
0.6202977,0.6159383,0.62652826,0.5444426,0.6800494
0.6243572,0.61836797,0.6334847,0.5795724,0.6847453
0.6338295,0.63262194,0.6315388,0.629656,0.6774709
0.6308525,0.6325854,0.6450739,0.6283872,0.6400422
0.62868744,0.6205108,0.63727933,0.643845,0.685008
0.63058186,0.630068,0.64578146,0.63516265,0.6772578
0.62977,0.6270772,0.6397372,0.65024954,0.6847612
0.6173207,0.6237879,0.6186571,0.6485774,0.6525742
0.58782136,0.5979728,0.6025082,0.65207845,0.63256645
0.5669824,0.58029276,0.5753989,0.5990895,0.62559843
0.5342355,0.52905643,0.52818495,0.5191172,0.5855339
0.43193504,0.44188103,0.45563966,0.44520426,0.48070538
0.33179972,0.33892336,0.33244595,0.34414446,0.37898818
0.2638701,0.26635867,0.26347175,0.30016965,0.31169155
0.2232747,0.2304196,0.22527139,0.29950523,0.27030385
0.202977,0.2070983,0.19971593,0.2742402,0.23953097
0.1953992,0.19631046,0.19194146,0.28294736,0.21282561
0.20757781,0.2094898,0.20134217,0.28995717,0.24653606
0.2473613,0.24879733,0.2411209,0.2826818,0.3047869
0.32638702,0.34093207,0.3157397,0.28847232,0.39701125
0.4135318,0.414542,0.42245328,0.28970808,0.4792722
0.479567,0.46971175,0.48294634,0.37369418,0.560037
0.5150203,0.52216625,0.5231886,0.4167208,0.61067814
0.5461434,0.54051507,0.5381788,0.46823442,0.6263362
0.55913395,0.5590692,0.56847924,0.52250546,0.661756
0.5721245,0.5544884,0.5688077,0.5293902,0.6675327
0.5813261,0.5821631,0.58649814,0.56373,0.6700362
0.5786198,0.5741532,0.59256506,0.5573094,0.6174826
0.5780785,0.56501925,0.5846113,0.5754927,0.66747546
0.5797023,0.5801629,0.5954585,0.5474169,0.6642126
0.57483083,0.56947136,0.5891172,0.55054504,0.66070944
0.5577808,0.55842453,0.56457025,0.57934034,0.6178124
0.5277402,0.5291804,0.5439811,0.53724366,0.61173594
0.5150203,0.5209251,0.5205359,0.533464,0.61596423
0.49039242,0.48678192,0.4874023,0.4525736,0.5591852
0.40487143,0.40421364,0.41488826,0.40529168,0.46814167
0.31258458,0.31353894,0.31394047,0.32072127,0.3712397
0.24519621,0.24982673,0.24743183,0.2899273,0.30036113
0.2037889,0.21309888,0.20786683,0.26687497,0.27569687
0.17916103,0.1863186,0.18362351,0.2591135,0.22822301
0.16833559,0.17058918,0.16908586,0.25443494,0.21962593
0.17023005,0.17485636,0.17288856,0.26800367,0.22958405
0.17861976,0.18307659,0.19438858,0.25458324,0.24770154
0.2278755,0.22098541,0.21836989,0.27980465,0.27083898
0.30473614,0.31403673,0.30201143,0.30154127,0.37784263
0.38105547,0.38913023,0.37849203,0.3633371,0.45247906
0.43653587,0.43816778,0.4375878,0.39384723,0.5165906
0.47225982,0.47477585,0.47527897,0.48318177,0.5297863
0.49418133,0.49195942,0.4945321,0.57906884,0.58417964
0.5006766,0.49874988,0.50813544,0.5874162,0.5723618
0.508525,0.49925563,0.5049355,0.5975181,0.55527514
0.5139378,0.5112768,0.517498,0.61836416,0.527483
0.5285521,0.5191275,0.5286174,0.615303,0.5565621
0.5458728,0.54130167,0.5578301,0.58668643,0.56569123
0.565088,0.5590325,0.56464684,0.59275573,0.57215637
0.55913395,0.5649152,0.5638362,0.61122346,0.5749527
0.5345061,0.5366137,0.5333981,0.56516004,0.5644617
0.5269283,0.5327238,0.51801735,0.5429463,0.55388075
0.50419486,0.499966,0.4992886,0.504856,0.5216407
0.42814615,0.42357257,0.4316122,0.43128043,0.4350355
0.34343708,0.34643424,0.3371708,0.42045045,0.3312145
0.27956697,0.2839614,0.27482486,0.35526276,0.2848762
0.24194857,0.24953717,0.23834111,0.3067536,0.21382658
0.21705006,0.22159645,0.22141446,0.33526534,0.21443118
0.20433018,0.20673972,0.20641345,0.30136287,0.18965182
0.2,0.20771831,0.20627277,0.3249924,0.20001028
0.20135318,0.20152554,0.21662842,0.34350166,0.21225752
0.23626523,0.22977659,0.23720396,0.33535945,0.21596731
0.3052774,0.31696838,0.30553174,0.36636043,0.33728796
0.38836265,0.38888267,0.37911728,0.43180543,0.41154712
0.45899865,0.4560705,0.44708744,0.4836139,0.4941938
0.50257105,0.5116816,0.5014987,0.55938715,0.50026965
0.53477675,0.5310463,0.52817,0.63887936,0.5592248
0.5599459,0.55095434,0.55379325,0.6706719,0.5627161
0.5696888,0.5674547,0.5778968,0.6821948,0.5339663
0.56752366,0.5734954,0.57867664,0.70209426,0.53870606
0.57699597,0.5734799,0.57230145,0.6833548,0.54914623
0.5894452,0.5918342,0.6027145,0.6509939,0.5740962
0.60784847,0.604455,0.6144267,0.66078573,0.5827007
0.60784847,0.6106485,0.6158433,0.6516049,0.5750648
0.59675235,0.58910453,0.58731174,0.6116035,0.56414413
0.5886333,0.59111863,0.5809115,0.6267636,0.533741
0.5399188,0.54769933,0.55955833,0.567915,0.5206971
0.44844383,0.43970016,0.4581411,0.5338896,0.4069991
0.35778078,0.36529756,0.3521761,0.5189917,0.31758535
0.30419487,0.29874662,0.28406414,0.44663405,0.26867983
0.27631935,0.2768707,0.26492733,0.44270587,0.25647688
0.25981057,0.26123053,0.2556579,0.42407662,0.25146484
0.25818673,0.25465956,0.2515061,0.41784662,0.21602003
0.2730717,0.27273843,0.26838353,0.39649472,0.24944003
0.32530448,0.3244044,0.30684322,0.42861623,0.29013917
0.42300406,0.42574808,0.40184376,0.38368464,0.38487697
0.52828145,0.52277637,0.5298592,0.36894864,0.47263688
0.61515564,0.5952052,0.6063019,0.46075565,0.5539652
0.68335587,0.67520094,0.66639054,0.5871668,0.6370783
0.73098785,0.72792554,0.7238933,0.64672744,0.63124424
0.7545332,0.7520516,0.76097953,0.7025316,0.6892096
0.76589984,0.7566806,0.77118057,0.7487803,0.6921643
0.7843031,0.77308875,0.7767004,0.7295601,0.6722912
0.785115,0.7867793,0.7996732,0.7586368,0.64902425
0.7924222,0.77933306,0.78149486,0.76346093,0.6938337
0.7902571,0.7976742,0.7943373,0.74245805,0.6942857
0.77537215,0.779457,0.7757902,0.6860649,0.69419384
0.75669825,0.75688887,0.75272465,0.6118524,0.6674771
0.7345061,0.7239607,0.74575937,0.5791534,0.63809186
0.7152909,0.7163893,0.7236364,0.590027,0.62906647
0.6538566,0.65718985,0.65809476,0.54232776,0.58692753
0.5374831,0.5341625,0.54920125,0.5106085,0.48562276
0.43707713,0.4389649,0.43100888,0.5016754,0.3779963
0.36968878,0.37677565,0.37101367,0.45428956,0.3145173
0.3301759,0.3388375,0.3319509,0.45221812,0.269531
0.30771312,0.31431612,0.30934888,0.4505369,0.25571257
0.30581868,0.30296877,0.30237094,0.43459976,0.22720267
0.32205683,0.325237,0.3270355,0.40976247,0.26085603
0.37428957,0.3759403,0.3764789,0.43046296,0.30520877
0.46359947,0.4800839,0.4695934,0.4162526,0.39719236
0.55047363,0.5604927,0.5684869,0.42149687,0.49041635
0.61001354,0.6132283,0.62228525,0.46254957,0.5625887
0.65953994,0.65719724,0.65814084,0.5178929,0.63915074
0.7023004,0.69996876,0.700161,0.60009515,0.64233863
0.74018943,0.72278124,0.73565805,0.6584356,0.6906377
0.75669825,0.749583,0.7712419,0.67850345,0.69484556
0.7767253,0.76682806,0.77032423,0.7151759,0.6801301
0.7745602,0.7764723,0.79117256,0.7034583,0.65158
0.75534505,0.76332724,0.7752564,0.73017293,0.69401455
0.7304466,0.74306786,0.747573,0.6438624,0.69246626
0.7171854,0.7087445,0.71611285,0.66233987,0.6938732
0.70392424,0.704602,0.7030709,0.60313976,0.6651851
0.6776725,0.67699844,0.6819216,0.5969598,0.6445254
0.6654939,0.66651905,0.65156406,0.62191594,0.63245976
0.6113667,0.62381744,0.619576,0.5652623,0.5946347
0.50933695,0.50097346,0.51296985,0.52420247,0.48964006
0.41542625,0.4193192,0.41145986,0.5315543,0.38380888
0.34912044,0.35416856,0.35031384,0.48963088,0.31616902
0.31014884,0.32083791,0.31145078,0.47095865,0.2736408
0.28525034,0.29601562,0.2904274,0.4515785,0.25699753
0.28389716,0.28212854,0.27667534,0.43108785,0.22663914
0.29742897,0.30346367,0.29824466,0.38640863,0.2617431
0.3466847,0.34439597,0.3360477,0.4389714,0.30500388
0.43815967,0.44879022,0.42271343,0.37754756,0.39900255
0.529364,0.534926,0.5391613,0.40510595,0.49049026
0.5837618,0.58761454,0.6037335,0.42693448,0.564111
0.61542624,0.62393034,0.62468624,0.40929234,0.6415293
0.6359946,0.6450145,0.6455068,0.4974844,0.643582
0.6416779,0.6411998,0.65876675,0.44126225,0.69390607
0.6449256,0.6300278,0.6510024,0.50744313,0.697173
0.649797,0.6479212,0.6531935,0.6002128,0.68121815
0.6194858,0.64055693,0.6537892,0.6252843,0.65343845
0.6054127,0.58719015,0.5942981,0.58332795,0.69621074
0.62381595,0.603489,0.6121104,0.5988956,0.6934055
0.6313938,0.63432497,0.6458887,0.6436672,0.6947412
0.62895805,0.62721455,0.6205877,0.63031363,0.6649214
0.6081191,0.6116953,0.62265,0.6287171,0.6474588
0.6002706,0.6020669,0.5962131,0.55587894,0.6359267
0.55913395,0.5635797,0.56031084,0.5167115,0.5965708
0.45520973,0.46073613,0.47449306,0.4713925,0.49121058
0.3602165,0.3639852,0.35717744,0.41368037,0.38440582
0.30311233,0.30120805,0.29524302,0.3810979,0.31839138
0.26711774,0.27358446,0.27122656,0.31438068,0.26543555
0.24194857,0.25203356,0.24758929,0.32138634,0.24903373
0.23707713,0.23451003,0.23171979,0.28084543,0.22833933
0.25087956,0.25413904,0.24760371,0.2605707,0.26156136
0.2960758,0.29795668,0.28833282,0.2720936,0.31195274
0.37916103,0.3956963,0.37180227,0.27469817,0.3956718
0.46549392,0.46306476,0.48059374,0.27586842,0.49222684
0.5158322,0.5132807,0.5282091,0.33981526,0.5596173
0.5518268,0.5451,0.5449454,0.4348858,0.63207287
0.5864682,0.57749635,0.5782125,0.44661087,0.63913363
0.60703653,0.59527886,0.60982704,0.46342504,0.6800494
0.6124492,0.6061523,0.6206877,0.53136104,0.6847453
0.62760484,0.6186313,0.6162309,0.562055,0.6774709
0.6281462,0.6268672,0.6384356,0.57072526,0.6400422
0.6262517,0.6207392,0.6336379,0.5540947,0.685008
0.6175913,0.6295146,0.6413101,0.60887283,0.6772578
0.61028415,0.61131847,0.6185185,0.5726188,0.6847612
0.5975643,0.6040054,0.6078611,0.5638181,0.6525742
0.5667118,0.57820654,0.5895884,0.5546903,0.63256645
0.55913395,0.55612636,0.5522133,0.5178105,0.62559843
0.52476317,0.5254601,0.5258377,0.47179765,0.5855339
0.42354533,0.42861637,0.44396675,0.4089474,0.48070538
0.32990527,0.33201405,0.32700938,0.36355448,0.37898818
0.26576453,0.26781318,0.26746064,0.32707906,0.31169155
0.22571042,0.2336562,0.22903346,0.294995,0.27030385
0.20595399,0.2083877,0.20345078,0.25814077,0.23953097
0.1991881,0.19997498,0.1992148,0.2505364,0.21282561
0.21542625,0.21419036,0.20889078,0.28010216,0.24653606
0.25169146,0.26169077,0.25481215,0.25774384,0.3047869
0.3345061,0.3427785,0.3179918,0.27750438,0.39701125
0.4240866,0.4228099,0.42959145,0.29543418,0.4792722
0.48443842,0.47830722,0.4914799,0.3394373,0.560037
0.5269283,0.5239675,0.5261555,0.4306816,0.61067814
0.5558863,0.5582807,0.55946434,0.43908775,0.6263362
0.56400543,0.56555843,0.5759619,0.48985142,0.661756
0.5696888,0.5571814,0.56992507,0.5412812,0.6675327
0.58971584,0.5764923,0.5790264,0.56843597,0.6700362
0.59431666,0.5894892,0.609506,0.5873647,0.6174826
0.5905277,0.5825143,0.6010206,0.5764015,0.66747546
0.58755076,0.58933175,0.59692353,0.55885816,0.6642126
0.5786198,0.57532734,0.5916583,0.5722458,0.66070944
0.55751014,0.56078523,0.56544286,0.5582618,0.6178124
0.5290934,0.5285474,0.5413235,0.5450316,0.61173594
0.517456,0.5246323,0.5244515,0.5021938,0.61596423
0.4820027,0.48990557,0.48561853,0.41871452,0.5591852
0.4,0.3911449,0.40156043,0.35560256,0.46814167
0.31096077,0.31335393,0.3144918,0.3141337,0.3712397
0.24790257,0.24979737,0.24754345,0.28258866,0.30036113
0.20703654,0.21740133,0.21234886,0.29848522,0.27569687
0.18403247,0.18996832,0.1871383,0.234649,0.22822301
0.16941813,0.17646536,0.17602116,0.26367486,0.21962593
0.17158322,0.17428806,0.1733933,0.25975412,0.22958405
0.18619756,0.18440843,0.19702132,0.27383304,0.24770154
0.22868742,0.23159602,0.23311545,0.28191632,0.27083898
0.30581868,0.3110984,0.29741156,0.27383024,0.37784263
0.3805142,0.3907626,0.38084832,0.35125777,0.45247906
0.4359946,0.4362192,0.43668848,0.38168818,0.5165906
0.46116373,0.47350726,0.47399214,0.46874475,0.5297863
0.4768606,0.47383615,0.47525007,0.5224251,0.58417964
0.47929636,0.4777924,0.4880265,0.5702231,0.5723618
0.47577807,0.47587904,0.4840479,0.5634288,0.55527514
0.46657646,0.47100732,0.47588426,0.5807993,0.527483
0.46549392,0.4655994,0.46947294,0.5775997,0.5565621
0.4700947,0.47325295,0.48622018,0.5489055,0.56569123
0.4803789,0.47801745,0.4870531,0.5398185,0.57215637
0.47550744,0.48206988,0.48207375,0.52868384,0.5749527
0.4608931,0.4570647,0.46003473,0.5161168,0.5644617
0.46657646,0.46664032,0.4570843,0.4904222,0.55388075
0.43653587,0.4476702,0.45050824,0.45233977,0.5216407
0.37050068,0.36163136,0.3683238,0.40604532,0.4350355
0.29878214,0.3026428,0.294406,0.36519533,0.3312145
0.23734777,0.24711218,0.24042727,0.31157124,0.2848762
0.20324764,0.20863572,0.1980482,0.3234697,0.21382658
0.18294993,0.18427977,0.18551928,0.29299527,0.21443118
0.1759134,0.17514735,0.17442268,0.25899708,0.18965182
0.17564276,0.18047205,0.18040426,0.29684508,0.20001028
0.1826793,0.17990133,0.19224611,0.29827118,0.21225752
0.20514208,0.21192911,0.21419825,0.285199,0.21596731
0.26738837,0.273007,0.25696242,0.305739,0.33728796
0.34235454,0.3458322,0.34288585,0.3640461,0.41154712
0.397023,0.39967573,0.39816836,0.41930807,0.4941938
0.42895806,0.43534794,0.4287121,0.44763952,0.50026965
0.4511502,0.44680974,0.44720697,0.5073453,0.5592248
0.4600812,0.45640662,0.46241114,0.5451051,0.5627161
0.46035182,0.45762992,0.46325144,0.5920395,0.5339663
0.4592693,0.45640317,0.46197224,0.61799365,0.53870606
0.46955344,0.46229264,0.4676878,0.610478,0.54914623
0.48822734,0.48892716,0.4944453,0.6059036,0.5740962
0.51231396,0.5092689,0.5158786,0.6052051,0.5827007
0.5060893,0.5190463,0.5268334,0.5788811,0.5750648
0.4879567,0.48766574,0.49125338,0.52383107,0.56414413
0.48389715,0.49011418,0.4778874,0.5185156,0.533741
0.44790256,0.45366105,0.45349604,0.45579594,0.5206971
0.3594046,0.35990873,0.37760141,0.389538,0.4069991
0.2774019,0.28166035,0.27030322,0.36192507,0.31758535
0.2232747,0.22435123,0.21459281,0.33441722,0.26867983
0.19269283,0.19673005,0.18797025,0.3150199,0.25647688
0.17780785,0.18083242,0.1736909,0.31726715,0.25146484
0.17618403,0.1717439,0.17168261,0.25810322,0.21602003
0.20027064,0.19232818,0.18618578,0.2759522,0.24944003
0.24519621,0.25609282,0.24168834,0.2882906,0.29013917
0.33504736,0.33858606,0.31511304,0.26593646,0.38487697
0.42949933,0.4242086,0.43323147,0.3162356,0.47263688
0.4895805,0.4831834,0.4892524,0.35892916,0.5539652
0.5345061,0.52779424,0.52070343,0.4082597,0.6370783
0.57266575,0.5672244,0.56095815,0.44967556,0.63124424
0.59296346,0.5871179,0.59445286,0.5025201,0.6892096
0.61163735,0.5942273,0.60273814,0.5573698,0.6921643
0.6265223,0.62385845,0.62488204,0.60485774,0.6722912
0.6313938,0.6249048,0.64111507,0.6008958,0.64902425
0.63437074,0.6275714,0.6388246,0.62595594,0.6938337
0.6430311,0.6395027,0.6431796,0.6205387,0.6942857
0.6503383,0.6430677,0.64805627,0.595015,0.69419384
0.6332882,0.64176005,0.6355412,0.59998494,0.6674771
0.59972936,0.6035181,0.61269534,0.5430456,0.63809186
0.59133965,0.5862435,0.58479965,0.5111656,0.62906647
0.5466847,0.54794633,0.5472219,0.4640829,0.58692753
0.44167796,0.43853667,0.45267347,0.39985222,0.48562276
0.34154263,0.3492284,0.34099114,0.3722852,0.3779963
0.2798376,0.27917635,0.2730561,0.32784724,0.3145173
0.2435724,0.25283003,0.2450232,0.3007673,0.269531
0.21705006,0.22723773,0.22545795,0.29178804,0.25571257
0.21732071,0.20914474,0.20903274,0.29629743,0.22720267
0.23437077,0.23740724,0.23967706,0.28859472,0.26085603
0.28092015,0.2866944,0.286402,0.3145026,0.30520877
0.37428957,0.37979263,0.37289014,0.29709184,0.39719236
0.47550744,0.46888152,0.47665113,0.32890046,0.49041635
0.54560214,0.5364977,0.5415814,0.39545947,0.5625887
0.605954,0.59485686,0.59165794,0.46429425,0.63915074
0.6549391,0.6492622,0.6495631,0.5474515,0.64233863
0.69039243,0.67900723,0.68874586,0.6402173,0.6906377
0.69905275,0.70604426,0.7174564,0.71636575,0.69484556
0.73261166,0.7095295,0.7062832,0.72119737,0.6801301
0.7480379,0.74339056,0.7604128,0.69723475,0.65158
0.7523681,0.74753857,0.7602765,0.7004062,0.69401455
0.7564276,0.75316,0.75777006,0.7009784,0.69246626
0.75859267,0.74713665,0.74903286,0.73171693,0.6938732
0.7504736,0.7471885,0.7284281,0.669859,0.6651851
0.72584575,0.7218981,0.7167726,0.6665368,0.6445254
0.71935046,0.7159993,0.700331,0.66653454,0.63245976
0.6638701,0.6747133,0.6660397,0.5889408,0.5946347
0.56427604,0.54358023,0.55137986,0.5435081,0.48964006
0.46035182,0.4650072,0.4592669,0.46478748,0.38380888
0.39215156,0.3912799,0.38597804,0.48314744,0.31616902
0.35453317,0.36034852,0.35306594,0.41740638,0.2736408
0.32990527,0.3387832,0.3370175,0.5064976,0.25699753
0.32665765,0.32759932,0.3260811,0.49440157,0.22663914
0.3404601,0.3468275,0.34592193,0.45143312,0.2617431
0.3713126,0.39274916,0.38771316,0.47602183,0.30500388
0.4660352,0.46123642,0.4465192,0.44272196,0.39900255
0.57077134,0.5733519,0.5808396,0.46849978,0.49049026
0.6449256,0.64482546,0.6472472,0.56710815,0.564111
0.7096076,0.70389724,0.695781,0.6287698,0.6415293
0.776184,0.7612649,0.7585944,0.72074825,0.643582
0.8127199,0.8109688,0.8261712,0.8095595,0.69390607
0.8254398,0.8203417,0.84227806,0.8245607,0.697173
0.84682006,0.83604175,0.84368014,0.8267163,0.68121815
0.8435724,0.85318947,0.867273,0.83419067,0.65343845
0.8451962,0.83437914,0.8381152,0.7988531,0.69621074
0.83572394,0.8441037,0.84984124,0.7603079,0.6934055
0.8205683,0.81719476,0.8199605,0.78264445,0.6947412
0.80487144,0.8038087,0.79561114,0.7560473,0.6649214
0.7694181,0.7748523,0.7823295,0.74030775,0.6474588
0.7374831,0.74861383,0.743094,0.6926289,0.6359267
0.6489851,0.6846381,0.68416154,0.6262937,0.5965708
0.52828145,0.52257633,0.5319072,0.45564497,0.49121058
0.43139377,0.4338353,0.41877216,0.4921552,0.38440582
0.36373478,0.36984244,0.36430156,0.47182894,0.31839138
0.32313937,0.33008757,0.3224839,0.47860074,0.26543555
0.30040595,0.30610707,0.299065,0.48750293,0.24903373
0.2968877,0.29494843,0.293203,0.46611696,0.22833933
0.30798376,0.3146178,0.31345832,0.4494927,0.26156136
0.35751015,0.35094282,0.3514518,0.4370697,0.31195274
0.4351827,0.46738383,0.4463681,0.40603957,0.3956718
0.50717187,0.526789,0.5302863,0.35603654,0.49222684
0.55372125,0.55984795,0.5753299,0.4060171,0.5596173
0.585115,0.5916698,0.60209227,0.4227751,0.63207287
0.6113667,0.6146671,0.61997044,0.50943047,0.63913363
0.6246279,0.61965454,0.63358057,0.53422594,0.6800494
0.6292287,0.6175797,0.63383186,0.59351885,0.6847453
0.6368065,0.63577247,0.6320748,0.6232352,0.6774709
0.63058186,0.63193125,0.64027154,0.60722417,0.6400422
0.6257104,0.61639667,0.6335379,0.6343133,0.685008
0.6246279,0.6260271,0.6411579,0.6489939,0.6772578
0.6232747,0.6201912,0.6350158,0.60077095,0.6847612
0.6054127,0.6195806,0.617908,0.6100078,0.6525742
0.57023007,0.5823815,0.586511,0.5857018,0.63256645
0.56211096,0.5568643,0.55150187,0.54411787,0.62559843
0.520433,0.52798444,0.5239086,0.4689514,0.5855339
0.41786197,0.42316732,0.43926847,0.36362636,0.48070538
0.32584575,0.330163,0.32495648,0.2910827,0.37898818
0.25764546,0.26800212,0.26519477,0.27750686,0.31169155
0.21650879,0.22459942,0.21949233,0.26337418,0.27030385
0.19729364,0.20131138,0.19287899,0.26520807,0.23953097
0.19161029,0.19187328,0.18657665,0.22712106,0.21282561
0.20270637,0.20734912,0.19533412,0.2619293,0.24653606
0.24627875,0.24219206,0.22942798,0.24607295,0.3047869
0.32801083,0.3405779,0.30537227,0.27442408,0.39701125
0.4127199,0.41192722,0.4156459,0.28689128,0.4792722
0.4692828,0.46520796,0.48176557,0.37151086,0.560037
0.517456,0.5064596,0.50769484,0.39486146,0.61067814
0.5545331,0.5498262,0.55300945,0.45684576,0.6263362
0.57564276,0.56591344,0.5792591,0.4696687,0.661756
0.5818674,0.57457495,0.59214735,0.53193253,0.6675327
0.5978349,0.5861826,0.592956,0.55163765,0.6700362
0.5986468,0.59562886,0.6198884,0.56826156,0.6174826
0.59810555,0.58615416,0.60785985,0.57536983,0.66747546
0.60108256,0.5993201,0.6106862,0.5617684,0.6642126
0.5991881,0.5912924,0.6052997,0.563982,0.66070944
0.57645464,0.581041,0.5842246,0.5650403,0.6178124
0.5529093,0.5433121,0.55683535,0.5421909,0.61173594
0.55236804,0.5513512,0.54921323,0.5079361,0.61596423
0.5158322,0.5270389,0.51942104,0.45766103,0.5591852
0.42273343,0.42019963,0.43147352,0.3899117,0.46814167
0.33125845,0.32915393,0.33027136,0.2769676,0.3712397
0.26441136,0.26909927,0.26627147,0.28949922,0.30036113
0.22219215,0.23177248,0.22682872,0.22981168,0.27569687
0.20135318,0.20390695,0.20183395,0.22886051,0.22822301
0.19215156,0.19469124,0.19418222,0.26365456,0.21962593
0.1924222,0.20109037,0.19863884,0.25663942,0.22958405
0.20622464,0.20600873,0.21816085,0.26818293,0.24770154
0.2414073,0.25190344,0.25333968,0.28170842,0.27083898
0.3158322,0.32068738,0.30489182,0.25601548,0.37784263
0.38511503,0.40046772,0.392945,0.3632577,0.45247906
0.44871446,0.44010884,0.4407524,0.3764794,0.5165906
0.47983763,0.4945973,0.49583828,0.47966963,0.5297863
0.4985115,0.4960496,0.49890122,0.51931006,0.58417964
0.50284165,0.50195456,0.50952655,0.5959022,0.5723618
0.5036536,0.5011953,0.5063857,0.6076924,0.55527514
0.49742895,0.50313234,0.5040521,0.6292625,0.527483
0.5044655,0.49691603,0.49933857,0.58757335,0.5565621
0.51610285,0.51584363,0.5311129,0.6004963,0.56569123
0.529364,0.52658737,0.5392934,0.61816233,0.57215637
0.52584577,0.5307926,0.5328453,0.5864275,0.5749527
0.50094724,0.5069705,0.51264805,0.581744,0.5644617
0.50257105,0.5016314,0.48953387,0.5699709,0.55388075
0.4752368,0.4819899,0.4818853,0.49093938,0.5216407
0.39594045,0.39556977,0.40209067,0.41672385,0.4350355
0.3142084,0.31642053,0.30856818,0.3384307,0.3312145
0.25277403,0.25823617,0.25040242,0.3301683,0.2848762
0.21650879,0.22256726,0.21405415,0.30684108,0.21382658
0.19512855,0.19616014,0.19710161,0.30992436,0.21443118
0.1864682,0.18662643,0.18527313,0.31454566,0.18965182
0.18836266,0.19033825,0.18850891,0.29902703,0.20001028
0.19431664,0.1931375,0.20635565,0.28998125,0.21225752
0.22381596,0.22335982,0.22643657,0.33757198,0.21596731
0.28903925,0.29750758,0.2846776,0.31240013,0.33728796
0.36427605,0.3692832,0.3643471,0.38083488,0.41154712
0.43707713,0.4230064,0.4221537,0.39310002,0.4941938
0.47794315,0.48663697,0.48124236,0.4610467,0.50026965
0.49742895,0.4986119,0.498961,0.47691244,0.5592248
0.49959403,0.50198305,0.5058344,0.5408074,0.5627161
0.4887686,0.4912584,0.49902418,0.51830304,0.5339663
0.48822734,0.47789428,0.4831165,0.55434513,0.53870606
0.49607578,0.49349973,0.50027,0.5416314,0.54914623
0.5158322,0.5122246,0.5217575,0.6011421,0.5740962
0.5369418,0.53691816,0.54850686,0.5583776,0.5827007
0.5336942,0.54151845,0.5473486,0.58011425,0.5750648
0.51772666,0.51524043,0.5189989,0.53313464,0.56414413
0.5185386,0.5133761,0.511589,0.50710285,0.533741
0.46874154,0.48341748,0.49365366,0.47655982,0.5206971
0.38592693,0.37211248,0.38566676,0.43423545,0.4069991
0.3098782,0.31146237,0.30092502,0.44139445,0.31758535
0.258728,0.25920975,0.24839462,0.3960426,0.26867983
0.23220569,0.23293322,0.22339454,0.38851786,0.25647688
0.22138025,0.22060537,0.21590286,0.40434784,0.25146484
0.22435723,0.2187104,0.21850903,0.37409228,0.21602003
0.24248984,0.24047607,0.23771706,0.36515504,0.24944003
0.29797024,0.2957671,0.2773575,0.36010098,0.29013917
0.38890392,0.39722073,0.37495342,0.34899843,0.38487697
0.4836265,0.48022273,0.48827475,0.36588645,0.47263688
0.54722595,0.53814185,0.5508081,0.3537675,0.5539652
0.5894452,0.5872677,0.58207417,0.35064077,0.6370783
0.61867386,0.61761403,0.6119487,0.35605365,0.63124424
0.6376184,0.6219647,0.6325329,0.3978862,0.6892096
0.64384305,0.62847686,0.64530045,0.40653855,0.6921643
0.64952636,0.6427371,0.6467825,0.49086475,0.6722912
0.6451962,0.6414603,0.65735835,0.56491536,0.64902425
0.6435724,0.63614905,0.6443169,0.5765752,0.6938337
0.6484438,0.6468833,0.6487381,0.58527464,0.6942857
0.6430311,0.6505189,0.6522135,0.5909745,0.69419384
0.6108254,0.62977886,0.62846714,0.5795633,0.6674771
0.57239515,0.57683945,0.5968068,0.4989735,0.63809186
0.54857916,0.5522617,0.56452763,0.3888161,0.62906647
0.4828146,0.5000105,0.499213,0.38824707,0.58692753
0.39458728,0.37696144,0.39143533,0.3477965,0.48562276
0.31474966,0.31791827,0.3141295,0.32365656,0.3779963
0.25899863,0.26475564,0.26020145,0.31931245,0.3145173
0.22516915,0.23665121,0.22801574,0.31446582,0.269531
0.20703654,0.21308798,0.2099469,0.3144266,0.25571257
0.20649527,0.20557901,0.20689045,0.30779004,0.22720267
0.22300406,0.2265726,0.23010682,0.31230515,0.26085603
0.26792964,0.2749901,0.2754484,0.2871399,0.30520877
0.3526387,0.3670076,0.3511176,0.27895102,0.39719236
0.43897158,0.4391726,0.446661,0.2737157,0.49041635
0.48606226,0.48996612,0.5050205,0.30565506,0.5625887
0.51285523,0.5199567,0.52162784,0.35753447,0.63915074
0.5358593,0.53617936,0.5357431,0.41450357,0.64233863
0.5461434,0.5444659,0.5525457,0.4351446,0.6906377
0.54993236,0.542144,0.5503726,0.46603334,0.69484556
0.5610284,0.55565166,0.54935694,0.4927851,0.6801301
0.5615697,0.5559664,0.5713252,0.5205246,0.65158
0.5545331,0.5544665,0.5741551,0.5131956,0.69401455
0.55236804,0.5540197,0.56925887,0.53703135,0.69246626
0.5518268,0.55031455,0.5565985,0.54528546,0.6938732
0.5404601,0.54676116,0.53547496,0.5398304,0.6651851
0.5201624,0.5204227,0.5233736,0.5043467,0.6445254
0.5269283,0.5160632,0.5043462,0.4563731,0.63245976
0.47469553,0.49283472,0.48896068,0.40097266,0.5946347
0.37916103,0.36947212,0.38785896,0.3124588,0.48964006
0.2909337,0.2940791,0.29374266,0.27935472,0.38380888
0.23112313,0.23481089,0.23299468,0.2651637,0.31616902
0.2,0.20392469,0.19833542,0.22637182,0.2736408
0.18322057,0.189789,0.18385439,0.24497758,0.25699753
0.1797023,0.18081453,0.17730437,0.2532097,0.22663914
0.19566983,0.19849038,0.19011708,0.25731605,0.2617431
0.24600811,0.24441695,0.23262711,0.27500707,0.30500388
0.3277402,0.34632325,0.32320803,0.2806127,0.39900255
0.4165088,0.41036204,0.41837025,0.260543,0.49049026
0.4660352,0.46350452,0.47795582,0.30391073,0.564111
0.49364007,0.4956424,0.49453038,0.3367933,0.6415293
0.5136671,0.5154631,0.5151229,0.3996325,0.643582
0.53179973,0.516881,0.52868533,0.45000297,0.69390607
0.5393775,0.5296123,0.5473393,0.4746737,0.697173
0.5548038,0.5443871,0.55013317,0.48484206,0.68121815
0.5529093,0.55423164,0.5714104,0.54511243,0.65343845
0.55074424,0.54093707,0.5540529,0.50913966,0.69621074
0.5458728,0.5529409,0.5603306,0.51681215,0.6934055
0.54722595,0.54171795,0.54806685,0.4987749,0.6947412
0.5410014,0.543969,0.5439524,0.5146139,0.6649214
0.520433,0.5233383,0.5335074,0.4586532,0.6474588
0.52341,0.5145949,0.5119015,0.44264048,0.6359267
0.47415426,0.48787376,0.48303694,0.40664655,0.5965708
0.37510148,0.3712253,0.38320404,0.3329425,0.49121058
0.28876862,0.28853098,0.28334662,0.3132578,0.38440582
0.22868742,0.2325348,0.2307995,0.27698472,0.31839138
0.19837618,0.1990555,0.19599399,0.25203285,0.26543555
0.1843031,0.18642515,0.18380696,0.27547306,0.24903373
0.1843031,0.1833362,0.18202174,0.23731215,0.22833933
0.20351827,0.20265055,0.20141526,0.27048606,0.26156136
0.25439784,0.2555091,0.24994947,0.26419398,0.31195274
0.3345061,0.35675848,0.33721155,0.2913121,0.3956718
0.4232747,0.41363207,0.4202017,0.25224948,0.49222684
0.4768606,0.47011378,0.48174912,0.30516285,0.5596173
0.51772666,0.5076374,0.50823224,0.32696587,0.63207287
0.55074424,0.54524994,0.54691184,0.3642243,0.63913363
0.5677943,0.5584258,0.5735371,0.43244195,0.6800494
0.5705007,0.56743217,0.57974064,0.48218703,0.6847453
0.58240867,0.575301,0.57543206,0.5318204,0.6774709
0.56914747,0.5782,0.59420395,0.5047131,0.6400422
0.5648173,0.5515783,0.56031305,0.4674263,0.685008
0.5664411,0.56516504,0.5745056,0.53697425,0.6772578
0.5653586,0.5655142,0.57285404,0.5361423,0.6847612
0.5556157,0.5617008,0.55444205,0.4937176,0.6525742
0.5358593,0.53547525,0.5446117,0.46884584,0.63256645
0.5410014,0.5270214,0.52832794,0.47137105,0.62559843
0.49147496,0.5043732,0.49970028,0.44466305,0.5855339
0.3983762,0.3864409,0.3969321,0.3822415,0.48070538
0.31312585,0.3130547,0.30933392,0.3586856,0.37898818
0.25277403,0.25552335,0.25438058,0.33990422,0.31169155
0.21921515,0.22258544,0.22041151,0.33120573,0.24926575
0.19594046,0.20460382,0.20426291,0.34568903,0.21739735
0.19350474,0.19018131,0.18885167,0.29337627,0.21786804
0.20866035,0.21291849,0.20813479,0.27749178,0.2434087
0.2571042,0.25394243,0.24955621,0.29811656,0.3198141
0.33640054,0.34450078,0.3364132,0.27270442,0.41625202
0.42354533,0.42070332,0.42882788,0.2769787,0.49192375
0.48903924,0.48016962,0.4875014,0.31243795,0.5858751
0.535318,0.5325389,0.5313871,0.3686276,0.6056264
0.5664411,0.5683197,0.5661185,0.42394084,0.6311318
0.58457375,0.57665527,0.585165,0.5225148,0.67811835
0.6005413,0.5832442,0.5959315,0.5434887,0.6603334
0.6156969,0.60877067,0.61468714,0.5797238,0.6831009
0.6135318,0.6109401,0.6265113,0.6512928,0.63287836
0.6056833,0.5996064,0.6133913,0.5978193,0.66507745
0.5953992,0.6025147,0.608128,0.56449515,0.66246986
0.5856563,0.5766686,0.59024835,0.60058,0.63451207
0.56725305,0.56868476,0.5718945,0.5731036,0.6444759
0.5426252,0.54862463,0.54906094,0.49737185,0.6197938
0.5493911,0.5421136,0.5324726,0.50004727,0.6286189
0.50933695,0.50796497,0.51644135,0.47067744,0.5576161
0.42300406,0.41857877,0.4226595,0.4385367,0.43827003
0.33504736,0.33451304,0.33515108,0.41179502,0.36369523
0.27469555,0.27808514,0.2718067,0.39110807,0.29472548
0.23897158,0.24767622,0.24045542,0.3727215,0.24149321
0.21867388,0.22340575,0.22196047,0.3591016,0.21154155
0.21326116,0.2144522,0.21486086,0.3805585,0.19315019
0.21786198,0.22499254,0.22662143,0.3621834,0.20427884
0.2376184,0.23825231,0.25019345,0.34523237,0.24231373
0.27550745,0.2808135,0.29082254,0.34627244,0.29154545
0.34993234,0.35596442,0.3412671,0.34225738,0.34754115
0.42381597,0.4292061,0.4269704,0.37652284,0.4512326
0.4803789,0.4840773,0.4809421,0.4213863,0.5119585
0.5066306,0.515675,0.5207629,0.4722228,0.53238976
0.5087957,0.5168037,0.5238464,0.5306515,0.5675378
0.5098782,0.5046582,0.5106386,0.5841297,0.5509889
0.5036536,0.50891143,0.5125183,0.6094339,0.5545747
0.49499324,0.49583414,0.49835986,0.6644156,0.5176292
0.49282816,0.49152616,0.49355745,0.6207671,0.5596063
0.49661705,0.49969026,0.5063882,0.6509291,0.5587317
0.5047361,0.5036782,0.51109636,0.59833056,0.55979085
0.49012178,0.5023329,0.507076,0.63753337,0.5750591
0.46549392,0.48070595,0.47508642,0.54555684,0.55451965
0.47388363,0.47346327,0.46511644,0.4996313,0.55940485
0.4384303,0.44213906,0.45614696,0.4104231,0.49573725
0.36346415,0.36753023,0.36422873,0.37707305,0.40058607
0.28443843,0.2898434,0.28535017,0.3373828,0.32659465
0.22435723,0.22902149,0.2262412,0.3119164,0.27806625
0.1932341,0.1957353,0.18835697,0.2891854,0.18892993
0.1759134,0.17865148,0.17629561,0.28018758,0.17016084
0.16968876,0.17231593,0.16813819,0.28054637,0.16596805
0.16995941,0.1754471,0.1734142,0.28519982,0.17621157
0.17726658,0.17693305,0.18627562,0.28071764,0.20606981
0.20324764,0.19919834,0.207918,0.28891492,0.22852089
0.264682,0.27350542,0.26006323,0.28363508,0.30173445
0.3396482,0.33999935,0.34033844,0.34276175,0.3990415
0.397023,0.39696226,0.39704636,0.40035844,0.46433496
0.4300406,0.4307311,0.42992324,0.43981302,0.4839846
0.4533153,0.4425462,0.44592798,0.47838026,0.5203798
0.45764548,0.4582455,0.4656858,0.54317594,0.51447326
0.46062246,0.4524616,0.45741847,0.5263722,0.5239001
0.4592693,0.4581275,0.46647146,0.5755549,0.48598093
0.46657646,0.46014026,0.4698987,0.5443683,0.53125155
0.4828146,0.48251626,0.49213368,0.59498817,0.534573
0.5082544,0.49616238,0.50815827,0.5405855,0.52125466
0.51231396,0.51183105,0.51916337,0.53253824,0.5710133
0.5044655,0.5094888,0.5003231,0.5092035,0.5222438
0.5155616,0.5112669,0.4944091,0.4627306,0.52481294
0.46495265,0.47045484,0.48342866,0.4443792,0.4929477
0.3772666,0.37346748,0.3780598,0.39120337,0.35632563
0.29959404,0.29411098,0.2916065,0.36675763,0.29904497
0.2465494,0.24276862,0.24073073,0.34998366,0.24515931
0.21488498,0.2166369,0.21304627,0.32312736,0.23520763
0.20514208,0.19984493,0.196432,0.30429587,0.21685307
0.20703654,0.1991843,0.20249255,0.289293,0.2188903
0.22516915,0.22252038,0.2180221,0.29970822,0.23789226
0.2774019,0.27791128,0.26046866,0.2859547,0.31287944
0.35832205,0.3647039,0.35328194,0.30359292,0.40358934
0.45087957,0.44426897,0.44803524,0.3084247,0.48085898
0.51610285,0.5087237,0.5136624,0.33312213,0.5719962
0.5696888,0.55797076,0.5473221,0.33250558,0.619501
0.6105548,0.6042683,0.5987803,0.41252655,0.62677276
0.6300406,0.62611175,0.6323494,0.5102373,0.6898061
0.6405954,0.62965834,0.63750994,0.57024217,0.6748872
0.6541272,0.65079755,0.64752215,0.62456703,0.67958903
0.65818673,0.65199554,0.66811097,0.64226806,0.6515974
0.6571042,0.65010333,0.66296715,0.6315178,0.674332
0.65981054,0.6610444,0.65873176,0.66263425,0.682967
0.6625169,0.6544572,0.6626315,0.579496,0.639942
0.65304464,0.6551322,0.6526696,0.57119673,0.6722145
0.6313938,0.6393851,0.6424792,0.6006905,0.63488454
0.6311231,0.62736195,0.62098455,0.51439846,0.6424934
0.5667118,0.56883126,0.58426464,0.5002664,0.58400846
0.4728011,0.45288703,0.46233743,0.40354633,0.4494241
0.3753721,0.3779424,0.38116443,0.372904,0.35685766
0.31231394,0.31005034,0.30652446,0.3620882,0.29360902
0.27631935,0.2810221,0.2762715,0.3235207,0.254291
0.255751,0.25904626,0.25946635,0.31661096,0.22226043
0.24871448,0.25146905,0.25115094,0.31598258,0.23065831
0.26332882,0.2657611,0.2642989,0.29889876,0.24956547
0.30717185,0.31858078,0.31270093,0.3478341,0.32602352
0.38836265,0.39752865,0.39213955,0.32867372,0.41732574
0.48687416,0.4761844,0.48758104,0.3217711,0.50025433
0.54479027,0.55450463,0.5612397,0.36744583,0.58592963
0.6005413,0.5877541,0.58424246,0.41978204,0.62339246
0.6473613,0.64148587,0.6436153,0.5043987,0.6402515
0.6755074,0.6729021,0.6798414,0.62120515,0.69146776
0.69039243,0.6906023,0.69550747,0.656784,0.67633784
0.70554805,0.7056283,0.701794,0.6554189,0.68810886
0.71420836,0.70225894,0.71516395,0.6736101,0.6552764
0.7136671,0.707541,0.7214831,0.67056555,0.67759645
0.70419484,0.7112478,0.7192887,0.5862551,0.6843053
0.69905275,0.68719995,0.69816947,0.59730935,0.6490792
0.6803789,0.68986726,0.6847809,0.60582227,0.6786873
0.6600812,0.658536,0.6533343,0.5915224,0.63731277
0.6511502,0.6563926,0.64390707,0.5470426,0.64638484
0.5802436,0.58512616,0.6029267,0.4914016,0.58923006
0.47550744,0.46385145,0.47423738,0.4139045,0.4555471
0.3813261,0.3787426,0.37568632,0.43139714,0.36853248
0.31556156,0.3178135,0.31502432,0.40377122,0.2947199
0.27929634,0.28422144,0.27641982,0.37345994,0.25669655
0.2608931,0.26510766,0.2595974,0.366423,0.22589074
0.2571042,0.25729454,0.25592792,0.35478586,0.23150821
0.27009472,0.27373406,0.2726051,0.3665469,0.24987338
0.3201624,0.319706,0.31297207,0.35772234,0.32829475
0.3991881,0.41609275,0.40393147,0.34165168,0.42163008
0.485521,0.48762766,0.4931838,0.3676213,0.5035762
0.54316646,0.54823756,0.5562083,0.36291325,0.58900243
0.58457375,0.5875336,0.589755,0.43390024,0.6268358
0.61542624,0.62054497,0.62027633,0.4926088,0.6424117
0.63247633,0.62967443,0.6402048,0.58033,0.6960698
0.6384303,0.63468474,0.64707595,0.614215,0.67961013
0.6473613,0.64760566,0.6446974,0.6502897,0.6887959
0.6427605,0.6423656,0.65502805,0.65445465,0.65962344
0.6368065,0.62746465,0.64316905,0.6621413,0.68051094
0.6362652,0.6351688,0.6468555,0.6496247,0.6865187
0.63545334,0.6280381,0.64673555,0.550723,0.6522737
0.6175913,0.625798,0.6280866,0.6014445,0.6817895
0.59810555,0.6009612,0.6035153,0.603378,0.6410716
0.5953992,0.5994913,0.5900848,0.5494249,0.6498283
0.5355886,0.5385047,0.55196,0.4685992,0.5920516
0.43328822,0.43128705,0.43873546,0.38030922,0.45852858
0.341272,0.33787107,0.33871692,0.34387428,0.37018237
0.2790257,0.27997193,0.27832574,0.31148052,0.2988488
0.2376184,0.24880582,0.24388309,0.3069151,0.24912904
0.21623816,0.2209503,0.21490131,0.2552246,0.21528561
0.20703654,0.210547,0.20667668,0.25419945,0.23078854
0.2232747,0.22195938,0.21301776,0.26467198,0.2539463
0.2654939,0.2747046,0.26110578,0.26510847,0.32570356
0.34614342,0.3529903,0.3350435,0.28998935,0.41465455
0.43301758,0.43181676,0.44322595,0.27580288,0.5020307
0.48930988,0.48798868,0.50282305,0.36579835,0.5858913
0.5223275,0.5259862,0.5278923,0.39821148,0.61478937
0.54695535,0.54731894,0.5478863,0.45899683,0.6401974
0.55913395,0.55549324,0.5656084,0.48346883,0.6765854
0.561299,0.55609435,0.568939,0.5129805,0.66563416
0.5715832,0.56574345,0.5656691,0.5252487,0.6905049
0.5542625,0.5676346,0.5823118,0.55971885,0.6420363
0.5445196,0.53245115,0.5455199,0.49196792,0.6712756
0.5393775,0.544966,0.55949634,0.5429149,0.66994643
0.5458728,0.53141284,0.5516628,0.48750532,0.6451317
0.5345061,0.54584277,0.549341,0.49574918,0.6701357
0.51231396,0.5229198,0.5256951,0.46526766,0.627343
0.51989174,0.507461,0.51112133,0.45293385,0.6377818
0.4579161,0.46793553,0.49222922,0.4278037,0.5755828
0.37266576,0.35436162,0.36420763,0.3730346,0.44717726
0.2849797,0.29075202,0.29188794,0.336807,0.36512855
0.22083898,0.22538748,0.2238305,0.3005709,0.2901702
0.18998647,0.19045678,0.18363637,0.2806098,0.24926575
0.17618403,0.17623666,0.17395215,0.26669174,0.21739735
0.17266576,0.17344815,0.17174828,0.24751283,0.21786804
0.18755074,0.19124457,0.18357147,0.23210828,0.2434087
0.2368065,0.23287806,0.22261404,0.2651785,0.3198141
0.31393775,0.32533428,0.3098904,0.23107539,0.41625202
0.39972937,0.39316854,0.40221745,0.27252743,0.49192375
0.46576455,0.45224857,0.46479067,0.3268575,0.5858751
0.5101488,0.50746346,0.50599945,0.39905375,0.6056264
0.5407307,0.54081595,0.53720546,0.45503223,0.6311318
0.5585927,0.5514085,0.5586736,0.50913066,0.67811835
0.561299,0.55716,0.57034665,0.5347456,0.6603334
0.57104194,0.5616373,0.5662282,0.5369721,0.6831009
0.57591337,0.5640056,0.5819457,0.5709656,0.63287836
0.5686062,0.56583554,0.5862995,0.55413175,0.66507745
0.56941813,0.565216,0.5712787,0.572316,0.66246986
0.5699594,0.5577939,0.57645625,0.5547746,0.63451207
0.5534506,0.55680466,0.5580481,0.5353779,0.6444759
0.529364,0.5351893,0.53990424,0.49144,0.6197938
0.5288227,0.5307799,0.5219602,0.4696083,0.6286189
0.47983763,0.48484734,0.48408678,0.40005985,0.5576161
0.39215156,0.38602102,0.3917556,0.33767277,0.43827003
0.3023004,0.3033981,0.3049193,0.2842934,0.36369523
0.24167794,0.24249396,0.23948812,0.23627497,0.29472548
0.20703654,0.21262765,0.20938216,0.23094217,0.24149321
0.18592693,0.19024214,0.1909285,0.25127774,0.21154155
0.17537212,0.1814906,0.17936133,0.25385496,0.19315019
0.17699593,0.18274683,0.1844459,0.25108826,0.20427884
0.194046,0.19553074,0.20816462,0.27318117,0.24231373
0.23518267,0.2353423,0.24847443,0.27193168,0.29154545
0.3104195,0.3165365,0.30793568,0.2877662,0.34754115
0.3894452,0.38965407,0.38558158,0.32701123,0.4512326
0.4473613,0.45077533,0.44701162,0.41137874,0.5119585
0.4768606,0.4825984,0.48618507,0.47767663,0.53238976
0.4895805,0.48935685,0.49451312,0.5498653,0.5675378
0.49364007,0.49244818,0.49507487,0.60761267,0.5509889
0.49147496,0.49472973,0.49593908,0.60311776,0.5545747
0.48470905,0.48883483,0.48982,0.6287997,0.5176292
0.4930988,0.4863384,0.4849949,0.61004484,0.5596063
0.5082544,0.5061241,0.5208659,0.60572654,0.5587317
0.5223275,0.51905406,0.5315598,0.5864762,0.55979085
0.520433,0.5189473,0.52050173,0.6065679,0.5750591
0.49959403,0.5157733,0.5042802,0.5968105,0.55451965
0.5090663,0.5072102,0.48603517,0.5610504,0.55940485
0.46359947,0.47402927,0.4832796,0.47269607,0.49573725
0.38159674,0.3827993,0.3782534,0.36813933,0.40058607
0.29445195,0.29803172,0.2967251,0.32391763,0.32659465
0.2384303,0.23281357,0.22961369,0.30084878,0.27806625
0.20162381,0.20944124,0.20410764,0.2538575,0.18892993
0.17997293,0.18242106,0.18002701,0.2907765,0.17016084
0.16427605,0.17259535,0.16909619,0.2673693,0.16596805
0.16075778,0.16546205,0.16243435,0.28686038,0.17621157
0.17158322,0.1663723,0.17683212,0.27124217,0.20606981
0.1953992,0.19807607,0.21115923,0.2790383,0.22852089
0.261705,0.2668519,0.2573508,0.2921722,0.30173445
0.34397835,0.34239858,0.34290782,0.34012067,0.3990415
0.41082543,0.40807936,0.4014156,0.3963862,0.46433496
0.45087957,0.45267937,0.44906643,0.5005838,0.4839846
0.4768606,0.47125778,0.47194287,0.58666486,0.5203798
0.49201623,0.4903786,0.48945913,0.62852764,0.51447326
0.4963464,0.49714193,0.49934992,0.60903335,0.5239001
0.4993234,0.4973956,0.5002622,0.63451725,0.48598093
0.50771314,0.50628823,0.5113605,0.6420582,0.53125155
0.5309878,0.5259197,0.5343849,0.6278155,0.534573
0.55372125,0.5499228,0.56856394,0.61576384,0.52125466
0.55318,0.554387,0.5641492,0.5878067,0.5710133
0.541272,0.548764,0.5372139,0.56711155,0.5222438
0.5477673,0.54638934,0.52911305,0.5302918,0.52481294
0.49039242,0.4994354,0.51449925,0.47926456,0.4929477
0.39729363,0.39295542,0.39914906,0.3895185,0.35632563
0.3120433,0.30851263,0.30583322,0.31005773,0.29904497
0.25683355,0.25049862,0.24610975,0.29774842,0.24515931
0.22165088,0.2247656,0.21778587,0.31126958,0.23520763
0.20920162,0.20334232,0.19791086,0.2525391,0.21685307
0.20595399,0.2020289,0.20366244,0.27581885,0.2188903
0.22110961,0.22015119,0.21478961,0.2902147,0.23789226
0.26901218,0.2731445,0.25656334,0.29767954,0.31287944
0.35101488,0.3566781,0.3410647,0.27058953,0.40358934
0.4481732,0.44053742,0.44502643,0.3150645,0.48085898
0.50554806,0.5130975,0.51890856,0.34690988,0.5719962
0.5602165,0.54674566,0.5375138,0.3650847,0.619501
0.61001354,0.6024925,0.5951845,0.49478096,0.62677276
0.64113665,0.6352653,0.64030004,0.58051276,0.6898061
0.6608931,0.6516409,0.6599864,0.64020866,0.6748872
0.67496616,0.67785656,0.6760776,0.66413957,0.67958903
0.6687415,0.67393047,0.6885163,0.67087835,0.6515974
0.66468203,0.6562339,0.66478676,0.6856153,0.674332
0.67036533,0.66917276,0.6717483,0.6426038,0.682967
0.67496616,0.6666403,0.6795655,0.6292599,0.639942
0.66441137,0.66560686,0.6645526,0.6536759,0.6722145
0.6405954,0.6503614,0.65033567,0.61422974,0.63488454
0.63924223,0.6381877,0.6306106,0.5774567,0.6424934
0.56914747,0.57720155,0.59517705,0.48834968,0.58400846
0.45737484,0.45129558,0.4605942,0.40187952,0.4494241
0.35967523,0.35775113,0.35498482,0.35728514,0.35685766
0.29445195,0.2963893,0.29193234,0.31235236,0.29360902
0.25818673,0.26194566,0.25537094,0.32497782,0.254291
0.24086604,0.24168128,0.23910384,0.30229163,0.22226043
0.23247632,0.23785362,0.23666342,0.36015964,0.23065831
0.24682003,0.24802467,0.2464549,0.32274383,0.24956547
0.30094722,0.29889968,0.29574776,0.30656508,0.32602352
0.38294992,0.3988432,0.39372474,0.30139363,0.41732574
0.47225982,0.47183898,0.47898018,0.31495082,0.50025433
0.5255751,0.5358622,0.54181814,0.3607334,0.58592963
0.5661705,0.56870973,0.5696315,0.38543776,0.62339246
0.6024357,0.60019755,0.6040623,0.47098696,0.6402515
0.6224628,0.6240618,0.63171446,0.52048826,0.69146776
0.62895805,0.62999666,0.63827586,0.5958397,0.67633784
0.6443843,0.6380379,0.6320009,0.5819708,0.68810886
0.6430311,0.64228714,0.65142643,0.6699759,0.6552764
0.6359946,0.6302263,0.64393353,0.6088728,0.67759645
0.6311231,0.6354387,0.6483853,0.62903696,0.6843053
0.62598103,0.62062883,0.6427634,0.62350297,0.6490792
0.6092016,0.61591744,0.6187597,0.5867676,0.6786873
0.59296346,0.5918606,0.5929448,0.5497856,0.63731277
0.597023,0.5918553,0.58660495,0.5468662,0.64638484
0.53640056,0.5385817,0.55489707,0.4831074,0.58923006
0.44032475,0.4269984,0.4339793,0.47944844,0.4555471
0.34939107,0.35027802,0.34788796,0.4690097,0.36853248
0.2993234,0.291011,0.2860918,0.44887847,0.2947199
0.27604872,0.27788106,0.27161947,0.43593532,0.25669655
0.26143438,0.26834968,0.26634827,0.43562227,0.22589074
0.258728,0.26055834,0.26054743,0.4219998,0.23150821
0.27631935,0.27727875,0.27603832,0.43757755,0.24987338
0.33071718,0.33028916,0.3209546,0.43172628,0.32829475
0.4189445,0.42655638,0.4106507,0.44162655,0.42163008
0.50392425,0.5084675,0.51328576,0.42021793,0.5035762
0.5577808,0.5604584,0.5661341,0.42555308,0.58900243
0.58619756,0.5947966,0.5943128,0.34484506,0.6268358
0.60703653,0.6120609,0.60887337,0.35100365,0.6424117
0.6105548,0.6092354,0.62441635,0.36008316,0.6960698
0.60351825,0.5985436,0.6153419,0.39079362,0.67961013
0.59837615,0.599783,0.60256255,0.39714926,0.6887959
0.5864682,0.5789472,0.5963812,0.43099135,0.65962344
0.5780785,0.568272,0.58198786,0.40926164,0.68051094
0.5826793,0.57800317,0.58605325,0.42838752,0.6865187
0.5840325,0.5832542,0.5953015,0.4158949,0.6522737
0.56914747,0.5781945,0.5816972,0.3920983,0.6817895
0.55318,0.55516857,0.56886286,0.34440655,0.6410716
0.5328823,0.55140173,0.5504401,0.34341875,0.6498283
0.47307172,0.4707023,0.4773365,0.33414337,0.5920516
0.38971582,0.378824,0.38559562,0.35736656,0.45852858
0.30852503,0.30925575,0.31303242,0.3550889,0.37018237
0.2549391,0.25481775,0.2560547,0.34227675,0.2988488
0.22165088,0.23109111,0.22588688,0.361708,0.24912904
0.20649527,0.21063927,0.20319648,0.36739117,0.21528561
0.20757781,0.2048024,0.2022222,0.34993458,0.23078854
0.21948579,0.22762832,0.22457303,0.34392434,0.2539463
0.26874155,0.26811996,0.25760022,0.32723606,0.32570356
0.35020298,0.3602323,0.34886134,0.32335526,0.41465455
0.43410012,0.43033627,0.44195715,0.29332197,0.5020307
0.48741543,0.48057684,0.49335685,0.32780194,0.5858913
0.51799726,0.5184045,0.5178761,0.37247664,0.61478937
0.5407307,0.53928816,0.5373981,0.40020704,0.6401974
0.54857916,0.54233277,0.55407333,0.44231498,0.6765854
0.54479027,0.5394461,0.5519459,0.4932921,0.66563416
0.5493911,0.5434208,0.54340315,0.5108326,0.6905049
0.5423545,0.54057837,0.55836076,0.5304185,0.6420363
0.53802437,0.52996624,0.5452448,0.4926837,0.6712756
0.53504735,0.541841,0.55163604,0.5293951,0.66994643
0.53179973,0.52976894,0.5388266,0.5127526,0.6451317
0.51962113,0.52831113,0.52522063,0.48073965,0.6701357
0.5074425,0.51166767,0.5130835,0.4585902,0.627343
0.5166441,0.5117293,0.49620447,0.4232114,0.6377818
0.4533153,0.46562162,0.4810218,0.3484453,0.5755828
0.36075777,0.3516927,0.3624345,0.28134686,0.44717726
0.27523682,0.2790904,0.27970225,0.24557476,0.36512855
0.21677943,0.21847147,0.21951814,0.21961296,0.2901702
0.18457375,0.19022179,0.18435691,0.22446384,0.24926575
0.17158322,0.17005393,0.16751315,0.23966688,0.21739735
0.16887686,0.17017108,0.167819,0.24154931,0.21786804
0.18592693,0.18852875,0.18015373,0.24520738,0.2434087
0.23518267,0.232667,0.22593348,0.268706,0.3198141
0.31312585,0.32285073,0.31367266,0.27727425,0.41625202
0.39458728,0.3917253,0.401366,0.27767608,0.49192375
0.44790256,0.44290274,0.45249015,0.30386978,0.5858751
0.4820027,0.48202595,0.4804032,0.3443508,0.6056264
0.5098782,0.5070313,0.5049223,0.36935776,0.6311318
0.5169147,0.5143693,0.5268122,0.40332037,0.67811835
0.5104195,0.5033387,0.5198975,0.4359762,0.6603334
0.50771314,0.5021879,0.5088519,0.48666322,0.6831009
0.49228686,0.49018416,0.51047426,0.47864944,0.63287836
0.47496617,0.47305086,0.4866446,0.46936214,0.66507745
0.47253045,0.47043186,0.475982,0.45988083,0.66246986
0.47253045,0.4649432,0.48400345,0.49434292,0.63451207
0.46278754,0.4671726,0.46912488,0.48931915,0.6444759
0.45764548,0.45206025,0.46308815,0.4870836,0.6197938
0.46414074,0.46550745,0.46611673,0.46906722,0.6286189
0.41380244,0.41940516,0.42667404,0.40701717,0.5576161
0.33856562,0.32499108,0.33111155,0.34901568,0.43827003
0.2592693,0.2609758,0.26500607,0.31204844,0.36369523
0.20162381,0.207331,0.20502472,0.30955416,0.29472548
0.17131259,0.17460895,0.17158023,0.28206265,0.24149321
0.15399188,0.16078964,0.15848008,0.27258202,0.21154155
0.15155616,0.15112212,0.14960212,0.28706542,0.19315019
0.15615697,0.16311288,0.1633543,0.27405012,0.20427884
0.17699593,0.1772736,0.18299977,0.2793128,0.24231373
0.21542625,0.21615103,0.22392176,0.23741165,0.29154545
0.28768605,0.29062405,0.27840677,0.24356917,0.34754115
0.35832205,0.3606806,0.36004844,0.2591949,0.4512326
0.4051421,0.41127023,0.40726045,0.34550616,0.5119585
0.4224628,0.4311257,0.4342429,0.39113748,0.53238976
0.42895806,0.4260609,0.42916906,0.4601109,0.5675378
0.42110962,0.42037338,0.4306379,0.46437216,0.5509889
0.408931,0.41146407,0.41478175,0.49749857,0.5545747
0.40216509,0.39522433,0.40107358,0.48011684,0.5176292
0.405954,0.40572506,0.4044503,0.48597664,0.5596063
0.4173207,0.4201596,0.42326957,0.4705565,0.5587317
0.4284168,0.4326173,0.4343309,0.47591716,0.55979085
0.42733425,0.42753083,0.43361953,0.45573014,0.5750591
0.4316644,0.4240295,0.4292491,0.42863262,0.55451965
0.43112314,0.44805077,0.43264922,0.41825294,0.55940485
0.38105547,0.38520893,0.389764,0.3810142,0.49573725
0.31258458,0.30727026,0.30382228,0.35077512,0.40058607
0.2427605,0.24718374,0.242324,0.33978486,0.32659465
0.1932341,0.19286168,0.19038418,0.33403087,0.27806625
0.16481732,0.1694757,0.16486563,0.29214472,0.18892993
0.1496617,0.15689108,0.15108366,0.30010802,0.17016084
0.14451963,0.14716545,0.14591646,0.2842934,0.16596805
0.1466847,0.15223595,0.15230854,0.28412354,0.17621157
0.15859269,0.15711737,0.16907743,0.29182917,0.20606981
0.18484439,0.18310225,0.20095862,0.30654275,0.22852089
0.24411367,0.25323203,0.2492476,0.2802847,0.30173445
0.32205683,0.31551886,0.31087208,0.30442178,0.3990415
0.38159674,0.38018867,0.3706537,0.30304295,0.46433496
0.42083898,0.416768,0.4093293,0.3811422,0.4839846
0.43788904,0.43603835,0.43787056,0.43224794,0.5203798
0.43707713,0.43794647,0.44084466,0.4821182,0.51447326
0.42516914,0.4283504,0.43204448,0.49379689,0.5239001
0.41515562,0.41337937,0.4196276,0.50379574,0.48598093
0.41840324,0.41505933,0.41983435,0.52370316,0.53125155
0.43193504,0.43624964,0.4408549,0.5438303,0.534573
0.44979703,0.44586027,0.45739353,0.5472897,0.52125466
0.45169148,0.45221156,0.46333438,0.5225697,0.5710133
0.44682002,0.4508121,0.4481587,0.50420725,0.5222438
0.45602164,0.45915127,0.4336039,0.4333493,0.52481294
0.394046,0.411256,0.42330244,0.3844399,0.4929477
0.3082544,0.3034506,0.30934072,0.33852512,0.35632563
0.23788904,0.23822397,0.23216726,0.33529848,0.29904497
0.18755074,0.18921348,0.18624295,0.2762297,0.24515931
0.16319351,0.16481143,0.1551748,0.2584399,0.23520763
0.15399188,0.1526145,0.14926943,0.24653693,0.21685307
0.15480378,0.15186828,0.15224591,0.26556945,0.2188903
0.17834912,0.17437738,0.16797833,0.25989252,0.23789226
0.23788904,0.23506236,0.22068281,0.25216037,0.31287944
0.32151556,0.328744,0.3188353,0.25929308,0.40358934
0.40649527,0.40438077,0.40933102,0.24488217,0.48085898
0.46224627,0.45526522,0.46361804,0.3052339,0.5719962
0.50284165,0.4991972,0.49056828,0.3564182,0.619501
0.52828145,0.5328871,0.52526116,0.3993622,0.62677276
0.53179973,0.5326086,0.53824866,0.42212117,0.6898061
0.52665764,0.51844114,0.52643496,0.45339668,0.6748872
0.5304465,0.5232267,0.51946443,0.46931857,0.67958903
0.5217862,0.5207188,0.53748095,0.47457618,0.6515974
0.5142084,0.507306,0.5217898,0.50987965,0.674332
0.5158322,0.5192364,0.5196609,0.5071018,0.682967
0.51799726,0.51559615,0.52466357,0.49027807,0.639942
0.5098782,0.5141628,0.5127747,0.49095726,0.6722145
0.50121784,0.5057388,0.5098282,0.48188227,0.63488454
0.50581867,0.5053562,0.49907812,0.44874293,0.6424934
0.43491206,0.44846538,0.4557985,0.38525265,0.58400846
0.33829498,0.32738945,0.33672905,0.29503798,0.4494241
0.25304466,0.25562766,0.25553402,0.2742893,0.35685766
0.1991881,0.19997722,0.19695108,0.22086811,0.29360902
0.17158322,0.17451286,0.17015906,0.24639013,0.254291
0.15723951,0.16149047,0.15828949,0.23332547,0.22226043
0.15453315,0.15601915,0.15609254,0.23918758,0.23065831
0.17456022,0.17733303,0.17390843,0.2483832,0.24956547
0.22598106,0.23291036,0.22795449,0.26670069,0.32602352
0.30419487,0.32101646,0.3181653,0.24478605,0.41732574
0.38592693,0.38073385,0.39109474,0.28618807,0.50025433
0.4359946,0.43184885,0.44193637,0.30667853,0.58592963
0.46955344,0.47083983,0.4690075,0.3743663,0.62339246
0.49418133,0.49330726,0.4924624,0.42743176,0.6402515
0.5066306,0.50083756,0.50655013,0.45767128,0.69146776
0.51231396,0.50442624,0.5113697,0.46866012,0.67633784
0.5217862,0.51541847,0.515359,0.4832245,0.68810886
0.51962113,0.5151917,0.5272981,0.4765544,0.6552764
0.5225981,0.51023626,0.5196008,0.47721207,0.67759645
0.529364,0.53007984,0.5370451,0.49137712,0.6843053
0.5377537,0.5281494,0.536464,0.4638422,0.6490792
0.5355886,0.5340941,0.530058,0.46608055,0.6786873
0.51989174,0.5281707,0.5257029,0.45205814,0.63731277
0.52801085,0.520337,0.502814,0.41994464,0.64638484
0.45872802,0.4688107,0.4762243,0.35063636,0.58923006
0.3610284,0.34521472,0.35496137,0.2902649,0.4555471
0.27659,0.27112678,0.2739306,0.25670525,0.36853248
0.22300406,0.22073993,0.22087488,0.21727392,0.2947199
0.20081191,0.1977959,0.19421133,0.21692762,0.25669655
0.18538566,0.19207314,0.19122459,0.21130651,0.22589074
0.17834912,0.1814206,0.18322061,0.21387598,0.23150821
0.19729364,0.19570422,0.19319579,0.23863308,0.24987338
0.24682003,0.2538496,0.24697225,0.23990887,0.32829475
0.32963464,0.3395727,0.3313136,0.2440249,0.42163008
0.41380244,0.40753737,0.41554725,0.25345254,0.5035762
0.46657646,0.46111858,0.4662491,0.31770182,0.58900243
0.5090663,0.49994245,0.4987043,0.34393233,0.6268358
0.5428958,0.5416815,0.53735805,0.39372718,0.6424117
0.561299,0.5550739,0.56308883,0.4792214,0.6960698
0.56887686,0.56356597,0.5727656,0.53478736,0.67961013
0.5864682,0.57693624,0.5763425,0.5480763,0.6887959
0.591069,0.58692694,0.60202575,0.56140256,0.65962344
0.5924222,0.5825505,0.5978953,0.5547723,0.68051094
0.597023,0.59638596,0.6039429,0.5350421,0.6865187
0.5989175,0.59239864,0.6053877,0.5562803,0.6522737
0.585115,0.5915684,0.5897801,0.52525103,0.6817895
0.5734777,0.57098186,0.5700469,0.4966222,0.6410716
0.57428956,0.57754636,0.56233335,0.43998164,0.6498283
0.5001353,0.5131146,0.5166747,0.36016357,0.5920516
0.40189445,0.38565493,0.3926589,0.32767826,0.45852858
0.3142084,0.30956006,0.31346267,0.28766888,0.37018237
0.25548038,0.2546932,0.25520054,0.24923038,0.2988488
0.22462788,0.22552085,0.22297248,0.23372039,0.24912904
0.21082544,0.21189538,0.20850031,0.22913247,0.21528561
0.2067659,0.20878398,0.20905691,0.24004538,0.23078854
0.22435723,0.22381458,0.22464122,0.25202996,0.2539463
0.27848443,0.279364,0.27474633,0.2636261,0.32570356
0.36400542,0.37602887,0.36845958,0.2538835,0.41465455
0.44465494,0.44831684,0.45301473,0.28400755,0.5020307
0.49526387,0.49277273,0.5001328,0.30862314,0.5858913
0.5309878,0.52923816,0.5324191,0.32494456,0.61478937
0.5596752,0.55917126,0.55968887,0.39473665,0.6401974
0.56914747,0.5685335,0.5806005,0.44144565,0.6765854
0.5715832,0.5648333,0.5773117,0.5021432,0.66563416
0.5718539,0.57479906,0.5761136,0.51353854,0.6905049
0.5580514,0.5572146,0.57121223,0.5299432,0.6420363
0.5445196,0.5397454,0.5511517,0.56050366,0.6712756
0.5407307,0.542377,0.5551047,0.5524866,0.66994643
0.54154265,0.53419995,0.5570644,0.53949183,0.6451317
0.5396482,0.5392411,0.5413139,0.54003453,0.6701357
0.54154265,0.53481245,0.5384259,0.50179726,0.627343
0.53152907,0.5434358,0.541248,0.4470206,0.6377818
0.46414074,0.46523336,0.4770983,0.38797855,0.5755828
0.37428957,0.36039075,0.36924657,0.3642367,0.44717726
0.2925575,0.29212114,0.29166633,0.33770394,0.36512855
0.24113667,0.236604,0.23692171,0.3081501,0.2901702
0.21326116,0.21603206,0.21323435,0.31122378,0.24926575
0.20162381,0.20112479,0.20021583,0.3001815,0.21739735
0.197023,0.20131785,0.2010276,0.30154777,0.21786804
0.21326116,0.21535382,0.21079718,0.30124694,0.2434087
0.26792964,0.26057473,0.25425437,0.2795255,0.3198141
0.35317996,0.35948703,0.3485335,0.2859261,0.41625202
0.4359946,0.4366717,0.44432467,0.29835746,0.49192375
0.49201623,0.4855027,0.49381626,0.29856187,0.5858751
0.52124494,0.52796954,0.52672774,0.31714278,0.6056264
0.54722595,0.5441759,0.54014343,0.3672778,0.6311318
0.5556157,0.5500287,0.564286,0.40757036,0.67811835
0.5496617,0.5429996,0.5602079,0.46560252,0.6603334
0.5466847,0.5410275,0.545872,0.46215433,0.6831009
0.5309878,0.5274073,0.5463643,0.45842028,0.63287836
0.5106901,0.5118038,0.5229168,0.47312504,0.66507745
0.5036536,0.5047147,0.50932914,0.4954583,0.66246986
0.5014885,0.4945446,0.51480246,0.47095233,0.63451207
0.49607578,0.49550036,0.50337934,0.4707278,0.6444759
0.49607578,0.48671988,0.5011546,0.45714962,0.6197938
0.49120432,0.5037064,0.49361527,0.41075748,0.6286189
0.43897158,0.43911576,0.44300503,0.36109316,0.5576161
0.3623816,0.35106847,0.35691327,0.34490263,0.43827003
0.28173208,0.28434905,0.28936154,0.31217992,0.36369523
0.22625169,0.22945803,0.22813612,0.30168176,0.29472548
0.19485791,0.20049816,0.19712238,0.28784317,0.24149321
0.1805142,0.1803419,0.18018064,0.2863612,0.21154155
0.17374831,0.17981297,0.1773977,0.2808836,0.19315019
0.18105549,0.18444237,0.1843626,0.25110358,0.20427884
0.20514208,0.20376405,0.2128515,0.2822972,0.24231373
0.2427605,0.24752942,0.2582657,0.29239872,0.29154545
0.31366712,0.3170223,0.30710778,0.27577665,0.34754115
0.38890392,0.3855194,0.3871487,0.29630658,0.4512326
0.43355885,0.4444304,0.4411194,0.3595386,0.5119585
0.45142084,0.45740452,0.46026272,0.4267677,0.53238976
0.45548037,0.45541713,0.4599647,0.4862125,0.5675378
0.45169148,0.44665998,0.45562926,0.5134979,0.5509889
0.44384304,0.44557855,0.44871113,0.5438699,0.5545747
0.43139377,0.43309507,0.43809408,0.5237548,0.5176292
0.4300406,0.42958152,0.4264769,0.49046952,0.5596063
0.43788904,0.441864,0.4441257,0.5246518,0.5587317
0.4511502,0.45157388,0.45385045,0.50609994,0.55979085
0.4519621,0.452272,0.45955467,0.50860286,0.5750591
0.44871446,0.45026892,0.45102698,0.45888335,0.55451965
0.4549391,0.46396255,0.4418676,0.44757837,0.55940485
0.39972937,0.4131381,0.42126268,0.35013515,0.49573725
0.3242219,0.32235757,0.31789905,0.3226328,0.40058607
0.25169146,0.25625095,0.2518982,0.28128037,0.32659465
0.20595399,0.1992118,0.19972974,0.25494438,0.27806625
0.17266576,0.18265685,0.1797752,0.25696865,0.18892993
0.16156968,0.15880817,0.15516539,0.2590779,0.17016084
0.15453315,0.16040859,0.15910792,0.24097002,0.16596805
0.1556157,0.16135484,0.16057888,0.26888022,0.17621157
0.16508795,0.1657688,0.17631976,0.25438702,0.20606981
0.1886333,0.18771571,0.20293069,0.26985085,0.22852089
0.25223276,0.25538424,0.25083363,0.27345645,0.30173445
0.32882273,0.32554877,0.3257311,0.29631943,0.3990415
0.3872801,0.38513687,0.37678874,0.3801914,0.46433496
0.41840324,0.42063865,0.417054,0.4298327,0.4839846
0.4405954,0.4313229,0.4313749,0.5205394,0.5203798
0.44871446,0.4473085,0.4492172,0.5468913,0.51447326
0.45142084,0.4481133,0.44960573,0.57625765,0.5239001
0.45602164,0.4505201,0.45406654,0.57732326,0.48598093
0.4668471,0.4627168,0.47020993,0.5902944,0.53125155
0.49228686,0.48622409,0.49362636,0.569457,0.534573
0.52503383,0.51201797,0.52641803,0.57426465,0.52125466
0.53125846,0.53051734,0.5407514,0.56804866,0.5710133
0.5304465,0.530051,0.5177344,0.5439749,0.5222438
0.5369418,0.54148996,0.51008564,0.46535206,0.52481294
0.46035182,0.48466668,0.48834667,0.37572473,0.4929477
0.37050068,0.35765675,0.35812306,0.30088615,0.35632563
0.28876862,0.2881365,0.29029214,0.28070185,0.29904497
0.23788904,0.23030022,0.2288343,0.26858473,0.24515931
0.21028417,0.20863414,0.20451,0.24259104,0.23520763
0.1932341,0.19569722,0.19375764,0.23765317,0.21685307
0.19485791,0.18438977,0.18538122,0.25436223,0.2188903
0.21244925,0.2110788,0.20990583,0.27764657,0.23789226
0.270636,0.26518497,0.25512993,0.26454553,0.31287944
0.3615697,0.36238617,0.35968995,0.2701233,0.40358934
0.45142084,0.4509045,0.4516484,0.2865584,0.48085898
0.5152909,0.50615203,0.5036363,0.3200128,0.5719962
0.5664411,0.55821145,0.54626334,0.3982941,0.619501
0.60622466,0.6042986,0.59476554,0.4893002,0.62677276
0.6313938,0.6268863,0.6289941,0.5766883,0.6898061
0.64925575,0.6409371,0.64544445,0.6293966,0.6748872
0.6722598,0.6665081,0.6641685,0.6576975,0.67958903
0.68010825,0.6776134,0.6951157,0.69464463,0.6515974
0.68525034,0.6762762,0.6869564,0.6892168,0.674332
0.69201624,0.69424736,0.69421196,0.665632,0.682967
0.69201624,0.6886413,0.69739974,0.6523952,0.639942
0.6782138,0.6811999,0.6784646,0.6679156,0.6722145
0.6671177,0.66279423,0.6662898,0.62754285,0.63488454
0.6541272,0.6693096,0.65585625,0.566165,0.6424934
0.5686062,0.57896733,0.5879761,0.40635443,0.58400846
0.45385656,0.44320947,0.4548024,0.33160317,0.4494241
0.35236806,0.35393417,0.3537752,0.31971967,0.35685766
0.28795668,0.28823748,0.28494,0.31634015,0.29360902
0.25087956,0.25623354,0.25051197,0.27881572,0.254291
0.22625169,0.23414943,0.23013772,0.287732,0.22226043
0.22138025,0.21982732,0.21882756,0.2944398,0.23065831
0.2346414,0.24009892,0.24131162,0.2852906,0.24956547
0.2909337,0.28690562,0.28995273,0.28153807,0.32602352
0.38105547,0.39185527,0.39334416,0.3015023,0.41732574
0.45656294,0.4725376,0.4778387,0.28005755,0.50025433
0.5158322,0.5099752,0.5147112,0.34134066,0.58592963
0.5705007,0.5647283,0.5667701,0.3865844,0.62339246
0.6197564,0.61096936,0.61567754,0.5513408,0.6402515
0.6538566,0.6500027,0.6577877,0.5863264,0.69146776
0.6752368,0.6741223,0.68129504,0.6500443,0.67633784
0.6982409,0.6962707,0.6913131,0.66708475,0.68810886
0.70717186,0.70137113,0.7122606,0.67885464,0.6552764
0.714479,0.70151556,0.71676016,0.67376095,0.67759645
0.71772665,0.7197261,0.7339525,0.6773897,0.6843053
0.7133965,0.7064925,0.7215411,0.6632993,0.6490792
0.6909337,0.70049477,0.6937506,0.66906816,0.6786873
0.6774019,0.6681296,0.6622139,0.5916309,0.63731277
0.6684709,0.67612374,0.65823793,0.5676497,0.64638484
0.57943165,0.59634304,0.6077168,0.46751493,0.58923006
0.46711773,0.4513026,0.4577347,0.3939015,0.4555471
0.37239513,0.36856124,0.36600673,0.3877465,0.36853248
0.3098782,0.30868852,0.30765167,0.3623556,0.2947199
0.2782138,0.27985936,0.27324113,0.38040408,0.25669655
0.2600812,0.26592162,0.26193076,0.3939433,0.22589074
0.25439784,0.25724772,0.25748533,0.3833713,0.23150821
0.2714479,0.27128345,0.2708162,0.37108564,0.24987338
0.3369418,0.32348534,0.32009834,0.37767458,0.32829475
0.44005412,0.44415578,0.42986664,0.36516255,0.42163008
0.5117727,0.5384171,0.53930736,0.36489615,0.5035762
0.55669826,0.5637922,0.5664948,0.40900737,0.58900243
0.61001354,0.60093606,0.59936774,0.47462523,0.6268358
0.6652233,0.65599144,0.65711564,0.6006982,0.6424117
0.69661707,0.6952542,0.70901966,0.65383947,0.6960698
0.7188092,0.7116543,0.722497,0.7304899,0.67961013
0.7458728,0.7379534,0.7380388,0.73732084,0.6887959
0.7520974,0.7510412,0.76744103,0.76248354,0.65962344
0.75372124,0.74407196,0.75872475,0.7929308,0.68051094
0.75696886,0.7552715,0.7624142,0.7752605,0.6865187
0.7539919,0.744282,0.7533153,0.7511286,0.6522737
0.7339648,0.74095976,0.73334736,0.7071044,0.6817895
0.7317997,0.71113,0.7147123,0.69722956,0.6410716
0.71583223,0.7378853,0.71894133,0.65060675,0.6498283
0.6292287,0.64315754,0.6390268,0.5519637,0.5920516
0.517456,0.5078962,0.5094478,0.53077614,0.45852858
0.4173207,0.42134425,0.41737258,0.48955458,0.37018237
0.3534506,0.35076508,0.3502512,0.40208858,0.2988488
0.32205683,0.3236284,0.31822848,0.44978887,0.24912904
0.30392423,0.30942184,0.30657342,0.41839063,0.21528561
0.29201624,0.30071366,0.3006446,0.43087256,0.23078854
0.30284166,0.30489025,0.3052896,0.38763928,0.2539463
0.3623816,0.35428336,0.3497546,0.36337358,0.32570356
0.45304465,0.46937594,0.4543411,0.36596805,0.41465455
0.52151555,0.5431431,0.54391295,0.33746153,0.5020307
0.5615697,0.56925654,0.57735103,0.39362162,0.5858913
0.5918809,0.59876585,0.6044255,0.4560246,0.61478937
0.6105548,0.62234116,0.6263764,0.4691267,0.6401974
0.62192154,0.61785626,0.63079023,0.5078268,0.6765854
0.6181326,0.62312114,0.6367998,0.5754116,0.66563416
0.617862,0.62369347,0.61842793,0.54179037,0.6905049
0.60622466,0.60886663,0.61468506,0.62590367,0.6420363
0.5962111,0.58888113,0.6032198,0.6374366,0.6712756
0.5797023,0.59366405,0.61413395,0.5704514,0.66994643
0.565088,0.5661852,0.5946224,0.5954879,0.6451317
0.55020297,0.5569947,0.575116,0.57219195,0.6701357
0.5542625,0.5466248,0.55842435,0.5709143,0.627343
0.5466847,0.5667995,0.5566726,0.49590945,0.6377818
0.473613,0.487213,0.5003671,0.42684495,0.5755828
0.37510148,0.37160072,0.37821794,0.3840598,0.44717726
0.28876862,0.2946775,0.289788,0.36229855,0.36512855
0.2330176,0.2335057,0.23216803,0.29948837,0.2901702
0.20460081,0.20787922,0.20085351,0.27324644,0.24926575
0.19161029,0.19360021,0.18638936,0.25892216,0.21739735
0.18782137,0.18814048,0.18466038,0.26959977,0.21786804
0.20216508,0.20493099,0.19688113,0.23112306,0.2434087
0.258728,0.24451223,0.23547687,0.22978649,0.3198141
0.3437077,0.35123742,0.32992664,0.1988934,0.41625202
0.42192152,0.42098954,0.42723686,0.24302402,0.49192375
0.47090665,0.46541706,0.47970897,0.3611914,0.5858751
0.5020298,0.50241554,0.5028804,0.401511,0.6056264
0.52124494,0.5246451,0.52369064,0.4379567,0.6311318
0.52638704,0.520959,0.53559333,0.4562037,0.67811835
0.5220568,0.5127682,0.5316736,0.4995616,0.6603334
0.52638704,0.515911,0.5244622,0.498138,0.6831009
0.5169147,0.51500547,0.53722376,0.52689236,0.63287836
0.5133965,0.4994702,0.51526165,0.517087,0.66507745
0.51258457,0.51350117,0.5219672,0.49160433,0.66246986
0.50771314,0.5015605,0.5167259,0.4882576,0.63451207
0.49742895,0.49775824,0.5075503,0.47335792,0.6444759
0.49661705,0.4879808,0.50717545,0.46366906,0.6197938
0.49012178,0.5047679,0.4926778,0.4304285,0.6286189
0.4292287,0.43517599,0.43790933,0.3618436,0.5576161
0.34749663,0.33541858,0.34255567,0.31371403,0.43827003
0.26603517,0.2685856,0.27389547,0.30963826,0.36369523
0.21271989,0.21251506,0.21342853,0.29752123,0.29472548
0.18078485,0.1868763,0.18563467,0.2690515,0.24149321
0.16373478,0.16750568,0.16545755,0.26861796,0.21154155
0.15453315,0.1614168,0.15836897,0.2805208,0.19315019
0.16021651,0.16222957,0.16253528,0.26493546,0.20427884
0.18376184,0.18045163,0.1907406,0.2598748,0.24231373
0.21759135,0.22564116,0.2374663,0.27076024,0.29154545
0.2841678,0.29072696,0.2776277,0.27838218,0.34754115
0.35615698,0.3568845,0.3522862,0.27293065,0.4512326
0.40270635,0.4106159,0.40652877,0.3329395,0.5119585
0.4189445,0.4287516,0.43055022,0.38228387,0.53238976
0.4270636,0.4218764,0.42591828,0.43230385,0.5675378
0.4240866,0.420992,0.43039358,0.4614681,0.5509889
0.4181326,0.41917622,0.42219222,0.5001381,0.5545747
0.4097429,0.409955,0.4154982,0.48663443,0.5176292
0.41244927,0.41357663,0.41330194,0.51616687,0.5596063
0.42787552,0.4257506,0.434766,0.5074655,0.5587317
0.4451962,0.4418369,0.4534295,0.5257347,0.55979085
0.44898513,0.44641986,0.45608917,0.48719257,0.5750591
0.45953992,0.44831184,0.45047608,0.4680153,0.55451965
0.45764548,0.4788049,0.45496437,0.4152046,0.55940485
0.40838972,0.4090738,0.41080827,0.36366975,0.49573725
0.33856562,0.33337054,0.33079922,0.3515707,0.40058607
0.26495263,0.26900882,0.2670373,0.32669258,0.32659465
0.21407308,0.21300784,0.21071397,0.33674166,0.27806625
0.1826793,0.19019097,0.18469048,0.31189328,0.18892993
0.17023005,0.17108059,0.16692492,0.29525134,0.17016084
0.16698241,0.16781488,0.1673407,0.30251575,0.16596805
0.17104195,0.17578104,0.17572035,0.32287776,0.17621157
0.18511502,0.18111935,0.19415767,0.3355571,0.20606981
0.21434371,0.21187821,0.22634764,0.35474044,0.22852089
0.27550745,0.28502777,0.27850804,0.34785783,0.30173445
0.35074425,0.34697753,0.34277594,0.37179977,0.3990415
0.4181326,0.4097055,0.39610016,0.45608073,0.46433496
0.46657646,0.4599845,0.4503296,0.482153,0.4839846
0.49661705,0.49004713,0.48837474,0.58637905,0.5203798
0.52151555,0.5109119,0.5082743,0.6419723,0.51447326
0.532341,0.5272758,0.5340437,0.66275775,0.5239001
0.5345061,0.53426445,0.5400672,0.6687978,0.48598093
0.54181325,0.53815925,0.54428285,0.62987477,0.53125155
0.5542625,0.5566814,0.56454945,0.633985,0.534573
0.5751015,0.56628126,0.5754563,0.6106249,0.52125466
0.58078486,0.57973564,0.58691466,0.61862135,0.5710133
0.5840325,0.57788527,0.5699208,0.5871298,0.5222438
0.55696887,0.5892502,0.56195885,0.53637046,0.52481294
0.49580514,0.49100235,0.49262333,0.5190895,0.4929477
0.42056835,0.40401304,0.4115469,0.49777943,0.35632563
0.3480379,0.34423307,0.34146237,0.47507024,0.29904497
0.2909337,0.2949247,0.28858566,0.46764785,0.24515931
0.25899863,0.26143596,0.25246313,0.46124947,0.15205133
0.24032477,0.24334863,0.24196734,0.43319023,0.16135144
0.23545332,0.23093113,0.23469763,0.4255963,0.13889
0.23788904,0.24948332,0.24702097,0.40559936,0.16464287
0.2579161,0.2953381,0.26708347,0.4221229,0.2510149
0.28985116,0.3395366,0.31367463,0.41255385,0.361502
0.34018946,0.33383003,0.35616037,0.4035314,0.43009135
0.4351827,0.40532842,0.40418726,0.40565217,0.47194755
0.5182679,0.5031717,0.5063578,0.47015178,0.50528306
0.5718539,0.56244147,0.56886804,0.5864371,0.51730865
0.6081191,0.5966986,0.6057776,0.66475356,0.5249151
0.6227334,0.62374866,0.6315414,0.734811,0.52822995
0.6240866,0.63005346,0.6295583,0.72074157,0.53085977
0.62381595,0.61421067,0.6208746,0.756348,0.494022
0.63437074,0.6143103,0.6258531,0.76354617,0.5047784
0.65304464,0.63599193,0.65747714,0.76976055,0.52280545
0.6755074,0.64895916,0.68023074,0.73197645,0.5211303
0.6673884,0.67508835,0.6801356,0.721271,0.5415323
0.67036533,0.6660876,0.6401062,0.68928415,0.5258235
0.6465494,0.63631076,0.6517342,0.6361288,0.51832056
0.54857916,0.55658376,0.59061503,0.51439506,0.4380793
0.4351827,0.426257,0.44093233,0.4957155,0.3581107
0.34533152,0.34490356,0.3374033,0.46599543,0.2500537
0.2857916,0.28181174,0.2773637,0.45178437,0.20294277
0.25629228,0.2592386,0.24305083,0.45645273,0.17246084
0.2427605,0.24278489,0.23364769,0.4562329,0.17144814
0.24005413,0.23991108,0.23549251,0.41013664,0.15668868
0.25899863,0.25944486,0.2516336,0.39331025,0.1823468
0.33044654,0.32889566,0.30298102,0.41195393,0.26870126
0.4419486,0.45644614,0.42513633,0.3986776,0.3758491
0.51637346,0.51347935,0.55202496,0.4038645,0.45208287
0.5677943,0.5566715,0.5749816,0.3913747,0.48749048
0.6156969,0.5997232,0.61169815,0.46897173,0.5119417
0.667659,0.64477843,0.6528909,0.49358612,0.5303546
0.7014885,0.6838256,0.7050499,0.57373226,0.5288114
0.72286874,0.71030635,0.72737014,0.6508432,0.5347656
0.74100137,0.7248584,0.73946816,0.7315254,0.54419214
0.72828144,0.73167145,0.7544974,0.7235376,0.5019642
0.70906633,0.71339965,0.72223455,0.7577787,0.5091438
0.7198917,0.69770586,0.71599734,0.6421882,0.52674234
0.73125845,0.7103727,0.7418295,0.70706683,0.53304356
0.72341,0.7264767,0.7213534,0.6896388,0.55018795
0.7317997,0.72226286,0.7111788,0.708084,0.5339209
0.70202976,0.7001311,0.7169939,0.64135367,0.52674425
0.60514206,0.6111604,0.61447215,0.5372806,0.4463581
0.4955345,0.48316607,0.4836303,0.48581582,0.36311066
0.39783493,0.40091908,0.40055537,0.45520782,0.26037002
0.33991882,0.3353275,0.3335226,0.44770628,0.20850484
0.30879566,0.31236312,0.30865026,0.4763403,0.17459266
0.29147497,0.29771084,0.29397008,0.45549524,0.17453451
0.28308526,0.2892984,0.28942963,0.4435823,0.1578476
0.29715833,0.30069092,0.3005941,0.4244945,0.18296373
0.35696888,0.36200798,0.35024977,0.45819837,0.26982337
0.45520973,0.47961316,0.45407903,0.38825774,0.38002822
0.5220568,0.51990867,0.55264753,0.34472352,0.4529364
0.556157,0.5573631,0.5726197,0.36519533,0.4908464
0.57943165,0.5820534,0.5938009,0.5035727,0.51490283
0.6027064,0.5937704,0.6094618,0.515511,0.53215057
0.61677945,0.6146742,0.6259576,0.57427865,0.5328305
0.62381595,0.6166696,0.63003504,0.65417534,0.53754437
0.63897157,0.62843335,0.62661946,0.68540776,0.5449994
0.6381597,0.63410944,0.6424986,0.70397896,0.50578594
0.6403248,0.6249391,0.6394755,0.7201303,0.51192254
0.6403248,0.63863564,0.6681185,0.69584686,0.52978295
0.637889,0.62932944,0.66001713,0.7159242,0.53705835
0.62138027,0.6326191,0.64384323,0.67073256,0.5530257
0.6211096,0.63000065,0.61962104,0.6829117,0.5369203
0.594046,0.58929193,0.60719,0.5825043,0.53064746
0.50419486,0.5137653,0.5238362,0.46424997,0.44831577
0.39783493,0.3929021,0.3969928,0.33035636,0.3655157
0.30879566,0.31507263,0.3084756,0.3277217,0.26048306
0.24925575,0.2504644,0.25124928,0.26856273,0.21237193
0.21705006,0.22115794,0.21401562,0.31921515,0.17223583
0.2,0.20228377,0.19622906,0.28297272,0.16964236
0.1962111,0.19815001,0.19143923,0.27508098,0.16121468
0.21596752,0.216838,0.2084996,0.32450074,0.18631832
0.28633288,0.28118488,0.26190415,0.31232047,0.27568945
0.38430312,0.40813044,0.3823651,0.3178552,0.36823887
0.4443843,0.44189462,0.47115165,0.3023495,0.4589659
0.48064953,0.47184137,0.48202163,0.32583627,0.48789722
0.51258457,0.50508875,0.5115843,0.4364649,0.50894
0.54857916,0.5263494,0.5391555,0.47773314,0.5290586
0.57564276,0.5612297,0.5750971,0.5250845,0.5268677
0.591069,0.5809018,0.59637475,0.57440567,0.5299225
0.6097429,0.598499,0.60474414,0.5801318,0.5488254
0.61840326,0.60519356,0.6272187,0.60387605,0.4953745
0.62598103,0.6121237,0.63436127,0.60344696,0.5043006
0.63193506,0.6227261,0.6459253,0.59856576,0.52234864
0.63410014,0.6188986,0.63854,0.58858407,0.52423584
0.6224628,0.6339327,0.62830555,0.58139676,0.5401462
0.6313938,0.62881637,0.6154734,0.57723963,0.52419126
0.6081191,0.59460956,0.61442614,0.49418133,0.5216103
0.5207037,0.521934,0.5292503,0.4089104,0.44648576
0.41515562,0.4045518,0.41128978,0.3401863,0.36259866
0.3242219,0.3280617,0.32511446,0.36146423,0.26345968
0.26414073,0.26275134,0.26488513,0.28870556,0.20510463
0.2338295,0.23428917,0.231542,0.27592513,0.18000047
0.21434371,0.22184163,0.21903695,0.2825343,0.17453499
0.21001354,0.20964539,0.20896757,0.25426978,0.15534127
0.23734777,0.23028925,0.2268695,0.2979837,0.1787489
0.30554804,0.3083839,0.29646352,0.2927364,0.27328905
0.40730718,0.4279905,0.4008382,0.29622513,0.36834767
0.47821382,0.46978688,0.49252146,0.28943324,0.4498955
0.52584577,0.51478684,0.5226601,0.33801472,0.48710644
0.5718539,0.5547547,0.5645101,0.44983393,0.4967246
0.6227334,0.59722,0.60912055,0.5141445,0.51628804
0.6608931,0.64399874,0.6608419,0.6385224,0.5222203
0.6844384,0.67144614,0.6916007,0.69158965,0.5209515
0.70392424,0.6894941,0.70544255,0.70116884,0.5399087
0.71393776,0.6950795,0.71975034,0.69713366,0.48264575
0.7285521,0.7083055,0.72547626,0.74981034,0.496405
0.7250338,0.72374934,0.74645543,0.69258,0.51786166
0.7098782,0.69628394,0.71486515,0.7109386,0.51395637
0.68903923,0.6877889,0.6923398,0.6779702,0.5182028
0.69364005,0.6807124,0.67872095,0.65411824,0.5027425
0.6738836,0.66340005,0.67746985,0.58389306,0.5110426
0.6040595,0.59610415,0.59387875,0.532437,0.4298517
0.51285523,0.4980714,0.49608463,0.5236662,0.35318232
0.4224628,0.42592114,0.42226017,0.5411442,0.2597828
0.36346415,0.35648555,0.3585789,0.4967984,0.20686527
0.32124493,0.33204415,0.33176565,0.48732108,0.19166389
0.29742897,0.29739645,0.30244958,0.46267104,0.15334582
0.2841678,0.28514236,0.29494357,0.4079321,0.15791719
0.29066306,0.29010954,0.29819965,0.46184033,0.17040223
0.31691474,0.31802568,0.3312875,0.47198027,0.20513304
0.3594046,0.37457326,0.37886462,0.4628104,0.23177697
0.4316644,0.4189164,0.42192093,0.45427573,0.3205709
0.52503383,0.5062982,0.5057878,0.4887368,0.36945617
0.59458727,0.58446026,0.6032827,0.5787544,0.41568464
0.6430311,0.62467146,0.6479343,0.6759932,0.43665388
0.66982406,0.6569239,0.67862076,0.72148293,0.4518959
0.6690122,0.68342686,0.68958414,0.76178294,0.43837234
0.6622463,0.6564019,0.6694138,0.7748435,0.44754133
0.6603518,0.6462367,0.6604066,0.72089475,0.40968528
0.6619756,0.64836204,0.66846174,0.7263506,0.41254786
0.6403248,0.65387213,0.6742488,0.68941504,0.4428529
0.6140731,0.6244419,0.6315979,0.6655816,0.45663166
0.59269285,0.60607934,0.6062689,0.6151746,0.477687
0.5751015,0.6047429,0.5848172,0.58679825,0.4423152
0.5361299,0.5303712,0.55469775,0.4032995,0.4480314
0.48064953,0.47359034,0.48663017,0.34776235,0.4102394
0.40054128,0.4053715,0.40988165,0.35707605,0.31097162
0.3209743,0.32519576,0.32132345,0.36272714,0.2541126
0.26495263,0.26603383,0.261085,0.37645382,0.19189498
0.23193505,0.23541543,0.2277156,0.3594435,0.1436568
0.21163735,0.21069968,0.21178421,0.35861492,0.11539279
0.19945873,0.19893575,0.202313,0.3350389,0.13214679
0.20081191,0.20042032,0.20218028,0.3382269,0.14147139
0.21109608,0.21649867,0.21986283,0.369322,0.1747524
0.23572396,0.24692497,0.24390839,0.34469032,0.17979135
0.28822732,0.29518798,0.28721532,0.3264153,0.25915506
0.3610284,0.36271,0.35982326,0.3505528,0.32128963
0.40568337,0.41618255,0.42939383,0.42444396,0.38565516
0.42625168,0.4266983,0.43761113,0.5222016,0.3956594
0.43274695,0.42686176,0.43677014,0.5334676,0.41840065
0.43734777,0.4281201,0.4314549,0.5801221,0.40955067
0.4351827,0.43120006,0.44009084,0.59334195,0.41921455
0.43112314,0.42938378,0.44063666,0.574196,0.3754586
0.44005412,0.4277201,0.4457249,0.5537081,0.38074318
0.4571042,0.45224085,0.46943712,0.58009607,0.42330915
0.48173207,0.47107372,0.48193383,0.57084125,0.42433155
0.4836265,0.4995012,0.49656433,0.51338494,0.4646983
0.4993234,0.50709593,0.47571802,0.4845299,0.42113262
0.4752368,0.46642506,0.49468842,0.43432593,0.42165405
0.3962111,0.4106806,0.4222391,0.356294,0.39499962
0.30663058,0.30600455,0.31090656,0.27903128,0.27238068
0.23112313,0.23686346,0.23151381,0.2819267,0.22384052
0.18673883,0.18529958,0.17891373,0.2586981,0.15596305
0.16481732,0.16475752,0.1585714,0.26356748,0.15205133
0.15372124,0.15248981,0.1489602,0.24721219,0.16135144
0.15669824,0.15061712,0.14606792,0.2493196,0.13889
0.1843031,0.17658904,0.16550833,0.2626914,0.16464287
0.25602165,0.2526193,0.2212963,0.27375603,0.2510149
0.3645467,0.3697531,0.33996898,0.27501303,0.361502
0.42787552,0.42614165,0.4655558,0.26949948,0.43009135
0.45737484,0.45378652,0.46290356,0.30482417,0.47194755
0.4760487,0.47323743,0.47584695,0.3466645,0.50528306
0.49742895,0.48493364,0.48724896,0.40412587,0.51730865
0.5050068,0.5008543,0.5089376,0.43620008,0.5249151
0.5106901,0.49650487,0.5089047,0.47069633,0.52822995
0.5166441,0.5162592,0.51822907,0.48674637,0.53085977
0.51096076,0.5054661,0.53045005,0.48784554,0.494022
0.5069012,0.4964892,0.51772696,0.4854923,0.5047784
0.5101488,0.50910294,0.5234889,0.5088686,0.52280545
0.5074425,0.5094596,0.5315074,0.50727654,0.5211303
0.51096076,0.5106518,0.5181019,0.4936803,0.5415323
0.5358593,0.5349809,0.5314894,0.45486504,0.5258235
0.5014885,0.499652,0.5236078,0.42428142,0.51832056
0.41190797,0.41752335,0.41920292,0.35192162,0.4380793
0.3179973,0.3067499,0.3121972,0.28983837,0.3581107
0.24303113,0.24119413,0.24132873,0.2465593,0.2500537
0.19566983,0.19311625,0.19608001,0.24117705,0.20294277
0.16941813,0.17946449,0.17077352,0.23202707,0.17246084
0.15507442,0.15970671,0.15712646,0.23987737,0.17144814
0.1564276,0.15924108,0.15590386,0.24240735,0.15668868
0.17943166,0.18359661,0.18216677,0.24181099,0.1823468
0.24763194,0.25704712,0.24247657,0.24234726,0.26870126
0.3572395,0.36727995,0.3542504,0.26780152,0.3758491
0.4173207,0.4176775,0.4360916,0.25440773,0.45208287
0.43870094,0.44182083,0.44440633,0.27580065,0.48749048
0.43978348,0.45583597,0.46017587,0.34229535,0.5119417
0.45872802,0.44824955,0.4471383,0.37992528,0.5303546
0.46711773,0.4652632,0.47201824,0.4393236,0.5288114
0.4633288,0.46323898,0.47315067,0.46218818,0.5347656
0.46901217,0.46986553,0.4600433,0.49595273,0.54419214
0.461705,0.4649519,0.47172278,0.4870574,0.5019642
0.45764548,0.45528275,0.4593606,0.49090862,0.5091438
0.45899865,0.4624963,0.47355208,0.48535663,0.52674234
0.47063598,0.46411386,0.47586226,0.48031145,0.53304356
0.47631934,0.4854267,0.48741108,0.48485917,0.55018795
0.5082544,0.50038034,0.48716426,0.45917553,0.5339209
0.47740188,0.47513467,0.49538907,0.41747767,0.52674425
0.4105548,0.3993491,0.39371598,0.35123247,0.4463581
0.3188092,0.31835365,0.32335567,0.31963924,0.36311066
0.24167794,0.24152306,0.2414746,0.2722627,0.26037002
0.19756427,0.19216087,0.19385847,0.26724157,0.20850484
0.16995941,0.1764645,0.17582497,0.23648977,0.17459266
0.15805142,0.15656453,0.15751803,0.25717038,0.17453451
0.15913397,0.15609089,0.15941745,0.2700939,0.1578476
0.18376184,0.18227032,0.18018611,0.25927755,0.18296373
0.25629228,0.25467506,0.23939992,0.27634558,0.26982337
0.36968878,0.37472266,0.36121494,0.2692567,0.38002822
0.42949933,0.42695278,0.44585282,0.25943783,0.4529364
0.45060894,0.4475265,0.4472406,0.27744195,0.4908464
0.4684709,0.46241137,0.46681455,0.311723,0.51490283
0.4820027,0.4791688,0.4847176,0.33945012,0.53215057
0.48443842,0.48248944,0.48940846,0.39669225,0.5328305
0.4820027,0.47333613,0.4842601,0.4593222,0.53754437
0.48849797,0.4835265,0.4835358,0.47968304,0.5449994
0.48741543,0.47875854,0.49764812,0.4892465,0.50578594
0.48903924,0.480576,0.49085683,0.49214685,0.51192254
0.4909337,0.49362066,0.50182116,0.48701364,0.52978295
0.49824086,0.49126914,0.5024577,0.4780835,0.53705835
0.5060893,0.50967705,0.51021695,0.46507215,0.5530257
0.53667116,0.5281164,0.5183585,0.44118828,0.5369203
0.50094724,0.5025503,0.5191411,0.420313,0.53064746
0.41515562,0.41856638,0.41599318,0.35797232,0.44831577
0.32341,0.314227,0.3149256,0.32025796,0.3655157
0.25304466,0.2478702,0.24708389,0.313186,0.26048306
0.20324764,0.20248055,0.20869008,0.2894465,0.21237193
0.18078485,0.18089187,0.17623642,0.27865365,0.17223583
0.16725305,0.16946307,0.17157416,0.30602485,0.16964236
0.16860622,0.16953102,0.16903122,0.3115462,0.16121468
0.19566983,0.19393396,0.19464253,0.30557448,0.18631832
0.27036536,0.26891115,0.26499283,0.3079872,0.27568945
0.38592693,0.3906273,0.38242453,0.31966597,0.36823887
0.45277402,0.4448145,0.45632264,0.32153323,0.4589659
0.4849797,0.4736488,0.4756311,0.34328943,0.48789722
0.50798374,0.5022244,0.5074651,0.37374848,0.50894
0.52341,0.5171925,0.52260685,0.37600017,0.5290586
0.5274696,0.5237553,0.5303578,0.3893199,0.5268677
0.5269283,0.5185524,0.5296016,0.40662187,0.5299225
0.5220568,0.52594745,0.5305276,0.4149903,0.5488254
0.517456,0.50183606,0.5211309,0.46628553,0.4953745
0.51907986,0.50853217,0.51934767,0.47733158,0.5043006
0.5242219,0.52133644,0.5329388,0.50169843,0.52234864
0.53477675,0.5221163,0.5353094,0.5047396,0.52423584
0.5339648,0.5497684,0.54268605,0.50451654,0.5401462
0.54993236,0.551445,0.5377274,0.47403145,0.52419126
0.5223275,0.5070449,0.52815944,0.4371091,0.5216103
0.4405954,0.4450818,0.4402596,0.4173422,0.44648576
0.34776726,0.34120908,0.3420549,0.3845521,0.36259866
0.2663058,0.27258083,0.27060175,0.35304505,0.26345968
0.21759135,0.21301338,0.21441461,0.29682377,0.20510463
0.17889039,0.19660607,0.19263099,0.26021242,0.18000047
0.16508795,0.16049388,0.15864287,0.20962828,0.17453499
0.16617051,0.16514015,0.1644507,0.20635273,0.15534127
0.19079837,0.19130981,0.18946551,0.21785212,0.1787489
0.25358593,0.26158586,0.25295454,0.20472875,0.27328905
0.3585927,0.3683402,0.361059,0.21485762,0.36834767
0.41921514,0.418046,0.44077417,0.21299532,0.4498955
0.4427605,0.44419405,0.4464088,0.2421337,0.48710644
0.4541272,0.45946777,0.4657984,0.2844733,0.4967246
0.46035182,0.46285227,0.46599132,0.3243951,0.51628804
0.4592693,0.45778036,0.46367478,0.3726843,0.5222203
0.45087957,0.44445747,0.45760843,0.37345448,0.5209515
0.4495264,0.4487213,0.4452613,0.38888997,0.5399087
0.4376184,0.43755537,0.44882336,0.39351988,0.48264575
0.42598104,0.42732963,0.4334477,0.41606665,0.496405
0.42516914,0.4282606,0.43907595,0.43323267,0.51786166
0.42083898,0.42548963,0.45237696,0.44673407,0.51395637
0.4265223,0.42603984,0.4323752,0.43600178,0.5182028
0.45385656,0.45444307,0.45206487,0.41144526,0.5027425
0.4316644,0.42149204,0.45489872,0.34905142,0.5110426
0.36887687,0.3750445,0.36822098,0.32371235,0.4298517
0.29147497,0.28612608,0.28767958,0.2995227,0.35318232
0.2135318,0.2211529,0.22243024,0.27041298,0.2597828
0.16698241,0.16208318,0.16384162,0.23727599,0.20686527
0.1391069,0.14675817,0.14252256,0.23937364,0.19166389
0.12530446,0.13050237,0.12751253,0.21968427,0.15334582
0.122598104,0.12655562,0.12503476,0.22286884,0.15791719
0.13423546,0.13872126,0.13704021,0.23577717,0.17040223
0.16021651,0.16293514,0.16884388,0.23856774,0.20513304
0.20460081,0.20863536,0.21701317,0.2550506,0.23177697
0.27090663,0.27336225,0.26226717,0.28911,0.3205709
0.33423546,0.33540723,0.32608387,0.31255412,0.36945617
0.37104195,0.37639645,0.3741055,0.37503463,0.41568464
0.38267928,0.38458312,0.3903364,0.35440847,0.43665388
0.3894452,0.38131586,0.38619184,0.3661936,0.4518959
0.38538566,0.38288534,0.39153528,0.3929757,0.43837234
0.3772666,0.374904,0.38213322,0.4038387,0.44754133
0.3699594,0.36333677,0.3734749,0.41457695,0.40968528
0.37185386,0.36679265,0.3726815,0.4126844,0.41254786
0.38971582,0.38426182,0.38923335,0.4245293,0.4428529
0.4181326,0.41263047,0.41653153,0.43988323,0.45663166
0.4343708,0.4410787,0.44203398,0.43952554,0.477687
0.4359946,0.4585906,0.4404273,0.42842054,0.4423152
0.4037889,0.39171097,0.40907216,0.40949184,0.4480314
0.34695536,0.3481895,0.34076837,0.3970979,0.4102394
0.27388364,0.27403626,0.27249983,0.38500422,0.31097162
0.19972937,0.21271536,0.2051179,0.3685046,0.2541126
0.15101488,0.15895137,0.14994009,0.32017708,0.19189498
0.1391069,0.13223612,0.12455666,0.30903476,0.1436568
0.12530446,0.13783136,0.13554712,0.276475,0.11539279
0.11826793,0.12273861,0.123150736,0.2605567,0.13214679
0.11393775,0.1299977,0.13121973,0.26202792,0.14147139
0.1361299,0.13283268,0.14120959,0.2612097,0.1747524
0.16671178,0.1766544,0.19961597,0.26930645,0.17979135
0.2270636,0.23231134,0.22915402,0.2743575,0.25915506
0.29986468,0.29890355,0.28810593,0.2637546,0.32128963
0.33667117,0.35177657,0.34098062,0.27514616,0.38565516
0.3496617,0.35583478,0.35461658,0.28504276,0.3956594
0.34912044,0.35491696,0.3549506,0.30531907,0.41840065
0.34641406,0.34501278,0.3433676,0.35323524,0.40955067
0.3361299,0.34111077,0.34135067,0.38851452,0.41921455
0.32584575,0.32963935,0.33124053,0.41513914,0.3754586
0.3269283,0.32699046,0.32896903,0.42899,0.38074318
0.35155615,0.34576613,0.3582623,0.42640483,0.42330915
0.3813261,0.3810683,0.40609503,0.43337524,0.42433155
0.40405953,0.40439853,0.41118246,0.4189887,0.4646983
0.43545333,0.43084398,0.41416037,0.37540892,0.42113262
0.4008119,0.39942482,0.4238654,0.31945407,0.42165405
0.32286873,0.3347238,0.33193,0.28206572,0.39499962
0.23897158,0.2418052,0.23908235,0.2521807,0.27238068
0.17239513,0.17812696,0.16629463,0.25524879,0.22384052
0.13748309,0.1409651,0.1266394,0.22360624,0.15596305
0.11962111,0.12467582,0.11752091,0.22528508,0.15205133
0.1150203,0.10974499,0.107031435,0.2293831,0.16135144
0.12016238,0.11962909,0.11521588,0.255455,0.13889
0.14749661,0.14552683,0.13818148,0.26266462,0.16464287
0.22435723,0.21598577,0.20082267,0.2806368,0.2510149
0.34560215,0.33697513,0.32373005,0.2880528,0.361502
0.40541273,0.4078291,0.43145823,0.2964428,0.43009135
0.41921514,0.42278814,0.42256674,0.29234415,0.47194755
0.4224628,0.42586365,0.4272404,0.36172605,0.50528306
0.42760488,0.42328164,0.42554864,0.36724108,0.51730865
0.42516914,0.41986212,0.4275146,0.36311704,0.5249151
0.42598104,0.40688774,0.41890973,0.40486196,0.52822995
0.4248985,0.42670918,0.42519003,0.41446394,0.53085977
0.41677943,0.41439518,0.43077198,0.43639678,0.494022
0.41488498,0.40537682,0.42395765,0.4315437,0.5047784
0.42354533,0.4248657,0.43567252,0.44396317,0.52280545
0.4443843,0.43622553,0.44838262,0.44055045,0.5211303
0.46792963,0.4638921,0.47307366,0.4391759,0.5415323
0.50040597,0.49705526,0.48694164,0.40388417,0.5258235
0.4571042,0.4593502,0.4718507,0.33542508,0.51832056
0.37320703,0.37315944,0.36398435,0.29205954,0.4380793
0.28308526,0.27419522,0.27818653,0.27048072,0.3581107
0.20189445,0.20828798,0.21055296,0.25045115,0.2500537
0.15480378,0.15242779,0.15373108,0.22942162,0.20294277
0.13775373,0.14074191,0.1306408,0.19759977,0.17246084
0.1315291,0.13229817,0.12956429,0.20956248,0.17144814
0.13125846,0.14029798,0.13681917,0.21812253,0.15668868
0.14939107,0.1586259,0.15719554,0.22336873,0.1823468
0.21867388,0.22467762,0.22418095,0.23651673,0.26870126
0.34695536,0.33768082,0.34035823,0.243533,0.3758491
0.4127199,0.4120809,0.4108572,0.26287156,0.45208287
0.43464142,0.43174383,0.427627,0.29471153,0.48749048
0.4495264,0.44773242,0.45236808,0.2774245,0.5119417
0.45656294,0.45897332,0.45980418,0.28961554,0.5303546
0.45899865,0.45446822,0.4567362,0.28750658,0.5288114
0.44925576,0.45411322,0.45731828,0.33884162,0.5347656
0.44600812,0.4494282,0.4431394,0.36566964,0.54419214
0.4351827,0.43431714,0.446635,0.40921646,0.5019642
0.43031123,0.4309279,0.43306056,0.4511717,0.5091438
0.4376184,0.43970394,0.44288015,0.48294288,0.52674234
0.44492558,0.45072326,0.4597966,0.4659477,0.53304356
0.4660352,0.46145576,0.4545408,0.4809307,0.55018795
0.49797022,0.4940332,0.4851007,0.45221972,0.5339209
0.45602164,0.45803756,0.47678915,0.38424617,0.52674425
0.37347767,0.3774263,0.36959457,0.32008523,0.4463581
0.2833559,0.2805334,0.2791497,0.26241234,0.36311066
0.20622464,0.21311039,0.20846625,0.27471548,0.26037002
0.16508795,0.1620121,0.1596931,0.24659939,0.20850484
0.1428958,0.14833897,0.14564052,0.21354026,0.17459266
0.13477673,0.13306963,0.13246325,0.21525721,0.17453451
0.13288227,0.13732135,0.13767594,0.21055868,0.1578476
0.15723951,0.15663627,0.15438052,0.23081109,0.18296373
0.23220569,0.22683755,0.22287764,0.2384716,0.26982337
0.3526387,0.35166132,0.34840506,0.2234532,0.38002822
0.41190797,0.41205135,0.422438,0.23404044,0.4529364
0.42625168,0.42344645,0.4281296,0.23921567,0.4908464
0.4300406,0.43436682,0.44086272,0.33739913,0.51490283
0.43734777,0.432543,0.43444753,0.3301205,0.53215057
0.43626523,0.43288526,0.43902683,0.38236058,0.5328305
0.43193504,0.4201286,0.4314511,0.41832393,0.53754437
0.4324763,0.4329707,0.42987254,0.4288038,0.5449994
0.42516914,0.4239244,0.43651807,0.43081367,0.50578594
0.42138025,0.41671476,0.42502552,0.43231386,0.51192254
0.43139377,0.4270235,0.4344238,0.44964713,0.52978295
0.44790256,0.44063705,0.4539438,0.43666583,0.53705835
0.46414074,0.46468344,0.4684053,0.44000965,0.5530257
0.5014885,0.4918445,0.47956252,0.41546118,0.5369203
0.46116373,0.4657595,0.47890353,0.34484327,0.53064746
0.37916103,0.37985376,0.36973593,0.31505072,0.44831577
0.28768605,0.2814207,0.28442702,0.25838897,0.3655157
0.21515562,0.21275502,0.21325064,0.24028307,0.26048306
0.1729364,0.16587943,0.17199679,0.24377541,0.21237193
0.14451963,0.1541405,0.1518341,0.21459647,0.17223583
0.13937753,0.12993938,0.13051154,0.2270506,0.16964236
0.1428958,0.14509788,0.1446251,0.23600183,0.16121468
0.16508795,0.1686959,0.16913204,0.24088912,0.18631832
0.2397835,0.23559561,0.23127402,0.26548702,0.27568945
0.36048713,0.35810408,0.35655922,0.27097806,0.36823887
0.41705006,0.41878778,0.4233719,0.2562582,0.4589659
0.43870094,0.42498156,0.43005592,0.26084453,0.48789722
0.4451962,0.44964185,0.45589238,0.31902984,0.50894
0.4600812,0.4441182,0.45022815,0.31271297,0.5290586
0.46062246,0.45864007,0.46648872,0.36300313,0.5268677
0.4579161,0.44818208,0.45800954,0.43066448,0.5299225
0.455751,0.45816246,0.45781457,0.43066502,0.5488254
0.44303113,0.4424521,0.45880777,0.47758412,0.4953745
0.43572396,0.43269432,0.4394238,0.46701252,0.5043006
0.4316644,0.43880254,0.44808507,0.45676565,0.52234864
0.43870094,0.4347532,0.44639,0.4378351,0.52423584
0.45737484,0.4575851,0.45905036,0.4504593,0.5401462
0.4917456,0.49103174,0.47931856,0.40581638,0.52419126
0.45953992,0.4513874,0.4727713,0.3219183,0.5216103
0.38105547,0.3839527,0.3776983,0.30770117,0.44648576
0.2849797,0.28426898,0.289136,0.26932648,0.36259866
0.21299052,0.21123043,0.20876177,0.25295952,0.26345968
0.17347768,0.16739354,0.16983382,0.26276475,0.20510463
0.14776725,0.15753889,0.15334953,0.24178123,0.18000047
0.14235453,0.13441744,0.13698857,0.249241,0.17453499
0.14451963,0.14719474,0.14879116,0.2501694,0.15534127
0.16806495,0.17085168,0.16879292,0.2648475,0.1787489
0.2397835,0.23495182,0.23021846,0.27287936,0.27328905
0.3594046,0.3562247,0.3475964,0.3202493,0.36834767
0.42083898,0.41828978,0.4318667,0.30088896,0.4498955
0.43545333,0.43455106,0.43754667,0.3262874,0.48710644
0.43410012,0.4432501,0.44826472,0.36996323,0.4967246
0.42598104,0.43459806,0.43759313,0.39915216,0.51628804
0.4181326,0.4156814,0.4196385,0.38865352,0.5222203
0.408931,0.3983123,0.4110343,0.41407973,0.5209515
0.40324762,0.40729162,0.40307572,0.44380182,0.5399087
0.38890392,0.39133924,0.40040797,0.45598012,0.48264575
0.37645468,0.37803108,0.38100034,0.47028887,0.496405
0.3797023,0.38274333,0.37952685,0.4551345,0.51786166
0.39458728,0.38900483,0.40338618,0.44136143,0.51395637
0.41975644,0.41532683,0.42302948,0.4402349,0.5182028
0.45142084,0.45451087,0.4502692,0.41001302,0.5027425
0.42354533,0.41549057,0.43512487,0.36271673,0.5110426
0.36671177,0.36457196,0.34674227,0.34451744,0.4298517
0.2901218,0.2849892,0.28641295,0.3305984,0.35318232
0.21759135,0.21832958,0.22434403,0.32022995,0.2597828
0.1729364,0.16978192,0.17449231,0.29939598,0.20686527
0.1496617,0.15513617,0.15195823,0.2793451,0.19166389
0.14018944,0.1462853,0.14170307,0.26289448,0.15334582
0.13179973,0.14116868,0.14400983,0.28127313,0.15791719
0.14424899,0.14929512,0.14604786,0.24421999,0.17040223
0.17537212,0.17624325,0.18816386,0.2876503,0.20513304
0.22841679,0.22919026,0.2549957,0.2866662,0.23177697
0.29824087,0.2967626,0.29128796,0.2856899,0.3205709
0.3661705,0.3554393,0.34472984,0.29663873,0.36945617
0.39594045,0.4046931,0.4003666,0.31999505,0.41568464
0.40108255,0.4014308,0.40530157,0.3294359,0.43665388
0.39133966,0.39776713,0.40006858,0.3652075,0.4518959
0.37672532,0.37732616,0.3805987,0.41488284,0.43837234
0.35886332,0.3663512,0.36425763,0.4501558,0.44754133
0.3480379,0.34628233,0.34604543,0.44916683,0.40968528
0.35020298,0.34745008,0.34650168,0.45042068,0.41254786
0.36292288,0.36574098,0.3668409,0.45204818,0.4428529
0.38592693,0.38843247,0.3886885,0.43390024,0.45663166
0.4105548,0.41067928,0.4125791,0.42149717,0.477687
0.4270636,0.44664583,0.42414057,0.40207756,0.4423152
0.39296347,0.39534363,0.40645108,0.3673523,0.4480314
0.33504736,0.33681345,0.33028308,0.33195162,0.4102394
0.2638701,0.26606828,0.26293305,0.30353242,0.31097162
0.19458728,0.2106342,0.19851987,0.27899772,0.2541126
0.15805142,0.15689263,0.1484217,0.2397584,0.19189498
0.13288227,0.14504984,0.13903746,0.19503966,0.1436568
0.12232747,0.12405188,0.12038493,0.17451657,0.11539279
0.118538566,0.12075097,0.12217593,0.18062653,0.13214679
0.12422192,0.13125023,0.13253522,0.21543722,0.14147139
0.1450609,0.14526859,0.1579299,0.23449022,0.1747524
0.1864682,0.18337691,0.20875253,0.25039762,0.17979135
0.24330176,0.25373122,0.26172695,0.29427728,0.25915506
0.31447902,0.31132236,0.29701594,0.33107382,0.32128963
0.3594046,0.36291733,0.35330552,0.34447855,0.38565516
0.3840325,0.38165206,0.375823,0.3557598,0.3956594
0.3962111,0.39045775,0.3899591,0.39035767,0.41840065
0.40270635,0.3990494,0.3947075,0.4485526,0.40955067
0.4,0.40152013,0.40159732,0.4940737,0.41921455
0.39675236,0.3979135,0.3998192,0.54949147,0.3754586
0.40108255,0.40181556,0.4061976,0.580657,0.38074318
0.4257104,0.41878363,0.42684078,0.5333721,0.42330915
0.4511502,0.44715384,0.46640223,0.51461273,0.42433155
0.4787551,0.46915135,0.46846056,0.49968946,0.4646983
0.4849797,0.5086802,0.47873458,0.4632076,0.42113262
0.43734777,0.4429737,0.44386,0.4354688,0.42165405
0.35913396,0.3689457,0.360699,0.4073199,0.39499962
0.2806495,0.27482703,0.2744758,0.39725426,0.27238068
0.21813262,0.21947813,0.21204847,0.36465764,0.22384052
0.17645466,0.1786525,0.17467515,0.34503615,0.15596305
0.15453315,0.15781662,0.15036827,0.32673353,0.15205133
0.15588634,0.14161736,0.14387059,0.3142271,0.16135144
0.15372124,0.15686181,0.16689125,0.3076712,0.13889
0.17726658,0.17209083,0.17515077,0.30555773,0.16464287
0.24763194,0.2439363,0.23959006,0.31906193,0.2510149
0.36075777,0.35771462,0.3404204,0.3084755,0.361502
0.42002708,0.424979,0.43949318,0.28401563,0.43009135
0.45006767,0.44623655,0.44671333,0.22533566,0.47194755
0.46657646,0.46990058,0.47115323,0.30785584,0.50528306
0.4811908,0.47732767,0.4781041,0.32803243,0.51730865
0.485521,0.4820548,0.48750874,0.38278347,0.5249151
0.47740188,0.47603604,0.4852302,0.40465122,0.52822995
0.46630582,0.47607097,0.4722369,0.40461123,0.53085977
0.44790256,0.44907,0.4620557,0.43836492,0.494022
0.4414073,0.4304777,0.44192654,0.45792204,0.5047784
0.44546685,0.44808617,0.46359202,0.46492815,0.52280545
0.46522328,0.45353895,0.4727428,0.40950757,0.5211303
0.48768607,0.48275682,0.49018693,0.39760172,0.5415323
0.5090663,0.5141783,0.49867576,0.3423226,0.5258235
0.455751,0.4631833,0.48882794,0.26625827,0.51832056
0.37564275,0.3738456,0.37087876,0.23746632,0.4380793
0.28633288,0.28298536,0.28855026,0.22674558,0.3581107
0.21326116,0.21434045,0.21433808,0.21067488,0.2500537
0.16806495,0.16636431,0.16742566,0.23076394,0.20294277
0.1480379,0.1540044,0.14364551,0.22430716,0.17246084
0.14046007,0.14102018,0.13859624,0.2321928,0.17144814
0.14154263,0.1480627,0.14264451,0.2958591,0.15668868
0.16184032,0.16871071,0.16404013,0.2699364,0.1823468
0.23355886,0.23466912,0.21969625,0.3345542,0.26870126
0.3548038,0.35136545,0.3474725,0.26921323,0.3758491
0.41028416,0.41651377,0.4342816,0.32976037,0.45208287
0.41786197,0.425739,0.42522866,0.2880246,0.48749048
0.42543977,0.4279611,0.43185094,0.40837264,0.5119417
0.43572396,0.4343309,0.4355896,0.4034214,0.5303546
0.44032475,0.43553144,0.4390496,0.44107622,0.5288114
0.4368065,0.43377057,0.43775135,0.46879697,0.5347656
0.43815967,0.44121826,0.43181807,0.47059512,0.54419214
0.42976996,0.43223634,0.43953085,0.47988087,0.5019642
0.42598104,0.42624462,0.42859828,0.4761365,0.5091438
0.4324763,0.43445018,0.44176584,0.465495,0.52674234
0.4549391,0.44449636,0.45675796,0.44643217,0.53304356
0.4836265,0.47733632,0.4779901,0.4366365,0.55018795
0.50933695,0.51101303,0.4939125,0.40283805,0.5339209
0.46062246,0.46616605,0.47590908,0.3581435,0.52674425
0.3805142,0.37879148,0.3700328,0.30650657,0.4463581
0.2857916,0.28758714,0.288931,0.2772616,0.36311066
0.2135318,0.21369705,0.21030065,0.21979694,0.26037002
0.16725305,0.17017147,0.1705962,0.22105782,0.20850484
0.138295,0.14758244,0.1438292,0.22386935,0.17459266
0.13071719,0.12509257,0.1230741,0.22564198,0.17453451
0.13450609,0.13386801,0.13267632,0.227285,0.1578476
0.16454668,0.16004655,0.15849984,0.2366311,0.18296373
0.23653586,0.23705009,0.2373165,0.27783233,0.26982337
0.35453317,0.3544373,0.3486904,0.2589609,0.38002822
0.4105548,0.41225603,0.41806293,0.26218212,0.4529364
0.42516914,0.42090014,0.42510694,0.29278976,0.4908464
0.43301758,0.43360087,0.44165176,0.32919943,0.51490283
0.42868742,0.4383388,0.44130376,0.3267498,0.53215057
0.44979703,0.4193826,0.42421854,0.3714282,0.5328305
0.4368065,0.44876322,0.46129918,0.3988768,0.53754437
0.44086602,0.43216583,0.43036747,0.434492,0.5449994
0.42976996,0.43385473,0.44745588,0.4399975,0.50578594
0.4216509,0.41883543,0.4277516,0.4602958,0.51192254
0.42760488,0.4259952,0.43537772,0.4596914,0.52978295
0.44330177,0.4355822,0.45845306,0.45814383,0.53705835
0.47090665,0.46016508,0.46762353,0.45128143,0.5530257
0.5014885,0.50213397,0.48952997,0.41815627,0.5369203
0.45737484,0.46098906,0.47588626,0.36588144,0.53064746
0.37943166,0.3759614,0.3702557,0.3028941,0.44831577
0.28389716,0.28319722,0.2869969,0.3006711,0.3655157
0.21488498,0.20778441,0.20687866,0.24723196,0.26048306
0.16589986,0.16710398,0.17271124,0.24116772,0.21237193
0.14424899,0.14494449,0.14035472,0.23953034,0.17223583
0.13748309,0.13267475,0.13593428,0.21874157,0.16964236
0.13667117,0.14397606,0.14307609,0.23966497,0.16121468
0.15832205,0.16184878,0.1593784,0.24016632,0.18631832
0.2308525,0.22853884,0.2211533,0.27541715,0.27568945
0.3594046,0.34662905,0.34266257,0.24892563,0.36823887
0.41596752,0.42143932,0.4314108,0.26736555,0.4589659
0.4316644,0.42319152,0.42623764,0.2715333,0.48789722
0.4351827,0.44130126,0.44731516,0.28974378,0.50894
0.44167796,0.43388602,0.43922552,0.32392386,0.5290586
0.4392422,0.4374362,0.4465641,0.3680119,0.5268677
0.42868742,0.4250074,0.43321872,0.42086703,0.5299225
0.42949933,0.4254575,0.42266896,0.44982433,0.5488254
0.42354533,0.42096874,0.4344718,0.45950985,0.4953745
0.42354533,0.4165994,0.42427257,0.4679901,0.5043006
0.42625168,0.42984805,0.4407187,0.46453804,0.52234864
0.44303113,0.4330563,0.44605103,0.47653425,0.52423584
0.47983763,0.46635702,0.47081855,0.46991134,0.5401462
0.50717187,0.5151421,0.500757,0.42462093,0.52419126
0.46197563,0.45926508,0.47488627,0.36917388,0.5216103
0.382138,0.3805578,0.37313855,0.3033196,0.44648576
0.28849798,0.28449443,0.2877969,0.2763218,0.36259866
0.21190798,0.21352959,0.21304396,0.2533185,0.26345968
0.16995941,0.16331461,0.16491613,0.2557983,0.20510463
0.16102841,0.15239727,0.14907375,0.2537921,0.18000047
0.15480378,0.15449828,0.15910853,0.25445428,0.17453499
0.15507442,0.15416706,0.1605247,0.25340736,0.15534127
0.17699593,0.17758045,0.18060903,0.24030554,0.1787489
0.24682003,0.24475065,0.24579634,0.25605232,0.27328905
0.36400542,0.36415774,0.36117673,0.269614,0.36834767
0.41759133,0.4219307,0.4249856,0.27388608,0.4498955
0.43410012,0.42821115,0.42993137,0.26121098,0.48710644
0.44330177,0.4447957,0.448559,0.30044177,0.4967246
0.45385656,0.44909063,0.44968563,0.34625402,0.51628804
0.45683357,0.45286468,0.45581037,0.40834904,0.5222203
0.4549391,0.4461693,0.45444575,0.43859136,0.5209515
0.46116373,0.4621404,0.45539862,0.44487315,0.5399087
0.4541272,0.45811918,0.46998042,0.44207102,0.48264575
0.4473613,0.4493858,0.4531104,0.4538017,0.496405
0.44790256,0.45204094,0.45801276,0.42884505,0.51786166
0.45358592,0.4453231,0.47134373,0.40929994,0.51395637
0.46495265,0.4607529,0.47823384,0.39635885,0.5182028
0.48525032,0.490517,0.47796506,0.36201984,0.5027425
0.44979703,0.44891748,0.45843035,0.29615885,0.5110426
0.3894452,0.38261917,0.36734158,0.22506052,0.4298517
0.31150204,0.30499855,0.30799362,0.20732406,0.35318232
0.23924223,0.23817036,0.24495699,0.19129507,0.2597828
0.1856563,0.18702197,0.1976166,0.18078932,0.20686527
0.16021651,0.16361663,0.16195631,0.18735266,0.19166389
0.14776725,0.15006435,0.15005153,0.186388,0.15334582
0.14073072,0.14427355,0.14852025,0.19379416,0.15791719
0.1488498,0.15299767,0.15777397,0.2123433,0.17040223
0.17645466,0.1756647,0.19699457,0.2121211,0.20513304
0.22273342,0.22899926,0.25232232,0.23459765,0.23177697
0.2866035,0.2916327,0.27820772,0.21614923,0.3205709
0.35155615,0.34852389,0.3381965,0.2601422,0.36945617
0.38836265,0.3948452,0.39387107,0.3259514,0.41568464
0.39810556,0.40564266,0.4097345,0.34231436,0.43665388
0.40027064,0.39674434,0.4019157,0.4257871,0.4518959
0.3991881,0.3985516,0.39928442,0.49832696,0.43837234
0.39675236,0.402654,0.39766642,0.54108477,0.44754133
0.39539918,0.39527425,0.39433342,0.52428114,0.40968528
0.40405953,0.402796,0.40032673,0.5790929,0.41254786
0.42002708,0.4201788,0.4281364,0.5694168,0.4428529
0.44113666,0.43494952,0.44657236,0.52771825,0.45663166
0.45845738,0.45425722,0.45935538,0.50059694,0.477687
0.4752368,0.49202475,0.46090323,0.4436131,0.4423152
0.43707713,0.44292104,0.45127928,0.33813447,0.4480314
0.37753722,0.3714348,0.36718684,0.27362064,0.4102394
0.30257103,0.3019103,0.30252218,0.24992205,0.31097162
0.23518267,0.23775148,0.23195069,0.21031739,0.2541126
0.18240866,0.18889374,0.1874799,0.204375,0.19189498
0.15480378,0.15988758,0.15289555,0.20469785,0.1436568
0.14154263,0.13965401,0.1416896,0.19927141,0.11539279
0.138295,0.13438177,0.1383746,0.20319562,0.13214679
0.14073072,0.1489104,0.15097103,0.21080524,0.14147139
0.15751015,0.15882453,0.17160465,0.21871041,0.1747524
0.18971583,0.19536018,0.21577524,0.24018732,0.17979135
0.24465494,0.25511417,0.2574038,0.23546965,0.25915506
0.31474966,0.31353047,0.3023511,0.23755457,0.32128963
0.36427605,0.36456212,0.35686472,0.32117712,0.38565516
0.3872801,0.38923416,0.3879925,0.36111945,0.3956594
0.39864683,0.39348337,0.39704388,0.46312046,0.41840065
0.4097429,0.40648076,0.4016411,0.5404866,0.40955067
0.41677943,0.41731337,0.41555485,0.55016696,0.41921455
0.42192152,0.4212208,0.42427087,0.5892659,0.3754586
0.4359946,0.43099877,0.43524545,0.6114306,0.38074318
0.45872802,0.45628268,0.4722694,0.5787391,0.42330915
0.49201623,0.47623786,0.5022535,0.56562585,0.42433155
0.52476317,0.51069057,0.5206382,0.5472158,0.4646983
0.52124494,0.55401754,0.5252736,0.49816656,0.42113262
0.4600812,0.46869728,0.47622526,0.38441288,0.42165405
0.3924222,0.38194767,0.38165823,0.33122545,0.39499962
0.3098782,0.30734238,0.31447858,0.31233352,0.27238068
0.2384303,0.23939183,0.23243405,0.26246583,0.22384052
0.19512855,0.19120291,0.18506783,0.24286121,0.15596305
0.16644114,0.17194703,0.16800623,0.25589776,0.15205133
0.16238159,0.14879176,0.15002495,0.2164908,0.16135144
0.16048715,0.15925458,0.1683167,0.23940268,0.13889
0.1843031,0.17781255,0.178928,0.23671988,0.16464287
0.25629228,0.25060865,0.24242167,0.23170333,0.2510149
0.37997293,0.36945304,0.34876576,0.25366464,0.361502
0.43653587,0.44813275,0.46608317,0.24284437,0.43009135
0.461705,0.45944414,0.4605359,0.26032105,0.47194755
0.48335588,0.4789925,0.48281223,0.28442532,0.50528306
0.49959403,0.4961885,0.49814954,0.36322904,0.51730865
0.5047361,0.502742,0.5081551,0.44728023,0.5249151
0.5074425,0.49785683,0.50916594,0.4754129,0.52822995
0.5104195,0.5147414,0.51493096,0.5399119,0.53085977
0.50554806,0.50290346,0.51829857,0.5575452,0.494022
0.49986467,0.49284717,0.5089083,0.5280998,0.5047784
0.5006766,0.5020752,0.5222428,0.5564554,0.52280545
0.5223275,0.5000309,0.533845,0.5512769,0.5211303
0.5493911,0.5370324,0.5496977,0.5494499,0.5415323
0.54343706,0.56893516,0.55274403,0.47734022,0.5258235
0.48579162,0.48259637,0.51107395,0.38072234,0.51832056
0.4,0.4010591,0.40876836,0.32834327,0.4380793
0.3098782,0.30208018,0.30526793,0.2937101,0.3581107
0.23572396,0.23519179,0.23414706,0.2691136,0.2500537
0.18619756,0.18622857,0.1874599,0.25085822,0.20294277
0.16752368,0.16953185,0.15787566,0.26239207,0.17246084
0.15480378,0.16087016,0.15949579,0.26058984,0.17144814
0.15696888,0.159646,0.15582508,0.2727806,0.15668868
0.17916103,0.18392459,0.18442409,0.25668404,0.1823468
0.25142083,0.256168,0.24605365,0.26949567,0.26870126
0.37564275,0.3734778,0.3654989,0.27238947,0.3758491
0.44113666,0.43967047,0.45413166,0.25646353,0.45208287
0.45548037,0.46037662,0.46532732,0.26251006,0.48749048
0.47117728,0.46658748,0.47141275,0.29363823,0.5119417
0.4811908,0.48337576,0.485251,0.3530764,0.5303546
0.48254398,0.48031756,0.48587173,0.41074166,0.5288114
0.47171855,0.4756324,0.4830501,0.43437403,0.5347656
0.4692828,0.47211802,0.46490908,0.4845189,0.54419214
0.45548037,0.4574185,0.46760187,0.518395,0.5019642
0.45060894,0.44587716,0.451849,0.48648715,0.5091438
0.45737484,0.45707247,0.47480154,0.49550653,0.52674234
0.48416778,0.46749464,0.48747128,0.49398345,0.53304356
0.5274696,0.5091821,0.50569534,0.477912,0.55018795
0.52990526,0.55233794,0.5340457,0.43057787,0.5339209
0.47334236,0.4720109,0.48927176,0.39472327,0.52674425
0.397023,0.39172497,0.38583624,0.3735907,0.4463581
0.30473614,0.3071955,0.3072462,0.34086752,0.36311066
0.23031123,0.23326653,0.2288854,0.32410455,0.26037002
0.18592693,0.18420699,0.18445386,0.29629266,0.20850484
0.16671178,0.16497698,0.16353813,0.28261882,0.16876988
0.1556157,0.16426656,0.15713656,0.27881908,0.15211487
0.15696888,0.15425646,0.1566072,0.27488104,0.15037923
0.17699593,0.17600903,0.17984162,0.28021076,0.1683313
0.24627875,0.24383959,0.23438512,0.26720643,0.24896158
0.36968878,0.37442914,0.36186507,0.2694408,0.3939839
0.43788904,0.4392718,0.44766754,0.28272733,0.46869397
0.455751,0.45273888,0.4551496,0.27167,0.46258044
0.4700947,0.4661353,0.47081265,0.26960033,0.49328655
0.47902572,0.47941858,0.48016292,0.27051672,0.48971146
0.47983763,0.47464174,0.4803977,0.28408104,0.5101417
0.47307172,0.466735,0.4767532,0.29015267,0.47980237
0.47063598,0.4701053,0.4710799,0.3097788,0.47348326
0.46035182,0.45665726,0.47377536,0.35548204,0.44000494
0.45764548,0.4481001,0.46072897,0.36575806,0.45265812
0.4625169,0.46563306,0.47877172,0.38473347,0.47125947
0.48741543,0.48920098,0.49011493,0.40723398,0.51183903
0.51989174,0.5363587,0.5153288,0.40256083,0.55398077
0.5171854,0.5072472,0.5224162,0.39300993,0.5374877
0.46630582,0.4749683,0.47651473,0.36263326,0.4961356
0.3916103,0.39595053,0.38362107,0.35961628,0.41206473
0.30284166,0.30403194,0.30179292,0.35192755,0.3181428
0.2338295,0.23189977,0.22953586,0.3375609,0.23940067
0.18998647,0.18703496,0.19149648,0.31785017,0.1845239
0.16887686,0.16933253,0.16751833,0.307469,0.17394066
0.15751015,0.16648903,0.1592693,0.29988188,0.14763182
0.16021651,0.15834194,0.15981713,0.29852355,0.15302616
0.18132612,0.18187734,0.18625228,0.29979095,0.17444925
0.25602165,0.2500669,0.24461962,0.2949169,0.25757003
0.3780785,0.38908306,0.37350965,0.28693092,0.39588118
0.43951285,0.44480437,0.44891274,0.28352153,0.4723184
0.44925576,0.45180234,0.455347,0.28484386,0.46277028
0.455751,0.45420688,0.46012205,0.28525263,0.4900319
0.45439783,0.4610291,0.4623283,0.29450417,0.4804873
0.44871446,0.4452975,0.45014286,0.32588643,0.50525945
0.44005412,0.4355829,0.44242042,0.34643614,0.47497022
0.4419486,0.44055054,0.436144,0.3509009,0.47232246
0.43193504,0.43182388,0.44637877,0.41004407,0.43257305
0.42868742,0.42086488,0.4303939,0.44024265,0.44349924
0.43328822,0.43855846,0.44968134,0.45603997,0.47800648
0.45060894,0.46024182,0.4623132,0.4553306,0.5008611
0.49120432,0.5085885,0.4772254,0.43250698,0.54019535
0.508525,0.4885169,0.5050478,0.38504928,0.5281563
0.46522328,0.47528878,0.4737714,0.30678052,0.48658723
0.39783493,0.3950651,0.38204697,0.25930488,0.41390613
0.30500677,0.30810538,0.31247443,0.23455787,0.31360286
0.23599459,0.23088384,0.22976674,0.21718894,0.24108432
0.18511502,0.19095948,0.19465677,0.19884256,0.19151752
0.16589986,0.15949783,0.15907095,0.20763004,0.18012075
0.15020297,0.15954578,0.15758651,0.21962605,0.15051322
0.15372124,0.14446485,0.14902806,0.22955365,0.14126903
0.17320703,0.17229185,0.17736094,0.2469693,0.16299441
0.24330176,0.23844513,0.230011,0.25355834,0.2515844
0.35967523,0.36751184,0.36035842,0.2557808,0.3814094
0.4173207,0.4238,0.42693067,0.28034225,0.4587394
0.44303113,0.43020692,0.42900115,0.2755245,0.46046364
0.45223275,0.4569499,0.4622525,0.33652186,0.4692502
0.4473613,0.4551838,0.45598406,0.34128982,0.47896767
0.43978348,0.43593746,0.44102263,0.37348032,0.5049946
0.4308525,0.42369792,0.4325719,0.41252702,0.4592973
0.42543977,0.43024543,0.42696297,0.43706477,0.4739884
0.41001353,0.40874627,0.4253901,0.4510293,0.40012264
0.40216509,0.39125237,0.40404892,0.4544186,0.42433786
0.4127199,0.41227964,0.41437155,0.464617,0.46809453
0.42976996,0.4363142,0.44525596,0.46933836,0.47727668
0.46630582,0.48098978,0.4568978,0.4496749,0.5113891
0.4700947,0.46041843,0.48668075,0.40238303,0.499686
0.43464142,0.4403946,0.4391668,0.33575213,0.46521568
0.3788904,0.3829545,0.36703306,0.3020954,0.40409026
0.30500677,0.30216768,0.2991579,0.2804979,0.29314756
0.2338295,0.23617926,0.23847792,0.2596748,0.2384158
0.18078485,0.18198884,0.18817456,0.24045795,0.18867
0.15696888,0.15658817,0.1548134,0.23113081,0.18680342
0.1466847,0.15505877,0.14734942,0.23622434,0.13629314
0.14397834,0.14457291,0.14973006,0.2421567,0.1453583
0.15047361,0.15434569,0.1626942,0.23458838,0.1625168
0.1767253,0.17730197,0.1925599,0.2565473,0.17813323
0.22733423,0.23823842,0.25641128,0.27158126,0.23554493
0.2933694,0.29271808,0.29092374,0.27828515,0.3122086
0.36129904,0.36089423,0.34349146,0.2817929,0.34803736
0.405954,0.4038901,0.3988947,0.29453576,0.40318328
0.42354533,0.42884788,0.42456287,0.29232752,0.41483426
0.4265223,0.42660534,0.4273017,0.27506107,0.43305728
0.42110962,0.41624102,0.42230088,0.31037718,0.3931999
0.41082543,0.40831426,0.41399255,0.35573846,0.3942256
0.4037889,0.39501646,0.40371212,0.3805743,0.3585521
0.40351826,0.40392765,0.40813988,0.40737092,0.36001697
0.4173207,0.41553605,0.423657,0.41722673,0.40456194
0.44546685,0.4568853,0.4478379,0.44016963,0.442542
0.46305817,0.49065503,0.46978748,0.42437387,0.47388965
0.44086602,0.44169483,0.45479187,0.39582276,0.4527101
0.40487143,0.40374514,0.40295142,0.37363058,0.41394335
0.34993234,0.35589883,0.35255685,0.36199778,0.35923636
0.28010824,0.28220937,0.27875176,0.34995455,0.2675798
0.22002706,0.22120357,0.2145157,0.33762863,0.20450248
0.17104195,0.17868397,0.17758004,0.33743662,0.1628259
0.14776725,0.1508539,0.14422376,0.32994002,0.1348326
0.1331529,0.14320561,0.1390076,0.32143906,0.11690904
0.12584573,0.13156971,0.13193321,0.3070683,0.119486764
0.12746955,0.13562423,0.13855396,0.29120794,0.1325266
0.14939107,0.14554498,0.15921053,0.2758072,0.1529951
0.18673883,0.20377281,0.20786692,0.26389486,0.16422488
0.2435724,0.2500094,0.25084317,0.2446382,0.25779474
0.31231394,0.31546834,0.30128855,0.24343568,0.2933998
0.35317996,0.362696,0.35593736,0.2407513,0.37455338
0.36292288,0.37579218,0.3728696,0.2799337,0.37343293
0.35805142,0.36739856,0.36395258,0.3210413,0.38061967
0.35128552,0.35206237,0.3490873,0.36514837,0.3722231
0.3377537,0.34250778,0.3429464,0.3859335,0.37114498
0.32909337,0.32601264,0.32920635,0.4169283,0.33060864
0.33558863,0.32898554,0.3351832,0.42858076,0.3456661
0.36129904,0.36242682,0.3734069,0.42173254,0.3936727
0.405954,0.4083529,0.41182745,0.41849798,0.43215755
0.44898513,0.46383044,0.43809307,0.40004456,0.4734369
0.44790256,0.43912175,0.45031866,0.35739678,0.43914378
0.41407308,0.4104806,0.41538262,0.3113367,0.39894888
0.34830853,0.35461143,0.35510835,0.23541471,0.3597988
0.270636,0.26645002,0.26842076,0.1807394,0.24444692
0.20514208,0.20986193,0.19990686,0.19202384,0.19354291
0.16102841,0.1671485,0.15677992,0.21472092,0.14394297
0.14370771,0.14238456,0.13379563,0.23079832,0.15663703
0.13883626,0.14173791,0.13344255,0.24041584,0.14254312
0.14316644,0.14131919,0.13901794,0.2588306,0.13768014
0.16860622,0.16330111,0.16008411,0.28507453,0.15225302
0.24627875,0.2395691,0.21928056,0.29245675,0.2342246
0.37834913,0.37330338,0.3512376,0.29084116,0.37313354
0.43815967,0.446174,0.46803215,0.32436305,0.4444136
0.4427605,0.44954133,0.44889826,0.32059857,0.45064825
0.44411367,0.44304892,0.44696772,0.34298325,0.4868849
0.44627875,0.44597027,0.44598815,0.3907118,0.47739083
0.44546685,0.4403676,0.44404644,0.39603972,0.49705493
0.43788904,0.4321938,0.44028306,0.4422881,0.47675133
0.43707713,0.43732834,0.4320146,0.43516386,0.4651425
0.43193504,0.4277061,0.44536635,0.44385833,0.43021995
0.43112314,0.4230647,0.44323492,0.45383364,0.44521976
0.43410012,0.4461796,0.45249897,0.45105284,0.46360528
0.45737484,0.46309945,0.46173358,0.4405287,0.5082925
0.5087957,0.5135528,0.49144268,0.4347816,0.54578775
0.5171854,0.5101776,0.52534336,0.4050871,0.5285379
0.46116373,0.47857174,0.47923818,0.35322315,0.48628265
0.38105547,0.38386402,0.37395436,0.3123985,0.40013042
0.28958052,0.2884436,0.28993925,0.2820322,0.31260112
0.21488498,0.2203863,0.21515009,0.25309345,0.23237796
0.17185386,0.16874263,0.16889654,0.24056302,0.17828996
0.1594046,0.15400288,0.14960653,0.22605395,0.1678554
0.1488498,0.16187361,0.15474503,0.20109451,0.1498823
0.1526387,0.15185177,0.1527259,0.20113915,0.15027687
0.17537212,0.1767475,0.1829374,0.21490555,0.16834566
0.24709067,0.24732354,0.2547795,0.24064624,0.24923949
0.37320703,0.3750507,0.36763018,0.2633329,0.3920061
0.4414073,0.4410544,0.42991248,0.28054744,0.46636754
0.4579161,0.45680115,0.45519942,0.30184734,0.45989496
0.47198918,0.46895045,0.4703399,0.31331807,0.4913532
0.4828146,0.48243782,0.48080856,0.33070374,0.48708993
0.4803789,0.48393664,0.48414186,0.35339922,0.50680065
0.47090665,0.4713019,0.4741258,0.42529815,0.47823638
0.47198918,0.4699347,0.46514773,0.46064425,0.4715035
0.45899865,0.4610375,0.47623295,0.4656793,0.43806082
0.44898513,0.44985455,0.45322412,0.46770573,0.45056152
0.4571042,0.4535658,0.45904526,0.48491466,0.4700123
0.47713125,0.48099276,0.486719,0.46692383,0.50953287
0.51962113,0.52847564,0.49864084,0.44460893,0.5516945
0.51799726,0.5154433,0.52815354,0.42669702,0.536077
0.46982408,0.48045728,0.47156972,0.35597393,0.49373645
0.39350474,0.40692368,0.38630134,0.34434038,0.41095915
0.29905277,0.30071786,0.30250952,0.30198845,0.31541348
0.23328823,0.22489786,0.2235411,0.3111151,0.23947461
0.18403247,0.18938366,0.19470517,0.29178864,0.18322398
0.16833559,0.1625258,0.1592712,0.30476248,0.16876988
0.15696888,0.16719076,0.16162068,0.30413103,0.15211487
0.15426251,0.15522826,0.15939927,0.2809795,0.15037923
0.17916103,0.1703293,0.17682995,0.29704306,0.1683313
0.25520974,0.24596158,0.24749407,0.28373635,0.24896158
0.3848444,0.3853287,0.37331212,0.32956904,0.3939839
0.45006767,0.45963427,0.45831078,0.33878595,0.46869397
0.45872802,0.46510723,0.46305954,0.3047635,0.46258044
0.4684709,0.46788308,0.46908897,0.31444198,0.49328655
0.48064953,0.47730276,0.4772316,0.3012147,0.48971146
0.4820027,0.48034886,0.48390985,0.3610751,0.5101417
0.4787551,0.47023118,0.47937733,0.35774747,0.47980237
0.47253045,0.4815077,0.47836927,0.46565378,0.47348326
0.45385656,0.45865384,0.46965712,0.47747076,0.44000494
0.45087957,0.43684754,0.44454455,0.5084417,0.45265812
0.45250338,0.46289927,0.47248822,0.48914188,0.47125947
0.46901217,0.47083065,0.4722079,0.48620152,0.51183903
0.5150203,0.52056086,0.49326843,0.4439382,0.55398077
0.51231396,0.5135668,0.5265798,0.39959383,0.5374877
0.46522328,0.47110087,0.4687931,0.29005164,0.4961356
0.3932341,0.39997303,0.38460425,0.24814561,0.41206473
0.3001353,0.30715314,0.30501652,0.2491289,0.3181428
0.22868742,0.22817588,0.22584744,0.19368088,0.23940067
0.18376184,0.18119243,0.18472424,0.26337472,0.1845239
0.16562922,0.16293567,0.16099441,0.23181674,0.17394066
0.15399188,0.16492185,0.15703228,0.21438071,0.14763182
0.15399188,0.15447804,0.15543413,0.17492956,0.15302616
0.17753722,0.1766501,0.17854474,0.19631778,0.17444925
0.24979702,0.249172,0.24263194,0.20861101,0.25757003
0.37320703,0.38222072,0.365091,0.26686716,0.39588118
0.42760488,0.43735525,0.4452961,0.25930586,0.4723184
0.43491206,0.43364072,0.43724656,0.28484595,0.46277028
0.43058187,0.4390584,0.44839483,0.3452137,0.4900319
0.43788904,0.4295669,0.43252152,0.38850683,0.4804873
0.43870094,0.43695983,0.44091654,0.3946675,0.50525945
0.4338295,0.42769027,0.4359833,0.3833554,0.47497022
0.43410012,0.435046,0.42960662,0.44633067,0.47232246
0.4216509,0.42334428,0.43507516,0.44165123,0.43257305
0.4121786,0.4089059,0.4173892,0.4684186,0.44349924
0.42462787,0.42042968,0.4254104,0.45830303,0.47800648
0.45548037,0.45861018,0.46121734,0.4740132,0.5008611
0.50392425,0.5185009,0.4874828,0.43871403,0.54019535
0.5047361,0.5014235,0.5122361,0.41328,0.5281563
0.46441138,0.46093428,0.46069223,0.3564059,0.48658723
0.3902571,0.39633256,0.38507307,0.31186327,0.41390613
0.30202976,0.29725212,0.29892316,0.33066136,0.31360286
0.23247632,0.2299552,0.23025367,0.26676524,0.24108432
0.18484439,0.18766016,0.19096383,0.27134365,0.19151752
0.16184032,0.16030017,0.1612151,0.28916055,0.18012075
0.15290934,0.15381476,0.15119092,0.27884603,0.15051322
0.15399188,0.14914167,0.15597627,0.22674626,0.14126903
0.17320703,0.17245221,0.1773624,0.19876367,0.16299441
0.24303113,0.24042705,0.23388633,0.23314944,0.2515844
0.36508796,0.36730298,0.3595529,0.25125644,0.3814094
0.43112314,0.42991975,0.42974126,0.2734161,0.4587394
0.44573748,0.44398656,0.44482222,0.23488596,0.46046364
0.4443843,0.4513649,0.45623937,0.33863157,0.4692502
0.44303113,0.4437052,0.4471595,0.3888623,0.47896767
0.44113666,0.4345639,0.44033828,0.3715702,0.5049946
0.43274695,0.4260071,0.43656427,0.40717334,0.4592973
0.42679295,0.4291065,0.42805648,0.42180616,0.4739884
0.4135318,0.4099945,0.4258823,0.4277622,0.40012264
0.40622464,0.39772257,0.41012567,0.42853802,0.42433786
0.40784845,0.41566432,0.42406243,0.43751276,0.46809453
0.42949933,0.43509808,0.44014075,0.45467132,0.47727668
0.48010826,0.48330316,0.4657527,0.41103905,0.5113891
0.47767252,0.4775963,0.49829322,0.3981269,0.499686
0.44005412,0.43889835,0.44082797,0.3395214,0.46521568
0.38240865,0.38323364,0.37012842,0.2942467,0.40409026
0.3060893,0.30515698,0.3024614,0.30045107,0.29314756
0.23545332,0.23613778,0.23823586,0.28911114,0.2384158
0.18376184,0.18679109,0.19070606,0.2614361,0.18867
0.15778078,0.16135022,0.15823188,0.26419678,0.18680342
0.14479026,0.15465888,0.14736007,0.29817268,0.13629314
0.14397834,0.14724997,0.14542349,0.27364838,0.1453583
0.15236807,0.15707105,0.16376948,0.28442824,0.1625168
0.1826793,0.18431717,0.19742237,0.26864672,0.17813323
0.23112313,0.2448341,0.26951647,0.29125535,0.23554493
0.29986468,0.29527906,0.29020604,0.30416843,0.3122086
0.36725304,0.36742184,0.34915757,0.2839043,0.34803736
0.41082543,0.40351436,0.4035581,0.2985525,0.40318328
0.42219216,0.42989093,0.43111336,0.3236664,0.41483426
0.41380244,0.42132616,0.42284432,0.3453526,0.43305728
0.3948579,0.39697167,0.4021141,0.38054034,0.3931999
0.36806494,0.37675998,0.37879628,0.42190123,0.3942256
0.3437077,0.34553167,0.3496423,0.43610293,0.3585521
0.33829498,0.33661768,0.334031,0.4368533,0.36001697
0.35290933,0.3567666,0.35569888,0.45863748,0.40456194
0.38917455,0.4091992,0.39151666,0.46925187,0.442542
0.44384304,0.44719163,0.42667404,0.44759792,0.47388965
0.44221923,0.44314376,0.45518762,0.43250394,0.4527101
0.40405953,0.4092412,0.4101727,0.39367932,0.41394335
0.35426253,0.3501034,0.35204494,0.35611856,0.35923636
0.2968877,0.28755578,0.28551573,0.3121295,0.2675798
0.22949933,0.24204358,0.23544557,0.28657752,0.20450248
0.18484439,0.18640694,0.17973912,0.29376197,0.1628259
0.16102841,0.1641675,0.16081747,0.25539768,0.1348326
0.14776725,0.15636212,0.15080234,0.27679795,0.11690904
0.14993234,0.14682144,0.14591628,0.2681699,0.119486764
0.15669824,0.16299209,0.16440962,0.25691125,0.1325266
0.17889039,0.18093243,0.18462439,0.28525108,0.1529951
0.21786198,0.23213586,0.23325072,0.2704066,0.16422488
0.28146145,0.27577057,0.29317132,0.31057322,0.25779474
0.34857917,0.34912243,0.3427318,0.2847209,0.2933998
0.3788904,0.38766322,0.3831714,0.31337488,0.37455338
0.37401894,0.389521,0.38697448,0.38906097,0.37343293
0.35696888,0.36729607,0.3640083,0.37286955,0.38061967
0.33991882,0.3412802,0.33773553,0.40378234,0.3722231
0.32313937,0.32470772,0.32125604,0.41001812,0.37114498
0.3179973,0.31049338,0.31217387,0.4294607,0.33060864
0.31962112,0.320186,0.3258836,0.43938053,0.3456661
0.34533152,0.34907922,0.3436533,0.4473194,0.3936727
0.39052776,0.40538412,0.40094262,0.42974663,0.43215755
0.45385656,0.45660403,0.43561408,0.41132137,0.4734369
0.44979703,0.45807734,0.46547318,0.3551838,0.43914378
0.40568337,0.4091958,0.40502024,0.2946325,0.39894888
0.33991882,0.34436116,0.3446352,0.27610752,0.3597988
0.27009472,0.2623984,0.2626316,0.26267505,0.24444692
0.20514208,0.2132799,0.20370413,0.23998792,0.19354291
0.16698241,0.16745144,0.15889409,0.27124304,0.14394297
0.15453315,0.1501199,0.14484023,0.24094036,0.15663703
0.1496617,0.15657315,0.14875838,0.24925277,0.14254312
0.1458728,0.15052563,0.15303549,0.24381521,0.13768014
0.16373478,0.16254959,0.15840535,0.26797214,0.15225302
0.2240866,0.23129755,0.2116064,0.2833654,0.2342246
0.32341,0.34459388,0.32602608,0.28435382,0.37313354
0.3983762,0.38379413,0.404782,0.29194027,0.4444136
0.44411367,0.4314829,0.42400166,0.28458548,0.45064825
0.45899865,0.460359,0.45533442,0.33059067,0.4868849
0.46414074,0.45963994,0.4566389,0.37291098,0.47739083
0.45818675,0.45667908,0.4583416,0.38476864,0.49705493
0.44384304,0.44145963,0.4463019,0.45018417,0.47675133
0.43788904,0.43829316,0.4314865,0.435183,0.4651425
0.42814615,0.42610145,0.44150564,0.4408301,0.43021995
0.42273343,0.41676596,0.43516025,0.4265148,0.44521976
0.4338295,0.43615508,0.44320464,0.44223237,0.46360528
0.47171855,0.4706339,0.4710309,0.43773425,0.5082925
0.5255751,0.5303174,0.5074363,0.43714637,0.54578775
0.5074425,0.5227057,0.5271137,0.40289572,0.5285379
0.4503383,0.45560554,0.455382,0.36585462,0.48628265
0.38078484,0.3772524,0.37427518,0.3275177,0.40013042
0.28958052,0.29220387,0.29943317,0.29488838,0.31260112
0.22165088,0.21978286,0.21413012,0.27477175,0.23237796
0.17889039,0.17547333,0.17948999,0.2544951,0.17828996
0.15994588,0.15982425,0.15549591,0.2337441,0.1678554
0.14749661,0.15831804,0.14940685,0.19522241,0.1498823
0.1331529,0.14769933,0.14689983,0.20987779,0.15027687
0.1594046,0.15004605,0.14642578,0.1719057,0.16834566
0.2338295,0.23145005,0.23493282,0.1953696,0.24923949
0.36373478,0.36509392,0.35606304,0.23201981,0.3920061
0.42760488,0.4389231,0.44190744,0.2646057,0.46636754
0.43734777,0.4483079,0.4408124,0.28775615,0.45989496
0.44248986,0.4508451,0.44822168,0.33163255,0.4913532
0.44790256,0.45190927,0.44751,0.3696552,0.48708993
0.4519621,0.44962364,0.4445983,0.4017796,0.50680065
0.45060894,0.44733068,0.4479985,0.43291575,0.47823638
0.45169148,0.45674613,0.449363,0.5478959,0.4715035
0.44465494,0.44652978,0.4535762,0.5372303,0.43806082
0.43815967,0.4420567,0.44444877,0.5208052,0.45056152
0.44384304,0.4478452,0.4574554,0.484587,0.4700123
0.46711773,0.4662045,0.47896075,0.5096043,0.50953287
0.52449256,0.5207169,0.4922579,0.4624759,0.5516945
0.5150203,0.52682275,0.5305066,0.40787598,0.536077
0.45953992,0.47527656,0.46407506,0.3792032,0.49373645
0.38673884,0.40093544,0.3791538,0.36002257,0.41095915
0.2960758,0.30040175,0.29831344,0.34680438,0.31541348
0.22273342,0.22320032,0.22162291,0.34615427,0.23947461
0.1797023,0.17399019,0.17707065,0.3197616,0.18322398
0.15994588,0.16054752,0.15639184,0.31576908,0.16876988
0.14830853,0.15426773,0.14915958,0.30970943,0.15211487
0.14857917,0.14706582,0.14872028,0.31251886,0.15037923
0.16995941,0.16536629,0.17599358,0.34929258,0.1683313
0.24248984,0.23238918,0.24056897,0.33109337,0.24896158
0.3686062,0.3683263,0.36046058,0.33287382,0.3939839
0.42895806,0.4438017,0.43432355,0.3336131,0.46869397
0.44546685,0.44569835,0.4419642,0.33558017,0.46258044
0.46224627,0.46186697,0.46043152,0.3657936,0.49328655
0.4820027,0.47513333,0.4738766,0.40773416,0.48971146
0.48525032,0.49170062,0.49106538,0.5065782,0.5101417
0.4849797,0.48255715,0.4846843,0.5867968,0.47980237
0.48606226,0.49554673,0.48643622,0.57493323,0.47348326
0.47848445,0.4821125,0.49050748,0.6225224,0.44000494
0.47198918,0.46892932,0.47870022,0.61975515,0.45265812
0.4752368,0.48460475,0.48769563,0.6093131,0.47125947
0.49959403,0.48841068,0.50207573,0.5929809,0.51183903
0.55372125,0.54862314,0.5265536,0.56339264,0.55398077
0.5404601,0.5525024,0.55590236,0.50343347,0.5374877
0.49147496,0.49598482,0.4856888,0.49257576,0.4961356
0.4156969,0.43546852,0.4104427,0.484721,0.41206473
0.32151556,0.32719365,0.3219782,0.4657725,0.3181428
0.24898511,0.24903467,0.24330227,0.4373634,0.23940067
0.20351827,0.19571182,0.20423757,0.42928928,0.1845239
0.17916103,0.1846872,0.17983557,0.41792774,0.17394066
0.16779432,0.16891721,0.16733149,0.41944772,0.14763182
0.16887686,0.17179239,0.16998103,0.39793107,0.15302616
0.19133964,0.18685552,0.19497776,0.36161602,0.17444925
0.26224628,0.25496575,0.25975367,0.37626788,0.25757003
0.3962111,0.39073986,0.37755787,0.38891554,0.39588118
0.46495265,0.47645018,0.4739642,0.3848557,0.4723184
0.48903924,0.48638394,0.48084718,0.3714866,0.46277028
0.5023004,0.509276,0.5091762,0.38569504,0.4900319
0.5207037,0.5098222,0.51290786,0.40708494,0.4804873
0.52476317,0.5261123,0.5293113,0.4326771,0.50525945
0.520433,0.5179596,0.52593654,0.45652246,0.47497022
0.5225981,0.5249182,0.5197482,0.4826883,0.47232246
0.5133965,0.51501894,0.5269481,0.5472609,0.43257305
0.50933695,0.5028229,0.5106787,0.5287927,0.44349924
0.51312584,0.5164755,0.5263876,0.552507,0.47800648
0.5445196,0.5256048,0.53799045,0.4759736,0.5008611
0.5669824,0.5947181,0.57036054,0.47960788,0.54019535
0.5407307,0.5474327,0.55313003,0.48441845,0.5281563
0.4871448,0.49159262,0.49855906,0.40696406,0.48658723
0.4121786,0.42572322,0.4062215,0.3938163,0.41390613
0.32665765,0.32435217,0.3206718,0.391645,0.31360286
0.25277403,0.25590152,0.25404796,0.35573936,0.24108432
0.2,0.19962117,0.20536606,0.34886134,0.19151752
0.1856563,0.17514211,0.17112656,0.31793225,0.18012075
0.17320703,0.18251917,0.18069728,0.3016759,0.15051322
0.16941813,0.16929331,0.17614008,0.28942782,0.14126903
0.1864682,0.18164858,0.19400118,0.28702345,0.16299441
0.2541272,0.24739894,0.25166968,0.24752061,0.2515844
0.37672532,0.37947622,0.36976865,0.2524313,0.3814094
0.4376184,0.45323303,0.45636466,0.25769505,0.4587394
0.46197563,0.45897177,0.45797706,0.26077056,0.46046364
0.47253045,0.4820648,0.48338282,0.29730934,0.4692502
0.4828146,0.4802831,0.48194325,0.33076447,0.47896767
0.4849797,0.48210296,0.48686564,0.35722846,0.5049946
0.47117728,0.47180977,0.48489708,0.42393494,0.4592973
0.46441138,0.4673519,0.46170634,0.4825732,0.4739884
0.44898513,0.44836566,0.4596547,0.4913432,0.40012264
0.43301758,0.42977992,0.4476007,0.4988004,0.42433786
0.42814615,0.4376902,0.4527374,0.5090119,0.46809453
0.44221923,0.44168517,0.46022254,0.48652202,0.47727668
0.48254398,0.4906387,0.46230587,0.47002244,0.5113891
0.46820027,0.47539458,0.4948877,0.43726468,0.499686
0.42733425,0.43353036,0.434709,0.37575474,0.46521568
0.36968878,0.38279942,0.36428085,0.31335863,0.40409026
0.2985115,0.29800954,0.29371482,0.32280105,0.29314756
0.22949933,0.23287067,0.23453648,0.31583452,0.2384158
0.17726658,0.18055567,0.18572141,0.29310715,0.18867
0.15290934,0.15544087,0.15209165,0.3018281,0.18680342
0.13775373,0.15268469,0.1414682,0.28847188,0.13629314
0.13342355,0.13559768,0.13465327,0.27439988,0.1453583
0.1420839,0.14197141,0.14766505,0.24315101,0.1625168
0.17131259,0.16905594,0.17871214,0.25979716,0.17813323
0.22571042,0.2354298,0.23778488,0.26508695,0.23554493
0.29120433,0.29507717,0.2904874,0.27111378,0.3122086
0.34830853,0.35946137,0.34365755,0.26022363,0.34803736
0.38457376,0.38793784,0.38612866,0.2765768,0.40318328
0.39945874,0.40682682,0.40541017,0.30396384,0.41483426
0.39756426,0.40325734,0.40426537,0.31590086,0.43305728
0.3916103,0.38625285,0.3906641,0.35320115,0.3931999
0.3805142,0.38048664,0.38644564,0.41166866,0.3942256
0.36671177,0.36631253,0.3737518,0.4416017,0.3585521
0.36129904,0.36477762,0.36401826,0.4672566,0.36001697
0.37104195,0.37526712,0.37767035,0.4771785,0.40456194
0.4051421,0.40942994,0.4020946,0.46470958,0.442542
0.44411367,0.4606913,0.4372766,0.44042766,0.47388965
0.42002708,0.43487403,0.44304645,0.3738461,0.4527101
0.38376185,0.38254318,0.37936294,0.33104247,0.41394335
0.33396482,0.3369958,0.3354904,0.28202558,0.35923636
0.2722598,0.270736,0.26686916,0.24905503,0.2675798
0.20622464,0.21667194,0.2111739,0.23374347,0.20450248
0.16184032,0.16496274,0.15913294,0.21385439,0.1628259
0.13504736,0.14405578,0.13816118,0.21091956,0.1348326
0.12232747,0.13003647,0.12233706,0.20519534,0.11690904
0.11935047,0.12290106,0.121081635,0.1962622,0.119486764
0.12232747,0.13122043,0.13207392,0.21606751,0.1325266
0.14235453,0.1414235,0.1504678,0.21163216,0.1529951
0.18240866,0.19355315,0.19732867,0.2310096,0.16422488
0.23572396,0.24467158,0.24910429,0.24819574,0.25779474
0.30473614,0.30255473,0.28830498,0.2547959,0.2933998
0.3518268,0.35188204,0.34804016,0.2828781,0.37455338
0.3669824,0.3738067,0.37261298,0.31784195,0.37343293
0.36752367,0.3728432,0.36988983,0.35535064,0.38061967
0.3653586,0.36210224,0.3621019,0.37543964,0.3722231
0.35290933,0.35597795,0.36018708,0.37917393,0.37114498
0.34641406,0.33854797,0.34553424,0.4060942,0.33060864
0.3610284,0.3465738,0.3546779,0.42755097,0.3456661
0.40108255,0.3908191,0.4018306,0.4218396,0.3936727
0.45818675,0.46033207,0.45736414,0.3812958,0.43215755
0.4993234,0.50977385,0.4887477,0.38477218,0.4734369
0.47334236,0.48135045,0.4827211,0.35717154,0.43914378
0.42625168,0.4186108,0.42131263,0.3536099,0.39894888
0.35074425,0.36357754,0.3617923,0.33209294,0.3597988
0.27550745,0.26648057,0.26468414,0.32071856,0.24444692
0.21109608,0.21566287,0.20591055,0.31612837,0.19354291
0.17131259,0.17237249,0.16312772,0.3009389,0.14394297
0.15751015,0.1527054,0.14565231,0.30404955,0.15663703
0.1518268,0.15604055,0.1502796,0.29120663,0.14254312
0.15426251,0.14979076,0.15510736,0.27116364,0.13768014
0.18240866,0.17330518,0.17821775,0.2700746,0.15225302
0.26143438,0.25656968,0.2503521,0.26171243,0.2342246
0.39810556,0.388964,0.3663087,0.27353072,0.37313354
0.46197563,0.466144,0.47697628,0.27254772,0.4444136
0.46549392,0.47281843,0.4765191,0.29578397,0.45064825
0.4638701,0.46467015,0.4722246,0.31944612,0.4868849
0.46738836,0.46623117,0.46667364,0.37865156,0.47739083
0.45899865,0.46226555,0.4660223,0.38507265,0.49705493
0.44411367,0.44047564,0.44945985,0.42135125,0.47675133
0.43653587,0.43887088,0.43643123,0.44246644,0.4651425
0.42110962,0.42377678,0.44214115,0.4801153,0.43021995
0.4113667,0.4091543,0.42396167,0.48394835,0.44521976
0.43355885,0.4257054,0.4397666,0.48414218,0.46360528
0.48389715,0.48784903,0.48804826,0.45191914,0.5082925
0.53856564,0.54401743,0.5173462,0.4271528,0.54578775
0.51772666,0.5304161,0.5414333,0.40091598,0.5285379
0.47253045,0.46356827,0.47120807,0.3804267,0.48628265
0.3948579,0.4005423,0.39398527,0.36209226,0.40013042
0.30338296,0.3015279,0.3038036,0.34076178,0.31260112
0.22895806,0.23090523,0.2297073,0.33700207,0.23237796
0.1856563,0.18541569,0.18426369,0.32699656,0.17828996
0.16887686,0.16656923,0.16337349,0.32520604,0.1678554
0.15805142,0.16900304,0.16042288,0.3108502,0.1498823
0.15832205,0.16239268,0.16028424,0.28795496,0.15027687
0.17889039,0.18258393,0.18266933,0.2815073,0.16834566
0.24113667,0.2541404,0.24543057,0.28705573,0.24923949
0.37483084,0.3667667,0.36290574,0.28477484,0.3920061
0.43978348,0.4430645,0.44411287,0.29322675,0.46636754
0.44709066,0.44932,0.4434118,0.29563236,0.45989496
0.45385656,0.44878215,0.45764798,0.3287319,0.4913532
0.46576455,0.46179262,0.45946336,0.3543989,0.48708993
0.46792963,0.4651071,0.46555236,0.34063172,0.50680065
0.46197563,0.4566077,0.46207225,0.34643286,0.47823638
0.46359947,0.4579588,0.45726824,0.36376494,0.4715035
0.4503383,0.4515374,0.46781704,0.3914619,0.43806082
0.4519621,0.44318542,0.44688052,0.41584617,0.45056152
0.4744249,0.46665773,0.48282582,0.42489153,0.4700123
0.5171854,0.51704687,0.5172637,0.43274802,0.50953287
0.54533154,0.56350577,0.5406277,0.41982865,0.5516945
0.5158322,0.52015454,0.52891135,0.39247423,0.536077
0.46576455,0.46058372,0.46670452,0.36791843,0.49373645
0.38700947,0.3968049,0.3858304,0.3568915,0.41095915
0.2925575,0.29248306,0.29496482,0.3317945,0.31541348
0.21894452,0.217868,0.21724,0.32480294,0.23947461
0.17699593,0.17633978,0.17471303,0.3157885,0.18322398
0.15615697,0.15810242,0.15461552,0.31241602,0.16876988
0.14560217,0.15426195,0.144496,0.30521354,0.15211487
0.1480379,0.14749572,0.14772275,0.305983,0.15037923
0.17347768,0.17061242,0.177047,0.29577368,0.1683313
0.24546684,0.24710009,0.2536208,0.2979089,0.24896158
0.37861976,0.37613818,0.36156926,0.29419237,0.3939839
0.44925576,0.4488396,0.44541347,0.2938283,0.46869397
0.4633288,0.45801523,0.4661497,0.30071038,0.46258044
0.4760487,0.46839705,0.47570184,0.30262172,0.49328655
0.48525032,0.48485276,0.48525476,0.29478908,0.48971146
0.47848445,0.48054203,0.48645824,0.2920981,0.5101417
0.467659,0.461405,0.47194436,0.31403536,0.47980237
0.46982408,0.46263772,0.46368998,0.32426578,0.47348326
0.45953992,0.45803097,0.47602963,0.33178174,0.44000494
0.46657646,0.4480379,0.46347106,0.35468787,0.45265812
0.48741543,0.48244837,0.50660396,0.3658024,0.47125947
0.52584577,0.5246329,0.52053434,0.3706715,0.51183903
0.55020297,0.5674659,0.54199094,0.36332363,0.55398077
0.517456,0.52327317,0.5380076,0.35596693,0.5374877
0.46630582,0.459703,0.46991283,0.34486523,0.4961356
0.38782138,0.396641,0.38374043,0.3429377,0.41206473
0.30094722,0.29729804,0.29431367,0.33768398,0.3181428
0.22922869,0.23076421,0.229665,0.31980097,0.23940067
0.18484439,0.18265286,0.185358,0.310134,0.1845239
0.16535859,0.16433954,0.16140349,0.29814208,0.17394066
0.15345061,0.16480663,0.15642421,0.29737145,0.14763182
0.1526387,0.15482664,0.15620646,0.2955628,0.15302616
0.17916103,0.17624342,0.17921913,0.29021847,0.17444925
0.25142083,0.2550029,0.25619522,0.29246837,0.25757003
0.38592693,0.38430527,0.36935952,0.29293078,0.39588118
0.46143436,0.4553938,0.45833775,0.30023247,0.4723184
0.47577807,0.4730227,0.47899485,0.29698035,0.46277028
0.49120432,0.47733286,0.4863784,0.2982456,0.4900319
0.5044655,0.4997526,0.5003156,0.3122633,0.4804873
0.5074425,0.49919245,0.50684434,0.30749857,0.50525945
0.49661705,0.49445626,0.5080618,0.31908298,0.47497022
0.49147496,0.49004015,0.49444264,0.3152957,0.47232246
0.47983763,0.47413057,0.49371698,0.34464836,0.43257305
0.4752368,0.46774998,0.4854762,0.3556764,0.44349924
0.49201623,0.4846407,0.5027993,0.35885483,0.47800648
0.52584577,0.52771544,0.5239063,0.35936272,0.5008611
0.54479027,0.5697738,0.5359508,0.35197693,0.54019535
0.5152909,0.5165272,0.5309576,0.34734744,0.5281563
0.46711773,0.45986313,0.4719343,0.33522654,0.48658723
0.38863328,0.39941618,0.38842276,0.33645573,0.41390613
0.30121785,0.29891184,0.29752007,0.3326985,0.31360286
0.23815967,0.23221567,0.22953726,0.32563394,0.24108432
0.19377537,0.19591197,0.19842258,0.31851348,0.19151752
0.17347768,0.17159447,0.17006792,0.30858058,0.18012075
0.16021651,0.16766784,0.16471516,0.3090236,0.15051322
0.16075778,0.1541729,0.1628943,0.30726662,0.14126903
0.18457375,0.1792292,0.18857026,0.30155215,0.16299441
0.25520974,0.2560204,0.25357524,0.29803252,0.2515844
0.38105547,0.3837404,0.3701313,0.28988224,0.3814094
0.45439783,0.45089266,0.45765,0.2943275,0.4587394
0.47225982,0.46991715,0.4751989,0.29438382,0.46046364
0.479567,0.4802526,0.48559862,0.29477465,0.4692502
0.4863329,0.4843816,0.48551178,0.30573452,0.47896767
0.48741543,0.47746444,0.48687315,0.3211111,0.5049946
0.4728011,0.46947166,0.48536718,0.328281,0.4592973
0.46305817,0.4616843,0.46430972,0.33078817,0.4739884
0.45087957,0.44350535,0.45974886,0.35472602,0.40012264
0.44167796,0.43598798,0.4542044,0.37346953,0.42433786
0.4495264,0.44743127,0.46441132,0.3788367,0.46809453
0.4787551,0.48313805,0.4791745,0.37872177,0.47727668
0.5001353,0.52336407,0.49480465,0.37062496,0.5113891
0.47713125,0.4761427,0.49579996,0.36747018,0.499686
0.44682002,0.43328962,0.44053078,0.35117692,0.46521568
0.39188093,0.39650655,0.38019693,0.33511353,0.40409026
0.31637347,0.31650344,0.3140204,0.317455,0.29314756
0.24573748,0.24769327,0.25114164,0.32362437,0.2384158
0.19485791,0.19786483,0.20129211,0.30662662,0.18867
0.1594046,0.17153677,0.1693118,0.3054911,0.18680342
0.14343707,0.15146255,0.14218438,0.29689425,0.13629314
0.1391069,0.14530507,0.14127557,0.2942462,0.1453583
0.1480379,0.15026015,0.15567856,0.2751964,0.1625168
0.17916103,0.17837986,0.18937549,0.27936584,0.17813323
0.23626523,0.24209756,0.26128995,0.26256338,0.23554493
0.2976996,0.3052016,0.30591878,0.25363976,0.3122086
0.34857917,0.36519298,0.34324053,0.23939192,0.34803736
0.3677943,0.3804882,0.3844177,0.25049192,0.40318328
0.36752367,0.3811329,0.37942713,0.39749864,0.41483426
0.36508796,0.3638269,0.3651513,0.42044955,0.43305728
0.35588634,0.35321656,0.35817713,0.44396496,0.3931999
0.3361299,0.34579888,0.3467113,0.46093184,0.3942256
0.31962112,0.32050452,0.32163444,0.44383067,0.3585521
0.3225981,0.32005313,0.3148625,0.43929303,0.36001697
0.3428958,0.34566534,0.3506633,0.41951442,0.40456194
0.38294992,0.39603075,0.38525906,0.38454056,0.442542
0.42976996,0.44203386,0.4151041,0.36834246,0.47388965
0.4051421,0.42467052,0.43871683,0.33398315,0.4527101
0.36968878,0.36809614,0.37081435,0.30580193,0.41394335
0.32205683,0.3232292,0.32416496,0.28247246,0.35923636
0.26332882,0.2612767,0.2541275,0.27903494,0.2675798
0.20730717,0.20887974,0.20281501,0.28011018,0.20450248
0.16589986,0.16955581,0.16513714,0.25867698,0.1628259
0.14424899,0.14735729,0.14190172,0.25528634,0.1348326
0.12882273,0.13980222,0.13650748,0.25396764,0.11690904
0.12611638,0.12753421,0.12778091,0.22959334,0.119486764
0.12909336,0.13886434,0.13963631,0.2210961,0.1325266
0.1488498,0.14977676,0.1562589,0.22187126,0.1529951
0.18782137,0.19829094,0.20326908,0.23376702,0.16422488
0.2435724,0.24762681,0.25138545,0.28695804,0.25779474
0.3098782,0.30894062,0.29249588,0.30231935,0.2933998
0.3572395,0.3532239,0.3439593,0.27127808,0.37455338
0.37780786,0.3786805,0.37483642,0.30393997,0.37343293
0.38240865,0.38459793,0.38222277,0.31946084,0.38061967
0.38105547,0.37831703,0.37780395,0.33093992,0.3722231
0.3645467,0.37053758,0.37574086,0.38124388,0.37114498
0.3504736,0.34784767,0.35656774,0.39830297,0.33060864
0.3572395,0.34776384,0.3580018,0.43742287,0.3456661
0.3856563,0.3843385,0.39478633,0.429578,0.3936727
0.43464142,0.44065517,0.43557698,0.43405223,0.43215755
0.4909337,0.4891195,0.46769243,0.4003121,0.4734369
0.4684709,0.4828038,0.4839635,0.36670154,0.43914378
0.41975644,0.4149829,0.4111188,0.32573897,0.39894888
0.34641406,0.35657462,0.3586032,0.29721397,0.3597988
0.2684709,0.26378977,0.2669959,0.30614853,0.24444692
0.20541272,0.20856643,0.20087509,0.31035656,0.19354291
0.16617051,0.168275,0.1596316,0.29375297,0.14394297
0.14857917,0.14800093,0.14061801,0.2683956,0.15663703
0.14046007,0.14610592,0.13771002,0.29471958,0.14254312
0.14451963,0.14062926,0.1420028,0.28814965,0.13768014
0.17050068,0.16389889,0.16896327,0.28580785,0.15225302
0.24790257,0.24213362,0.23404057,0.2896381,0.2342246
0.38457376,0.37478742,0.35466576,0.27832794,0.37313354
0.45006767,0.45608383,0.46921116,0.27443635,0.4444136
0.45277402,0.4629521,0.46583766,0.21938506,0.45064825
0.45764548,0.45329508,0.46039337,0.32781708,0.4868849
0.46414074,0.4624228,0.4645952,0.3362779,0.47739083
0.45304465,0.45903987,0.46352515,0.3844394,0.49705493
0.43464142,0.43278366,0.43919837,0.404467,0.47675133
0.42814615,0.42713547,0.42024148,0.42701244,0.4651425
0.4127199,0.41560945,0.4310211,0.4683934,0.43021995
0.40947226,0.3988317,0.41379666,0.4665541,0.44521976
0.42976996,0.42587122,0.4369957,0.4445516,0.46360528
0.48146144,0.4762361,0.47597182,0.45065045,0.5082925
0.5326116,0.5428653,0.5184846,0.4110284,0.54578775
0.5098782,0.5235323,0.5300275,0.33978927,0.5285379
0.46495265,0.45499456,0.46392402,0.30181003,0.48628265
0.38673884,0.39452925,0.38744652,0.2724311,0.40013042
0.30284166,0.2946348,0.29444626,0.27577814,0.31260112
0.23112313,0.23408112,0.2328857,0.2358089,0.23237796
0.18890393,0.18913203,0.1865386,0.24698117,0.17828996
0.16562922,0.17044011,0.1668704,0.27554432,0.1678554
0.15345061,0.16227424,0.1542873,0.27740875,0.1498823
0.15399188,0.15778068,0.15550986,0.27345854,0.15027687
0.18105549,0.17951319,0.17882423,0.28452143,0.16834566
0.255751,0.2595134,0.25453284,0.2894034,0.24923949
0.38700947,0.3875381,0.38341367,0.2647004,0.3920061
0.45737484,0.44983068,0.44556034,0.29322875,0.46636754
0.46278754,0.4652231,0.4650808,0.2826143,0.45989496
0.4714479,0.46045062,0.47003847,0.29801074,0.4913532
0.46359947,0.47868368,0.47788164,0.31745216,0.48708993
0.4600812,0.45318305,0.4502561,0.362629,0.50680065
0.4495264,0.44850552,0.45077252,0.37833914,0.47823638
0.4405954,0.44370654,0.44427723,0.42653835,0.4715035
0.4343708,0.42455915,0.4384054,0.46675545,0.43806082
0.42814615,0.43204695,0.43943256,0.47808927,0.45056152
0.43626523,0.4373855,0.4482807,0.47883236,0.4700123
0.49418133,0.4749704,0.47431314,0.45276827,0.50953287
0.538295,0.55825895,0.53261673,0.4315049,0.5516945
0.5152909,0.52217305,0.52377665,0.3703544,0.536077
0.46657646,0.46262234,0.4695174,0.33860862,0.49373645
0.38998646,0.3994925,0.3867372,0.33986518,0.41095915
0.30121785,0.29542497,0.29966366,0.2897742,0.31541348
0.22841679,0.22702259,0.22821459,0.27320498,0.23947461
0.18538566,0.18348947,0.18359716,0.2696899,0.18322398
0.16373478,0.16411647,0.16219157,0.25137737,0.16876988
0.15128551,0.16037014,0.15286817,0.2670218,0.15211487
0.15345061,0.15111014,0.15314627,0.23343597,0.15037923
0.17943166,0.17491949,0.18048884,0.26251572,0.1683313
0.25087956,0.25226408,0.2537577,0.2729221,0.24896158
0.38024357,0.37980303,0.3724328,0.28164512,0.3939839
0.4533153,0.44746497,0.44431907,0.28713852,0.46869397
0.461705,0.46283334,0.4655072,0.27340877,0.46258044
0.46820027,0.46181685,0.4684502,0.29392356,0.49328655
0.47469553,0.47349906,0.47132736,0.29405665,0.48971146
0.46657646,0.46773633,0.4733613,0.28936237,0.5101417
0.4592693,0.4492845,0.45669663,0.33131683,0.47980237
0.4592693,0.4581523,0.45596403,0.36273405,0.47348326
0.44492558,0.44795528,0.46556297,0.39612705,0.44000494
0.44465494,0.4314192,0.4410797,0.41949338,0.45265812
0.4728011,0.45647705,0.47308865,0.4439165,0.47125947
0.5182679,0.51182044,0.5221054,0.4212203,0.51183903
0.52963465,0.5669585,0.53707635,0.39988178,0.55398077
0.5052774,0.4995781,0.5117213,0.37891993,0.5374877
0.46305817,0.45604655,0.46661785,0.33624452,0.4961356
0.38836265,0.3977304,0.3853203,0.32314765,0.41206473
0.29878214,0.2985216,0.29750204,0.26512843,0.3181428
0.2278755,0.22739103,0.22547881,0.2701219,0.23940067
0.18755074,0.182035,0.18450716,0.25174338,0.1845239
0.16427605,0.1685656,0.16648968,0.23581976,0.17394066
0.15290934,0.16150525,0.15315622,0.2235538,0.14763182
0.15588634,0.15500131,0.15663348,0.19485287,0.15302616
0.1826793,0.18197346,0.18539968,0.20282671,0.17444925
0.255751,0.25876588,0.259799,0.21317782,0.25757003
0.3948579,0.38897267,0.3727522,0.21332923,0.39588118
0.46224627,0.46307746,0.46536517,0.24677514,0.4723184
0.46359947,0.46871805,0.4709133,0.24437068,0.46277028
0.46657646,0.4581565,0.4685089,0.29463518,0.4900319
0.45358592,0.46987495,0.46998256,0.37074268,0.4804873
0.4427605,0.4386606,0.4398949,0.3676269,0.50525945
0.42868742,0.42689034,0.43395072,0.39183617,0.47497022
0.4284168,0.42477003,0.42366737,0.3889835,0.47232246
0.41975644,0.4184934,0.43224582,0.40726388,0.43257305
0.41677943,0.4103836,0.42461818,0.412659,0.44349924
0.43112314,0.42999637,0.44857284,0.43680507,0.47800648
0.47253045,0.47360268,0.46829236,0.4329579,0.5008611
0.51962113,0.53471065,0.49627832,0.41096306,0.54019535
0.5052774,0.5096402,0.5244861,0.4091918,0.5281563
0.4752368,0.4545653,0.46011022,0.37272388,0.48658723
0.4075778,0.41253462,0.40051365,0.35628557,0.41390613
0.31691474,0.31551844,0.3174957,0.32469448,0.31360286
0.2443843,0.2434434,0.24261783,0.32005498,0.24108432
0.20595399,0.19876307,0.20164664,0.31639078,0.19151752
0.17916103,0.18649241,0.18775743,0.3024032,0.18012075
0.16806495,0.16894874,0.16748226,0.29025784,0.15051322
0.16995941,0.16105196,0.17197217,0.2872591,0.14126903
0.19377537,0.18941513,0.19563681,0.29171133,0.16299441
0.27117726,0.26469687,0.25734812,0.272722,0.2515844
0.4046008,0.40021896,0.39936727,0.29398662,0.3814094
0.46657646,0.46948227,0.46433175,0.277,0.4587394
0.46792963,0.469467,0.46718746,0.28420296,0.46046364
0.46224627,0.46350893,0.47160682,0.28825665,0.4692502
0.4495264,0.4593514,0.45844883,0.33513278,0.47896767
0.43653587,0.43189985,0.437616,0.34603524,0.5049946
0.4216509,0.41545042,0.42478538,0.4087972,0.4592973
0.4143437,0.4160218,0.41481307,0.42644578,0.4739884
0.39945874,0.39949095,0.41530055,0.44415283,0.40012264
0.40108255,0.3850707,0.39538646,0.4499892,0.42433786
0.41867387,0.4189894,0.42603678,0.45782816,0.46809453
0.44005412,0.46629682,0.45971906,0.4597748,0.47727668
0.44790256,0.4913436,0.46796513,0.4389454,0.5113891
0.42300406,0.4311182,0.4536266,0.4214306,0.499686
0.40703654,0.3868014,0.40163863,0.3810618,0.46521568
0.3602165,0.36997572,0.35423663,0.35955375,0.40409026
0.29309878,0.29368606,0.28628823,0.34734237,0.29314756
0.2308525,0.23114371,0.23322116,0.3085358,0.2384158
0.1902571,0.18920642,0.19296022,0.2817621,0.18867
0.16860622,0.17255542,0.17065597,0.28965792,0.20347483
0.15669824,0.16275445,0.16275693,0.2781999,0.1816016
0.15453315,0.15999147,0.16283882,0.27165926,0.18524122
0.16454668,0.17017502,0.17784613,0.28567338,0.19208756
0.19188093,0.19769302,0.21594977,0.28195915,0.20698698
0.2443843,0.24540144,0.27152914,0.31149054,0.2647207
0.31366712,0.30584335,0.29656076,0.29078913,0.34674215
0.3729364,0.3721628,0.35518187,0.30583507,0.39293596
0.4181326,0.4069931,0.4021284,0.30160016,0.42435998
0.43978348,0.42678145,0.4368534,0.3465855,0.4163492
0.4473613,0.43894547,0.44378746,0.36868444,0.45981508
0.4405954,0.4292309,0.44566768,0.3890469,0.42186385
0.43193504,0.426066,0.43377024,0.4147935,0.4193352
0.4270636,0.41790813,0.43019783,0.41773325,0.374694
0.43058187,0.43559703,0.4379847,0.4346245,0.39843106
0.45439783,0.50277215,0.45090902,0.4325903,0.46481705
0.48849797,0.49464616,0.47906056,0.43045467,0.5103372
0.49418133,0.48773393,0.4951405,0.4088471,0.50492954
0.45818675,0.48039302,0.46757597,0.39210388,0.45341742
0.42354533,0.41878882,0.4135505,0.37710673,0.43540013
0.3686062,0.37796226,0.3708635,0.37193352,0.4085847
0.30311233,0.30283788,0.29903108,0.38006526,0.3219976
0.2414073,0.24891582,0.2441375,0.37309107,0.25896978
0.20433018,0.2000097,0.19945487,0.36123994,0.20180069
0.17266576,0.18689927,0.18473655,0.35879344,0.15675476
0.16238159,0.16030371,0.15742315,0.3501799,0.13088195
0.16265224,0.1634239,0.16724803,0.34034234,0.15751703
0.17564276,0.17640245,0.1840624,0.34127545,0.16312176
0.20811908,0.20652425,0.22038858,0.34028506,0.17335333
0.26874155,0.26212028,0.2756701,0.33828396,0.21161263
0.34316644,0.3310096,0.34093046,0.33830187,0.2816345
0.41380244,0.40535933,0.39649728,0.33057427,0.3388983
0.4519621,0.4534706,0.4537151,0.33262318,0.39603648
0.46901217,0.46034515,0.46952277,0.36053532,0.38428238
0.47577807,0.46755776,0.47408533,0.3798822,0.41387734
0.46278754,0.4616482,0.47414708,0.38229257,0.40210783
0.4451962,0.44392553,0.45103863,0.3948474,0.41186863
0.4308525,0.42792687,0.43605852,0.40021646,0.35931152
0.43626523,0.43613946,0.43584052,0.42261738,0.38632327
0.47171855,0.511044,0.47279418,0.41987306,0.44864208
0.51258457,0.51648116,0.51298463,0.41941732,0.48542738
0.4909337,0.50821185,0.5146266,0.41089058,0.49600285
0.4443843,0.4586756,0.4537518,0.40441686,0.44558972
0.40568337,0.39780375,0.41784847,0.39508528,0.41570795
0.33829498,0.35271028,0.3559204,0.38797152,0.39065665
0.2654939,0.27075532,0.26218423,0.38108796,0.29663682
0.21596752,0.21444502,0.20185946,0.36803788,0.22143917
0.18673883,0.1860607,0.17950246,0.3661089,0.18206792
0.17212449,0.1778323,0.16687979,0.34789777,0.16850133
0.16562922,0.1711438,0.16780569,0.33146304,0.18016502
0.17131259,0.17346916,0.17401765,0.32007253,0.16532892
0.20351827,0.19815138,0.19870834,0.32538748,0.18118581
0.28525034,0.28197238,0.2638466,0.33545005,0.2527669
0.40324762,0.410908,0.3857929,0.32749915,0.3826443
0.44330177,0.46121117,0.48836207,0.32592696,0.44560286
0.44763193,0.4513575,0.4572127,0.33069068,0.48381346
0.44790256,0.44739828,0.45615384,0.3776393,0.4933095
0.4473613,0.44518736,0.4482708,0.4094268,0.5021221
0.44411367,0.43450114,0.44183594,0.4558761,0.517815
0.42598104,0.42008772,0.4364891,0.4615957,0.49910992
0.42381597,0.41002846,0.41134873,0.46373063,0.4874354
0.42083898,0.40928948,0.42864782,0.45913118,0.46858287
0.4392422,0.41730675,0.43950576,0.4526648,0.4707173
0.48660353,0.50906885,0.4863963,0.437563,0.53337294
0.5599459,0.53566515,0.5204655,0.4138553,0.56889415
0.5510149,0.57226694,0.5665855,0.38277394,0.5695985
0.51935047,0.51399404,0.50605136,0.37392402,0.5329652
0.47631934,0.4713872,0.4643737,0.33509713,0.49275255
0.39350474,0.40609825,0.39346498,0.3124705,0.4234622
0.31096077,0.30379996,0.3057908,0.31685066,0.33380952
0.2473613,0.2436445,0.25093827,0.28285614,0.25748855
0.20974289,0.21056333,0.2113479,0.30229217,0.1961412
0.19133964,0.19505814,0.19025125,0.25539124,0.18594484
0.18619756,0.18239123,0.18360959,0.2820022,0.19026172
0.18971583,0.18688822,0.19576895,0.28936988,0.18079247
0.2202977,0.21312729,0.2208981,0.33304513,0.19622809
0.2993234,0.29931757,0.3112139,0.3322714,0.27054802
0.41975644,0.42601153,0.41166794,0.33385968,0.39629796
0.46305817,0.46634868,0.4647995,0.31906933,0.4659251
0.47090665,0.46162927,0.4698027,0.2878766,0.5013752
0.46630582,0.46758348,0.48101652,0.335936,0.49750578
0.47225982,0.45998284,0.46336222,0.3424455,0.511523
0.46305817,0.4659765,0.47036475,0.40033704,0.523272
0.4503383,0.44710025,0.4551558,0.43957466,0.5036929
0.4503383,0.44477513,0.44784772,0.45074022,0.5021289
0.44086602,0.44143474,0.45878607,0.4507233,0.47485787
0.44979703,0.44179878,0.45105,0.45182496,0.47713816
0.5023004,0.51709896,0.5048585,0.44060183,0.5437316
0.5480379,0.55124056,0.56248415,0.41561848,0.5735037
0.5355886,0.5448216,0.54278797,0.38950282,0.5740382
0.5106901,0.50085664,0.5128598,0.37823528,0.53735363
0.46711773,0.46853492,0.47224596,0.34910488,0.49768353
0.38511503,0.39938292,0.38727254,0.30672216,0.43891355
0.29878214,0.29459828,0.29753628,0.2886846,0.34200272
0.23491204,0.23064154,0.23400098,0.26263908,0.26530704
0.19675237,0.19472086,0.19772094,0.24360278,0.2041486
0.17537212,0.17907119,0.17686765,0.20783114,0.18894276
0.16562922,0.16413629,0.16594413,0.2069247,0.19334811
0.16725305,0.16876721,0.1708972,0.2139053,0.18233865
0.19431664,0.1908207,0.19652636,0.22593357,0.19777429
0.26143438,0.26821494,0.27643794,0.2613038,0.27221218
0.38863328,0.37937626,0.36531264,0.31312576,0.39801508
0.44303113,0.44732928,0.45331857,0.30872363,0.46627402
0.45142084,0.44591278,0.45188805,0.30891863,0.50478107
0.45060894,0.45013055,0.4589492,0.32009,0.5001217
0.44871446,0.4485455,0.44970787,0.33810997,0.5128815
0.44032475,0.4372643,0.44119477,0.30195022,0.52817935
0.42381597,0.4250471,0.43254274,0.40368962,0.5060419
0.41948578,0.4171441,0.4162458,0.44343805,0.50266635
0.41109607,0.40784267,0.42210445,0.44122446,0.4782499
0.41407308,0.40556365,0.42504498,0.44001794,0.4804033
0.46711773,0.47619697,0.46341857,0.41802436,0.54753864
0.538295,0.51946926,0.5229364,0.38571775,0.57526493
0.532341,0.5478462,0.54704005,0.35260153,0.57519805
0.49905276,0.49732152,0.50347257,0.33590984,0.5393724
0.4495264,0.45221516,0.45590597,0.29064238,0.50117135
0.37023005,0.38157755,0.36764014,0.26922005,0.44225186
0.2811908,0.2844744,0.2830519,0.2586488,0.3450987
0.22435723,0.21172604,0.21340585,0.25214896,0.26567268
0.1864682,0.18879542,0.19046044,0.24848934,0.20775123
0.16075778,0.17036909,0.16520286,0.27239367,0.17960338
0.14939107,0.15066713,0.14745466,0.2794967,0.18845595
0.1526387,0.15188897,0.1522667,0.2764527,0.179369
0.18159676,0.17637917,0.18053952,0.27340737,0.19814436
0.2630582,0.25295308,0.26187375,0.28266582,0.27328566
0.39566982,0.3915076,0.38314563,0.28401753,0.39176905
0.45764548,0.45116058,0.4506796,0.30886036,0.46886832
0.46495265,0.4604284,0.46720755,0.304375,0.49914527
0.4638701,0.45787343,0.46985638,0.3223787,0.49138308
0.46441138,0.45892704,0.46161896,0.3579924,0.5130464
0.46549392,0.4520897,0.45813888,0.36262736,0.5211645
0.45439783,0.45060694,0.46326166,0.39403626,0.49441105
0.46035182,0.43980572,0.4528776,0.4399619,0.5043485
0.45737484,0.449515,0.4747047,0.45986986,0.46349478
0.47171855,0.4569091,0.4727254,0.46898776,0.46604824
0.5209743,0.5388814,0.5257276,0.45377862,0.5330199
0.5610284,0.5638443,0.56734234,0.44541866,0.5610282
0.5488498,0.55881274,0.5523474,0.4362374,0.559823
0.5090663,0.51229143,0.52403134,0.44273466,0.52519596
0.46441138,0.45560184,0.45834914,0.4166183,0.48920834
0.38782138,0.39569622,0.38416183,0.39477617,0.43845809
0.2985115,0.2997327,0.29927272,0.3847683,0.33398098
0.24465494,0.22625795,0.2297446,0.3610846,0.26785704
0.20405954,0.2075854,0.21135928,0.341668,0.19723941
0.18105549,0.18280149,0.18095128,0.3269105,0.18236263
0.17131259,0.16861326,0.17260459,0.30277446,0.1933486
0.17212449,0.17490837,0.18077968,0.30833715,0.17336513
0.194046,0.19213331,0.20757355,0.3082466,0.19473378
0.26332882,0.26397613,0.28284457,0.30685806,0.26522595
0.38105547,0.3803913,0.3704125,0.30550334,0.38668817
0.43897158,0.43738517,0.43859664,0.29925317,0.45582867
0.461705,0.44893262,0.45459813,0.30121207,0.49534917
0.4760487,0.46766317,0.47630388,0.29858273,0.47938764
0.4849797,0.47756967,0.48258024,0.3025723,0.49906135
0.48010826,0.475382,0.48660892,0.32479453,0.5109311
0.4684709,0.46029282,0.4763625,0.3462157,0.48637724
0.46414074,0.45809308,0.46475378,0.36793107,0.49286014
0.4562923,0.44271284,0.4673413,0.37641215,0.45200062
0.4633288,0.4513816,0.47305846,0.38193297,0.45794648
0.52341,0.52514464,0.5139001,0.37061557,0.52265364
0.561299,0.5676245,0.5734339,0.34669363,0.54655707
0.54316646,0.54701865,0.5440632,0.33185458,0.53362435
0.51096076,0.50334764,0.51662076,0.34616154,0.50253254
0.47713125,0.46386304,0.4703618,0.34250337,0.47758913
0.4165088,0.41988203,0.4038192,0.34178424,0.42045525
0.347226,0.3362744,0.33551058,0.32969296,0.32311842
0.2841678,0.279743,0.28749976,0.3280775,0.2633609
0.24086604,0.2372413,0.24291015,0.3243515,0.20076858
0.21786198,0.22102034,0.21912056,0.31839412,0.20347483
0.2067659,0.20933068,0.21105002,0.31883794,0.1816016
0.20460081,0.20819047,0.2126189,0.32341257,0.18524122
0.22002706,0.21991935,0.22963929,0.31238472,0.19208756
0.25439784,0.25875255,0.27973664,0.29919922,0.20698698
0.3098782,0.31706968,0.33833718,0.30129522,0.2647207
0.3677943,0.36890283,0.36603492,0.31155705,0.34674215
0.41596752,0.4215389,0.40790513,0.31413037,0.39293596
0.42787552,0.4470502,0.44594872,0.36427888,0.42435998
0.4232747,0.42564633,0.43186945,0.39427075,0.4163492
0.40947226,0.41614988,0.41507754,0.4294067,0.45981508
0.38592693,0.39301965,0.39667827,0.45741796,0.42186385
0.36968878,0.3704573,0.37019917,0.46390194,0.4193352
0.36752367,0.36345825,0.36133993,0.47654885,0.374694
0.38376185,0.38204685,0.3883177,0.4743408,0.39843106
0.45656294,0.46639678,0.4475764,0.47016805,0.46481705
0.5185386,0.52514225,0.52944404,0.451109,0.5103372
0.49499324,0.51796937,0.52023596,0.40535045,0.50492954
0.45818675,0.4623762,0.4629475,0.40156275,0.45341742
0.4240866,0.42136118,0.42991477,0.40735853,0.43540013
0.37997293,0.37739345,0.36684746,0.40194258,0.4085847
0.30121785,0.31666103,0.31668323,0.39230323,0.3219976
0.24492557,0.24049327,0.23214751,0.3897099,0.25896978
0.20351827,0.20621175,0.2079443,0.39087605,0.20180069
0.17780785,0.18322071,0.17983176,0.3773969,0.15675476
0.16373478,0.16626656,0.16439854,0.37240344,0.13088195
0.16156968,0.16419512,0.16133662,0.36756402,0.15751703
0.16644114,0.17349097,0.17611162,0.35824686,0.16312176
0.18755074,0.18998882,0.20059417,0.3467711,0.17335333
0.22976996,0.22853157,0.2575502,0.35602152,0.21161263
0.28876862,0.28692892,0.29907915,0.3575105,0.2816345
0.34912044,0.35363916,0.33644718,0.36682874,0.3388983
0.3797023,0.3864871,0.37803355,0.37338218,0.39603648
0.3864682,0.38982365,0.38840425,0.38201427,0.38428238
0.38971582,0.38502702,0.3813058,0.3960166,0.41387734
0.3745602,0.38553384,0.38457352,0.43211764,0.40210783
0.35886332,0.36039242,0.3649828,0.43725288,0.41186863
0.3564276,0.35014436,0.35771883,0.44562578,0.35931152
0.37483084,0.372362,0.38404953,0.43995035,0.38632327
0.4495264,0.46091154,0.4439956,0.42836016,0.44864208
0.5217862,0.51525676,0.5263779,0.41231716,0.48542738
0.5017591,0.5202629,0.5228625,0.34831828,0.49600285
0.46711773,0.462274,0.46014303,0.30698627,0.44558972
0.41840324,0.42416638,0.43758988,0.26635554,0.41570795
0.34397835,0.3531991,0.3555075,0.24618782,0.39065665
0.27117726,0.2705931,0.26338172,0.24264532,0.29663682
0.2202977,0.21713528,0.21123014,0.2771384,0.22143917
0.18700947,0.1873739,0.18357755,0.29335868,0.18206792
0.16860622,0.17363459,0.16471954,0.25985295,0.16850133
0.16211095,0.16467577,0.15935537,0.28593087,0.18016502
0.16535859,0.16742405,0.16772299,0.2961066,0.16532892
0.19458728,0.18841839,0.19107138,0.33856696,0.18118581
0.27767253,0.27025363,0.26015568,0.3323082,0.2527669
0.40405953,0.40280426,0.37669617,0.3355592,0.3826443
0.45466846,0.4641431,0.47557116,0.32270828,0.44560286
0.46359947,0.4616427,0.465983,0.33100158,0.48381346
0.4633288,0.4611809,0.46972406,0.38476455,0.4933095
0.4638701,0.45975885,0.46090752,0.39055857,0.5021221
0.45520973,0.4531245,0.45750278,0.42521346,0.517815
0.44086602,0.43187064,0.44442406,0.4539104,0.49910992
0.4343708,0.42827135,0.43551826,0.46564037,0.4874354
0.42543977,0.41943488,0.44248787,0.46099585,0.46858287
0.42787552,0.4201359,0.44295853,0.465141,0.4707173
0.48822734,0.49229833,0.48416132,0.4537642,0.53337294
0.5518268,0.54541636,0.5504073,0.42865068,0.56889415
0.5404601,0.55761683,0.54997885,0.38193077,0.5695985
0.50717187,0.5044923,0.51519823,0.34345508,0.5329652
0.46711773,0.46015614,0.46250033,0.28277227,0.49275255
0.39458728,0.3977011,0.39014733,0.2552396,0.4234622
0.3150203,0.30814353,0.31113628,0.24667469,0.33380952
0.25006765,0.2466962,0.25226432,0.25935012,0.25748855
0.21190798,0.2118989,0.21041183,0.26199263,0.1961412
0.18782137,0.19534817,0.19201179,0.29115728,0.18594484
0.17483085,0.174353,0.17735113,0.28690928,0.19026172
0.18132612,0.1722418,0.17858732,0.2616226,0.18079247
0.20568335,0.20666775,0.21476361,0.2883495,0.19622809
0.26711774,0.28289315,0.2839185,0.27812004,0.27054802
0.36211097,0.38423768,0.37741825,0.2763068,0.39629796
0.41948578,0.40666848,0.41220364,0.28935185,0.4659251
0.4435724,0.43720007,0.4406822,0.2976906,0.5013752
0.44303113,0.44975308,0.4582966,0.30571967,0.49750578
0.44384304,0.43873617,0.4404449,0.36389652,0.511523
0.4316644,0.43636844,0.43725076,0.40691096,0.523272
0.42273343,0.41801733,0.41949812,0.43815637,0.5036929
0.4156969,0.42320964,0.41815943,0.4610021,0.5021289
0.41380244,0.40415937,0.4148362,0.45974106,0.47485787
0.42138025,0.42029223,0.42969757,0.45357585,0.47713816
0.479567,0.48625138,0.4752587,0.4479574,0.5437316
0.5480379,0.5340475,0.5432806,0.41104114,0.5735037
0.5307172,0.5525821,0.5493479,0.36201823,0.5740382
0.49580514,0.48986194,0.4933249,0.34088525,0.53735363
0.4503383,0.4498485,0.45871422,0.28038698,0.49768353
0.37239513,0.38503638,0.3752202,0.24599755,0.43891355
0.28200272,0.28540918,0.28654748,0.2374966,0.34200272
0.22002706,0.21237054,0.21218039,0.22311808,0.26530704
0.18457375,0.18144506,0.18217684,0.23176552,0.2041486
0.16156968,0.16743392,0.16366991,0.24032217,0.18894276
0.15020297,0.14936277,0.14909752,0.24445167,0.19334811
0.1518268,0.15197718,0.15348959,0.24546888,0.18233865
0.17889039,0.173599,0.17853893,0.25000304,0.19777429
0.2541272,0.2498334,0.25771138,0.25867224,0.27221218
0.37347767,0.3752884,0.36457214,0.2788122,0.39801508
0.43058187,0.4309275,0.4350477,0.297567,0.46627402
0.44113666,0.43835717,0.444593,0.30157715,0.50478107
0.4481732,0.44124505,0.44774765,0.3086835,0.5001217
0.45520973,0.44879207,0.4502549,0.3099673,0.5128815
0.4549391,0.4475712,0.45223764,0.32086104,0.52817935
0.45060894,0.44269288,0.4527809,0.35108316,0.5060419
0.4473613,0.44612634,0.45242265,0.3659696,0.50266635
0.4384303,0.43269846,0.45329943,0.40229374,0.4782499
0.45548037,0.4345828,0.45330203,0.41680318,0.4804033
0.50554806,0.5243141,0.52063596,0.41326356,0.54753864
0.5458728,0.5473623,0.5535949,0.35915416,0.57526493
0.5285521,0.53949237,0.5381214,0.31140283,0.57519805
0.49797022,0.49000618,0.5053039,0.26693755,0.5393724
0.46414074,0.45165414,0.45774955,0.23454693,0.50117135
0.38592693,0.39907262,0.3893032,0.2367211,0.44225186
0.30392423,0.2951566,0.29456702,0.22792393,0.3450987
0.24303113,0.23434964,0.23935746,0.21091215,0.26567268
0.20568335,0.2033832,0.2060807,0.20446248,0.20775123
0.19079837,0.18897587,0.18613543,0.187835,0.17960338
0.18592693,0.18350661,0.18757124,0.23381123,0.18845595
0.19431664,0.188694,0.19777422,0.25475243,0.179369
0.22192152,0.2197487,0.23345655,0.27898863,0.19814436
0.30392423,0.2965342,0.3028186,0.25650093,0.27328566
0.4270636,0.43628496,0.41035706,0.29190794,0.39176905
0.4660352,0.4758212,0.4817102,0.314267,0.46886832
0.46982408,0.46382025,0.4697315,0.36813432,0.49914527
0.46738836,0.466237,0.47743955,0.41826636,0.49138308
0.46441138,0.4637504,0.46587363,0.43637753,0.5130464
0.45683357,0.45195252,0.4583343,0.41948104,0.5211645
0.44384304,0.43923157,0.45161644,0.42183542,0.49441105
0.44492558,0.4314504,0.4383871,0.42787695,0.5043485
0.44627875,0.43285236,0.45147103,0.4516526,0.46349478
0.45981055,0.44933563,0.4689929,0.46583837,0.46604824
0.52990526,0.52772224,0.50939184,0.47257632,0.5330199
0.5818674,0.5844406,0.5832038,0.45297462,0.5610282
0.5718539,0.58139396,0.5700173,0.44232637,0.559823
0.5445196,0.53704786,0.5439004,0.42433548,0.52519596
0.5033829,0.49371067,0.49339342,0.4132209,0.48920834
0.42949933,0.4314728,0.41853923,0.4079876,0.43845809
0.34424898,0.33919382,0.34348688,0.390446,0.33398098
0.28362653,0.2719442,0.27898735,0.3685555,0.26785704
0.24600811,0.24187297,0.25004622,0.33924723,0.19723941
0.22246279,0.2254641,0.2297858,0.2995013,0.18236263
0.21136671,0.21041533,0.21473631,0.29888803,0.1933486
0.21082544,0.21432585,0.21858245,0.31237876,0.17336513
0.23924223,0.23028341,0.23929624,0.3123926,0.19473378
0.31447902,0.31235155,0.32618642,0.29511106,0.26522595
0.43870094,0.43539956,0.4251874,0.30923367,0.38668817
0.49526387,0.48988673,0.48983523,0.3146224,0.45582867
0.50554806,0.495912,0.50320154,0.31785005,0.49534917
0.5001353,0.5025967,0.5118595,0.30913067,0.47938764
0.49499324,0.49117437,0.49522224,0.38379958,0.49906135
0.48930988,0.47971302,0.48667204,0.40624052,0.5109311
0.48389715,0.47190338,0.48573416,0.4263615,0.48637724
0.4760487,0.4796909,0.4880677,0.4399181,0.49286014
0.4700947,0.45495954,0.47760698,0.46465003,0.45200062
0.47821382,0.46987328,0.48608318,0.4564736,0.45794648
0.5399188,0.5441356,0.5355401,0.46630126,0.52265364
0.5870095,0.59075916,0.5991586,0.4432621,0.54655707
0.56914747,0.5799763,0.5796672,0.4070226,0.53362435
0.5377537,0.5310968,0.54384726,0.381521,0.50253254
0.5066306,0.49096265,0.50109154,0.36351848,0.47758913
0.44925576,0.4517959,0.4391251,0.36831874,0.42045525
0.37834913,0.37069246,0.3721649,0.35721123,0.32311842
0.3188092,0.31062415,0.31770608,0.35816544,0.2633609
0.2730717,0.27261817,0.28186262,0.32395166,0.20076858
0.24627875,0.25209373,0.25036582,0.32495278,0.20347483
0.23518267,0.23708928,0.23776355,0.3255172,0.1816016
0.22814615,0.23776004,0.2428704,0.3158545,0.18524122
0.24303113,0.24163792,0.2510827,0.29993653,0.19208756
0.2790257,0.28078815,0.304856,0.34139332,0.20698698
0.33125845,0.34176004,0.3677147,0.3411913,0.2647207
0.38782138,0.38648823,0.3824718,0.34560144,0.34674215
0.4384303,0.44143113,0.424634,0.3401053,0.39293596
0.45304465,0.46668586,0.46728367,0.43438017,0.42435998
0.45602164,0.4487927,0.45702246,0.44232875,0.4163492
0.44925576,0.4516261,0.45361876,0.46193743,0.45981508
0.4292287,0.43312618,0.44178897,0.4954968,0.42186385
0.41407308,0.41617116,0.41431022,0.5145959,0.4193352
0.41542625,0.40596262,0.40787473,0.5283569,0.374694
0.43707713,0.43083915,0.4409094,0.5242052,0.39843106
0.5120433,0.5210452,0.5023414,0.52113444,0.46481705
0.56346416,0.5779337,0.5831201,0.49459493,0.5103372
0.5480379,0.553703,0.55538976,0.4597966,0.50492954
0.5166441,0.5183716,0.5190084,0.4198444,0.45341742
0.4887686,0.47691223,0.48542032,0.39367366,0.43540013
0.43301758,0.4411758,0.43665457,0.3787821,0.4085847
0.36806494,0.36343357,0.36144584,0.37190843,0.3219976
0.3142084,0.3123494,0.3094152,0.3635834,0.25896978
0.27388364,0.2724495,0.27633685,0.3549252,0.20180069
0.25277403,0.2531067,0.2513772,0.34749925,0.15675476
0.24113667,0.23981503,0.24568318,0.35169876,0.13088195
0.24032477,0.24131751,0.24325913,0.34665745,0.15751703
0.24952638,0.2494382,0.25988862,0.3569607,0.16312176
0.27604872,0.2802808,0.2890469,0.36679566,0.17335333
0.31339648,0.3238861,0.34065044,0.35124606,0.21161263
0.36941814,0.3600337,0.3714974,0.36493164,0.2816345
0.4338295,0.42701158,0.41577503,0.36479408,0.3388983
0.4700947,0.4690781,0.46569926,0.4033245,0.39603648
0.47415426,0.47650686,0.48278642,0.42845422,0.38428238
0.4700947,0.46823207,0.46788758,0.461371,0.41387734
0.46062246,0.45714802,0.4612758,0.49032742,0.40210783
0.44871446,0.44981262,0.45630264,0.5138915,0.41186863
0.4473613,0.43844366,0.45056456,0.5303192,0.35931152
0.46874154,0.46370563,0.47426975,0.53180176,0.38632327
0.5404601,0.55123794,0.53693914,0.52772933,0.44864208
0.57699597,0.6005708,0.60765636,0.5114932,0.48542738
0.5491204,0.556967,0.5638556,0.4890375,0.49600285
0.51799726,0.51280326,0.5199797,0.46458364,0.44558972
0.47090665,0.47480425,0.49320242,0.4302482,0.41570795
0.39188093,0.40300518,0.41114086,0.39490497,0.39065665
0.31610283,0.31077355,0.31474316,0.3757773,0.29663682
0.26116374,0.25795713,0.2569391,0.34831607,0.22143917
0.22192152,0.2254509,0.22253557,0.33328736,0.18206792
0.20351827,0.20240286,0.19559357,0.3203972,0.16850133
0.19675237,0.19580406,0.19260587,0.30749983,0.18016502
0.20054127,0.20170954,0.19950499,0.32213646,0.16532892
0.23247632,0.22306213,0.22274144,0.32579052,0.18118581
0.31447902,0.31006494,0.29329652,0.33429936,0.2527669
0.44573748,0.4417567,0.41350722,0.35295814,0.3826443
0.50257105,0.5070432,0.53480875,0.34858394,0.44560286
0.5171854,0.5067385,0.51831985,0.37784803,0.48381346
0.53315294,0.5168859,0.5249649,0.3628439,0.4933095
0.5512855,0.5354228,0.53816026,0.3691752,0.5021221
0.5534506,0.5429474,0.5565513,0.3662682,0.517815
0.5491204,0.5258012,0.5524246,0.36426395,0.49910992
0.5445196,0.5358921,0.54783237,0.3574884,0.4874354
0.5404601,0.5252919,0.5500485,0.3752244,0.46858287
0.5488498,0.5385754,0.5643091,0.39358652,0.4707173
0.58836263,0.61151516,0.59493387,0.4041864,0.53337294
0.6105548,0.62676716,0.61523664,0.4017318,0.56889415
0.5889039,0.60036546,0.59601414,0.4066385,0.5695985
0.54830855,0.5557012,0.5688444,0.40665996,0.5329652
0.50554806,0.49715748,0.50204355,0.41135275,0.49275255
0.4240866,0.43994346,0.4311515,0.40577555,0.4234622
0.34262517,0.33686393,0.33709052,0.41736847,0.33380952
0.27280107,0.27670655,0.2790796,0.41782033,0.25748855
0.23058186,0.23206142,0.22900543,0.41079605,0.1961412
0.21705006,0.21559817,0.20818569,0.4161148,0.18594484
0.20514208,0.21077365,0.21401073,0.41075283,0.19026172
0.21299052,0.20248908,0.21184613,0.40571278,0.18079247
0.24573748,0.23989883,0.25287402,0.37635052,0.19622809
0.32503384,0.32880718,0.3299814,0.3425002,0.27054802
0.45737484,0.45573816,0.43492588,0.3480041,0.39629796
0.49797022,0.512075,0.5302702,0.3735093,0.4659251
0.49905276,0.49587885,0.5029704,0.35658914,0.5013752
0.5031123,0.4965947,0.50907755,0.36686444,0.49750578
0.50419486,0.5031866,0.5101562,0.37212986,0.511523
0.49607578,0.4952924,0.5033594,0.34508976,0.523272
0.48985115,0.47778285,0.4900393,0.35788244,0.5036929
0.49066305,0.48535392,0.4847349,0.3440342,0.5021289
0.49228686,0.4775763,0.49589205,0.36073244,0.47485787
0.5150203,0.49874595,0.5177559,0.35640103,0.47713816
0.58755076,0.58889246,0.5680139,0.35432512,0.5437316
0.6516915,0.64195275,0.6272797,0.32885757,0.5735037
0.6433018,0.64607745,0.6368638,0.32126474,0.5740382
0.6124492,0.6080749,0.6014996,0.32402796,0.53735363
0.5797023,0.556426,0.5563793,0.32209283,0.49768353
0.5087957,0.51033777,0.49685943,0.32193488,0.43891355
0.42002708,0.41209367,0.4190624,0.34136978,0.34200272
0.35615698,0.343827,0.3480637,0.35986605,0.26530704
0.3217862,0.31018326,0.32136235,0.37372464,0.2041486
0.3014885,0.30152538,0.31159452,0.37982795,0.18894276
0.29418132,0.28992414,0.29926115,0.3982618,0.19334811
0.29715833,0.29847017,0.3084723,0.41266423,0.18233865
0.32530448,0.31664965,0.3329233,0.3993935,0.19777429
0.4037889,0.39906865,0.40519387,0.39587808,0.27221218
0.5339648,0.53446543,0.51863354,0.39944074,0.39801508
0.57483083,0.57992584,0.5846533,0.41465068,0.46627402
0.56589985,0.56054467,0.569674,0.4361524,0.50478107
0.5496617,0.554201,0.56441593,0.4606489,0.5001217
0.54154265,0.5409334,0.5404657,0.50737625,0.5128815
0.529364,0.52891153,0.5327198,0.5169684,0.52817935
0.51799726,0.5087149,0.5250815,0.52659154,0.5060419
0.5142084,0.51508164,0.5199798,0.5311666,0.50266635
0.5074425,0.50328845,0.5187753,0.5331957,0.4782499
0.52530444,0.5084635,0.5238993,0.5241678,0.4804033
0.59810555,0.6008078,0.59700567,0.5144106,0.54753864
0.6473613,0.66048396,0.6687803,0.48053706,0.57526493
0.6405954,0.6438992,0.6417507,0.44239467,0.57519805
0.62219214,0.61189926,0.6203666,0.42573875,0.5393724
0.58619756,0.57534707,0.5904192,0.4043101,0.50117135
0.5074425,0.51578647,0.51658374,0.39794713,0.44225186
0.41840324,0.41235408,0.42088318,0.38677478,0.3450987
0.3518268,0.34494272,0.35205847,0.40249813,0.26567268
0.3044655,0.3057299,0.31423143,0.39549375,0.20775123
0.27929634,0.2790224,0.27943513,0.3893065,0.17960338
0.27090663,0.26689938,0.26851726,0.39561278,0.18845595
0.27496618,0.27522075,0.2785381,0.39639503,0.179369
0.30500677,0.29585412,0.3034488,0.39841324,0.19814436
0.38322058,0.3781183,0.37858653,0.38853645,0.27328566
0.51096076,0.51051736,0.49719426,0.3964972,0.39176905
0.5583221,0.55522454,0.56822366,0.3864609,0.46886832
0.5526387,0.5507994,0.55210316,0.3948,0.49914527
0.54181325,0.54118675,0.5476668,0.4086129,0.49138308
0.52801085,0.53438425,0.5339347,0.4532072,0.5130464
0.5201624,0.5099642,0.51393247,0.48202938,0.5211645
0.5133965,0.5011295,0.5153272,0.52011245,0.49441105
0.5104195,0.5063391,0.51400006,0.52325904,0.5043485
0.50960755,0.49881002,0.51326334,0.5090892,0.46349478
0.5261164,0.51463807,0.53184146,0.50424594,0.46604824
0.58782136,0.59729713,0.5890962,0.49347425,0.5330199
0.6313938,0.64137256,0.64625776,0.46921843,0.5610282
0.62354535,0.62876576,0.63091946,0.41414285,0.559823
0.59972936,0.59415185,0.6056781,0.39311305,0.52519596
0.5677943,0.54907566,0.5632676,0.3680868,0.48920834
0.49986467,0.49784622,0.50032926,0.35252553,0.43845809
0.41515562,0.40761736,0.41768342,0.35230064,0.33398098
0.35507444,0.34099102,0.34734747,0.34715188,0.26785704
0.31231394,0.31033155,0.31933042,0.3546962,0.19723941
0.29066306,0.28600428,0.29257688,0.34365368,0.18236263
0.28281462,0.27658078,0.28665197,0.34959787,0.1933486
0.2866035,0.28681284,0.2946625,0.3530981,0.17336513
0.31718537,0.3077761,0.3192653,0.3371806,0.19473378
0.39756426,0.3913945,0.39407197,0.34332946,0.26522595
0.5225981,0.5249313,0.5077378,0.3354621,0.38668817
0.56941813,0.56632173,0.5783775,0.3399282,0.45582867
0.56725305,0.55992615,0.5640553,0.34542042,0.49534917
0.56887686,0.5553422,0.56316847,0.36832678,0.47938764
0.5661705,0.5617531,0.5685625,0.39888918,0.49906135
0.5599459,0.5477393,0.5612291,0.41735065,0.5109311
0.5437077,0.5392445,0.5568758,0.4684956,0.48637724
0.5399188,0.5346439,0.5363029,0.48214948,0.49286014
0.5369418,0.52163327,0.544413,0.49595475,0.45200062
0.55047363,0.5359374,0.5554303,0.50632644,0.45794648
0.614885,0.6174456,0.6016376,0.50325847,0.52265364
0.6443843,0.66456616,0.66864157,0.47911143,0.54655707
0.6230041,0.62780845,0.63230014,0.43355715,0.53362435
0.59675235,0.5889833,0.60430723,0.41800445,0.50253254
0.57266575,0.5504515,0.56493783,0.4123993,0.47758913
0.5155616,0.5175699,0.5136531,0.40828463,0.42045525
0.4451962,0.4331056,0.440846,0.39913416,0.32311842
0.38294992,0.37651086,0.386437,0.3921929,0.2633609
0.33748308,0.33349165,0.3450365,0.3903445,0.20076858
0.31231394,0.31524745,0.31688225,0.37817523,0.20347483
0.29986468,0.30365855,0.30702305,0.3396681,0.1816016
0.2993234,0.30110994,0.3086722,0.38391072,0.18524122
0.3104195,0.3131366,0.32867622,0.36966386,0.19208756
0.3437077,0.34731236,0.36516416,0.35836872,0.20698698
0.3983762,0.40546712,0.42551965,0.35965106,0.2647207
0.45737484,0.44876298,0.4506908,0.3734923,0.34674215
0.511502,0.5042894,0.49646112,0.39465517,0.39293596
0.5404601,0.5386404,0.5466652,0.44185203,0.42435998
0.5377537,0.54005766,0.55293083,0.47173244,0.4163492
0.5225981,0.52345496,0.52814525,0.5104342,0.45981508
0.5074425,0.5021042,0.5082658,0.53175646,0.42186385
0.485521,0.4964964,0.49968535,0.5353081,0.4193352
0.4714479,0.47058237,0.476118,0.5439909,0.374694
0.47740188,0.4768037,0.48560622,0.55968577,0.39843106
0.5404601,0.55271167,0.52974284,0.54194295,0.46481705
0.5686062,0.60243404,0.60386044,0.513324,0.5103372
0.5407307,0.5521275,0.5584645,0.48468828,0.50492954
0.5033829,0.51169896,0.5219513,0.46479785,0.45341742
0.46738836,0.4658775,0.48323175,0.44844657,0.43540013
0.41542625,0.42151532,0.42177716,0.4282633,0.4085847
0.34695536,0.3509684,0.3543074,0.4093725,0.3219976
0.28795668,0.29098442,0.28725147,0.38122118,0.25896978
0.2435724,0.24811736,0.24641897,0.36338216,0.20180069
0.2135318,0.22107878,0.21598002,0.3453064,0.15675476
0.2,0.19589585,0.19587456,0.3111695,0.13088195
0.19485791,0.20125613,0.19608858,0.3096128,0.15751703
0.20351827,0.20493418,0.20314959,0.29181826,0.16312176
0.22679296,0.2299943,0.23199779,0.30993298,0.17335333
0.26928282,0.27193037,0.27926287,0.31831628,0.21161263
0.32341,0.32300073,0.33550453,0.33781135,0.2816345
0.38457376,0.3847629,0.37611306,0.36592108,0.3388983
0.41244927,0.42287466,0.4239527,0.38754326,0.39603648
0.4156969,0.41835487,0.41910744,0.44036025,0.38428238
0.40811908,0.40868735,0.40844834,0.4173354,0.41387734
0.40270635,0.39456576,0.39616814,0.42796654,0.40210783
0.38673884,0.39209464,0.39635888,0.42380363,0.41186863
0.38024357,0.37391585,0.38234928,0.39975804,0.35931152
0.40135318,0.39114314,0.40803108,0.39572972,0.38632327
0.4917456,0.48495868,0.46851265,0.3794592,0.44864208
0.54316646,0.5623863,0.563282,0.3309231,0.48542738
0.5223275,0.5284256,0.5258818,0.2958163,0.49600285
0.48335588,0.48765054,0.49157768,0.27559388,0.44558972
0.43951285,0.43946633,0.44853696,0.2868774,0.41570795
0.36373478,0.37253645,0.38341755,0.28513414,0.39065665
0.29120433,0.28375646,0.2850505,0.28207612,0.29663682
0.2384303,0.23307186,0.23181497,0.28157848,0.22143917
0.20189445,0.20170176,0.20045327,0.26560932,0.18206792
0.18700947,0.18435502,0.17748041,0.2571369,0.16850133
0.17916103,0.18076044,0.17986868,0.2461859,0.18016502
0.18457375,0.18207198,0.18146029,0.28947186,0.16532892
0.21136671,0.20764026,0.2091699,0.27991456,0.18118581
0.28985116,0.2865187,0.26985878,0.2975893,0.2527669
0.41948578,0.41445255,0.3880247,0.30970395,0.3826443
0.4909337,0.4814917,0.49714777,0.32474732,0.44560286
0.5104195,0.49668053,0.5107083,0.35859728,0.48381346
0.5209743,0.50856847,0.5158104,0.3199835,0.4933095
0.52503383,0.5180588,0.52252716,0.37456745,0.5021221
0.51285523,0.51047266,0.52079815,0.41296667,0.517815
0.49797022,0.487999,0.5022931,0.44094568,0.49910992
0.4895805,0.48877427,0.49323493,0.46075362,0.4874354
0.47848445,0.4722785,0.4976533,0.45930737,0.46858287
0.48470905,0.46879688,0.4978486,0.44811606,0.4707173
0.5361299,0.5466664,0.5407857,0.43844903,0.53337294
0.56373477,0.57883173,0.5767436,0.39409387,0.56889415
0.54830855,0.5495361,0.5522334,0.3652168,0.5695985
0.5188092,0.51795316,0.53566617,0.3377959,0.5329652
0.4728011,0.48074493,0.48079404,0.31236735,0.49275255
0.39675236,0.4046904,0.3953774,0.29765302,0.4234622
0.31718537,0.30943456,0.31408566,0.29027265,0.33380952
0.2443843,0.25385058,0.25476044,0.28174332,0.25748855
0.19458728,0.20329306,0.19924523,0.26345038,0.1961412
0.16887686,0.17850769,0.16709249,0.24742822,0.18594484
0.15426251,0.15579322,0.15488458,0.23371536,0.19026172
0.15534507,0.15301725,0.15439498,0.2523748,0.18079247
0.18024357,0.18176445,0.18219507,0.25244227,0.19622809
0.25223276,0.2513999,0.255548,0.25837767,0.27054802
0.37428957,0.37774152,0.3748973,0.27744794,0.39629796
0.42868742,0.43399397,0.4447702,0.2597043,0.4659251
0.4392422,0.44270197,0.44195184,0.23995706,0.5013752
0.44573748,0.44314697,0.45267674,0.23993601,0.49750578
0.4465494,0.4448412,0.44985747,0.29019538,0.511523
0.44384304,0.436533,0.44037306,0.26967025,0.523272
0.4376184,0.43750647,0.43846115,0.29002026,0.5036929
0.42787552,0.43774572,0.433603,0.30214697,0.5021289
0.4232747,0.41282374,0.42270947,0.3096257,0.47485787
0.43328822,0.42797545,0.4397313,0.30426866,0.47713816
0.50040597,0.49854073,0.48143223,0.3069656,0.5437316
0.55723953,0.5532311,0.5515315,0.27378386,0.5735037
0.5526387,0.5535517,0.5450102,0.23949382,0.5740382
0.52530444,0.5183798,0.52595747,0.2570193,0.53735363
0.48687416,0.4768209,0.48348057,0.21065864,0.49768353
0.4127199,0.41808218,0.4097556,0.24713255,0.43891355
0.329364,0.31961027,0.3218732,0.24986273,0.34200272
0.26495263,0.25662357,0.2577279,0.2631021,0.26530704
0.2202977,0.22148725,0.22406186,0.28300613,0.2041486
0.19756427,0.199276,0.19816297,0.3245487,0.18894276
0.18700947,0.1874631,0.18971281,0.3155657,0.19334811
0.202977,0.18982977,0.1926227,0.377352,0.18233865
0.22760487,0.23214746,0.24302585,0.3620173,0.19777429
0.29418132,0.30182144,0.30003065,0.32297677,0.27221218
0.39458728,0.41520378,0.4055113,0.34619233,0.39801508
0.4633288,0.44176736,0.44328803,0.347588,0.46627402
0.5017591,0.47732922,0.48626482,0.35413787,0.50478107
0.52476317,0.5109444,0.5196066,0.3824374,0.5001217
0.5512855,0.5305506,0.5343104,0.40102875,0.5128815
0.5686062,0.5458783,0.56245565,0.4061553,0.52817935
0.5715832,0.5493156,0.5781151,0.42896044,0.5060419
0.57780784,0.55756295,0.5777128,0.4031122,0.50266635
0.5753721,0.562164,0.59200376,0.4304403,0.4782499
0.56725305,0.5747343,0.58974457,0.43980402,0.4804033
0.5991881,0.62216604,0.5964681,0.42949677,0.54753864
0.5921516,0.63279635,0.6377703,0.43143874,0.57526493
0.55723953,0.5711377,0.5662387,0.41277778,0.57519805
0.49364007,0.5267503,0.5415313,0.41728765,0.5393724
0.4343708,0.4381212,0.44789857,0.39058834,0.50117135
0.35453317,0.38572145,0.36255383,0.39409983,0.44225186
0.2857916,0.28512555,0.2707601,0.38517427,0.3450987
0.21326116,0.23536661,0.22883947,0.37574083,0.26567268
0.17023005,0.17619225,0.16647534,0.3680858,0.20775123
0.1496617,0.15589902,0.14969504,0.37806952,0.17960338
0.13640054,0.1504767,0.14721508,0.37628698,0.18845595
0.13071719,0.14519736,0.14985019,0.39908123,0.179369
0.13694182,0.14676252,0.16293085,0.3984468,0.19814436
0.16373478,0.19074175,0.19369699,0.3837108,0.27328566
0.20541272,0.24081823,0.23182265,0.38462552,0.39176905
0.25385657,0.25383854,0.25992388,0.38079894,0.46886832
0.31366712,0.31302515,0.29929906,0.37745303,0.49914527
0.3623816,0.3570762,0.35808855,0.40765646,0.49138308
0.3916103,0.38939986,0.3954051,0.43191648,0.5130464
0.41082543,0.3908274,0.4028293,0.4535821,0.5211645
0.39269283,0.3987559,0.4092417,0.46259207,0.49441105
0.35886332,0.36470708,0.36883777,0.4416961,0.5043485
0.33802435,0.32946512,0.34371984,0.45827633,0.46349478
0.32801083,0.32860857,0.3655118,0.45805943,0.46604824
0.36129904,0.37733302,0.3741272,0.4276048,0.5330199
0.3759134,0.40202412,0.4004753,0.41734862,0.5610282
0.3753721,0.37723154,0.3619647,0.39080292,0.559823
0.37320703,0.36903965,0.3715753,0.38765514,0.52519596
0.36562923,0.34952685,0.36346617,0.38493598,0.48920834
0.33585927,0.33358788,0.3312772,0.3779048,0.43845809
0.29201624,0.27845934,0.28646877,0.38128477,0.33398098
0.25358593,0.23606348,0.24310447,0.3751113,0.26785704
0.22598106,0.21611905,0.22405028,0.3577496,0.19723941
0.20947225,0.20164913,0.21114808,0.37725842,0.18236263
0.20514208,0.18980902,0.20500691,0.36338106,0.1933486
0.20866035,0.20162588,0.21149604,0.36559087,0.17336513
0.22625169,0.21864614,0.22464181,0.36861157,0.19473378
0.26332882,0.28389326,0.25664166,0.36561358,0.26522595
0.3255751,0.34438366,0.31158066,0.37001207,0.38668817
0.36941814,0.36381248,0.39495662,0.3701921,0.45582867
0.4156969,0.40186492,0.41433248,0.35577512,0.49534917
0.44979703,0.438831,0.45439297,0.37210846,0.47938764
0.45223275,0.4557178,0.46267104,0.3897609,0.49906135
0.45656294,0.43414614,0.4441052,0.42134815,0.5109311
0.45142084,0.43598598,0.45074627,0.44570106,0.48637724
0.4503383,0.4391329,0.44071516,0.46011257,0.49286014
0.43410012,0.42542258,0.45421466,0.5001408,0.45200062
0.4533153,0.42336616,0.43022397,0.49773604,0.45794648
0.52665764,0.5232419,0.48967507,0.48376286,0.52265364
0.56400543,0.57900673,0.5772003,0.47066742,0.54655707
0.5529093,0.553532,0.55256253,0.44473714,0.53362435
0.5393775,0.52239287,0.52314085,0.42988372,0.50253254
0.5117727,0.49986884,0.5059468,0.41587994,0.47758913
0.46414074,0.45583966,0.45668852,0.40002084,0.42045525
0.40216509,0.3871269,0.40420806,0.3858269,0.32311842
0.34343708,0.33284056,0.34925723,0.36320272,0.2633609
0.2947226,0.29201663,0.3058048,0.35928917,0.20076858
0.2722598,0.26997498,0.2689322,0.34129137,0.20347483
0.26143438,0.26028407,0.26575628,0.33851957,0.1816016
0.26062247,0.25950345,0.2660333,0.34971112,0.18524122
0.2714479,0.27046517,0.28237668,0.36032224,0.19208756
0.30257103,0.3037863,0.3200171,0.35646403,0.20698698
0.35426253,0.3581608,0.38604194,0.3607524,0.2647207
0.4143437,0.4101009,0.42314082,0.3672909,0.34674215
0.47063598,0.4720567,0.4609163,0.37786466,0.39293596
0.49228686,0.5039506,0.50230944,0.45839435,0.42435998
0.49282816,0.49043635,0.49989665,0.47061867,0.4163492
0.48254398,0.48502818,0.48986,0.53267026,0.45981508
0.467659,0.46470243,0.472522,0.51366127,0.42186385
0.45845738,0.45655406,0.45769003,0.52348495,0.4193352
0.45385656,0.45003045,0.45343408,0.53535736,0.374694
0.47253045,0.46434134,0.46555936,0.54048073,0.39843106
0.5542625,0.5546563,0.52857614,0.54037344,0.46481705
0.594046,0.6237396,0.62945795,0.5318989,0.5103372
0.58322054,0.57787335,0.5808494,0.5174444,0.50492954
0.5564276,0.55834055,0.5658833,0.50670993,0.45341742
0.5304465,0.5171552,0.52965075,0.49162573,0.43540013
0.4752368,0.4803315,0.4868906,0.47182357,0.4085847
0.4075778,0.40241984,0.40611255,0.45836073,0.3219976
0.34235454,0.34768003,0.34587848,0.4364642,0.25896978
0.2925575,0.2935367,0.29635912,0.4336093,0.20180069
0.26251692,0.2662541,0.26466316,0.44632643,0.15675476
0.24167794,0.24348453,0.24786484,0.42903578,0.13088195
0.23112313,0.2365492,0.2342981,0.427306,0.15751703
0.2346414,0.23640391,0.23801948,0.4140392,0.16312176
0.25520974,0.26142108,0.26485345,0.3980788,0.17335333
0.2841678,0.2995261,0.31801283,0.38688418,0.21161263
0.3377537,0.3319581,0.35092705,0.38650757,0.2816345
0.4075778,0.40165538,0.3955407,0.4140747,0.3388983
0.45548037,0.45275363,0.4484504,0.40130717,0.39603648
0.47198918,0.4704982,0.47640508,0.42270315,0.38428238
0.4744249,0.47291836,0.47444242,0.4506899,0.41387734
0.46224627,0.4621853,0.47082904,0.4747455,0.40210783
0.44763193,0.44879386,0.45411816,0.48684108,0.41186863
0.44167796,0.43707415,0.44349638,0.45856738,0.35931152
0.46414074,0.45565802,0.46166193,0.4521383,0.38632327
0.5428958,0.54636663,0.5346814,0.42895103,0.44864208
0.56941813,0.6041297,0.62262845,0.39711273,0.48542738
0.54993236,0.54223746,0.55596095,0.35746872,0.49600285
0.51285523,0.5189183,0.5352586,0.32235888,0.44558972
0.46657646,0.46483642,0.48723263,0.30633092,0.41570795
0.388092,0.39733657,0.41843092,0.28969485,0.39065665
0.30933693,0.30546063,0.31080076,0.28736353,0.29663682
0.24682003,0.24826777,0.24293357,0.3192329,0.22143917
0.20811908,0.20601767,0.1990919,0.33898795,0.18206792
0.18782137,0.18803868,0.1797738,0.3324841,0.24519043
0.18159676,0.1822592,0.1734043,0.34011135,0.23444898
0.18159676,0.18455723,0.1834345,0.34674823,0.23750629
0.20974289,0.20303187,0.19970407,0.33572012,0.2541017
0.28470907,0.28005752,0.26299483,0.34829855,0.31688255
0.41163734,0.40850964,0.3735476,0.3473934,0.44094822
0.46738836,0.48378113,0.50718206,0.35225296,0.5059328
0.4752368,0.47723544,0.49035287,0.34928852,0.5152569
0.47550744,0.47766402,0.4827792,0.34952766,0.54684365
0.48930988,0.4748629,0.4732488,0.389171,0.5594865
0.48092017,0.48939207,0.49153408,0.40212446,0.5609729
0.473613,0.46209678,0.47223473,0.42895466,0.5538547
0.47469553,0.4653326,0.46995822,0.42679018,0.5310742
0.47171855,0.4653546,0.48466447,0.40815663,0.5161194
0.48146144,0.47228885,0.49874952,0.4022209,0.54586107
0.55507445,0.56028605,0.5412856,0.38288635,0.6175447
0.6108254,0.59738946,0.6068337,0.34112638,0.6872575
0.60866034,0.60753983,0.60174304,0.30446213,0.66807675
0.5813261,0.5814251,0.58283484,0.26862648,0.6436937
0.5464141,0.5331453,0.5308396,0.28813496,0.58802176
0.473613,0.4753129,0.4644233,0.26780254,0.5176115
0.39133966,0.37281772,0.38176507,0.25973698,0.41355252
0.32476318,0.3130398,0.32139826,0.26472092,0.3448274
0.28389716,0.2774457,0.283941,0.25753504,0.2755314
0.26359946,0.26235133,0.26573464,0.28323472,0.25590605
0.25764546,0.25176784,0.25946283,0.27638304,0.24008642
0.26441136,0.25772682,0.26851094,0.29825848,0.24967773
0.2917456,0.28511176,0.30031818,0.30282193,0.26842302
0.37780786,0.3646071,0.36898464,0.31826484,0.32661596
0.5120433,0.5139035,0.5018272,0.32452887,0.45344162
0.55886334,0.56923366,0.5637749,0.35141647,0.5228039
0.5594046,0.54725116,0.55575275,0.36872596,0.5310011
0.55507445,0.5534281,0.56347936,0.38799834,0.5518608
0.55047363,0.54815054,0.55475974,0.4287694,0.571967
0.5374831,0.54259914,0.5423646,0.46164912,0.5637245
0.53125846,0.52493584,0.52992094,0.49203956,0.55785084
0.5399188,0.53084576,0.5355094,0.52195626,0.5387195
0.53856564,0.53750956,0.55334294,0.52558607,0.5173141
0.55913395,0.54600894,0.5514356,0.52700007,0.5490116
0.637889,0.6487756,0.6209629,0.5293586,0.6259549
0.6790257,0.6844771,0.6968852,0.5243621,0.6832163
0.6690122,0.66705,0.6605856,0.504462,0.67073965
0.6384303,0.64700866,0.64599097,0.50716585,0.64417225
0.5962111,0.5913408,0.59485114,0.4991172,0.58932245
0.5169147,0.52895963,0.5196353,0.49395245,0.51949966
0.4181326,0.4157126,0.42773688,0.4920581,0.42080125
0.3458728,0.3404344,0.34249568,0.48804468,0.3499474
0.3060893,0.2980734,0.30446082,0.48481172,0.2811791
0.27713126,0.2857667,0.287575,0.48874623,0.2585286
0.25953993,0.26263878,0.2648751,0.48049098,0.24228097
0.2571042,0.2618461,0.26171142,0.47615105,0.24964263
0.28200272,0.27708885,0.28427944,0.47048533,0.2687331
0.3504736,0.3536945,0.36346847,0.47238898,0.326265
0.46143436,0.47163168,0.4667062,0.46570587,0.45592493
0.52476317,0.517027,0.51847136,0.4509588,0.52404165
0.5420839,0.52938676,0.5417136,0.44993728,0.5332958
0.5393775,0.54561996,0.5510733,0.45427936,0.55407596
0.544249,0.53438336,0.535337,0.45653147,0.5743234
0.54560214,0.5396309,0.54478216,0.464705,0.56893694
0.53802437,0.5324934,0.5514589,0.4675247,0.5603411
0.5328823,0.5318956,0.53906816,0.46742147,0.5406625
0.5236806,0.5212941,0.5335343,0.4729802,0.5191692
0.5374831,0.5236077,0.54319453,0.4717136,0.5508897
0.5972936,0.6198224,0.6068071,0.45530272,0.63005996
0.62895805,0.635981,0.65467787,0.44466943,0.6861331
0.61840326,0.6163059,0.6215955,0.42745936,0.67207265
0.5840325,0.59344673,0.6022829,0.42756313,0.6465252
0.5437077,0.53695226,0.54813284,0.42009634,0.59136647
0.4668471,0.4787145,0.47634596,0.43146056,0.5214386
0.3780785,0.3680228,0.37719053,0.42592603,0.4225545
0.3090663,0.30061242,0.3068618,0.40516782,0.35045707
0.2684709,0.25992614,0.26601425,0.39491212,0.28216645
0.24194857,0.24410728,0.24498942,0.36712855,0.24573399
0.23626523,0.22781852,0.22842215,0.37320292,0.24120028
0.24113667,0.23979118,0.24417675,0.38727653,0.24886073
0.27090663,0.26284567,0.27054533,0.38199496,0.27035263
0.35101488,0.34097975,0.3395791,0.39175767,0.33391643
0.49201623,0.48459968,0.46185133,0.37092987,0.45019925
0.5361299,0.5542488,0.5753244,0.3694268,0.52823603
0.5345061,0.52430695,0.5301569,0.3298085,0.53233874
0.5326116,0.52974916,0.5355343,0.37080514,0.54968053
0.53640056,0.5266495,0.5340753,0.38084608,0.5648813
0.5288227,0.5280309,0.537409,0.37913257,0.5516157
0.5142084,0.51087403,0.523756,0.362051,0.55213946
0.51231396,0.5007533,0.5060368,0.35372925,0.5426027
0.5136671,0.50295925,0.517855,0.34759283,0.51327956
0.53667116,0.5202122,0.5407244,0.35760987,0.5424888
0.6092016,0.62159675,0.59657097,0.3467064,0.6168458
0.6571042,0.65083873,0.65632445,0.31572205,0.66723526
0.6519621,0.6533522,0.6460474,0.29831696,0.6616267
0.62895805,0.6298636,0.62437284,0.29553914,0.63659316
0.5953992,0.58354276,0.58177567,0.2829451,0.5850416
0.5242219,0.5299964,0.5155187,0.3393712,0.5100088
0.44221923,0.42641318,0.43400684,0.33661902,0.4188543
0.37483084,0.3693929,0.37407497,0.34869558,0.34711796
0.33125845,0.32609013,0.33561283,0.3966096,0.28252098
0.30771312,0.30635804,0.3131306,0.35400987,0.2475666
0.29824087,0.2941846,0.3046244,0.38010073,0.22261499
0.3036536,0.30543777,0.31006613,0.41452688,0.23286559
0.3328823,0.32549733,0.33970526,0.40954328,0.25790852
0.41380244,0.40665063,0.41147763,0.44020927,0.321665
0.5464141,0.5443667,0.5327547,0.44378817,0.44025767
0.5962111,0.6012877,0.60018533,0.4531387,0.5227747
0.59296346,0.5836712,0.5924294,0.45785618,0.52367127
0.5813261,0.5849428,0.5923932,0.4989481,0.5276716
0.5696888,0.5668106,0.57488674,0.52208745,0.5599381
0.5529093,0.5529916,0.55789685,0.54071254,0.5435635
0.5377537,0.53263944,0.5435677,0.54342514,0.5278628
0.5355886,0.5319849,0.53603816,0.5615955,0.53616196
0.535318,0.52114475,0.5422442,0.5605846,0.48758233
0.55047363,0.5386574,0.55644876,0.5662127,0.52708983
0.61921513,0.6321413,0.61042506,0.5603195,0.5971885
0.63924223,0.65694404,0.6817303,0.5413935,0.65386283
0.6159675,0.6155531,0.6268146,0.52743065,0.6273461
0.5867388,0.58453935,0.60692674,0.5111609,0.6091037
0.55534506,0.5471809,0.55844176,0.48124266,0.5584814
0.49824086,0.5004866,0.49488258,0.47195876,0.49088407
0.4202977,0.41331926,0.42575443,0.43734848,0.392572
0.34235454,0.34504324,0.35531378,0.41001827,0.33774164
0.28768605,0.2859333,0.2937757,0.4072209,0.2715218
0.2571042,0.26245192,0.25879723,0.37641436,0.25677907
0.23897158,0.24556336,0.24319507,0.35571736,0.2268625
0.23058186,0.23999867,0.23856942,0.35547823,0.23830874
0.23653586,0.24117348,0.24743842,0.35748273,0.2491825
0.26576453,0.26688245,0.28560048,0.3547062,0.24304782
0.31935048,0.3255314,0.35562643,0.37826,0.33838725
0.38294992,0.3844856,0.3774151,0.38631058,0.42095986
0.44790256,0.43711224,0.4263623,0.40375388,0.46038043
0.4947226,0.48699412,0.48669305,0.41833985,0.50357556
0.5139378,0.50718725,0.5169087,0.43099374,0.5004579
0.51474965,0.51723397,0.5175412,0.43935585,0.5304874
0.5069012,0.50030196,0.5106181,0.43988037,0.5141878
0.4925575,0.49435154,0.5039678,0.426403,0.4880435
0.485521,0.48302588,0.491586,0.4336807,0.4722799
0.49499324,0.49585065,0.50809634,0.44377494,0.48211014
0.56075776,0.5793776,0.54586303,0.4417957,0.5662196
0.58836263,0.60559964,0.6169896,0.43414736,0.62744874
0.5599459,0.5724275,0.56649363,0.43601155,0.6210058
0.5201624,0.52810234,0.5307221,0.4201392,0.583327
0.4836265,0.4862738,0.49366352,0.41912133,0.5412254
0.42625168,0.43965092,0.43779588,0.42224908,0.4731989
0.3610284,0.3534507,0.35577303,0.42810214,0.40669796
0.29824087,0.30313736,0.29837048,0.4189226,0.3324077
0.25087956,0.25191635,0.2521731,0.4160952,0.26095167
0.22462788,0.2255691,0.22305512,0.40974915,0.22636516
0.21515562,0.21288669,0.21224955,0.40947095,0.21377085
0.21569689,0.21726212,0.21672241,0.3914099,0.22803138
0.22868742,0.22868937,0.23221079,0.37833804,0.23350547
0.25304466,0.2627103,0.2650161,0.35848266,0.2397707
0.2993234,0.3071979,0.30477628,0.35841727,0.3042218
0.35967523,0.3665099,0.36311775,0.34656402,0.3710122
0.43220568,0.4231716,0.4145317,0.33351815,0.42795923
0.47469553,0.47764438,0.47991538,0.3129351,0.48677647
0.47794315,0.48927805,0.4939338,0.32045054,0.45853978
0.46874154,0.47635713,0.47125506,0.32627392,0.48434246
0.4562923,0.45888802,0.45686007,0.32991514,0.5059336
0.45953992,0.4417616,0.44645688,0.34826303,0.4771152
0.46820027,0.4576774,0.47088337,0.3603202,0.44536087
0.49688768,0.48573473,0.5030488,0.36289334,0.47808456
0.6043302,0.5917346,0.5654576,0.35027546,0.5445037
0.6741543,0.66819406,0.67383224,0.33595783,0.60979015
0.66441137,0.6688652,0.64678645,0.35437262,0.61123246
0.6384303,0.6388535,0.62120116,0.35849965,0.5680378
0.6008119,0.59405833,0.59391,0.37458634,0.52335054
0.5225981,0.53716826,0.52891976,0.40173253,0.47346175
0.44709066,0.43300185,0.43005538,0.43090725,0.3771208
0.38619757,0.38238513,0.37860414,0.44208944,0.32369822
0.33991882,0.3410125,0.34249946,0.45199728,0.25179452
0.32286873,0.31461605,0.31374702,0.47330457,0.24519043
0.31907985,0.31655046,0.31937927,0.4958707,0.23444898
0.32611638,0.32848707,0.3269749,0.49357265,0.23750629
0.35778078,0.3465238,0.35247746,0.5128697,0.2541017
0.4316644,0.43229744,0.42227575,0.5098744,0.31688255
0.56752366,0.56083804,0.5342724,0.5303049,0.44094822
0.62192154,0.62784714,0.6543591,0.5320437,0.5059328
0.62354535,0.61718524,0.62646055,0.5367837,0.5152569
0.61867386,0.6165794,0.6216431,0.5335122,0.54684365
0.6143437,0.61150724,0.61260796,0.5569344,0.5594865
0.6073072,0.601011,0.60665363,0.5649273,0.5609729
0.59648174,0.5876443,0.6070975,0.5762653,0.5538547
0.59458727,0.5888124,0.6052202,0.58190364,0.5310742
0.5953992,0.58528244,0.6059617,0.6059227,0.5161194
0.6189445,0.6029501,0.6173415,0.61032516,0.54586107
0.69228685,0.70269847,0.6908777,0.6070037,0.6175447
0.73342353,0.73677427,0.7485775,0.58606696,0.6872575
0.72124493,0.72201324,0.721511,0.57051677,0.66807675
0.68985116,0.6942209,0.7043725,0.5521143,0.6436937
0.64546686,0.6356731,0.65749013,0.5280833,0.58802176
0.56075776,0.57090986,0.57691485,0.51131785,0.5176115
0.46116373,0.45610958,0.47391838,0.49343586,0.41355252
0.3780785,0.3796587,0.38655972,0.4783405,0.3448274
0.329364,0.32261023,0.32797074,0.45797116,0.2755314
0.3074425,0.30737564,0.3043137,0.44575405,0.25590605
0.29066306,0.29372808,0.29803687,0.42458022,0.24008642
0.2866035,0.28646055,0.29052395,0.4058407,0.24967773
0.31069013,0.3049027,0.30888978,0.40030497,0.26842302
0.38322058,0.38233146,0.3773543,0.40415555,0.32661596
0.49959403,0.5088184,0.49951658,0.41344145,0.45344162
0.5580514,0.5539236,0.5695389,0.4110334,0.5228039
0.5699594,0.5600312,0.5698199,0.42777264,0.5310011
0.5799729,0.5679481,0.5759224,0.45905584,0.5518608
0.5889039,0.58015084,0.58563304,0.46108246,0.571967
0.5921516,0.58232033,0.59331465,0.47883946,0.5637245
0.5837618,0.5784144,0.5968293,0.4705513,0.55785084
0.58294994,0.5740136,0.5817732,0.46984792,0.5387195
0.582138,0.57181644,0.58951753,0.4681304,0.5173141
0.6054127,0.58807427,0.60850954,0.46770394,0.5490116
0.6652233,0.6856774,0.67059577,0.45692307,0.6259549
0.6909337,0.69339603,0.710869,0.44176877,0.6832163
0.66278756,0.66744405,0.6769015,0.43281347,0.67073965
0.6175913,0.62714916,0.63853043,0.4165653,0.64417225
0.5545331,0.5653329,0.5811601,0.40998298,0.58932245
0.46278754,0.48109964,0.47424307,0.39589372,0.51949966
0.3669824,0.36388865,0.36663133,0.38941932,0.42080125
0.3001353,0.2943098,0.29084176,0.38475883,0.3499474
0.25358593,0.25565845,0.25694087,0.3849885,0.2811791
0.22733423,0.23217091,0.2247289,0.38151234,0.2585286
0.21894452,0.21830541,0.21097085,0.3749042,0.24228097
0.21677943,0.22497666,0.22322695,0.3777206,0.24964263
0.24248984,0.23844042,0.24242085,0.37602055,0.2687331
0.31772667,0.31305745,0.3154415,0.3792054,0.326265
0.43653587,0.44588193,0.42498598,0.38209325,0.45592493
0.5014885,0.49862,0.5118745,0.39288375,0.52404165
0.51231396,0.5085687,0.5258993,0.40156868,0.5332958
0.52313936,0.5137959,0.51907027,0.39635837,0.55407596
0.5345061,0.5283316,0.53108096,0.39836246,0.5743234
0.5428958,0.53028977,0.5412171,0.3860573,0.56893694
0.541272,0.52985454,0.5490594,0.38301492,0.5603411
0.54343706,0.5332334,0.5422943,0.38595274,0.5406625
0.53667116,0.5319103,0.5562443,0.378806,0.5191692
0.5496617,0.53501534,0.5670583,0.37877098,0.5508897
0.6037889,0.6245574,0.6085981,0.3783943,0.63005996
0.63572395,0.63182276,0.64036286,0.36794493,0.6861331
0.6194858,0.62127256,0.6203801,0.3693012,0.67207265
0.58240867,0.5900389,0.5938792,0.3743281,0.6465252
0.53477675,0.53455245,0.535019,0.3775658,0.59136647
0.4495264,0.46920994,0.45395675,0.37581605,0.5214386
0.3564276,0.35292527,0.3558141,0.37464184,0.4225545
0.28173208,0.28267384,0.28467453,0.36663187,0.35045707
0.23220569,0.23388219,0.2357697,0.3719355,0.28216645
0.202977,0.20973831,0.20489556,0.37646973,0.24573399
0.19594046,0.19362247,0.18752609,0.3706975,0.24120028
0.20162381,0.20044136,0.1992255,0.37745285,0.24886073
0.22733423,0.22719538,0.230253,0.3715122,0.27035263
0.30121785,0.29350448,0.29666162,0.37116554,0.33391643
0.4292287,0.42866188,0.41341573,0.38151756,0.45019925
0.48903924,0.49415168,0.5079229,0.38832587,0.52823603
0.49607578,0.4935049,0.5047019,0.38024062,0.53233874
0.49580514,0.49683425,0.5054174,0.38061577,0.54968053
0.5044655,0.49491277,0.49959755,0.37905893,0.5648813
0.50581867,0.5013594,0.5109954,0.3896563,0.5516157
0.5031123,0.49267825,0.51007015,0.38996914,0.55213946
0.5014885,0.49329743,0.5053063,0.3978408,0.5426027
0.5017591,0.4899796,0.5050264,0.39052862,0.51327956
0.5209743,0.50666904,0.5280942,0.38608187,0.5424888
0.58836263,0.5998687,0.582096,0.3867249,0.6168458
0.63058186,0.62452996,0.63624763,0.3690114,0.66723526
0.62138027,0.62169826,0.61579084,0.35746986,0.6616267
0.59512854,0.5936998,0.5971879,0.36230794,0.63659316
0.55886334,0.5465628,0.55135757,0.3596986,0.5850416
0.48173207,0.49005786,0.47567895,0.36274272,0.5100088
0.38673884,0.3791095,0.38450813,0.35459676,0.4188543
0.3142084,0.3057694,0.30801803,0.3534124,0.34711796
0.26576453,0.26266488,0.2701001,0.3570664,0.28252098
0.24005413,0.23882273,0.24251592,0.3533038,0.2475666
0.22760487,0.22453874,0.23184581,0.3461138,0.22261499
0.22652233,0.23116034,0.23187779,0.3435834,0.23286559
0.2549391,0.24538797,0.25175554,0.35019094,0.25790852
0.329364,0.3259539,0.33173597,0.35491395,0.321665
0.45845738,0.45299616,0.44734198,0.36407065,0.44025767
0.5150203,0.5235179,0.5254929,0.38056982,0.5227747
0.5239513,0.5149421,0.5221135,0.38101596,0.52367127
0.5274696,0.5247759,0.53304803,0.39114845,0.5276716
0.5274696,0.52397966,0.532353,0.40264842,0.5599381
0.52503383,0.51883346,0.5257145,0.42610133,0.5435635
0.51258457,0.51128304,0.5267167,0.4485172,0.5278628
0.508525,0.5040974,0.5120484,0.4776302,0.53616196
0.5090663,0.49328247,0.5124434,0.4701956,0.48758233
0.52638704,0.5133152,0.53193426,0.47252148,0.52708983
0.591069,0.60685205,0.5886695,0.45724458,0.5971885
0.6240866,0.62271535,0.6485856,0.43909073,0.65386283
0.60622466,0.6048234,0.61419374,0.4259767,0.6273461
0.5837618,0.5729952,0.5905225,0.42089796,0.6091037
0.544249,0.5435245,0.5542942,0.40384394,0.5584814
0.4879567,0.48248407,0.4667243,0.40458536,0.49088407
0.41461435,0.40117562,0.406169,0.39494503,0.392572
0.34506088,0.33816224,0.34706545,0.38302785,0.33774164
0.2857916,0.290609,0.29975432,0.3791076,0.2715218
0.25277403,0.25702125,0.25592434,0.36866546,0.25677907
0.24221921,0.2403653,0.24057914,0.37934798,0.2268625
0.23924223,0.24641773,0.24822466,0.36749274,0.23830874
0.2503383,0.25218806,0.26312852,0.37977394,0.2491825
0.28092015,0.28651258,0.30475837,0.38207847,0.24304782
0.34018946,0.3448194,0.36875015,0.36184955,0.33838725
0.4051421,0.41012442,0.4016768,0.3873624,0.42095986
0.47036535,0.46010402,0.44678503,0.3773952,0.46038043
0.49959403,0.50777054,0.51009035,0.39293593,0.50357556
0.50392425,0.50328803,0.51199543,0.39410472,0.5004579
0.49499324,0.503881,0.50147116,0.41164702,0.5304874
0.47929636,0.47987935,0.48631614,0.43240434,0.5141878
0.46576455,0.46595004,0.4711632,0.45727623,0.4880435
0.45520973,0.45977664,0.46345633,0.46057755,0.4722799
0.473613,0.46404588,0.47052905,0.4740833,0.48211014
0.55047363,0.56680393,0.53834337,0.46101385,0.5662196
0.5872801,0.60305274,0.6207055,0.45022988,0.62744874
0.56752366,0.5762562,0.57260084,0.43722022,0.6210058
0.53315294,0.539348,0.54764694,0.42965817,0.583327
0.50392425,0.50066787,0.5054372,0.39747944,0.5412254
0.45087957,0.4607618,0.45724964,0.39350504,0.4731989
0.38592693,0.37880984,0.3777698,0.38711828,0.40669796
0.31935048,0.32697824,0.32056952,0.3784281,0.3324077
0.2663058,0.2702986,0.26925036,0.37965786,0.26095167
0.23707713,0.2385149,0.23615377,0.38209572,0.22636516
0.22354533,0.22472006,0.2248833,0.37509716,0.21377085
0.21921515,0.22453812,0.22199355,0.4036392,0.22803138
0.22489852,0.22994822,0.23132022,0.3944651,0.23350547
0.24952638,0.25362948,0.25706288,0.3964925,0.2397707
0.2968877,0.30155018,0.31242824,0.3910842,0.3042218
0.35453317,0.36357898,0.37022793,0.3949778,0.3710122
0.4189445,0.4157104,0.4063623,0.39756078,0.42795923
0.45520973,0.45950553,0.45646775,0.39634052,0.48677647
0.45737484,0.46566233,0.46884343,0.41220525,0.45853978
0.4481732,0.45669353,0.4502507,0.43510538,0.48434246
0.44005412,0.43987998,0.4365225,0.46351188,0.5059336
0.4284168,0.42966375,0.43502486,0.47727078,0.4771152
0.42598104,0.4209694,0.4267036,0.4854161,0.44536087
0.44709066,0.44157943,0.45143944,0.4823041,0.47808456
0.5393775,0.5451158,0.51764435,0.47105646,0.5445037
0.6037889,0.5999795,0.62034196,0.45019007,0.60979015
0.5864682,0.6000833,0.5948056,0.4241141,0.61123246
0.55318,0.5531031,0.5521604,0.41136107,0.5680378
0.5136671,0.5114895,0.52419615,0.38359296,0.52335054
0.4384303,0.4506829,0.45558828,0.37080967,0.47346175
0.35453317,0.35120377,0.35375977,0.3628925,0.3771208
0.28741542,0.28864098,0.28115013,0.34815198,0.32369822
0.24330176,0.24205694,0.23886552,0.35578507,0.25179452
0.22381596,0.2219066,0.21524139,0.35909945,0.24519043
0.21677943,0.21954843,0.2126032,0.36043257,0.23444898
0.22165088,0.2202453,0.21749072,0.36632597,0.23750629
0.25466847,0.24378008,0.24314074,0.3476649,0.2541017
0.3391069,0.32779285,0.31982446,0.34246933,0.31688255
0.4752368,0.47006485,0.44843,0.3444593,0.44094822
0.53125846,0.54162323,0.55772567,0.3473388,0.5059328
0.5301759,0.530598,0.54119414,0.33622086,0.5152569
0.5255751,0.5237069,0.5301052,0.348845,0.54684365
0.5239513,0.51993,0.52024174,0.39983904,0.5594865
0.51610285,0.5151743,0.51621956,0.42521822,0.5609729
0.50635993,0.4973285,0.5110354,0.45500356,0.5538547
0.5017591,0.49703416,0.5078697,0.47718245,0.5310742
0.4930988,0.49161986,0.50863504,0.49656487,0.5161194
0.5087957,0.49364838,0.5109585,0.49353838,0.54586107
0.58998644,0.59641373,0.5824704,0.49197346,0.6175447
0.65304464,0.64141977,0.6549877,0.46841204,0.6872575
0.6487145,0.65381503,0.6421762,0.42438352,0.66807675
0.6211096,0.6211538,0.6243652,0.41402185,0.6436937
0.5802436,0.5709262,0.57791406,0.38432205,0.58802176
0.4955345,0.5080722,0.49730235,0.3636257,0.5176115
0.3983762,0.39231727,0.39776456,0.35398775,0.41355252
0.32584575,0.31771868,0.3219881,0.35679984,0.3448274
0.27956697,0.27797312,0.28340748,0.35825026,0.2755314
0.2525034,0.25805867,0.25744304,0.38147014,0.25590605
0.24032477,0.23839548,0.24133888,0.3788115,0.24008642
0.2405954,0.23760489,0.24528928,0.38271195,0.24967773
0.27009472,0.26154283,0.26900795,0.3845917,0.26842302
0.34830853,0.34394816,0.35239723,0.37906283,0.32661596
0.4787551,0.4778386,0.47395515,0.3881374,0.45344162
0.541272,0.538965,0.5338631,0.38284433,0.5228039
0.5423545,0.5382968,0.54661787,0.37611508,0.5310011
0.5404601,0.5342312,0.54422796,0.3948834,0.5518608
0.541272,0.53555965,0.539467,0.41527236,0.571967
0.54018945,0.53527015,0.5371161,0.43804467,0.5637245
0.5301759,0.5289952,0.54120046,0.45881075,0.55785084
0.5301759,0.5233758,0.52989626,0.48455405,0.5387195
0.52313936,0.5235634,0.5356865,0.50031686,0.5173141
0.53883624,0.5298174,0.5398406,0.5002931,0.5490116
0.61001354,0.6265068,0.6093903,0.50396925,0.6259549
0.6470907,0.65340453,0.6757581,0.4897182,0.6832163
0.63410014,0.63194084,0.6336875,0.4615339,0.67073965
0.60324764,0.6073991,0.6163169,0.4543764,0.64417225
0.5615697,0.5570642,0.56587803,0.42985177,0.58932245
0.47929636,0.49236414,0.4840312,0.41695887,0.51949966
0.38105547,0.37626,0.38374317,0.40480894,0.42080125
0.3023004,0.30237135,0.3034457,0.40188295,0.3499474
0.24790257,0.2523816,0.25400215,0.4014815,0.2811791
0.22002706,0.22354591,0.21736795,0.39724088,0.2585286
0.20622464,0.21051314,0.20510514,0.40176475,0.24228097
0.2067659,0.21010625,0.2064312,0.3981161,0.24964263
0.2346414,0.23052159,0.23287176,0.39641565,0.2687331
0.31393775,0.30725232,0.31306762,0.39083558,0.326265
0.44167796,0.44400874,0.43778813,0.4011566,0.45592493
0.5098782,0.5064651,0.5066868,0.39442563,0.52404165
0.52286875,0.5125928,0.5240907,0.3884309,0.5332958
0.5288227,0.52227753,0.5308766,0.40470433,0.55407596
0.535318,0.5292512,0.5328017,0.40334624,0.5743234
0.5304465,0.5283207,0.5372216,0.40655494,0.56893694
0.51907986,0.5130664,0.5287559,0.4093063,0.5603411
0.5133965,0.5089843,0.51634264,0.42563158,0.5406625
0.50040597,0.5010758,0.51566845,0.42987186,0.5191692
0.5104195,0.49748066,0.51554406,0.43097967,0.5508897
0.582138,0.5905185,0.5731722,0.4267046,0.63005996
0.6265223,0.623871,0.63993835,0.41397053,0.6861331
0.6181326,0.61851573,0.61233974,0.4033721,0.67207265
0.59296346,0.5915831,0.60012853,0.39536554,0.6465252
0.5534506,0.54803145,0.5586206,0.36842275,0.59136647
0.47469553,0.4838905,0.47368675,0.3679499,0.5214386
0.38430312,0.3715883,0.37612116,0.3707254,0.4225545
0.3014885,0.30427352,0.3069992,0.35791498,0.35045707
0.2414073,0.24586013,0.24898078,0.3587607,0.28216645
0.21569689,0.21203944,0.21002288,0.3588864,0.24573399
0.20433018,0.2067914,0.20412157,0.34776682,0.24120028
0.20487145,0.20591235,0.20600474,0.35260975,0.24886073
0.23599459,0.22812468,0.22968397,0.33578473,0.27035263
0.31853858,0.30820093,0.3113889,0.35259646,0.33391643
0.4503383,0.4546086,0.44621062,0.34098673,0.45019925
0.5139378,0.51378137,0.51924485,0.34430742,0.52823603
0.52503383,0.5144093,0.5234265,0.3456478,0.53233874
0.5261164,0.5234465,0.53432477,0.34162736,0.54968053
0.52638704,0.52185833,0.5276803,0.3517115,0.5648813
0.52476317,0.5160722,0.5224897,0.3653449,0.5516157
0.5120433,0.5100261,0.5245288,0.39185798,0.55213946
0.51285523,0.49734184,0.5099123,0.41866815,0.5426027
0.5133965,0.5046601,0.5199648,0.41214776,0.51327956
0.5328823,0.519582,0.53478575,0.41630602,0.5424888
0.60649526,0.6145809,0.59514326,0.39494836,0.6168458
0.6516915,0.6441033,0.661703,0.38245952,0.66723526
0.64546686,0.644645,0.6372867,0.37782094,0.6616267
0.6165088,0.61832833,0.6258471,0.36852914,0.63659316
0.58322054,0.56503236,0.57524157,0.3418718,0.5850416
0.5112314,0.51253116,0.5036094,0.33205658,0.5100088
0.41921514,0.40655413,0.41285998,0.33131045,0.4188543
0.34235454,0.33529773,0.33667463,0.3245129,0.34711796
0.29120433,0.28656152,0.29325128,0.3285575,0.28252098
0.26522326,0.261772,0.26835603,0.32543612,0.2475666
0.2541272,0.24960026,0.25822163,0.33186448,0.22261499
0.25358593,0.25903198,0.2613889,0.32685417,0.23286559
0.2811908,0.27294168,0.28362766,0.32559836,0.25790852
0.3585927,0.3557707,0.36117446,0.3133614,0.321665
0.49120432,0.488018,0.48106605,0.31544203,0.44025767
0.5542625,0.5547947,0.5554808,0.33465213,0.5227747
0.5602165,0.55176604,0.5607471,0.32927182,0.52367127
0.5618403,0.5569856,0.56398225,0.35739315,0.5276716
0.55913395,0.55565894,0.5634599,0.3922423,0.5599381
0.5474966,0.54654825,0.5546585,0.40123993,0.5435635
0.5274696,0.52899504,0.54250836,0.43508285,0.5278628
0.5207037,0.51798147,0.52262866,0.45562983,0.53616196
0.5112314,0.5058541,0.52337337,0.45671397,0.48758233
0.5239513,0.509879,0.5256301,0.45780385,0.52708983
0.5972936,0.60730857,0.58838004,0.44734293,0.5971885
0.6443843,0.63892144,0.66398484,0.42740434,0.65386283
0.6351827,0.6330093,0.637453,0.4122228,0.6273461
0.60703653,0.60693693,0.61811185,0.40495682,0.6091037
0.5786198,0.56377006,0.57612574,0.38275993,0.5584814
0.52151555,0.52156436,0.51089525,0.36911917,0.49088407
0.44763193,0.43186626,0.4368773,0.36372674,0.392572
0.37483084,0.3709839,0.37819457,0.36407983,0.33774164
0.31935048,0.31874081,0.32760176,0.3661649,0.2715218
0.29039243,0.29253104,0.29293132,0.34572572,0.25677907
0.27848443,0.28049597,0.28192487,0.36225033,0.2268625
0.27334234,0.28236204,0.28502417,0.35606536,0.23830874
0.2849797,0.2858328,0.29682574,0.33978388,0.2491825
0.31935048,0.3219512,0.3384161,0.34902823,0.24304782
0.37916103,0.38623342,0.4106492,0.35284376,0.33838725
0.4503383,0.44711939,0.4421044,0.38167986,0.42095986
0.5069012,0.5066386,0.49355978,0.35653383,0.46038043
0.5336942,0.5363202,0.5374692,0.40526453,0.50357556
0.52503383,0.53406966,0.5433844,0.47387183,0.5004579
0.50635993,0.514637,0.51050466,0.49207753,0.5304874
0.48660353,0.48822913,0.48962843,0.51986915,0.5141878
0.47171855,0.47269988,0.4766085,0.53781646,0.4880435
0.46874154,0.4655902,0.46748695,0.5475932,0.4722799
0.4925575,0.481845,0.48838416,0.54130286,0.48211014
0.57483083,0.58840454,0.56068915,0.54299307,0.5662196
0.6189445,0.63258195,0.649476,0.5179921,0.62744874
0.6024357,0.6086291,0.60809386,0.49621254,0.6210058
0.5718539,0.57521796,0.5811769,0.48715556,0.583327
0.5445196,0.53773636,0.5473224,0.46250153,0.5412254
0.49580514,0.49925032,0.49580732,0.45011997,0.4731989
0.42760488,0.42333725,0.42562187,0.43498576,0.40669796
0.3615697,0.36492,0.36036012,0.4242509,0.3324077
0.3104195,0.3109272,0.31392822,0.4250366,0.26095167
0.2782138,0.2826781,0.28231776,0.40640217,0.22636516
0.2654939,0.26140437,0.263848,0.407403,0.21377085
0.25818673,0.26755312,0.26551613,0.39034873,0.22803138
0.2638701,0.26555437,0.2696769,0.39995277,0.23350547
0.2866035,0.29215586,0.29807898,0.40305847,0.2397707
0.3328823,0.3369241,0.35147297,0.4061638,0.3042218
0.39783493,0.3960882,0.40911213,0.4112326,0.3710122
0.46955344,0.45981213,0.450477,0.41447955,0.42795923
0.51285523,0.51095814,0.5067097,0.4199332,0.48677647
0.52530444,0.52464557,0.52615666,0.4285081,0.45853978
0.52476317,0.52587056,0.5226969,0.4302588,0.48434246
0.517456,0.51575655,0.5193834,0.47841007,0.5059336
0.5014885,0.5046088,0.51482075,0.50692934,0.4771152
0.49364007,0.4913732,0.4995048,0.5324985,0.44536087
0.50284165,0.5061954,0.5150181,0.5352749,0.47808456
0.5886333,0.59340435,0.56029296,0.5386675,0.5445037
0.6368065,0.648157,0.6689826,0.5205571,0.60979015
0.62543976,0.62554085,0.6218355,0.49942786,0.61123246
0.597023,0.5992216,0.6007992,0.49476224,0.5680378
0.55507445,0.55472994,0.5719143,0.48418635,0.52335054
0.48443842,0.49120966,0.50217384,0.46946943,0.47346175
0.39539918,0.39876556,0.40601087,0.45701653,0.3771208
0.32746956,0.32439527,0.318233,0.44298398,0.32369822
0.27767253,0.2809489,0.27843365,0.43778902,0.25179452
0.24925575,0.2520003,0.24475747,0.42965388,0.24519043
0.23951286,0.23947895,0.23176724,0.42494863,0.23444898
0.24330176,0.24338204,0.23726389,0.41608912,0.23750629
0.26955345,0.2651777,0.2611549,0.42845368,0.2541017
0.34018946,0.34006178,0.32222918,0.4193377,0.31688255
0.45737484,0.46372586,0.4410122,0.42997634,0.44094822
0.52638704,0.5229973,0.5549565,0.42180347,0.5059328
0.5493911,0.5412224,0.5541452,0.42273486,0.5152569
0.5548038,0.554946,0.5618371,0.42474848,0.54684365
0.5493911,0.5536133,0.5558138,0.42627203,0.5594865
0.5393775,0.5379708,0.54047257,0.44858474,0.5609729
0.52638704,0.5176469,0.53132707,0.44972926,0.5538547
0.51989174,0.5148114,0.5204881,0.46104425,0.5310742
0.5106901,0.5067688,0.5204307,0.48426527,0.5161194
0.5217862,0.5090752,0.5256813,0.48676687,0.54586107
0.59296346,0.60596025,0.5894225,0.48065072,0.6175447
0.6400541,0.64183646,0.65732884,0.46569014,0.6872575
0.63031125,0.63591504,0.63382626,0.44057542,0.66807675
0.60108256,0.6033257,0.61440295,0.4371698,0.6436937
0.561299,0.55366874,0.5685042,0.42660683,0.58802176
0.485521,0.49337527,0.48980898,0.41636795,0.5176115
0.39296347,0.38785356,0.39347756,0.41322857,0.41355252
0.3112314,0.31313264,0.31658238,0.40970504,0.3448274
0.25358593,0.2583714,0.2591779,0.4065944,0.2755314
0.22571042,0.22865474,0.221708,0.3944151,0.25590605
0.21082544,0.21335098,0.21148013,0.40070474,0.24008642
0.21136671,0.2077195,0.2090926,0.39843017,0.24967773
0.2376184,0.23483989,0.23332705,0.4007951,0.26842302
0.30473614,0.30777368,0.30372623,0.40906763,0.32661596
0.4181326,0.42549458,0.42471376,0.41272548,0.45344162
0.49661705,0.48149642,0.4923156,0.42778295,0.5228039
0.52530444,0.51299965,0.5200139,0.41762733,0.5310011
0.5399188,0.5282378,0.5378924,0.43898684,0.5518608
0.5474966,0.5410203,0.5455829,0.4290957,0.571967
0.54154265,0.5398703,0.5471131,0.4339345,0.5637245
0.5290934,0.524884,0.53707117,0.43102598,0.55785084
0.5236806,0.5183439,0.52522403,0.44226283,0.5387195
0.5182679,0.5124356,0.52670306,0.4493937,0.5173141
0.53315294,0.524459,0.5362846,0.4535731,0.5490116
0.5905277,0.6163751,0.59381753,0.44255978,0.6259549
0.6240866,0.62609947,0.64072,0.43664736,0.6832163
0.60784847,0.6102178,0.6115409,0.41952968,0.67073965
0.57591337,0.5811457,0.5893276,0.41116333,0.64417225
0.5369418,0.5327793,0.5468687,0.41057587,0.58932245
0.46738836,0.4718971,0.46599042,0.40208203,0.51949966
0.38186738,0.37067065,0.37548023,0.39233506,0.42080125
0.29878214,0.3053904,0.30455777,0.3890152,0.3499474
0.2338295,0.24459091,0.24402906,0.39208058,0.2811791
0.19945873,0.20482832,0.19907801,0.38944983,0.2585286
0.18322057,0.1882715,0.1820014,0.39866388,0.24228097
0.17618403,0.18602213,0.17979859,0.3925885,0.24964263
0.19133964,0.196428,0.19198224,0.38496965,0.2687331
0.2384303,0.25327528,0.24701893,0.3957231,0.326265
0.32719892,0.34071216,0.34316114,0.38748276,0.45592493
0.4127199,0.39373413,0.41002458,0.38832608,0.52404165
0.46874154,0.45160607,0.45751274,0.37568134,0.5332958
0.5074425,0.48987755,0.4995739,0.3891375,0.55407596
0.52530444,0.5231503,0.5276802,0.38447857,0.5743234
0.52124494,0.520723,0.5302242,0.3817119,0.56893694
0.5020298,0.5025612,0.51543343,0.38312542,0.5603411
0.49012178,0.48581907,0.4917497,0.3880135,0.5406625
0.48227334,0.47470978,0.48946828,0.39568707,0.5191692
0.48470905,0.48213908,0.49959856,0.39110723,0.5508897
0.5188092,0.5580342,0.5318492,0.38655084,0.63005996
0.5104195,0.5501468,0.56316906,0.38428065,0.6861331
0.4625169,0.49037036,0.48631185,0.38466227,0.67207265
0.4181326,0.43037167,0.44980133,0.3705269,0.6465252
0.3991881,0.38588804,0.41474628,0.37594542,0.59136647
0.36292288,0.367835,0.37121856,0.37351668,0.5214386
0.30852503,0.297285,0.30040735,0.37654036,0.4225545
0.25087956,0.24708393,0.24843188,0.37359852,0.35045707
0.19188093,0.20657566,0.20814581,0.36669582,0.28216645
0.15778078,0.16338134,0.16185156,0.3816275,0.24573399
0.13667117,0.14445236,0.14630055,0.37641692,0.24120028
0.12882273,0.13477096,0.133639,0.38349354,0.24886073
0.13558863,0.14332366,0.13935229,0.37848544,0.27035263
0.16833559,0.18201604,0.16298659,0.3984961,0.33391643
0.21461435,0.2533116,0.21994503,0.4095326,0.45019925
0.28633288,0.27562603,0.26992288,0.38227922,0.52823603
0.3526387,0.34671482,0.34728342,0.38465244,0.53233874
0.38917455,0.38991198,0.39597666,0.3708496,0.54968053
0.39512855,0.40459272,0.40523258,0.41526836,0.5648813
0.39594045,0.38868508,0.3889532,0.43635988,0.5516157
0.3661705,0.38605443,0.39184314,0.42577702,0.55213946
0.34073073,0.3390704,0.34687275,0.42067724,0.5426027
0.3225981,0.3247799,0.3411708,0.4165911,0.51327956
0.33044654,0.3221365,0.3391251,0.40007502,0.5424888
0.38105547,0.4051437,0.36891344,0.38283014,0.6168458
0.40838972,0.43372187,0.41477406,0.36385286,0.66723526
0.39377537,0.41222438,0.39436778,0.34318104,0.6616267
0.3797023,0.38059965,0.38469625,0.32939655,0.63659316
0.36211097,0.3636186,0.3790282,0.32270482,0.5850416
0.32530448,0.33016506,0.3275563,0.3223765,0.5100088
0.26955345,0.26015475,0.26668364,0.31547624,0.4188543
0.21542625,0.2065146,0.2079477,0.31321853,0.34711796
0.17050068,0.17161375,0.16975218,0.32081485,0.28252098
0.14776725,0.13967752,0.14281835,0.3106526,0.2475666
0.13667117,0.12786633,0.1379592,0.30784082,0.22261499
0.1391069,0.13097042,0.13726702,0.3025387,0.23286559
0.15778078,0.15270463,0.15510166,0.29994127,0.25790852
0.1991881,0.21010181,0.19481128,0.2929424,0.321665
0.26522326,0.28598556,0.26410067,0.2977475,0.44025767
0.32395127,0.3267204,0.34632227,0.29322082,0.5227747
0.37266576,0.36489287,0.36317575,0.29544908,0.52367127
0.41244927,0.39845264,0.3966124,0.30415916,0.5276716
0.42760488,0.42130873,0.42567283,0.33527905,0.5599381
0.42435724,0.4221734,0.4264347,0.3759902,0.5435635
0.4067659,0.41002792,0.41223454,0.40830824,0.5278628
0.3907984,0.39260706,0.3926215,0.4298069,0.53616196
0.38755074,0.3718932,0.38857082,0.44482648,0.48758233
0.4051421,0.38972223,0.4057034,0.4376644,0.52708983
0.48254398,0.48677847,0.44416213,0.43901408,0.5971885
0.54343706,0.5230107,0.53944397,0.40371928,0.65386283
0.5304465,0.5371631,0.53610665,0.35149884,0.6273461
0.50121784,0.4999734,0.4950771,0.3006246,0.6091037
0.467659,0.46432254,0.46111903,0.30062035,0.5584814
0.40784845,0.41320962,0.40145132,0.32380027,0.49088407
0.33585927,0.32271674,0.32661924,0.27026203,0.392572
0.26955345,0.25951496,0.26734254,0.26310235,0.33774164
0.21840325,0.21833465,0.22187942,0.2821023,0.2715218
0.191069,0.19137105,0.18925785,0.26354495,0.25677907
0.17807849,0.18076465,0.17865169,0.30958462,0.2268625
0.17347768,0.1794194,0.17919841,0.29008305,0.23830874
0.1826793,0.18495303,0.1943304,0.30469322,0.2491825
0.20920162,0.21702537,0.2446716,0.31185555,0.24304782
0.25385657,0.2673327,0.30826256,0.31590188,0.33838725
0.3142084,0.32669523,0.32816854,0.33839715,0.42095986
0.37050068,0.3802695,0.36658314,0.35136482,0.46038043
0.40866035,0.41648757,0.40438744,0.36034238,0.50357556
0.41975644,0.42284194,0.42719716,0.4400583,0.5004579
0.41921514,0.42724943,0.4190525,0.44744194,0.5304874
0.40189445,0.40853268,0.41162252,0.47242767,0.5141878
0.38105547,0.38657007,0.3913567,0.4879197,0.4880435
0.36671177,0.37225333,0.37118068,0.48997647,0.4722799
0.38078484,0.38071808,0.3720076,0.4848317,0.48211014
0.45764548,0.4768588,0.44772485,0.483998,0.5662196
0.5150203,0.51549053,0.55048466,0.4619503,0.62744874
0.5031123,0.51550657,0.5140604,0.4262709,0.6210058
0.473613,0.47404292,0.47970578,0.374026,0.583327
0.4419486,0.44349962,0.4518356,0.36446857,0.5412254
0.38755074,0.39454457,0.39012802,0.35538077,0.4731989
0.3179973,0.31288558,0.31337062,0.32788327,0.40669796
0.255751,0.25693455,0.24979095,0.3247738,0.3324077
0.20243572,0.20816377,0.20897983,0.35810453,0.26095167
0.17104195,0.17226642,0.17024417,0.32623833,0.22636516
0.15372124,0.15720943,0.15458684,0.34003535,0.21377085
0.14830853,0.151719,0.14725682,0.32142663,0.22803138
0.15345061,0.15993625,0.1579158,0.32243818,0.23350547
0.17699593,0.18069273,0.18557513,0.31642538,0.2397707
0.21407308,0.2244044,0.2436519,0.3231247,0.3042218
0.27415428,0.28179964,0.2854568,0.3094223,0.3710122
0.34451962,0.344126,0.3317813,0.32841742,0.42795923
0.40405953,0.39252612,0.38401857,0.337853,0.48677647
0.43410012,0.42929843,0.42947817,0.34079063,0.45853978
0.43572396,0.44738618,0.44218856,0.34991813,0.48434246
0.43274695,0.4273514,0.42730618,0.3776922,0.5059336
0.42381597,0.4211294,0.42772126,0.43065548,0.4771152
0.41840324,0.41578248,0.4247496,0.44231623,0.44536087
0.43031123,0.43392256,0.43823892,0.42750198,0.47808456
0.51096076,0.52273357,0.4911921,0.41889524,0.5445037
0.56346416,0.56243,0.59556276,0.3936257,0.60979015
0.54722595,0.5570768,0.5508723,0.3464926,0.61123246
0.51231396,0.5150487,0.51465636,0.32059777,0.5680378
0.4728011,0.47144434,0.4803899,0.31450778,0.52335054
0.40866035,0.4076942,0.41635558,0.29374617,0.47346175
0.33477673,0.32497972,0.32939243,0.28714874,0.3771208
0.27956697,0.269048,0.26315367,0.2899204,0.32369822
0.23274696,0.2360942,0.2334776,0.26549283,0.25179452
0.21109608,0.20851475,0.20080608,0.26873624,0.24519043
0.20351827,0.20468062,0.20180845,0.27642214,0.23444898
0.21136671,0.20586771,0.20853718,0.2977971,0.23750629
0.2397835,0.23388484,0.23871306,0.2855596,0.2541017
0.30554804,0.3112581,0.29683438,0.30357373,0.31688255
0.41001353,0.42536613,0.39122695,0.29339546,0.44094822
0.47631934,0.474803,0.49047393,0.29821146,0.5059328
0.5117727,0.4976447,0.50862175,0.33921742,0.5152569
0.5358593,0.52363145,0.5334805,0.35106403,0.54684365
0.54479027,0.5443643,0.54773426,0.40112224,0.5594865
0.5437077,0.5362282,0.54353464,0.420776,0.5609729
0.5274696,0.52329624,0.5402343,0.42767018,0.5538547
0.520433,0.5096975,0.52030575,0.4570688,0.5310742
0.5220568,0.50649613,0.52195853,0.4586079,0.5161194
0.53640056,0.5256332,0.54290974,0.4597764,0.54586107
0.6121786,0.61726534,0.59053373,0.45632803,0.6175447
0.68362653,0.65638816,0.6648312,0.42281538,0.6872575
0.67496616,0.6894978,0.6685931,0.37928516,0.66807675
0.6419486,0.64538944,0.6357851,0.38981968,0.6436937
0.60135317,0.58927447,0.5979868,0.38815448,0.58802176
0.532341,0.5298037,0.5212035,0.3680843,0.5176115
0.44600812,0.4326696,0.44102153,0.37740642,0.41355252
0.37672532,0.36597413,0.369749,0.36961642,0.3448274
0.32801083,0.3271412,0.32999295,0.38462037,0.2755314
0.30419487,0.30428845,0.30383596,0.37474138,0.25590605
0.29445195,0.2921168,0.29823792,0.3725985,0.24008642
0.2909337,0.2954644,0.3028698,0.40303808,0.24967773
0.31177267,0.30861244,0.3162017,0.39121592,0.26842302
0.37564275,0.38392785,0.37799314,0.3783666,0.32661596
0.4728011,0.4976999,0.49047044,0.39593726,0.45344162
0.5399188,0.52778375,0.54322004,0.3887219,0.5228039
0.57077134,0.5588598,0.5664382,0.41462713,0.5310011
0.58294994,0.58091867,0.5887134,0.44398552,0.5518608
0.5905277,0.58288866,0.588565,0.49041235,0.571967
0.5751015,0.5851741,0.59063065,0.5091074,0.5637245
0.56346416,0.55652356,0.5653846,0.5351754,0.55785084
0.55751014,0.5585488,0.56191593,0.5586665,0.5387195
0.55696887,0.5473137,0.5600848,0.5546049,0.5173141
0.5753721,0.56625414,0.5755609,0.5539765,0.5490116
0.6414073,0.66292495,0.6428209,0.55855864,0.6259549
0.70419484,0.68690133,0.70870453,0.539541,0.6832163
0.69364005,0.7033153,0.70155776,0.507332,0.67073965
0.6654939,0.66810316,0.65909195,0.48181462,0.64417225
0.63031125,0.6194128,0.63559586,0.48020595,0.58932245
0.56400543,0.56499165,0.56594,0.47068805,0.51949966
0.47631934,0.46900237,0.47905442,0.36716574,0.42080125
0.40649527,0.40137416,0.40088078,0.39675325,0.3499474
0.36211097,0.35701767,0.3613382,0.41836452,0.2811791
0.33667117,0.3385579,0.34034535,0.40683484,0.2585286
0.3255751,0.32266358,0.32791248,0.40853685,0.24228097
0.3285521,0.33275568,0.33068413,0.4445789,0.24964263
0.35290933,0.34890327,0.35671228,0.4498996,0.2687331
0.41299054,0.42482764,0.41439357,0.42578167,0.326265
0.50040597,0.53212273,0.5108788,0.42626363,0.45592493
0.5669824,0.54669625,0.57197833,0.43135923,0.52404165
0.6040595,0.58236957,0.5971317,0.43737572,0.5332958
0.61326116,0.6161786,0.62240136,0.45875984,0.55407596
0.6121786,0.60951424,0.6139342,0.490058,0.5743234
0.6005413,0.5981621,0.6049576,0.52947074,0.56893694
0.58755076,0.5785969,0.593726,0.5528842,0.5603411
0.57428956,0.57876945,0.5842072,0.5685494,0.5406625
0.56346416,0.55669403,0.57062566,0.5664077,0.5191692
0.5686062,0.5630029,0.577029,0.5761118,0.5508897
0.63058186,0.6494321,0.6236105,0.57067573,0.63005996
0.67875504,0.6798941,0.6986672,0.55282617,0.6861331
0.64627874,0.67738664,0.67749023,0.52599317,0.67207265
0.5956698,0.61266756,0.61860615,0.48751825,0.6465252
0.5534506,0.5474289,0.5698731,0.47414035,0.59136647
0.5033829,0.50553936,0.49809822,0.4646358,0.5214386
0.45683357,0.42758957,0.43604523,0.41610628,0.42255452
0.41515562,0.40186533,0.4089747,0.3985732,0.35045707
