Actual,Fusion,Load Only,Temp Only,Calendar Only
0.21677943,0.20194161,0.2188629,0.42468446,0.1802831
0.24221921,0.24167827,0.23913416,0.4199112,0.19428593
0.28687415,0.2762887,0.28805792,0.4196501,0.24311766
0.34533152,0.33795834,0.34128264,0.42121643,0.29901475
0.40947226,0.4096292,0.3880058,0.41792914,0.35076106
0.45087957,0.43684638,0.44023192,0.42955947,0.39242756
0.45981055,0.45142177,0.4587551,0.4387662,0.42971724
0.45818675,0.4479742,0.45095557,0.44488668,0.42494002
0.45304465,0.44309637,0.44266263,0.45257273,0.43001187
0.43491206,0.42925927,0.4363485,0.4543953,0.41828394
0.41840324,0.41733325,0.4136397,0.46171835,0.39619076
0.4127199,0.40018898,0.4061005,0.4656197,0.41028553
0.4224628,0.4329478,0.41638005,0.46403685,0.47557622
0.44682002,0.47504133,0.4455681,0.4674368,0.48566836
0.48064953,0.46799967,0.47559813,0.46448115,0.48880005
0.53504735,0.4909761,0.48752463,0.4595761,0.4941262
0.51637346,0.5007862,0.5201899,0.45091963,0.46675217
0.44221923,0.44653037,0.45279467,0.44776312,0.38909718
0.3602165,0.36780214,0.36503696,0.4470155,0.32290518
0.2993234,0.28555495,0.29683316,0.44579256,0.23967102
0.2630582,0.25302947,0.25784817,0.4422054,0.20096129
0.2481732,0.23994896,0.24052325,0.43603364,0.19501808
0.24952638,0.23955137,0.24039012,0.43438643,0.18855663
0.2549391,0.25299945,0.25553048,0.42873186,0.2024483
0.28200272,0.26721984,0.26965052,0.42585593,0.22907211
0.36265224,0.35627466,0.32835045,0.42072952,0.27904814
0.49688768,0.482364,0.45802507,0.41833517,0.41857082
0.5564276,0.5603072,0.5747658,0.423359,0.47071838
0.55372125,0.5704458,0.5499865,0.42336717,0.45533746
0.541272,0.5529231,0.549184,0.44496945,0.49099296
0.5339648,0.5393789,0.5326541,0.46398625,0.47819632
0.5185386,0.5185335,0.52387655,0.46873024,0.5040342
0.4993234,0.51276463,0.5002276,0.47684637,0.5161927
0.48443842,0.49132675,0.47840622,0.47832713,0.4959435
0.46359947,0.4660021,0.46788263,0.48350525,0.48326498
0.4562923,0.45402732,0.44717053,0.48964345,0.48838514
0.4668471,0.48047787,0.46546608,0.4891887,0.5392124
0.4963464,0.5161231,0.50213075,0.48410144,0.5552238
0.5345061,0.5323745,0.53770804,0.4785522,0.5871212
0.5615697,0.5458716,0.54622185,0.47121093,0.5431743
0.53207034,0.5216292,0.5383535,0.45381388,0.5018445
0.45602164,0.45715863,0.4698085,0.44362196,0.44325334
0.36265224,0.3715136,0.38043204,0.43565714,0.34652835
0.29391068,0.29271817,0.29770875,0.42835978,0.26444322
0.24871448,0.24695326,0.25769484,0.41783363,0.22084782
0.23112313,0.21818888,0.22831772,0.4012769,0.22516921
0.22273342,0.21708055,0.22596563,0.38741264,0.20336005
0.22246279,0.22111711,0.22094734,0.38199067,0.22630398
0.25087956,0.23566921,0.23216395,0.37629646,0.24757925
0.31637347,0.31913745,0.30299523,0.36852816,0.30259103
0.41028416,0.43584466,0.4126127,0.3630128,0.42714772
0.47090665,0.47284698,0.47479695,0.36493167,0.4870302
0.51447904,0.4801167,0.48020735,0.36753252,0.46409416
0.54695535,0.5117322,0.5242011,0.39127854,0.49086684
0.5715832,0.5420352,0.5473456,0.41381347,0.497032
0.58078486,0.5465377,0.56258875,0.4250248,0.51617503
0.5734777,0.56413364,0.5620268,0.42961815,0.5101589
0.57023007,0.5412244,0.5492153,0.43613476,0.49995118
0.55399185,0.5339422,0.55264574,0.43983477,0.50052154
0.54018945,0.52308434,0.53343916,0.44572648,0.49221528
0.5423545,0.5491892,0.5381763,0.44754776,0.52558035
0.5599459,0.5717375,0.567184,0.44699746,0.554965
0.56914747,0.56721026,0.58739066,0.44596174,0.5781393
0.5853857,0.55793,0.55436087,0.442531,0.5406938
0.54343706,0.53623986,0.54352206,0.43798378,0.5212329
0.4633288,0.4651829,0.46953192,0.433683,0.4366564
0.36806494,0.37685633,0.388265,0.4310331,0.3561281
0.29824087,0.29180497,0.30508852,0.43094608,0.2719959
0.25304466,0.24856031,0.26242408,0.4296974,0.23567158
0.2338295,0.23209298,0.23588768,0.4332301,0.22934856
0.2270636,0.22380543,0.23252147,0.4294742,0.19045113
0.2278755,0.23201214,0.23621987,0.42829543,0.2311658
0.25439784,0.2514518,0.25087547,0.42888564,0.23863819
0.32313937,0.32670987,0.3094853,0.4305684,0.29294538
0.4465494,0.44777638,0.40541673,0.42775163,0.39501387
0.49986467,0.5148231,0.5211792,0.42714113,0.4674102
0.5101488,0.51617676,0.5088792,0.4305702,0.47384542
0.5074425,0.5179196,0.5168121,0.43550345,0.51127213
0.51096076,0.5142298,0.50523424,0.44280025,0.49066597
0.511502,0.5056247,0.5029895,0.45236793,0.5190193
0.50284165,0.5083088,0.4956115,0.45976758,0.5212417
0.4939107,0.49563384,0.4805159,0.45757243,0.5066802
0.4803789,0.47929898,0.47195494,0.46226627,0.48905182
0.4714479,0.4659142,0.46021104,0.46226287,0.4989094
0.47631934,0.48980066,0.4695673,0.46075794,0.53731304
0.49797022,0.5136904,0.50475985,0.46299574,0.56155425
0.5185386,0.517386,0.53447485,0.46515468,0.60070497
0.5631935,0.5151059,0.5161407,0.4582948,0.5758388
0.54343706,0.52637374,0.5353171,0.45356807,0.51064086
0.46982408,0.46632528,0.47754043,0.44546655,0.45668817
0.3759134,0.38294554,0.39231807,0.43964237,0.36547044
0.3052774,0.2993746,0.30935305,0.434017,0.25888675
0.2654939,0.25480065,0.26511845,0.43028736,0.22872466
0.24709067,0.23358433,0.2478234,0.42404228,0.21792495
0.2397835,0.21746656,0.24138361,0.42146015,0.20119779
0.24221921,0.22729658,0.24256752,0.41809222,0.21236773
0.27117726,0.25314128,0.25836816,0.4155496,0.23632059
0.3534506,0.32066682,0.31991515,0.41574803,0.2967636
0.48903924,0.46664,0.45052856,0.41213423,0.43966419
0.53721243,0.5477439,0.55585194,0.4037789,0.48546892
0.53315294,0.5450915,0.5231954,0.40298504,0.4736678
0.51962113,0.5358624,0.53085464,0.410748,0.5063175
0.51285523,0.5172527,0.5147214,0.42638654,0.49589598
0.49688768,0.49234048,0.5056577,0.43761617,0.5190796
0.47658998,0.48668164,0.48054826,0.4520111,0.51323193
0.467659,0.46824282,0.4570164,0.4531864,0.50096494
0.45006767,0.45764875,0.45363864,0.45850185,0.491342
0.43572396,0.44112164,0.43124864,0.45865813,0.4934066
0.43897158,0.46281722,0.43468583,0.4615003,0.5411261
0.46116373,0.48360884,0.4707554,0.46270642,0.5605417
0.49066305,0.4968879,0.5023799,0.46463534,0.59165853
0.535318,0.5039928,0.50382966,0.45958036,0.5538076
0.5188092,0.5097214,0.52039516,0.45340887,0.51393944
0.44925576,0.45398524,0.46055102,0.44768074,0.4523753
0.3623816,0.369873,0.37527293,0.4401231,0.35468057
0.2933694,0.28398758,0.30036944,0.43454692,0.27990475
0.24979702,0.24059552,0.25539213,0.43078974,0.23410243
0.23058186,0.23177643,0.23052698,0.4186384,0.23794508
0.22598106,0.22619969,0.22472571,0.4186452,0.21188489
0.2240866,0.23203684,0.22833519,0.41448617,0.23304857
0.25196213,0.24355839,0.23093683,0.40912125,0.24965504
0.3217862,0.32703537,0.29774228,0.41117433,0.29066727
0.45250338,0.4409755,0.40962744,0.41122657,0.43295437
0.508525,0.50716907,0.5367871,0.4052215,0.48851687
0.5133965,0.5071324,0.4910857,0.40215763,0.47469568
0.51096076,0.506706,0.51108086,0.40565073,0.5021085
0.49418133,0.5061531,0.5054177,0.4238789,0.5033159
0.48173207,0.47959688,0.48012114,0.43584782,0.5170114
0.46495265,0.47156554,0.4666257,0.44830206,0.49900192
0.45602164,0.46069038,0.44714278,0.4552309,0.50122744
0.44330177,0.44556063,0.44168052,0.45979932,0.49360716
0.43653587,0.43104786,0.42889628,0.4595822,0.48903322
0.4368065,0.4501772,0.4400502,0.46171647,0.5154009
0.44763193,0.47183204,0.4619675,0.46127903,0.5388675
0.46738836,0.47034073,0.48147136,0.46433982,0.56055415
0.50581867,0.47674692,0.47715393,0.46198502,0.523545
0.49418133,0.4779305,0.48991176,0.45233294,0.5054364
0.4376184,0.42803657,0.44090602,0.44773006,0.43189824
0.3645467,0.36565423,0.37266123,0.4418521,0.34756523
0.29526386,0.2913223,0.308941,0.43605083,0.27700636
0.2473613,0.2454058,0.25472856,0.4300865,0.23893104
0.22192152,0.21210426,0.22671725,0.42131332,0.20817225
0.21461435,0.20450705,0.21503836,0.4183088,0.19662939
0.21407308,0.20523551,0.21726578,0.41197878,0.19419754
0.22895806,0.2140244,0.22303918,0.40768752,0.20706797
0.258728,0.25606567,0.2602616,0.40469107,0.21840107
0.31474966,0.30685604,0.31204766,0.4047741,0.2912988
0.3729364,0.366975,0.37138635,0.40220684,0.33589584
0.43355885,0.4156041,0.40105483,0.41347098,0.3741172
0.46143436,0.4453291,0.45778042,0.42190593,0.4149596
0.46495265,0.4592285,0.46322513,0.4304865,0.44797593
0.45439783,0.43650764,0.45621496,0.44077304,0.44109106
0.43410012,0.43655807,0.43775353,0.44955477,0.4444356
0.40838972,0.4112516,0.4135825,0.4584691,0.41271934
0.3948579,0.39329767,0.38624227,0.46099892,0.41349888
0.39133966,0.37951934,0.38439444,0.46188527,0.41550767
0.4,0.40236175,0.39341506,0.4598651,0.46339047
0.41975644,0.44124204,0.42256,0.45913327,0.47399747
0.4384303,0.43768716,0.4508385,0.45787898,0.49790215
0.47469553,0.45061263,0.4483948,0.4540703,0.49713308
0.45953992,0.4470193,0.46296304,0.44643992,0.4698888
0.40568337,0.39491463,0.40652406,0.44183418,0.39283174
0.33748308,0.3345174,0.34328887,0.43955716,0.3393404
0.27198917,0.26489416,0.28218666,0.43476325,0.27734464
0.22273342,0.22021285,0.22994287,0.43218938,0.23553312
0.19512855,0.18695349,0.19813317,0.43015867,0.1908123
0.1864682,0.17792498,0.18504466,0.4277721,0.17496154
0.18213803,0.17983124,0.18732826,0.42397845,0.17358333
0.1894452,0.18455775,0.18638605,0.42330655,0.1802831
0.21136671,0.20752227,0.21054979,0.41886446,0.19428593
0.25087956,0.24518737,0.2563137,0.4131806,0.24311766
0.3052774,0.3001765,0.31066173,0.40610802,0.29901475
0.3721245,0.36000106,0.35358685,0.4104802,0.35076106
0.40947226,0.39719817,0.4091975,0.421126,0.39242756
0.4156969,0.4048681,0.419907,0.429589,0.42971724
0.40784845,0.40903655,0.41056126,0.43536058,0.42494002
0.3948579,0.3924286,0.39438078,0.44277167,0.43001187
0.37699595,0.37963986,0.3786291,0.4484441,0.41828394
0.3602165,0.3677255,0.36038166,0.4535499,0.39619076
0.35778078,0.35469258,0.349275,0.45834363,0.41028553
0.3691475,0.38358217,0.3651244,0.4582555,0.47557622
0.39891747,0.41812,0.39433485,0.45947164,0.48566836
0.4265223,0.42303073,0.4345327,0.4570181,0.48880005
0.47388363,0.44248152,0.43923545,0.45037702,0.4941262
0.455751,0.44838032,0.46668184,0.44159415,0.46675217
0.3772666,0.38554618,0.3981446,0.43452692,0.38909718
0.2968877,0.3013125,0.30162114,0.4297129,0.32290518
0.23058186,0.22855875,0.23950692,0.41785884,0.23967102
0.19594046,0.19295466,0.18941317,0.41587,0.20096129
0.18240866,0.17533538,0.17824343,0.4110895,0.19501808
0.1797023,0.17991972,0.17816216,0.40881935,0.18855663
0.18782137,0.18234259,0.18219216,0.40815127,0.2024483
0.21677943,0.20271368,0.204836,0.4089861,0.22907211
0.29526386,0.28867084,0.26341024,0.40880996,0.27904814
0.4224628,0.4180345,0.39455354,0.4058855,0.41857082
0.4803789,0.4852312,0.5077037,0.40391916,0.47071838
0.4811908,0.49298298,0.48201758,0.40651464,0.45533746
0.4811908,0.4784843,0.48360524,0.41839784,0.49099296
0.47983763,0.4786799,0.4798689,0.42838007,0.47819632
0.47036535,0.4640553,0.47222254,0.44158345,0.5040342
0.45845738,0.4590009,0.45496225,0.4520106,0.5161927
0.45656294,0.4491718,0.4415118,0.4541478,0.4959435
0.44546685,0.4359363,0.4475872,0.45924243,0.48326498
0.4376184,0.43138045,0.43546468,0.46254286,0.48838514
0.44763193,0.4522395,0.44868082,0.46496418,0.5392124
0.47577807,0.4864738,0.48641074,0.4622886,0.5552238
0.5020298,0.5024231,0.51205,0.4605387,0.5871212
0.5288227,0.50898755,0.50578314,0.45909667,0.5431743
0.50635993,0.48200986,0.502641,0.45052662,0.5018445
0.42138025,0.42699796,0.44495535,0.4454333,0.44325334
0.33261165,0.33460402,0.34178093,0.4411624,0.34652835
0.2600812,0.2602222,0.27406505,0.43196607,0.26444322
0.21623816,0.21629703,0.22180896,0.4263919,0.22084782
0.19566983,0.18700224,0.19799702,0.41556913,0.22516921
0.18619756,0.18627521,0.19040711,0.41011527,0.20336005
0.19079837,0.18824846,0.1873341,0.40636194,0.22630398
0.22083898,0.21442986,0.2106444,0.4008742,0.24757925
0.29905277,0.29241464,0.2801604,0.39820957,0.30259103
0.4324763,0.4205808,0.41518283,0.3929665,0.42714772
0.4871448,0.49346435,0.5078141,0.39333603,0.4870302
0.4836265,0.4847197,0.48329845,0.3937173,0.46409416
0.47198918,0.4737296,0.48529541,0.4088153,0.49086684
0.47063598,0.46978498,0.47048423,0.42089456,0.497032
0.4608931,0.45844588,0.46598184,0.43816787,0.51617503
0.45169148,0.45618886,0.4479683,0.44792214,0.5101589
0.44005412,0.4452972,0.43722123,0.45782164,0.49995118
0.4240866,0.42806906,0.42324358,0.46303594,0.50052154
0.41190797,0.41211995,0.40961376,0.474093,0.49221528
0.41975644,0.42655882,0.41590625,0.47037765,0.52558035
0.44411367,0.46189865,0.4586651,0.46850756,0.554965
0.46278754,0.46935487,0.48716667,0.4656644,0.5781393
0.50798374,0.4766276,0.47136867,0.4505778,0.5406938
0.4939107,0.4694863,0.49298012,0.43630984,0.5212329
0.42381597,0.41875347,0.43617043,0.4285964,0.4366564
0.3369418,0.33759883,0.35217404,0.4216279,0.3561281
0.25981057,0.25848383,0.27749035,0.41549182,0.2719959
0.22300406,0.21394014,0.2179967,0.4135392,0.23567158
0.20189445,0.19483602,0.21040298,0.4089847,0.22934856
0.1932341,0.18749665,0.19523484,0.40653992,0.19045113
0.202977,0.19120789,0.19417885,0.40191445,0.2311658
0.2338295,0.22663954,0.22399451,0.39898574,0.23863819
0.31312585,0.29991835,0.28086418,0.39431468,0.29294538
0.44005412,0.43298584,0.41640985,0.3923006,0.39501387
0.4836265,0.49850127,0.51245284,0.38914174,0.4674102
0.47848445,0.48013392,0.46917552,0.3915244,0.47384542
0.47171855,0.46935773,0.47964948,0.4083101,0.51127213
0.467659,0.4656622,0.47116286,0.42659676,0.49066597
0.4600812,0.45048732,0.46178418,0.43925583,0.5190193
0.4376184,0.45064163,0.44788787,0.4461351,0.5212417
0.42760488,0.43374154,0.4167632,0.46477753,0.5066802
0.41244927,0.4155647,0.41480142,0.4712622,0.48905182
0.40838972,0.4020115,0.39894313,0.4767369,0.4989094
0.42949933,0.42820352,0.41856056,0.47059178,0.53731304
0.46305817,0.47162014,0.47102237,0.461021,0.56155425
0.48092017,0.48905134,0.49941415,0.45652217,0.60070497
0.51447904,0.47860968,0.4874727,0.44899702,0.5758388
0.49418133,0.4783889,0.4973811,0.43977356,0.51064086
0.41975644,0.41856545,0.43338794,0.4304801,0.45668817
0.32828146,0.33789778,0.34315437,0.42401648,0.36547044
0.24682003,0.25211957,0.26478225,0.4117956,0.25888675
0.20324764,0.20188399,0.20339043,0.4041752,0.22872466
0.17889039,0.17840628,0.18610443,0.401363,0.21792495
0.17023005,0.15948385,0.16908002,0.3975877,0.20119779
0.17374831,0.16275202,0.170337,0.38892767,0.21236773
0.19945873,0.19087544,0.18842576,0.38930857,0.23632059
0.27713126,0.2585879,0.24725257,0.38269627,0.2967636
0.41109607,0.39337605,0.3945405,0.3818844,0.43966419
0.46657646,0.4670513,0.49808565,0.37621838,0.48546892
0.4744249,0.46696925,0.4587928,0.37746558,0.4736678
0.4768606,0.4730385,0.48084837,0.3939698,0.5063175
0.47902572,0.4685421,0.47812945,0.4165809,0.49589598
0.46197563,0.44753706,0.4741556,0.4351069,0.5190796
0.44411367,0.4400633,0.44519156,0.44466963,0.51323193
0.43951285,0.4310175,0.42759734,0.4540618,0.50096494
0.42381597,0.42500314,0.42982978,0.47082523,0.491342
0.4257104,0.4063233,0.40978384,0.48118633,0.4934066
0.42814615,0.44784534,0.44028723,0.4825035,0.5411261
0.4435724,0.4652586,0.4534062,0.48085377,0.5605417
0.4625169,0.46648216,0.48376969,0.47762153,0.59165853
0.5066306,0.4677921,0.4741946,0.4714266,0.5538076
0.4976996,0.47337264,0.49065113,0.45070156,0.51393944
0.42760488,0.42672178,0.44226107,0.4378891,0.4523753
0.33802435,0.3373246,0.3534457,0.43206406,0.35468057
0.26035184,0.24947752,0.27540377,0.41994497,0.27990475
0.21109608,0.20197602,0.21909924,0.4161028,0.23410243
0.18592693,0.18712257,0.19126354,0.41052353,0.23794508
0.17916103,0.17862365,0.178947,0.41079205,0.21188489
0.18511502,0.1804545,0.18300454,0.4101608,0.23304857
0.20974289,0.20332694,0.20111401,0.40784764,0.24965504
0.2782138,0.28019252,0.25372893,0.40461951,0.29066727
0.3948579,0.40024868,0.37894994,0.4050748,0.43295437
0.45548037,0.45407394,0.477595,0.4061299,0.48851687
0.46874154,0.46220633,0.45715308,0.40894535,0.47469568
0.4633288,0.4647903,0.47600988,0.4179235,0.5021085
0.45845738,0.45942798,0.4630643,0.42800575,0.5033159
0.44573748,0.44587636,0.45234913,0.44813493,0.5170114
0.43491206,0.4352635,0.4328013,0.46343476,0.49900192
0.4257104,0.43221366,0.42123598,0.47787768,0.50122744
0.41407308,0.41607118,0.41132626,0.48386508,0.49360716
0.39945874,0.39727455,0.40206417,0.47788924,0.48903322
0.39945874,0.40841788,0.39783612,0.4811051,0.5154009
0.40947226,0.42808947,0.43053758,0.4697471,0.5388675
0.42110962,0.4324013,0.4518196,0.47037628,0.56055415
0.44709066,0.43777028,0.44217908,0.45643872,0.523545
0.43815967,0.42002124,0.4347453,0.44114184,0.5054364
0.38078484,0.37765846,0.3923411,0.42659754,0.43189824
0.3090663,0.314918,0.32027543,0.41988778,0.34756523
0.2414073,0.24328269,0.25946075,0.41029593,0.27700636
0.2,0.19775249,0.2063203,0.40303698,0.23893104
0.17239513,0.17066757,0.1862047,0.3963466,0.20817225
0.15994588,0.16061944,0.16596432,0.39492616,0.19662939
0.15994588,0.1537064,0.16145323,0.39119744,0.19419754
0.17239513,0.1756621,0.17108227,0.38535184,0.20706797
0.20054127,0.19773123,0.19879214,0.38374418,0.21840107
0.25629228,0.24482575,0.2508289,0.38213193,0.2912988
0.32151556,0.31007925,0.3145631,0.37750638,0.33589584
0.3840325,0.37036306,0.35955805,0.38359007,0.3741172
0.4067659,0.39614347,0.41001278,0.40137362,0.4149596
0.40730718,0.39667967,0.41009316,0.418298,0.44797593
0.39566982,0.38146955,0.3996797,0.4355247,0.44109106
0.37347767,0.36922628,0.38121256,0.45759746,0.4444356
0.3488498,0.35496032,0.35395378,0.4777085,0.41271934
0.33207035,0.33207613,0.3299653,0.49311373,0.41349888
0.32232746,0.32559752,0.32300082,0.4905783,0.41550767
0.32665765,0.33476505,0.32852966,0.50294876,0.46339047
0.3466847,0.36012423,0.3563981,0.48029444,0.47399747
0.36211097,0.36946574,0.38291827,0.48201534,0.49790215
0.40866035,0.38498104,0.375356,0.46249792,0.49713308
0.41163734,0.39007998,0.41065866,0.43848738,0.4698888
0.36184034,0.35256132,0.37325922,0.42679518,0.39283174
0.2976996,0.28916883,0.3046226,0.41616184,0.3393404
0.22949933,0.2287769,0.25086668,0.40489078,0.27734464
0.18294993,0.19163598,0.19140399,0.39585343,0.23553312
0.1594046,0.15251325,0.16385514,0.39067426,0.1908123
0.14857917,0.14621638,0.15410066,0.38736364,0.17496154
0.15209743,0.14916919,0.14856197,0.37689814,0.17358333
0.16211095,0.16163506,0.16289552,0.37037155,0.1802831
0.18836266,0.18419418,0.18182436,0.37209377,0.19428593
0.23653586,0.22363566,0.23518686,0.37322327,0.24311766
0.30121785,0.2865975,0.3076567,0.3650479,0.29901475
0.36508796,0.3562218,0.35219878,0.364873,0.35076106
0.38755074,0.38217437,0.3972929,0.38878554,0.39242756
0.38294992,0.37659055,0.3944733,0.4197764,0.42971724
0.37185386,0.36701384,0.37808952,0.43147427,0.42494002
0.34857917,0.35033572,0.36132768,0.45026737,0.43001187
0.31339648,0.33533996,0.3319129,0.46642584,0.41828394
0.29066306,0.31062442,0.29353493,0.48161733,0.39619076
0.28606224,0.29641357,0.28446886,0.4803445,0.41028553
0.2993234,0.32039237,0.29935205,0.4920211,0.47557622
0.31962112,0.34435514,0.33387536,0.47734943,0.48566836
0.35426253,0.351074,0.3584906,0.47960836,0.48880005
0.4075778,0.3858282,0.38778922,0.46340105,0.4941262
0.39539918,0.39834654,0.4178453,0.42827803,0.46675217
0.32963464,0.33645856,0.3509977,0.41223454,0.38909718
0.25439784,0.25506058,0.269608,0.3848084,0.32290518
0.19675237,0.18619178,0.20644295,0.35667783,0.23967102
0.16129905,0.16768801,0.16777022,0.34483808,0.20096129
0.14533153,0.146763,0.14802662,0.33687964,0.15552616
0.13964817,0.13243078,0.14159516,0.32876015,0.16026373
0.14451963,0.1392566,0.14110655,0.32326913,0.15294224
0.17374831,0.16738756,0.1558255,0.3226075,0.1669533
0.25899863,0.23794036,0.21300164,0.32259208,0.21435827
0.38917455,0.37427992,0.35999563,0.32351032,0.33785897
0.4541272,0.44126347,0.49029753,0.33562237,0.40287918
0.4633288,0.4536342,0.45047855,0.34535617,0.39733994
0.46955344,0.44045886,0.46426713,0.36925834,0.4339978
0.48389715,0.44570252,0.4659851,0.3949015,0.44254017
0.48010826,0.4439689,0.47681502,0.41095772,0.4499287
0.46792963,0.4516947,0.46115777,0.44041935,0.45005774
0.45683357,0.4368979,0.4474879,0.45930323,0.4370314
0.44871446,0.42808205,0.44477856,0.48340887,0.44366634
0.4435724,0.42958626,0.4482272,0.47715837,0.43582976
0.4495264,0.46017063,0.45899692,0.479888,0.4601819
0.47740188,0.47904795,0.4849723,0.46651426,0.46108443
0.49526387,0.48980993,0.5123414,0.46527457,0.4934197
0.5277402,0.48877934,0.49360096,0.45412457,0.45624226
0.5133965,0.4834327,0.5051636,0.43356022,0.44487727
0.4376184,0.42933768,0.45753324,0.4300834,0.37404484
0.34533152,0.34573662,0.36336577,0.42439014,0.29029498
0.27550745,0.265448,0.28393942,0.4159668,0.22887704
0.23545332,0.21872646,0.23916657,0.40680814,0.18947741
0.21217862,0.20198214,0.2197497,0.40490884,0.15170208
0.20514208,0.19455484,0.20563737,0.402197,0.14215511
0.20460081,0.2030065,0.21243124,0.40036586,0.15206087
0.23491204,0.2182579,0.2238955,0.4001559,0.1805995
0.3158322,0.30748197,0.29900688,0.40114123,0.21416795
0.44086602,0.4344161,0.4324375,0.4010254,0.31978953
0.49905276,0.49415565,0.5113772,0.40124428,0.40667194
0.50392425,0.49451134,0.4998333,0.40640846,0.40925825
0.50257105,0.48415285,0.5069954,0.41528475,0.44506592
0.50717187,0.49045697,0.50252104,0.42447564,0.43860638
0.4947226,0.48059753,0.5007712,0.4316427,0.46363032
0.48741543,0.47862583,0.47691044,0.4463324,0.44135588
0.4811908,0.46808246,0.4719188,0.45431998,0.4406535
0.47117728,0.46336365,0.4661319,0.464456,0.44508713
0.46359947,0.4578704,0.45768243,0.4632298,0.44086725
0.47794315,0.49000221,0.46582848,0.4682005,0.45148003
0.5050068,0.52342725,0.51594394,0.463308,0.46212572
0.52449256,0.5175785,0.54289997,0.4636184,0.4939735
0.5564276,0.51244533,0.52912825,0.46252036,0.47874922
0.54695535,0.5128442,0.53145885,0.45811546,0.44891846
0.45899865,0.46179676,0.48829073,0.4522535,0.3829739
0.3610284,0.36124444,0.37195998,0.44996768,0.31006873
0.28768605,0.2752093,0.29471323,0.44701925,0.22882307
0.24979702,0.22952756,0.2476108,0.44105023,0.18603063
0.2270636,0.22457072,0.23246405,0.4353088,0.19104613
0.21542625,0.21135856,0.21809585,0.43024063,0.17489617
0.21515562,0.21712708,0.21611138,0.42774653,0.16878162
0.24546684,0.231662,0.23201625,0.42465344,0.19029723
0.32746956,0.3126055,0.3030941,0.4212879,0.23996198
0.45250338,0.4474616,0.43942648,0.4179479,0.33197135
0.50554806,0.50733256,0.5198797,0.41648728,0.39563516
0.5060893,0.50069106,0.5020947,0.41677558,0.39661986
0.4985115,0.4942419,0.50829995,0.42229795,0.4445929
0.4930988,0.49060416,0.49782255,0.43038374,0.4414003
0.48470905,0.47941217,0.4867462,0.43856958,0.44351107
0.47307172,0.4730355,0.47285062,0.44892505,0.46224147
0.46278754,0.466655,0.45717147,0.45744565,0.43402445
0.4435724,0.45603758,0.44669777,0.46500427,0.44176465
0.43410012,0.43840155,0.42495292,0.4638022,0.43261048
0.4414073,0.46537954,0.43713722,0.4684604,0.47236562
0.4638701,0.485666,0.472316,0.46334377,0.47389567
0.48660353,0.48578,0.5049124,0.45695418,0.50860715
0.5277402,0.4826445,0.4985517,0.45287117,0.4982853
0.5217862,0.49651653,0.5103418,0.4425253,0.46308678
0.44898513,0.44859332,0.46531665,0.43295455,0.39246434
0.36075777,0.36139187,0.3705219,0.42683098,0.30811152
0.2841678,0.28097945,0.2987621,0.4260828,0.20996864
0.24167794,0.23777287,0.24142163,0.42263585,0.18838805
0.22002706,0.21138287,0.22284994,0.41829363,0.18811187
0.21299052,0.19686593,0.21219616,0.41473344,0.18622935
0.21515562,0.20918237,0.21450807,0.4111613,0.16597462
0.24600811,0.22544068,0.22804669,0.41090155,0.19228657
0.32395127,0.30804968,0.29396123,0.40501586,0.23571739
0.45277402,0.42397645,0.42076796,0.40262458,0.37306786
0.5052774,0.4980988,0.53038436,0.4037754,0.42905912
0.50392425,0.48888847,0.49095395,0.40329677,0.41584206
0.4985115,0.48229504,0.5032383,0.4135831,0.451308
0.4925575,0.47894782,0.49592322,0.4245858,0.46154082
0.479567,0.45700863,0.48511794,0.4365972,0.46425176
0.45953992,0.45583737,0.46465898,0.44576356,0.44839883
0.4427605,0.43459624,0.44025242,0.45677635,0.44670254
0.42083898,0.4202122,0.42530805,0.46954522,0.4603892
0.40487143,0.40002522,0.4038741,0.47906283,0.44550097
0.40622464,0.42386127,0.40633476,0.49311593,0.45913827
0.42300406,0.4431764,0.4382857,0.4938791,0.47747147
0.44086602,0.4478312,0.46450573,0.4769737,0.49868244
0.48443842,0.4446707,0.45755523,0.46230215,0.47727454
0.4895805,0.455483,0.4781701,0.43294334,0.4716015
0.4173207,0.4160699,0.44799542,0.41911727,0.38798594
0.32665765,0.32489318,0.34312916,0.40226445,0.30783233
0.25223276,0.24263018,0.26726,0.4044504,0.24247925
0.20757781,0.19465035,0.21607412,0.39171252,0.20820682
0.18240866,0.18417662,0.1913524,0.38830364,0.18358992
0.17212449,0.1707961,0.17471527,0.384884,0.16334325
0.17618403,0.1744778,0.17064731,0.38286746,0.16607319
0.20460081,0.19218898,0.18616937,0.38265383,0.19533266
0.2811908,0.27095073,0.24232759,0.37681338,0.22092442
0.40866035,0.39447612,0.37206396,0.3740532,0.3346133
0.46522328,0.45882383,0.5009627,0.37583637,0.41276026
0.47117728,0.46056423,0.45099157,0.3770745,0.4192813
0.46224627,0.45325556,0.47373402,0.38612992,0.45776922
0.4571042,0.4454233,0.458337,0.4058686,0.4472468
0.44709066,0.43115887,0.44930837,0.42064846,0.4641754
0.4248985,0.42998338,0.4325626,0.4435157,0.4316048
0.41542625,0.41626364,0.40425265,0.46200857,0.44601446
0.39566982,0.40862998,0.4024585,0.47529805,0.44598484
0.38890392,0.38525632,0.37962925,0.4832071,0.44463533
0.38511503,0.41175756,0.3975341,0.49631587,0.441729
0.39188093,0.41734362,0.40992445,0.48910928,0.4558617
0.40351826,0.41194296,0.43075827,0.4763361,0.48310006
0.43572396,0.41854614,0.42221612,0.4723911,0.47188413
0.43978348,0.42023098,0.42809978,0.4367543,0.4484412
0.38024357,0.38480276,0.40058696,0.4247133,0.37565807
0.30960757,0.312734,0.31718084,0.4121768,0.3087032
0.24194857,0.24464363,0.26330602,0.41016647,0.22754924
0.19675237,0.19855946,0.20845628,0.4040972,0.18862441
0.17537212,0.172328,0.1811296,0.40073717,0.16697587
0.16454668,0.16390274,0.17426996,0.39739218,0.14509541
0.16508795,0.15907873,0.16655707,0.39572507,0.12641327
0.17834912,0.16982415,0.17614864,0.3955297,0.13268691
0.21948579,0.20740363,0.20575927,0.39165178,0.14723316
0.27956697,0.26299304,0.2792874,0.38596672,0.22025596
0.34776726,0.3266651,0.33465624,0.38373804,0.26104853
0.39729363,0.38779718,0.38191307,0.3887617,0.3136533
0.4270636,0.39976823,0.4152105,0.39475945,0.371005
0.43870094,0.41304833,0.4322513,0.4110641,0.37816143
0.42949933,0.40647486,0.43191794,0.426256,0.38957614
0.40568337,0.40297124,0.41144484,0.442025,0.3921321
0.37943166,0.36843508,0.38335347,0.45241845,0.34967747
0.3585927,0.35022825,0.35917208,0.45986626,0.34264052
0.347226,0.34379184,0.34796464,0.4661943,0.352633
0.34912044,0.35864,0.3530974,0.4714289,0.40668994
0.36508796,0.38003647,0.3759526,0.47301662,0.39060605
0.38186738,0.37998635,0.39944252,0.47345063,0.42337897
0.4181326,0.38230392,0.39600036,0.47357556,0.42810154
0.42598104,0.38567773,0.41453367,0.4603892,0.3923097
0.37401894,0.36503834,0.39104402,0.45074105,0.34660286
0.30311233,0.30328473,0.3153326,0.43699682,0.28465483
0.2427605,0.23891225,0.253226,0.4286056,0.21663071
0.20162381,0.19032356,0.21044347,0.4278134,0.17424153
0.1767253,0.17671826,0.18532568,0.42464012,0.14148991
0.16400541,0.16845594,0.17008787,0.42094308,0.14041357
0.16211095,0.16207,0.1641728,0.41860947,0.10738373
0.17104195,0.1621187,0.17084314,0.41722766,0.12652186
0.19675237,0.19860283,0.19189312,0.4177333,0.1460741
0.23518267,0.23676066,0.24038766,0.41738367,0.1772521
0.29499322,0.28622884,0.29193705,0.4095224,0.2255032
0.36265224,0.3479879,0.34721226,0.41205984,0.27177656
0.40270635,0.37729478,0.39875004,0.42575097,0.33830056
0.4173207,0.38695335,0.41305852,0.4383821,0.35758013
0.4240866,0.4010901,0.41223964,0.44904038,0.36348498
0.41109607,0.39986527,0.41209024,0.45255625,0.35438943
0.38349122,0.37104857,0.39034182,0.45750973,0.32458687
0.36184034,0.3439572,0.3607187,0.47093815,0.32299048
0.3585927,0.34552953,0.3518322,0.47394085,0.31596458
0.37023005,0.38340798,0.36962917,0.4748871,0.3968958
0.39729363,0.41715533,0.3983478,0.47056642,0.38973838
0.41596752,0.4129567,0.43207288,0.45939973,0.40229058
0.44303113,0.41682255,0.42695224,0.44453228,0.4113956
0.4384303,0.40889454,0.4333779,0.41540098,0.38521212
0.35886332,0.36279565,0.39432907,0.38748962,0.31858334
0.27604872,0.27556127,0.28272396,0.36094868,0.2548488
0.21055481,0.20691402,0.22220203,0.34367123,0.18401575
0.16589986,0.17179182,0.17472239,0.33926532,0.15389864
0.14614344,0.15037152,0.14368114,0.335214,0.15552616
0.14046007,0.13378921,0.14097622,0.32989177,0.16026373
0.14316644,0.14175016,0.14348714,0.3331892,0.15294224
0.17266576,0.16949818,0.15601222,0.33747718,0.1669533
0.25548038,0.24066368,0.22121234,0.34449962,0.21435827
0.3788904,0.37638932,0.3611219,0.35434034,0.33785897
0.43978348,0.43773496,0.46852565,0.3551945,0.40287918
0.44844383,0.4505387,0.45196557,0.36258703,0.39733994
0.45385656,0.43742502,0.45705703,0.3923009,0.4339978
0.46035182,0.44160458,0.45682266,0.41687596,0.44254017
0.44871446,0.4318908,0.45538747,0.43350878,0.4499287
0.43355885,0.4314468,0.4303144,0.4428807,0.45005774
0.4202977,0.41523635,0.41340888,0.4618323,0.4370314
0.40054128,0.40505633,0.40517977,0.48247635,0.44366634
0.38917455,0.3880141,0.3894054,0.49736106,0.43582976
0.38538566,0.41378096,0.40156317,0.51017857,0.4601819
0.3991881,0.41814515,0.41969883,0.5096904,0.46108443
0.41623816,0.42383322,0.4444784,0.50768036,0.4934197
0.45899865,0.42944974,0.43218392,0.492432,0.45624226
0.45737484,0.43159938,0.4523854,0.46180525,0.44487727
0.3805142,0.3916193,0.4131767,0.4363946,0.37404484
0.2893099,0.29843634,0.31075585,0.42512387,0.29029498
0.21948579,0.22016445,0.23581769,0.41772372,0.22887704
0.17780785,0.1815142,0.18763582,0.41163337,0.18947741
0.1518268,0.15546583,0.1643027,0.4079144,0.15170208
0.14370771,0.14026412,0.14512616,0.40358132,0.14215511
0.14451963,0.14470834,0.14669938,0.40073046,0.15206087
0.17239513,0.17568271,0.15654093,0.3984137,0.1805995
0.25142083,0.24438863,0.21852247,0.39511466,0.21416795
0.38024357,0.36998394,0.353382,0.38778645,0.31978953
0.44709066,0.43592316,0.46941692,0.38308692,0.40667194
0.4600812,0.44233063,0.44654447,0.39103654,0.40925825
0.46820027,0.43852648,0.46420383,0.4104967,0.44506592
0.47415426,0.45077717,0.4684747,0.42298752,0.43860638
0.4714479,0.43856475,0.46553844,0.42149305,0.46363032
0.4625169,0.4475952,0.45528388,0.42258686,0.44135588
0.4541272,0.43538556,0.44344378,0.44162872,0.4406535
0.43626523,0.42970282,0.43775097,0.46565154,0.44508713
0.41623816,0.41595215,0.42155802,0.4942706,0.44086725
0.41542625,0.43367082,0.4190731,0.50990856,0.45148003
0.4292287,0.4477036,0.45415688,0.51636505,0.46212572
0.43572396,0.44073918,0.4714784,0.51921475,0.4939735
0.47117728,0.44164607,0.4478202,0.5154959,0.47874922
0.46738836,0.4411643,0.45832843,0.47883782,0.44891846
0.38836265,0.3958575,0.41864324,0.44996473,0.3829739
0.29661706,0.30380762,0.31660813,0.44176266,0.31006873
0.22354533,0.21919852,0.24319799,0.43134704,0.22882307
0.1759134,0.18268071,0.19050288,0.42795113,0.18603063
0.14912044,0.15648472,0.15919043,0.42436904,0.19104613
0.13775373,0.14554477,0.14357255,0.4172297,0.17489617
0.13856563,0.15192397,0.14002807,0.4127791,0.16878162
0.16238159,0.17687967,0.15209182,0.40978053,0.19029723
0.24113667,0.24141781,0.20612623,0.41336262,0.23996198
0.37239513,0.36335474,0.34340024,0.4118892,0.33197135
0.4368065,0.4371727,0.46169555,0.41256425,0.39563516
0.44898513,0.43727455,0.43798205,0.4163224,0.39661986
0.45304465,0.43595472,0.45480666,0.4201845,0.4445929
0.45087957,0.44004732,0.4542293,0.4248193,0.4414003
0.4435724,0.42784023,0.4426058,0.42885506,0.44351107
0.42598104,0.42402512,0.42818022,0.44640312,0.46224147
0.42381597,0.41313094,0.4049059,0.4719714,0.43402445
0.4143437,0.41436398,0.4114275,0.4890539,0.44176465
0.40730718,0.3989847,0.4007042,0.49074474,0.43261048
0.41380244,0.42795303,0.41338986,0.4915951,0.47236562
0.43572396,0.44593978,0.44974464,0.4932047,0.47389567
0.45548037,0.45052475,0.4783261,0.49063686,0.50860715
0.48010826,0.44637296,0.47021437,0.4903474,0.4982853
0.45818675,0.44887733,0.4606998,0.47092083,0.46308678
0.3772666,0.3898902,0.40073213,0.44264475,0.39246434
0.2866035,0.29709774,0.304794,0.43449932,0.30811152
0.21434371,0.21838373,0.23108983,0.4289252,0.20996864
0.16806495,0.18169804,0.17978704,0.42339572,0.18838805
0.1466847,0.1437947,0.15171991,0.4202358,0.18811187
0.13396482,0.13958877,0.14412646,0.4179166,0.18622935
0.13748309,0.14649576,0.1345693,0.4140846,0.16597462
0.16481732,0.16151118,0.1558685,0.4074703,0.19228657
0.24709067,0.2410299,0.21955584,0.40569037,0.23571739
0.37077132,0.3569469,0.3666494,0.4027295,0.37306786
0.42733425,0.427498,0.44695508,0.40432453,0.42905912
0.43545333,0.42241132,0.433569,0.40464514,0.41584206
0.43815967,0.4207424,0.4434631,0.4095311,0.451308
0.43788904,0.41651028,0.44148928,0.4145496,0.46154082
0.43653587,0.40495473,0.43306434,0.4165565,0.46425176
0.42868742,0.40594238,0.42557815,0.42558303,0.44839883
0.42814615,0.40292466,0.4137218,0.44071102,0.44670254
0.4202977,0.40242568,0.4169129,0.46242884,0.4603892
0.4135318,0.39240658,0.4090162,0.46231794,0.44550097
0.41948578,0.42168176,0.42072648,0.45099512,0.45913827
0.43897158,0.4429623,0.45626423,0.44560695,0.47747147
0.45520973,0.44730243,0.4802615,0.44421044,0.49868244
0.485521,0.44181997,0.4638438,0.4460694,0.47727454
0.473613,0.4439047,0.46394223,0.44425708,0.4716015
0.40189445,0.39205658,0.41931826,0.43432674,0.38798594
0.31258458,0.30748832,0.3314222,0.43234435,0.30783233
0.23707713,0.23108172,0.2549527,0.43077856,0.24247925
0.1962111,0.18248507,0.19966607,0.4295882,0.20820682
0.17131259,0.17130122,0.18336415,0.4281842,0.18358992
0.16075778,0.16476122,0.16572599,0.42778793,0.16334325
0.16562922,0.16591449,0.16478072,0.42901447,0.16607319
0.18917456,0.18719102,0.18765815,0.42515704,0.19533266
0.26414073,0.26227838,0.23911755,0.41812932,0.22092442
0.38971582,0.37999043,0.37275827,0.41410854,0.3346133
0.46305817,0.44523096,0.46593302,0.41490418,0.41276026
0.4895805,0.46636367,0.4719031,0.4136479,0.4192813
0.5020298,0.47247157,0.49601805,0.41788366,0.45776922
0.51772666,0.48617786,0.5025238,0.42400822,0.4472468
0.52449256,0.48637664,0.5128611,0.42805237,0.4641754
0.5182679,0.49599436,0.5109353,0.43159652,0.4316048
0.51231396,0.4904284,0.4986787,0.43393463,0.44601446
0.49715832,0.48177564,0.49545974,0.43886116,0.44598484
0.4879567,0.46942344,0.48067495,0.44272286,0.44463533
0.4917456,0.49309504,0.49293885,0.44031233,0.441729
0.50121784,0.51505584,0.5236301,0.44230825,0.4558617
0.49959403,0.4981718,0.5368379,0.44280016,0.48310006
0.49986467,0.4789487,0.5036254,0.44428828,0.47188413
0.479567,0.46234593,0.46944654,0.4447202,0.4484412
0.41407308,0.41106832,0.42584646,0.44311056,0.37565807
0.33667117,0.34064794,0.34916288,0.44563937,0.3087032
0.2638701,0.2638768,0.28556457,0.44485572,0.22754924
0.21515562,0.2149083,0.22841541,0.44386896,0.18862441
0.1864682,0.18640648,0.19884607,0.44296882,0.16697587
0.17077132,0.1724857,0.1825793,0.43964848,0.14509541
0.16671178,0.16371791,0.17591587,0.43995506,0.12641327
0.17916103,0.17207573,0.1853011,0.43978372,0.13268691
0.20811908,0.20860082,0.22113815,0.4361753,0.14723316
0.25548038,0.25440252,0.26882005,0.43336216,0.22025596
0.31962112,0.3064062,0.30912918,0.43262365,0.26104853
0.38376185,0.37205434,0.36636433,0.43309057,0.3136533
0.42273343,0.39869827,0.4143753,0.43551934,0.371005
0.42868742,0.41533548,0.43316567,0.44037908,0.37816143
0.41948578,0.40213606,0.41892716,0.443331,0.38957614
0.3948579,0.39695877,0.40063626,0.4509686,0.3921321
0.3661705,0.3634894,0.36937904,0.45622066,0.34967747
0.34749663,0.3397304,0.34160596,0.45946452,0.34264052
0.3404601,0.33723354,0.3356651,0.46384588,0.352633
0.34614342,0.3527149,0.34748662,0.46407285,0.40668994
0.36806494,0.37830162,0.37781912,0.45980787,0.39060605
0.37834913,0.38178664,0.40942886,0.45178086,0.42337897
0.39891747,0.37447053,0.3901679,0.44262657,0.42810154
0.3932341,0.36431393,0.3887015,0.42427158,0.3923097
0.3428958,0.33795813,0.35495147,0.41794527,0.34660286
0.27496618,0.27962425,0.28813446,0.4183912,0.28465483
0.21217862,0.21367638,0.22721384,0.41843665,0.21663071
0.16914749,0.16830495,0.17914023,0.41381425,0.17424153
0.14479026,0.1457929,0.15269189,0.41131896,0.14148991
0.13125846,0.13632584,0.13943532,0.40777558,0.14041357
0.12638701,0.13519993,0.13123898,0.40612507,0.10738373
0.13450609,0.13578172,0.13314918,0.40194276,0.12652186
0.15967524,0.16126373,0.154852,0.401093,0.1460741
0.19161029,0.19960661,0.20176037,0.40532568,0.1772521
0.24573748,0.2432121,0.24425586,0.40480152,0.2255032
0.3112314,0.30335432,0.30194086,0.4071448,0.27177656
0.36048713,0.33588088,0.35223868,0.41355023,0.33830056
0.3753721,0.35663086,0.3772984,0.42321077,0.35758013
0.37428957,0.36461115,0.37347072,0.42831472,0.36348498
0.36346415,0.35722452,0.36269736,0.44480076,0.35438943
0.34912044,0.3352999,0.34815368,0.45902526,0.32458687
0.3396482,0.31983736,0.33594272,0.46701944,0.32299048
0.34154263,0.32934666,0.33631483,0.47789958,0.31596458
0.35832205,0.36698127,0.35543934,0.47736442,0.3968958
0.38240865,0.39843035,0.38952178,0.4672496,0.38973838
0.38998646,0.39381042,0.409726,0.47290003,0.40229058
0.4121786,0.38798782,0.3923192,0.46805242,0.4113956
0.4232747,0.37908345,0.40065083,0.44562128,0.38521212
0.35236806,0.3502505,0.38773757,0.43162668,0.31858334
0.27659,0.2726438,0.27756602,0.4232545,0.2548488
0.21650879,0.2077665,0.2245619,0.4154544,0.18401575
0.17997293,0.16873728,0.18364803,0.40934294,0.15389864
0.15859269,0.16255137,0.16329286,0.40629143,0.15552616
0.15290934,0.14771849,0.15399757,0.39965373,0.16026373
0.15832205,0.15379618,0.15985024,0.39989182,0.15294224
0.1856563,0.17948417,0.178536,0.39418066,0.1669533
0.258728,0.25769904,0.23480614,0.3929755,0.21435827
0.36075777,0.37734926,0.35354355,0.3964572,0.33785897
0.4232747,0.4203936,0.43576235,0.3953701,0.40287918
0.4392422,0.44449782,0.4467653,0.40112415,0.39733994
0.44086602,0.43431985,0.45118412,0.41669855,0.4339978
0.4368065,0.43171382,0.44335705,0.43232578,0.44254017
0.43274695,0.41157523,0.43110836,0.4415507,0.4499287
0.4173207,0.41765806,0.4218204,0.46364146,0.45005774
0.40920162,0.40339094,0.39964792,0.48073995,0.4370314
0.3924222,0.39773926,0.39883754,0.49026218,0.44366634
0.3745602,0.3813451,0.3823886,0.49455664,0.43582976
0.3737483,0.39762953,0.38203293,0.4979105,0.4601819
0.3864682,0.40628827,0.4116332,0.48165253,0.46108443
0.40108255,0.4124527,0.4254126,0.48454395,0.4934197
0.43572396,0.41747677,0.4201092,0.4662849,0.45624226
0.44925576,0.41406584,0.43460923,0.43837392,0.44487727
0.3780785,0.3887385,0.4176115,0.42066908,0.37404484
0.28876862,0.2955856,0.3089821,0.40456378,0.29029498
0.22083898,0.21808839,0.23593286,0.38519782,0.22887704
0.17753722,0.18181476,0.19068171,0.375145,0.18947741
0.15696888,0.15343729,0.16165473,0.3682582,0.15170208
0.1458728,0.14058767,0.15346356,0.358332,0.14215511
0.1466847,0.14452873,0.1456246,0.35307208,0.15206087
0.17483085,0.17455281,0.15760441,0.34774557,0.1805995
0.24871448,0.24393535,0.21880326,0.35027847,0.21416795
0.35074425,0.36430737,0.34058803,0.3581021,0.31978953
0.4143437,0.40612715,0.42582247,0.360892,0.40667194
0.43058187,0.4209773,0.42741102,0.36930674,0.40925825
0.43545333,0.41942036,0.43738377,0.39488178,0.44506592
0.43788904,0.42566535,0.4371565,0.4203264,0.43860638
0.4324763,0.41155344,0.43220383,0.4483768,0.46363032
0.42056835,0.41885868,0.41830397,0.4664323,0.44135588
0.42056835,0.40389717,0.40275794,0.48852512,0.4406535
0.4156969,0.4076711,0.41004825,0.509001,0.44508713
0.4143437,0.40138236,0.40601254,0.50939023,0.44086725
0.4308525,0.4350517,0.4237469,0.513584,0.45148003
0.45169148,0.46720207,0.4673246,0.5013964,0.46212572
0.45656294,0.4595222,0.48172224,0.5065881,0.4939735
0.46278754,0.45332444,0.4603086,0.5004041,0.47874922
0.45602164,0.42619222,0.43889037,0.4829575,0.44891846
0.38240865,0.38519597,0.4064341,0.47225547,0.3829739
0.30581868,0.29540727,0.306792,0.4681092,0.31006873
0.23653586,0.22443406,0.25492954,0.4524031,0.22882307
0.19079837,0.18745029,0.20055358,0.44813225,0.18603063
0.16454668,0.16444111,0.17266154,0.44663242,0.19104613
0.15453315,0.15362865,0.15987986,0.442325,0.17489617
0.15480378,0.16126809,0.15989429,0.43669268,0.16878162
0.18078485,0.18388912,0.17410353,0.4283442,0.19029723
0.25060892,0.2535196,0.23680638,0.4032524,0.23996198
0.35290933,0.3708347,0.35035604,0.39137095,0.33197135
0.41786197,0.41393146,0.41931427,0.37693006,0.39563516
0.4338295,0.42800072,0.43891883,0.39264157,0.39661986
0.43410012,0.42695695,0.4426192,0.41366503,0.4445929
0.43734777,0.42655534,0.4368118,0.42738104,0.4414003
0.43139377,0.41885036,0.43405575,0.45322195,0.44351107
0.41596752,0.41679552,0.419446,0.47217253,0.46224147
0.4113667,0.40818986,0.3986357,0.4864072,0.43402445
0.4,0.40738443,0.40060794,0.5106542,0.44176465
0.39188093,0.38811374,0.3880328,0.52312315,0.43261048
0.39296347,0.41548437,0.39910132,0.52961254,0.47236562
0.40162382,0.42703813,0.4242003,0.52193296,0.47389567
0.4105548,0.41866738,0.43647018,0.5151793,0.50860715
0.4338295,0.40748626,0.42231977,0.501245,0.4982853
0.45439783,0.41292405,0.42132294,0.47846675,0.46308678
0.38917455,0.3986197,0.42338645,0.4536544,0.39246434
0.30175912,0.3114456,0.31930965,0.4462961,0.30811152
0.22625169,0.23110485,0.24464396,0.42912164,0.20996864
0.1797023,0.18697692,0.18926881,0.40699545,0.18838805
0.15967524,0.15466198,0.16219254,0.39917326,0.18811187
0.15074424,0.1493244,0.15742902,0.39487064,0.18622935
0.15399188,0.16198836,0.15254027,0.3928689,0.16597462
0.18457375,0.17306072,0.16788967,0.39162236,0.19228657
0.26116374,0.25878406,0.23093098,0.3837403,0.23571739
0.36346415,0.3693127,0.3539424,0.37971836,0.37306786
0.4257104,0.41517574,0.4319257,0.37002876,0.42905912
0.44627875,0.42624238,0.43790865,0.38125604,0.41584206
0.44898513,0.43036696,0.4541412,0.40319982,0.451308
0.45169148,0.42285055,0.4499823,0.41358837,0.46154082
0.45223275,0.41297895,0.44605958,0.43586397,0.46425176
0.44221923,0.41781962,0.44051993,0.4563314,0.44839883
0.44411367,0.40984386,0.42469928,0.46090367,0.44670254
0.43139377,0.41372767,0.4339358,0.4787076,0.4603892
0.41975644,0.39887428,0.41584527,0.5036794,0.44550097
0.4248985,0.4247463,0.42399862,0.5143484,0.45913827
0.43951285,0.44670594,0.45730224,0.52359176,0.47747147
0.4541272,0.44872546,0.47253072,0.5222502,0.49868244
0.47415426,0.44394085,0.46508107,0.5095767,0.47727454
0.4714479,0.43237197,0.45740905,0.49752602,0.4716015
0.40189445,0.394449,0.42410898,0.476017,0.38798594
0.3104195,0.30246797,0.32834524,0.46703202,0.30783233
0.23815967,0.22377136,0.25022015,0.45111004,0.24247925
0.19079837,0.17906943,0.20285195,0.42357445,0.20820682
0.16644114,0.16396703,0.17311694,0.40542358,0.18358992
0.15426251,0.15533617,0.16164446,0.38429514,0.16334325
0.15426251,0.15840675,0.15626548,0.3734631,0.16607319
0.1759134,0.17602366,0.1698919,0.37187463,0.19533266
0.2414073,0.24550842,0.22195266,0.36972943,0.22092442
0.33829498,0.35293746,0.33536655,0.38120586,0.3346133
0.41082543,0.39492178,0.40949565,0.38355714,0.41276026
0.4368065,0.42796856,0.43662766,0.40011317,0.4192813
0.44682002,0.43012822,0.4473045,0.44465542,0.45776922
0.45764548,0.4343735,0.45113152,0.47312135,0.4472468
0.45520973,0.43200886,0.45475578,0.5045018,0.4641754
0.44167796,0.43819678,0.4413438,0.5486388,0.4316048
0.43301758,0.4310184,0.42207405,0.55323195,0.44601446
0.42110962,0.42673612,0.41679808,0.5975077,0.44598484
0.41109607,0.40599003,0.4072716,0.60689867,0.44463533
0.40920162,0.4261117,0.41421458,0.602782,0.441729
0.41028416,0.43636593,0.43828458,0.5729592,0.4558617
0.40920162,0.42260373,0.44647413,0.5681367,0.48310006
0.42354533,0.41429308,0.4235252,0.5260531,0.47188413
0.42598104,0.39981014,0.4084847,0.50634885,0.4484412
0.3686062,0.37466955,0.38680688,0.49439248,0.37565807
0.29364005,0.3028099,0.30682355,0.491237,0.3087032
0.22273342,0.22602049,0.24522996,0.4313271,0.22754924
0.17428958,0.17871979,0.18888007,0.42672998,0.18862441
0.14749661,0.14814815,0.15774749,0.4220215,0.16697587
0.13342355,0.13439883,0.14399351,0.41946322,0.14509541
0.12611638,0.1262906,0.135511,0.4113238,0.12641327
0.12990528,0.13986906,0.13479832,0.39229792,0.13268691
0.16048715,0.1580397,0.15412176,0.39036357,0.14723316
0.20703654,0.21066178,0.21356203,0.3866949,0.22025596
0.27361298,0.26029176,0.2610256,0.3706811,0.26104853
0.3396482,0.32671064,0.32388097,0.36178043,0.3136533
0.38673884,0.35584944,0.37301496,0.36919707,0.371005
0.39864683,0.37334126,0.40073153,0.3827132,0.37816143
0.3907984,0.36600828,0.3925795,0.4056531,0.38957614
0.37077132,0.35903227,0.37418586,0.43885788,0.3921321
0.35020298,0.3321169,0.3502282,0.45593607,0.34967747
0.33585927,0.3169053,0.33231604,0.47175032,0.34264052
0.32990527,0.3238861,0.32728335,0.48131284,0.352633
0.33558863,0.33591992,0.33765697,0.4888964,0.40668994
0.35074425,0.36069405,0.36414477,0.4905379,0.39060605
0.3548038,0.3596505,0.38500342,0.48666206,0.42337897
0.37266576,0.34932205,0.3674512,0.48561272,0.42810154
0.39729363,0.34110373,0.36658865,0.47301504,0.3923097
0.34939107,0.34146136,0.37363976,0.46941775,0.34660286
0.28606224,0.27788994,0.2891178,0.46242782,0.28465483
0.22733423,0.21679474,0.23967443,0.43086922,0.21663071
0.18294993,0.17320481,0.19608235,0.42068994,0.17424153
0.15751015,0.15284085,0.16453494,0.41731384,0.14148991
0.14695534,0.14378528,0.15315776,0.4172847,0.14041357
0.14695534,0.14496256,0.15099832,0.41277164,0.10738373
0.15588634,0.14831713,0.15974787,0.40525296,0.12652186
0.17861976,0.18097347,0.18092261,0.4035999,0.1460741
0.21055481,0.21813925,0.2221453,0.40359488,0.1772521
0.26792964,0.26255593,0.26340693,0.3983919,0.2255032
0.32963464,0.325291,0.32448494,0.40028337,0.27177656
0.36211097,0.35182896,0.36804295,0.40598664,0.33830056
0.36671177,0.35737574,0.37483418,0.4139607,0.35758013
0.3610284,0.3569636,0.36425322,0.42286628,0.36348498
0.3466847,0.34774733,0.35121602,0.43380728,0.35438943
0.3285521,0.32546133,0.3323482,0.44405285,0.32458687
0.31339648,0.30776817,0.31470293,0.45296267,0.32299048
0.31096077,0.31224972,0.30748785,0.47249892,0.31596458
0.32286873,0.34340662,0.32343495,0.48013756,0.3968958
0.34993234,0.36632806,0.35356587,0.49507877,0.38973838
0.3669824,0.36978263,0.38691458,0.49049506,0.40229058
0.39566982,0.37712875,0.38406777,0.4885358,0.4113956
0.42083898,0.37166798,0.39890194,0.46929404,0.38521212
0.35967523,0.35709515,0.39677107,0.4380768,0.31858334
0.28281462,0.27889985,0.2886773,0.43019217,0.2548488
0.22083898,0.2158517,0.22976868,0.41689175,0.18401575
0.17997293,0.1731997,0.18683122,0.41202557,0.15389864
0.16238159,0.16279511,0.15982081,0.40679526,0.15552616
0.15696888,0.15082628,0.15857339,0.40359202,0.16026373
0.16346414,0.15882626,0.16002014,0.3970642,0.15294224
0.19485791,0.18263173,0.17843673,0.39208293,0.1669533
0.27388364,0.26492518,0.23974292,0.3858025,0.21435827
0.37699595,0.3893205,0.36871523,0.38672116,0.33785897
0.4419486,0.4312951,0.45564577,0.38091543,0.40287918
0.4533153,0.45624292,0.45588943,0.39167157,0.39733994
0.45683357,0.440228,0.45870072,0.41400048,0.4339978
0.45656294,0.44037086,0.45738283,0.42899543,0.44254017
0.45223275,0.42437506,0.45020282,0.4368437,0.4499287
0.43707713,0.43200836,0.43943822,0.44353664,0.45005774
0.43031123,0.41656622,0.4186312,0.46087566,0.4370314
0.41190797,0.41239828,0.42072797,0.46283048,0.44366634
0.39539918,0.39761433,0.40059096,0.4772428,0.43582976
0.39431664,0.41760504,0.4045825,0.47419634,0.4601819
0.40784845,0.42743945,0.4294927,0.48423746,0.46108443
0.42381597,0.43291658,0.44414428,0.47462788,0.4934197
0.4511502,0.43721777,0.43974215,0.46874973,0.45624226
0.46955344,0.42487943,0.44667545,0.44908938,0.44487727
0.4,0.4075638,0.44107562,0.42342567,0.37404484
0.3179973,0.3139873,0.32685667,0.4122219,0.29029498
0.25142083,0.24263984,0.266574,0.38710648,0.22887704
0.21271989,0.19865283,0.21968074,0.3770901,0.18947741
0.19215156,0.18069975,0.19919598,0.3702067,0.15170208
0.18511502,0.17292784,0.18951502,0.36813995,0.14215511
0.1834912,0.18193683,0.18964429,0.36119497,0.15206087
0.21109608,0.19959344,0.19523507,0.36287206,0.1805995
0.28227335,0.27976146,0.25775838,0.36160317,0.21416795
0.38322058,0.39678985,0.3688252,0.36059397,0.31978953
0.44790256,0.43496436,0.45239055,0.35840204,0.40667194
0.4700947,0.45216233,0.45874685,0.3652568,0.40925825
0.47740188,0.45241362,0.47455174,0.39405203,0.44506592
0.4820027,0.46260375,0.475422,0.4132019,0.43860638
0.48335588,0.44819272,0.47316474,0.42576766,0.46363032
0.47902572,0.46371597,0.46849346,0.43470663,0.44135588
0.47794315,0.451451,0.4609201,0.44500238,0.4406535
0.47063598,0.45269567,0.46291327,0.4560761,0.44508713
0.46630582,0.44679755,0.45713472,0.46626142,0.44086725
0.47334236,0.48419404,0.47141874,0.4700623,0.45148003
0.49445197,0.508722,0.50117964,0.4755774,0.46212572
0.5017591,0.5006885,0.52317405,0.47200286,0.4939735
0.5069012,0.48954356,0.49848711,0.46896753,0.47874922
0.49201623,0.46354914,0.4788828,0.45864376,0.44891846
0.41975644,0.41786674,0.43712604,0.44614944,0.3829739
0.329364,0.32757375,0.3447821,0.442548,0.31006873
0.258728,0.24810532,0.26886567,0.4369757,0.22882307
0.21217862,0.20434006,0.2223887,0.43364066,0.18603063
0.18619756,0.18801314,0.19298813,0.42636245,0.19104613
0.17374831,0.17367616,0.17968768,0.4224469,0.17489617
0.17483085,0.17989653,0.17702655,0.41304004,0.16878162
0.19864681,0.19828254,0.19480982,0.41192546,0.19029723
0.27009472,0.26925454,0.25233158,0.41406465,0.23996198
0.37510148,0.39181012,0.36864486,0.4116144,0.33197135
0.43491206,0.43664327,0.44168955,0.4126641,0.39563516
0.4511502,0.44510972,0.45328444,0.4175275,0.39661986
0.4549391,0.44651276,0.46026295,0.4298485,0.4445929
0.45764548,0.44934657,0.4581475,0.44516036,0.4414003
0.44925576,0.44274512,0.45320398,0.47237596,0.44351107
0.43572396,0.436456,0.43486917,0.50886166,0.46224147
0.43112314,0.42656344,0.4172837,0.51787937,0.43402445
0.4173207,0.42433167,0.4172243,0.5397316,0.44176465
0.4067659,0.4057204,0.40019947,0.5618658,0.43261048
0.40216509,0.431384,0.40851498,0.5720215,0.47236562
0.40568337,0.43823594,0.42830005,0.5528686,0.47389567
0.40784845,0.4260258,0.44275022,0.5098497,0.50860715
0.43031123,0.4090145,0.41917026,0.46515682,0.4982853
0.44546685,0.41157195,0.41691205,0.4177881,0.46308678
0.37401894,0.39231703,0.41190115,0.38445622,0.39246434
0.28525034,0.30153817,0.30216217,0.37711337,0.30811152
0.21705006,0.21765968,0.23079623,0.35501656,0.20996864
0.17374831,0.18364935,0.18639691,0.3604444,0.18838805
0.15128551,0.15088089,0.15796772,0.3555689,0.18811187
0.13856563,0.1411767,0.14732078,0.35732114,0.18622935
0.13883626,0.14926413,0.13876437,0.3462906,0.16597462
0.15832205,0.16017109,0.15008323,0.35029274,0.19228657
0.22516915,0.231338,0.19169901,0.34785146,0.23571739
0.33179972,0.3302194,0.30464554,0.3517319,0.37306786
0.4008119,0.3882714,0.40679714,0.3474149,0.42905912
0.42516914,0.404687,0.41670737,0.3500097,0.41584206
0.43626523,0.41476142,0.43292445,0.35755447,0.451308
0.44330177,0.41367245,0.43807894,0.37795597,0.46154082
0.43897158,0.40726438,0.43694174,0.40053102,0.46425176
0.4248985,0.40277117,0.42384917,0.43725082,0.44839883
0.41975644,0.39505947,0.40542376,0.45396268,0.44670254
0.40433016,0.3881828,0.4065024,0.4726796,0.4603892
0.38619757,0.3720608,0.38957226,0.49987328,0.44550097
0.38457376,0.3888004,0.38730484,0.52324116,0.45913827
0.38619757,0.40675473,0.4154156,0.5326383,0.47747147
0.38782138,0.4035023,0.415571,0.531351,0.49868244
0.40703654,0.3837237,0.39984828,0.5271518,0.47727454
0.4351827,0.3757666,0.3965507,0.5087323,0.4716015
0.37834913,0.37244573,0.40839157,0.47865322,0.38798594
0.29715833,0.2893525,0.313118,0.46057,0.30783233
0.2278755,0.21873143,0.24698184,0.4395527,0.24247925
0.18809202,0.17512411,0.19719869,0.41590825,0.20820682
0.16725305,0.16336663,0.17638548,0.40926683,0.18358992
0.15696888,0.15972124,0.16646996,0.39827764,0.16334325
0.15859269,0.16179715,0.16155705,0.39145613,0.16607319
0.1826793,0.17929122,0.17456383,0.39082992,0.19533266
0.25006765,0.25344193,0.22152334,0.38609612,0.22092442
0.35101488,0.3618108,0.32686204,0.38551039,0.3346133
0.41380244,0.4092296,0.42047665,0.38406914,0.41276026
0.4270636,0.42890307,0.42667174,0.39278334,0.4192813
0.43112314,0.41638625,0.43088165,0.40267208,0.45776922
0.4343708,0.41546333,0.4319129,0.42032582,0.4472468
0.42733425,0.40775716,0.42787543,0.44763678,0.4641754
0.41623816,0.4085623,0.41190833,0.46572515,0.4316048
0.40947226,0.40388536,0.39864698,0.4785529,0.44601446
0.39648172,0.39816183,0.3951641,0.47768256,0.44598484
0.38538566,0.379765,0.3835585,0.49577072,0.44463533
0.38024357,0.398828,0.3910975,0.5018353,0.441729
0.38267928,0.40387174,0.4065192,0.5019263,0.4558617
0.37861976,0.3964449,0.41452736,0.5016108,0.48310006
0.3924222,0.39266393,0.39083472,0.4953507,0.47188413
0.4105548,0.3769857,0.38700336,0.4793529,0.4484412
0.36427605,0.36708555,0.3850268,0.4511578,0.37565807
0.29742897,0.29784057,0.3074307,0.42994356,0.3087032
0.23058186,0.23108084,0.25363508,0.41739202,0.22754924
0.18132612,0.18575037,0.19925863,0.40166712,0.18862441
0.15615697,0.15467814,0.16424957,0.39054933,0.16697587
0.14262517,0.14315718,0.15442486,0.38154718,0.14509541
0.14073072,0.13637155,0.14492509,0.37339216,0.12641327
0.15236807,0.14971223,0.15180148,0.3684886,0.13268691
0.18024357,0.18028368,0.17874396,0.3619334,0.14723316
0.2278755,0.22566198,0.22405013,0.35628515,0.22025596
0.2893099,0.27544105,0.2781799,0.35419214,0.26104853
0.33234102,0.3382187,0.33094475,0.37583843,0.3136533
0.3488498,0.3450375,0.35572812,0.40472823,0.371005
0.35128552,0.34130985,0.35684377,0.43128055,0.37816143
0.3396482,0.32871348,0.34904724,0.47328943,0.38957614
0.32395127,0.31946895,0.32803664,0.49357268,0.3921321
0.30690122,0.30077523,0.30951804,0.50596726,0.34967747
0.29391068,0.2864511,0.2925423,0.5014758,0.34264052
0.29066306,0.29327953,0.28704515,0.5189533,0.352633
0.29824087,0.3043478,0.30055824,0.51415855,0.40668994
0.31231394,0.3240391,0.32560736,0.5121469,0.39060605
0.31853858,0.32516837,0.34352684,0.500132,0.42337897
0.33640054,0.32023424,0.334439,0.48481432,0.42810154
0.3631935,0.31671154,0.33817884,0.4601511,0.3923097
0.31691474,0.31771684,0.34746557,0.42184573,0.34660286
0.25087956,0.2533247,0.2592608,0.40657842,0.28465483
0.1902571,0.18700543,0.20552583,0.38745126,0.21663071
0.1466847,0.14834276,0.16129512,0.3620544,0.17424153
0.12341002,0.1273038,0.13056183,0.34949967,0.14148991
0.11041949,0.11451813,0.11984116,0.3481863,0.14041357
0.108254395,0.117887676,0.1104444,0.3457858,0.10738373
0.1158322,0.1212579,0.11616954,0.34138072,0.12652186
0.13504736,0.14398265,0.13555472,0.33393717,0.1460741
0.16535859,0.17598951,0.17446601,0.32946348,0.1772521
0.22219215,0.21587098,0.2213793,0.33435258,0.2255032
0.28010824,0.27679467,0.28009972,0.35190412,0.27177656
0.31393775,0.29935288,0.32056877,0.38634205,0.33830056
0.3217862,0.31721663,0.33311927,0.42537838,0.35758013
0.317456,0.31464309,0.32565108,0.4763116,0.36348498
0.3052774,0.31165218,0.31312755,0.50922793,0.35438943
0.28822732,0.29348624,0.29629403,0.5304364,0.32458687
0.27875507,0.2768096,0.2789879,0.52924144,0.32299048
0.27631935,0.28161097,0.2801473,0.53259254,0.31596458
0.28768605,0.2977382,0.29060322,0.54005337,0.3968958
0.31150204,0.32355845,0.318661,0.54534006,0.38973838
0.32449254,0.32470024,0.345446,0.52358687,0.40229058
0.34641406,0.34055492,0.3390557,0.4990755,0.4113956
0.37401894,0.33011842,0.34848976,0.4700872,0.38521212
0.30635995,0.31757694,0.35553202,0.4227246,0.31858334
0.22300406,0.23868106,0.23410995,0.40016627,0.2548488
0.14830853,0.16017163,0.17238912,0.38188177,0.18401575
0.105277404,0.12385398,0.113933295,0.36215943,0.15389864
0.08822733,0.10397391,0.088741586,0.35339057,0.15552616
0.085520975,0.0877424,0.08712512,0.33767703,0.16026373
0.08930988,0.1034268,0.08986001,0.32534426,0.15294224
0.117185384,0.13258682,0.10116814,0.3238029,0.1669533
0.18998647,0.1933587,0.16081706,0.3185166,0.21435827
0.30960757,0.29700685,0.29093605,0.30707908,0.33785897
0.3759134,0.37131143,0.41650626,0.31827986,0.40287918
0.38971582,0.3946525,0.39548618,0.33887708,0.39733994
0.39783493,0.38122392,0.40629452,0.38074246,0.4339978
0.4067659,0.38748115,0.40614438,0.42705008,0.44254017
0.408931,0.37988478,0.40673772,0.46147498,0.4499287
0.40243572,0.38859814,0.40001324,0.4928414,0.45005774
0.40135318,0.38460112,0.38849425,0.51980186,0.4370314
0.38890392,0.38311613,0.39461464,0.5357261,0.44366634
0.37916103,0.37188634,0.38359076,0.53685737,0.43582976
0.3805142,0.39111128,0.39573354,0.5574982,0.4601819
0.38836265,0.4023695,0.41944996,0.5503943,0.46108443
0.3916103,0.40379298,0.425052,0.54452956,0.4934197
0.405954,0.40011588,0.4058475,0.5305855,0.45624226
0.42219216,0.38252744,0.39686188,0.506508,0.44487727
0.3480379,0.3637942,0.39109248,0.47597125,0.37404484
0.25196213,0.2646278,0.2753462,0.44649675,0.29029498
0.17456022,0.18539159,0.19753943,0.4343656,0.22887704
0.13098782,0.15880415,0.14410284,0.4369705,0.18947741
0.105277404,0.12092538,0.11989777,0.43390173,0.15170208
0.09309878,0.10116987,0.10092634,0.42175996,0.14215511
0.095805146,0.107216746,0.094291136,0.40833613,0.15206087
0.1188092,0.14151527,0.114776924,0.40014446,0.1805995
0.18673883,0.19961807,0.17043962,0.38534123,0.21416795
0.29634643,0.29706442,0.29110938,0.37177742,0.31978953
0.3594046,0.36561474,0.38122082,0.35818338,0.40667194
0.37401894,0.3765365,0.38128924,0.38037288,0.40925825
0.382138,0.36992815,0.389035,0.42105287,0.44506592
0.38782138,0.38032645,0.391183,0.4583505,0.43860638
0.38863328,0.36939305,0.38671052,0.4914894,0.46363032
0.38024357,0.3801152,0.37877828,0.5197195,0.44135588
0.382138,0.37224984,0.36423343,0.54797745,0.4406535
0.38836265,0.37540668,0.37229204,0.5733143,0.44508713
0.3788904,0.37598258,0.38609678,0.58678925,0.44086725
0.37320703,0.39484566,0.38212153,0.60216093,0.45148003
0.37239513,0.39966404,0.4076783,0.5996469,0.46212572
0.3737483,0.37952548,0.41223893,0.5764797,0.4939735
0.38511503,0.3857866,0.39309087,0.55262125,0.47874922
0.4127199,0.37005582,0.3747877,0.51409185,0.44891846
0.3518268,0.35711426,0.3852563,0.47548223,0.3829739
0.26143438,0.27002698,0.28539047,0.44526646,0.31006873
0.18917456,0.18679184,0.20856246,0.4236236,0.22882307
0.14614344,0.16216387,0.16147555,0.41257852,0.18603063
0.12097429,0.15175548,0.13532025,0.39503235,0.19193654
0.10690122,0.1261901,0.11919741,0.38013607,0.17186758
0.10987821,0.13177805,0.110789835,0.35970238,0.17655091
0.13477673,0.1719588,0.12998529,0.35960335,0.1869824
0.20270637,0.22183913,0.18230347,0.35741475,0.23842156
0.31474966,0.3426713,0.2930761,0.35115314,0.34421754
0.37943166,0.40424785,0.39342687,0.34360245,0.41650468
0.39188093,0.4136834,0.3976211,0.36218172,0.4174298
0.3948579,0.40560704,0.4028377,0.4048456,0.45936084
0.40784845,0.4250244,0.4012915,0.44951645,0.45359802
0.41082543,0.40827745,0.40909925,0.48951235,0.46423453
0.40433016,0.42942253,0.40172064,0.5245795,0.47417253
0.40730718,0.4155919,0.3894807,0.56562877,0.45425338
0.39783493,0.41058463,0.39892477,0.5809618,0.45485884
0.38998646,0.4066992,0.38523448,0.5868399,0.45283943
0.38700947,0.4202904,0.3974719,0.6027864,0.48757535
0.38755074,0.44815204,0.41728985,0.6103082,0.49052918
0.38673884,0.41218427,0.42357367,0.5953852,0.5317435
0.39891747,0.39509243,0.4034114,0.5648395,0.5154806
0.4292287,0.40277368,0.39087543,0.53199995,0.4720499
0.37050068,0.39589065,0.40457478,0.4737486,0.4071205
0.2744249,0.30583927,0.30248934,0.4346283,0.31658477
0.19485791,0.21618246,0.2162092,0.40229452,0.21993534
0.14533153,0.18039688,0.1619028,0.38090754,0.19191347
0.12286874,0.15352614,0.1297182,0.36126325,0.19037437
0.11339648,0.13681263,0.121463925,0.34192565,0.18881777
0.11474966,0.14693981,0.11777452,0.3316697,0.17299528
0.138295,0.17208219,0.13057372,0.32304448,0.19815531
0.20324764,0.22800651,0.1845179,0.32597244,0.24555868
0.31610283,0.337433,0.293767,0.3194806,0.38733643
0.3805142,0.40400732,0.39977992,0.31186566,0.4487601
0.39864683,0.4168848,0.39747682,0.34322673,0.43537822
0.40866035,0.42294946,0.41172865,0.4023519,0.45687574
0.42083898,0.4271668,0.41676062,0.46008223,0.47609752
0.42949933,0.41725272,0.42029202,0.50599104,0.48242098
0.42462787,0.43598938,0.4205113,0.57435036,0.46300048
0.42192152,0.43617514,0.4076591,0.57140636,0.46378702
0.41407308,0.41935498,0.40744627,0.5915491,0.47266746
0.40135318,0.41668692,0.4026429,0.6220554,0.46258545
0.39891747,0.42331445,0.40348703,0.59300923,0.48131216
0.40324762,0.4424968,0.43008897,0.5437988,0.49306452
0.40351826,0.43306285,0.44039565,0.531469,0.51905376
0.41596752,0.40896088,0.42045832,0.5146842,0.49244124
0.43410012,0.41274667,0.40727925,0.5046631,0.48345345
0.37050068,0.3965425,0.40136814,0.48264095,0.400477
0.282544,0.30586576,0.30012324,0.46145028,0.31793714
0.20622464,0.21968207,0.22842042,0.4421853,0.25256872
0.16075778,0.18198788,0.17341253,0.4193077,0.21374483
0.13558863,0.17045054,0.14801635,0.40197045,0.18457794
0.12476319,0.14520484,0.13365081,0.37537193,0.16591473
0.12530446,0.15350755,0.12957124,0.36651987,0.17926528
0.15155616,0.1859842,0.14302489,0.3583762,0.19977835
0.21190798,0.23787716,0.20093024,0.35284024,0.23595054
0.32232746,0.344307,0.2951371,0.3444152,0.35784632
0.38592693,0.40413454,0.4033085,0.33591127,0.43134034
0.40027064,0.41410896,0.40422183,0.36078632,0.4369924
0.40405953,0.4133432,0.41155952,0.40088695,0.46442705
0.40405953,0.41949862,0.4103094,0.44267473,0.4590761
0.40811908,0.40107012,0.40109846,0.47298706,0.4814238
0.40351826,0.42320368,0.39938065,0.50080174,0.44592237
0.4008119,0.40429467,0.38791808,0.51946414,0.46291876
0.38619757,0.4006564,0.38684726,0.5299751,0.45511276
0.37834913,0.38575625,0.37101954,0.5528615,0.46153963
0.36968878,0.4073876,0.38675573,0.5623486,0.4583413
0.3669824,0.41827083,0.39612728,0.5576779,0.47537458
0.3623816,0.3911304,0.40640202,0.54714346,0.49871296
0.36562923,0.3819438,0.38141572,0.52584755,0.47517163
0.3983762,0.37032297,0.3570636,0.50667405,0.45631683
0.35209742,0.36753753,0.37988067,0.48518953,0.38813764
0.28200272,0.2962761,0.29402137,0.45768687,0.31425655
0.20703654,0.2343354,0.2369567,0.4395984,0.23704594
0.15507442,0.1870112,0.17428268,0.4201558,0.20430559
0.12638701,0.1637408,0.13890737,0.40930876,0.17394216
0.11420839,0.1377369,0.124378905,0.38400286,0.15014367
0.10960758,0.13844857,0.118463576,0.37241572,0.14348339
0.11962111,0.14991958,0.11940105,0.36221218,0.14518008
0.1428958,0.1681115,0.14635469,0.35847744,0.15996349
0.18998647,0.2138265,0.1864648,0.35093236,0.22583498
0.26035184,0.27162558,0.2447978,0.34608933,0.2823528
0.31529093,0.3303191,0.31081635,0.36852825,0.3333403
0.3404601,0.3560193,0.3452663,0.4098607,0.374881
0.34451962,0.3586187,0.35243636,0.44697425,0.3813873
0.34154263,0.33192316,0.34464943,0.4734151,0.40475982
0.3328823,0.3512875,0.33379486,0.49950776,0.41211376
0.31691474,0.32797843,0.3202922,0.5214213,0.3668431
0.30852503,0.31332412,0.30130553,0.5412358,0.35413605
0.30473614,0.32093424,0.303981,0.54951,0.37204015
0.31096077,0.33541518,0.31311244,0.5540409,0.42379832
0.329364,0.36070335,0.33875155,0.5615008,0.40172604
0.33315292,0.35682094,0.36543933,0.5433767,0.44242752
0.3420839,0.33931518,0.3476389,0.51891804,0.42705452
0.37672532,0.3407033,0.3413918,0.4960056,0.39236197
0.3336942,0.3453452,0.36254352,0.46662545,0.3573899
0.26332882,0.2778726,0.27280286,0.4274842,0.29770768
0.1962111,0.21815631,0.21217798,0.4064427,0.22861022
0.14857917,0.17052782,0.16287553,0.39104334,0.18017529
0.1217862,0.15505666,0.13062523,0.37101454,0.15307048
0.11096076,0.13021992,0.11787847,0.3628325,0.1434285
0.10690122,0.13679378,0.11471887,0.3604882,0.12064068
0.11474966,0.14105108,0.11584023,0.35419175,0.12636119
0.12990528,0.15584427,0.13962202,0.35230216,0.15349352
0.16373478,0.19072506,0.17346457,0.34703195,0.18916266
0.22273342,0.24163085,0.23057191,0.3466466,0.24575955
0.28146145,0.30279645,0.28499448,0.36446005,0.28216317
0.31691474,0.32901645,0.3255513,0.39737612,0.34028327
0.32449254,0.33386126,0.33914346,0.44190356,0.36264038
0.32043302,0.3211743,0.33052367,0.47442105,0.37677538
0.31258458,0.33158708,0.3167781,0.500267,0.37499657
0.29905277,0.3112909,0.30427158,0.5234865,0.35033244
0.28985116,0.29789197,0.28896314,0.55241406,0.33562475
0.29309878,0.31626663,0.28801677,0.573434,0.34056824
0.3074425,0.34042993,0.3092618,0.5780313,0.41784263
0.32990527,0.36627066,0.3404296,0.5812228,0.40130973
0.3420839,0.36296973,0.36692804,0.56797206,0.4189837
0.35588634,0.35135633,0.36189398,0.52167785,0.41769233
0.38186738,0.35833466,0.35790563,0.49743733,0.39250004
0.31610283,0.34285313,0.36227205,0.45471647,0.33442208
0.22868742,0.25576335,0.24385746,0.40802512,0.2732317
0.16156968,0.19297992,0.17319399,0.39034975,0.19327544
0.12341002,0.14772773,0.13063963,0.37803155,0.16698244
0.10500677,0.14423016,0.10870366,0.35167205,0.15686324
0.10094722,0.120439515,0.1029409,0.34054452,0.16401358
0.102300406,0.12686622,0.106814,0.33699575,0.1609724
0.12963465,0.16816099,0.11512521,0.33739555,0.17992727
0.19675237,0.22150348,0.17664625,0.3417497,0.22341773
0.31312585,0.3337296,0.29420117,0.3385442,0.35496545
0.38294992,0.39628577,0.41464347,0.33835763,0.42496023
0.40243572,0.41899222,0.4061096,0.3528335,0.41440928
0.40838972,0.41494986,0.4180106,0.3877899,0.4379661
0.4189445,0.43143013,0.41461584,0.43059197,0.45872062
0.4248985,0.40667582,0.41887438,0.46616748,0.46737558
0.41677943,0.43486202,0.41697222,0.4950733,0.46645504
0.41786197,0.41258693,0.40106618,0.5258695,0.45411587
0.40811908,0.4097407,0.41178784,0.56612587,0.45229262
0.40108255,0.40801275,0.40283597,0.59296024,0.4529143
0.4008119,0.43094635,0.41687438,0.58790076,0.48252636
0.40487143,0.4550858,0.43524194,0.5848427,0.48132718
0.40784845,0.42955545,0.43855172,0.58392537,0.51537555
0.41759133,0.42155024,0.41966602,0.5535445,0.47829103
0.4414073,0.4077621,0.4047522,0.518623,0.45934826
0.37239513,0.3941489,0.4134763,0.4781319,0.387847
0.27496618,0.298716,0.29927513,0.44175407,0.3015501
0.19891746,0.22336648,0.21816094,0.4281985,0.23896651
0.15128551,0.18711516,0.16871154,0.40561873,0.19739553
0.12774019,0.16473147,0.13603306,0.39863133,0.15504906
0.11637348,0.13878591,0.12527591,0.3839225,0.14957455
0.11826793,0.1417075,0.1191801,0.37341774,0.16393523
0.14560217,0.18730558,0.1365211,0.36601543,0.18885727
0.21028417,0.23748651,0.20066668,0.35688043,0.2291801
0.32313937,0.34665197,0.30641216,0.3464284,0.34059244
0.38863328,0.4070815,0.40829027,0.33878282,0.42807043
0.40433016,0.41573444,0.40699658,0.35803568,0.42592502
0.41975644,0.41330677,0.4158271,0.40266907,0.45230848
0.43788904,0.4424054,0.4281809,0.44914132,0.45097178
0.44763193,0.42597604,0.4372984,0.5002248,0.47983742
0.4473613,0.4606603,0.43644089,0.5595819,0.45890522
0.44979703,0.44446984,0.43038803,0.61794126,0.4575578
0.44600812,0.4498149,0.43599588,0.68309,0.45703596
0.4419486,0.4468507,0.43467227,0.6890739,0.45569354
0.4405954,0.4743781,0.44774917,0.6729821,0.47497648
0.44032475,0.50253904,0.4684835,0.67630637,0.4845556
0.43545333,0.44652104,0.47493124,0.653175,0.51240385
0.4392422,0.4501761,0.44691786,0.6401963,0.48883927
0.46630582,0.43784106,0.42164922,0.5817117,0.46166402
0.402977,0.41990831,0.43298364,0.50664544,0.39198261
0.30554804,0.32213047,0.3294185,0.44136482,0.31597638
0.22273342,0.24375536,0.24543749,0.41879517,0.23841015
0.16941813,0.19919582,0.18725683,0.40254906,0.1978176
0.14235453,0.16615401,0.15280835,0.3975423,0.19193654
0.129364,0.1442931,0.14042832,0.3836981,0.17186758
0.12611638,0.15151837,0.13377859,0.3965974,0.17655091
0.14722598,0.18627733,0.14276232,0.38497162,0.1869824
0.20811908,0.23283395,0.19739215,0.37797666,0.23842156
0.32070366,0.3515685,0.29868028,0.37010074,0.34421754
0.39458728,0.41508394,0.40612423,0.35685632,0.41650468
0.41921514,0.43089792,0.41880482,0.39513186,0.4174298
0.43572396,0.43517283,0.43383378,0.43886462,0.45936084
0.4562923,0.4714174,0.44489065,0.49589136,0.45359802
0.4638701,0.46664107,0.45709044,0.55199087,0.46423453
0.4625169,0.48461857,0.4521529,0.61172444,0.47417253
0.46359947,0.4674941,0.44476563,0.6206434,0.45425338
0.45304465,0.45961273,0.44802287,0.6528783,0.45485884
0.4451962,0.46098563,0.4350609,0.66688997,0.45283943
0.44411367,0.47666106,0.44543988,0.6664908,0.48757535
0.4473613,0.50549996,0.4678699,0.6614151,0.49052918
0.44573748,0.46404448,0.48402262,0.64457023,0.5317435
0.4511502,0.44464988,0.46311638,0.54160094,0.5154806
0.4592693,0.43835342,0.43766287,0.5235889,0.4720499
0.39431664,0.41490194,0.4184582,0.5028894,0.4071205
0.29797024,0.32263428,0.3225818,0.48353937,0.31658477
0.21786198,0.23631763,0.23747411,0.4667131,0.21993534
0.17239513,0.19876675,0.18228365,0.45750308,0.19191347
0.14749661,0.17375232,0.16000529,0.4505138,0.19037437
0.13423546,0.15786009,0.14532378,0.43605644,0.18881777
0.13477673,0.16530962,0.13794225,0.44016764,0.17299528
0.1556157,0.18573284,0.15585099,0.43773788,0.19815531
0.2232747,0.24296835,0.20609796,0.43244895,0.24555868
0.3309878,0.36184916,0.31791776,0.42011663,0.38733643
0.40243572,0.4205647,0.4078809,0.41202474,0.4487601
0.4248985,0.4391738,0.42670724,0.4343966,0.43537822
0.44032475,0.44979158,0.43690547,0.45619574,0.45687574
0.45737484,0.45367408,0.4475413,0.48259482,0.47609752
0.45683357,0.4486631,0.45524216,0.5020549,0.48242098
0.45087957,0.4540143,0.44143745,0.5219743,0.46300048
0.45548037,0.45103553,0.43182197,0.5311396,0.46378702
0.44600812,0.441121,0.44246304,0.55520475,0.47266746
0.43464142,0.43676364,0.4281999,0.5648184,0.46258545
0.43951285,0.44878185,0.43503922,0.5606092,0.48131216
0.4451962,0.47797877,0.47126797,0.5667992,0.49306452
0.4414073,0.46829516,0.47819608,0.57685685,0.51905376
0.44303113,0.43337923,0.4527845,0.5510721,0.49244124
0.45087957,0.43360418,0.42432147,0.54175794,0.48345345
0.3848444,0.4096123,0.4119451,0.5204984,0.400477
0.29066306,0.3231872,0.3149112,0.5118953,0.31793714
0.21055481,0.22917712,0.23257658,0.4989267,0.25256872
0.16238159,0.18708341,0.17630711,0.48747426,0.21374483
0.13396482,0.174407,0.14846572,0.4818187,0.18457794
0.12016238,0.14618993,0.12937507,0.47723064,0.16591473
0.1150203,0.1504536,0.123229876,0.46448055,0.17926528
0.13396482,0.1806854,0.1294732,0.46438706,0.19977835
0.197023,0.2226115,0.18171512,0.4654785,0.23595054
0.3060893,0.33125532,0.2893575,0.46289098,0.35784632
0.3772666,0.3940116,0.38949513,0.46518686,0.43134034
0.40947226,0.41428962,0.40325853,0.47682968,0.4369924
0.42625168,0.42610872,0.4256534,0.49087834,0.46442705
0.44465494,0.44203678,0.43332547,0.5102524,0.4590761
0.45060894,0.44046277,0.4427335,0.536058,0.4814238
0.4503383,0.4584806,0.43788892,0.56954753,0.44592237
0.4473613,0.453275,0.43338633,0.62123466,0.46291876
0.43951285,0.4460491,0.42960918,0.6364987,0.45511276
0.42949933,0.43590385,0.42527494,0.6428788,0.46153963
0.42083898,0.4547143,0.43035895,0.6192206,0.4583413
0.41244927,0.47032487,0.44432837,0.5895233,0.47537458
0.39972937,0.4246115,0.44571668,0.57890975,0.49871296
0.397023,0.40731633,0.4139673,0.55148053,0.47517163
0.41867387,0.39566535,0.3823215,0.53323555,0.45631683
0.3699594,0.3829174,0.38994336,0.49944735,0.38813764
0.2917456,0.31016758,0.31002602,0.48477224,0.31425655
0.2135318,0.24046215,0.24247025,0.47004536,0.23704594
0.15886334,0.18969083,0.18050775,0.45545378,0.20430559
0.129364,0.16606717,0.14301874,0.45340803,0.17394216
0.11231394,0.13948691,0.12824497,0.45494783,0.15014367
0.10554804,0.13690376,0.11580704,0.44567704,0.14348339
0.112584576,0.14648595,0.11990695,0.44859973,0.14518008
0.13342355,0.16472103,0.14627522,0.4530767,0.15996349
0.17889039,0.20888714,0.18202026,0.4524562,0.22583498
0.25358593,0.26540795,0.23605865,0.454522,0.2823528
0.3255751,0.32941058,0.3108078,0.4601212,0.3333403
0.37023005,0.37156513,0.36226106,0.4678845,0.374881
0.39106902,0.3871105,0.38499779,0.48673376,0.3813873
0.38998646,0.37262657,0.38972732,0.5115637,0.40475982
0.38186738,0.38998348,0.37572265,0.5366365,0.41211376
0.36806494,0.36575842,0.3641807,0.5585562,0.3668431
0.35507444,0.35295963,0.3495944,0.5835831,0.35413605
0.35020298,0.35034394,0.34364757,0.56181544,0.37204015
0.3602165,0.36822146,0.35602972,0.58057916,0.42379832
0.37401894,0.41131565,0.3888569,0.58271205,0.40172604
0.37483084,0.39159706,0.40593505,0.5687262,0.44242752
0.36941814,0.36772275,0.3892749,0.55055285,0.42705452
0.37916103,0.35626543,0.35962585,0.5332216,0.39236197
0.33396482,0.34308392,0.35120016,0.5154829,0.3573899
0.26278755,0.2802431,0.2764368,0.50449,0.29770768
0.1932341,0.21739021,0.21187727,0.49171588,0.22861022
0.14424899,0.16760187,0.15908158,0.4841571,0.18017529
0.1158322,0.15169446,0.12802386,0.47889444,0.15307048
0.1014885,0.12304997,0.11330886,0.47533086,0.1434285
0.09391069,0.12682588,0.10588071,0.46369767,0.12064068
0.0985115,0.13111094,0.104894176,0.45791373,0.12636119
0.11150203,0.14379495,0.12775138,0.46128476,0.15349352
0.14343707,0.17505229,0.1607953,0.4646304,0.18916266
0.20893098,0.22481269,0.21099974,0.46471715,0.24575955
0.28146145,0.29680675,0.28011686,0.46940172,0.28216317
0.3225981,0.33548367,0.32974082,0.47759637,0.34028327
0.33748308,0.34006184,0.34276867,0.49352422,0.36264038
0.3345061,0.3332277,0.34058112,0.49821237,0.37677538
0.3255751,0.34067434,0.3260436,0.5080149,0.37499657
0.31718537,0.3184927,0.31268755,0.5318297,0.35033244
0.30500677,0.3078764,0.3064089,0.5354736,0.33562475
0.30121785,0.3226888,0.29874566,0.54124093,0.34056824
0.30879566,0.3443554,0.314394,0.55905664,0.41784263
0.32341,0.36376306,0.3415642,0.57787055,0.40130973
0.3309878,0.35148972,0.35990083,0.54268026,0.4189837
0.34343708,0.33967006,0.350505,0.5362522,0.41769233
0.37428957,0.34658936,0.34360355,0.51108414,0.39250004
0.32503384,0.33415407,0.3593202,0.4864067,0.33442208
0.24384303,0.26873398,0.26470345,0.46623695,0.2732317
0.17726658,0.203113,0.1898341,0.44903263,0.19327544
0.13640054,0.15518135,0.14681536,0.43412453,0.16698244
0.11556157,0.15234971,0.122480094,0.41986123,0.15686324
0.10744249,0.12849322,0.11409931,0.41525888,0.16401358
0.108254395,0.1317823,0.11278552,0.40389943,0.1609724
0.13504736,0.17133197,0.12203202,0.3884392,0.17992727
0.20216508,0.22859979,0.17808379,0.38364983,0.22341773
0.32070366,0.3401603,0.28937033,0.3869871,0.35496545
0.39431664,0.40361637,0.42201203,0.3876278,0.42496023
0.4224628,0.4309091,0.416372,0.3992607,0.41440928
0.4270636,0.43223327,0.43627653,0.41560742,0.4379661
0.43734777,0.4454504,0.43002424,0.4279901,0.45872062
0.43788904,0.42147368,0.43527314,0.43660218,0.46737558
0.4324763,0.44335276,0.4268709,0.45122775,0.46645504
0.4265223,0.42239812,0.41769406,0.46937954,0.45411587
0.41380244,0.41188905,0.41472217,0.47271153,0.45229262
0.40622464,0.4071276,0.40640685,0.48424205,0.4529143
0.4046008,0.43236795,0.4199676,0.49977568,0.48252636
0.40866035,0.4576902,0.4363591,0.51515234,0.48132718
0.41759133,0.43440205,0.44402397,0.5097282,0.51537555
0.42598104,0.43184826,0.4350661,0.49852937,0.47829103
0.44763193,0.4162224,0.41645944,0.48856482,0.45934826
0.38186738,0.4017166,0.4226907,0.4722375,0.387847
0.28687415,0.30990177,0.31198144,0.4555165,0.3015501
0.20893098,0.23380865,0.22956443,0.44207123,0.23896651
0.16102841,0.19082007,0.17607497,0.42727003,0.19739553
0.14857917,0.17185438,0.14515837,0.41565847,0.15504906
0.14397834,0.1584776,0.15333398,0.4115257,0.14957455
0.14235453,0.16981094,0.15019651,0.40156096,0.16393523
0.15372124,0.20173903,0.15732908,0.39709303,0.18885727
0.21948579,0.24624054,0.19668542,0.39000905,0.2291801
0.33261165,0.354056,0.31826,0.39009526,0.34059244
0.3948579,0.41711646,0.41638756,0.3934594,0.42807043
0.4046008,0.4238423,0.4101361,0.40694952,0.42592502
0.41082543,0.41672432,0.41304365,0.41586858,0.45230848
0.42138025,0.43847007,0.41671044,0.44480535,0.45097178
0.4248985,0.41719407,0.41936514,0.45376748,0.47983742
0.41623816,0.44118455,0.41350403,0.4773549,0.45890522
0.41380244,0.41574007,0.39733142,0.49282557,0.4575578
0.4,0.40925118,0.4004306,0.5062603,0.45703596
0.3924222,0.40065214,0.38554955,0.500147,0.45569354
0.39729363,0.42346406,0.4012908,0.51676166,0.47497648
0.408931,0.4563341,0.43160018,0.5006603,0.4845556
0.41082543,0.43130562,0.44760472,0.49680942,0.51240385
0.41623816,0.43045133,0.42341685,0.48499176,0.48883927
0.44221923,0.4112246,0.40176114,0.46417186,0.46166402
0.38240865,0.3955348,0.41349554,0.45187983,0.39198261
0.28552097,0.30821678,0.31171244,0.43174955,0.31597638
0.20920162,0.23091358,0.22432256,0.4133896,0.23841015
0.16752368,0.19381618,0.1769107,0.3938202,0.1978176
0.14479026,0.16759533,0.15632048,0.38642064,0.19193654
0.1391069,0.15199101,0.14113638,0.3797869,0.17186758
0.14046007,0.16161057,0.14420013,0.36595035,0.17655091
0.16887686,0.19450226,0.15530574,0.3668184,0.1869824
0.23437077,0.25328693,0.21969013,0.35582054,0.23842156
0.3480379,0.3742953,0.32334128,0.35340378,0.34421754
0.41001353,0.4320346,0.42475015,0.360885,0.41650468
0.41786197,0.43771708,0.42289203,0.3872133,0.4174298
0.41921514,0.4269126,0.42601883,0.4104751,0.45936084
0.43031123,0.44880542,0.42429048,0.45655903,0.45359802
0.43058187,0.4290168,0.4297579,0.48237988,0.46423453
0.42273343,0.4450513,0.41896728,0.4977806,0.47417253
0.4216509,0.42614156,0.4057325,0.512056,0.45425338
0.41515562,0.41742015,0.40943173,0.5260495,0.45485884
0.41677943,0.41632214,0.40489388,0.50528026,0.45283943
0.43464142,0.44411594,0.42855585,0.49977568,0.48757535
0.45520973,0.49469286,0.46932492,0.47298142,0.49052918
0.46982408,0.47887027,0.48389947,0.46605602,0.5317435
0.4660352,0.4653004,0.4758832,0.4675193,0.5154806
0.46062246,0.4442442,0.44045877,0.45258746,0.4720499
0.38917455,0.410083,0.41361237,0.4480547,0.4071205
0.29391068,0.31469584,0.31184718,0.43680698,0.31658477
0.21650879,0.22907522,0.23145534,0.42386276,0.21993534
0.17212449,0.19792709,0.18056528,0.3893228,0.19191347
0.15047361,0.17323981,0.15711135,0.36894038,0.19037437
0.13694182,0.15872826,0.1478078,0.34823692,0.18881777
0.13856563,0.16777074,0.1382361,0.33669135,0.17299528
0.16265224,0.1864921,0.15962555,0.34423426,0.19815531
0.22354533,0.2484724,0.22185381,0.33752435,0.24555868
0.3369418,0.3594331,0.32898468,0.3425946,0.38733643
0.40487143,0.42251322,0.4184317,0.34559754,0.4487601
0.4248985,0.4402882,0.42592508,0.37175953,0.43537822
0.43626523,0.44933328,0.43846387,0.43651652,0.45687574
0.4503383,0.4508847,0.44428355,0.5128416,0.47609752
0.45466846,0.44983676,0.4498974,0.5774344,0.48242098
0.44898513,0.4630983,0.44412005,0.6257241,0.46300048
0.45060894,0.46565205,0.43241018,0.67818916,0.46378702
0.44330177,0.45536166,0.43925506,0.69158745,0.47266746
0.4376184,0.45628712,0.43106174,0.6910372,0.46258545
0.4324763,0.47051537,0.44378394,0.6380801,0.48131216
0.42787552,0.4788324,0.45791045,0.5580269,0.49306452
0.43112314,0.45208886,0.4619925,0.53753674,0.51905376
0.43410012,0.43006802,0.4419215,0.5115013,0.49244124
0.45169148,0.42998633,0.41089126,0.48363426,0.48345345
0.38998646,0.4166736,0.41778117,0.44919673,0.400477
0.2960758,0.330343,0.32076186,0.42277393,0.31793714
0.21461435,0.23615453,0.23704638,0.4108712,0.25256872
0.16725305,0.19313304,0.17948264,0.39718747,0.21374483
0.14262517,0.17883025,0.15334341,0.38607135,0.18457794
0.12719892,0.15162638,0.1396902,0.3750186,0.16591473
0.1255751,0.15574548,0.12806031,0.36305773,0.17926528
0.1458728,0.18724135,0.14176676,0.3583235,0.19977835
0.20135318,0.23315173,0.18941787,0.3529178,0.23595054
0.3166441,0.3351511,0.28103802,0.34312797,0.35784632
0.38890392,0.4034084,0.40541613,0.3433122,0.43134034
0.4121786,0.4187795,0.40951222,0.36278847,0.4369924
0.42219216,0.42410314,0.4242246,0.39422446,0.46442705
0.4292287,0.4361719,0.4281175,0.4364316,0.4590761
0.42868742,0.4217694,0.4260054,0.4599338,0.4814238
0.4202977,0.4375243,0.41622454,0.48452517,0.44592237
0.4156969,0.4167176,0.40264362,0.5096905,0.46291876
0.4046008,0.41340506,0.40038943,0.5395564,0.45511276
0.3932341,0.4023641,0.38998404,0.56298935,0.46153963
0.3916103,0.42202368,0.39407986,0.58558726,0.4583413
0.38836265,0.44240278,0.41981053,0.5897546,0.47537458
0.37753722,0.4095891,0.42341676,0.5806625,0.49871296
0.37158322,0.39348048,0.39456302,0.5554131,0.47517163
0.39810556,0.3730533,0.36007002,0.54135394,0.45631683
0.36075777,0.3687458,0.37599313,0.5297855,0.38813764
0.28200272,0.30514288,0.30626076,0.47554037,0.31425655
0.20649527,0.23381153,0.23020834,0.44814086,0.23704594
0.15480378,0.18635076,0.1747649,0.4259227,0.20430559
0.12503383,0.16388704,0.14001295,0.4101311,0.17394216
0.1120433,0.13666172,0.12161811,0.40758923,0.15014367
0.10554804,0.13611628,0.11682516,0.3928982,0.14348339
0.11420839,0.14707008,0.11581801,0.3706152,0.14518008
0.135318,0.16424021,0.14221866,0.36397678,0.15996349
0.1894452,0.20807894,0.17985342,0.3581556,0.22583498
0.2600812,0.27439386,0.25068238,0.36024776,0.2823528
0.31610283,0.33152673,0.3088621,0.3885991,0.3333403
0.33883625,0.3568974,0.34609026,0.42546472,0.374881
0.3458728,0.35611084,0.3493018,0.4637682,0.3813873
0.33856562,0.33344677,0.34553072,0.48847237,0.40475982
0.33044654,0.3473632,0.3281482,0.50700045,0.41211376
0.31853858,0.3262357,0.318038,0.52412534,0.3668431
0.3098782,0.3157924,0.30473915,0.54482865,0.35413605
0.30338296,0.32212284,0.3036435,0.5450076,0.37204015
0.31177267,0.3331802,0.31047395,0.5600421,0.42379832
0.3301759,0.36226442,0.34172124,0.5577542,0.40172604
0.32990527,0.35678086,0.36398083,0.5395534,0.44242752
0.32909337,0.33448213,0.3431721,0.5308918,0.42705452
0.35534507,0.33109272,0.3266129,0.5089271,0.39236197
0.3188092,0.32985818,0.34079197,0.48602983,0.3573899
0.25196213,0.2706691,0.26442263,0.4488456,0.29770768
0.18403247,0.21071312,0.20348765,0.42129627,0.22861022
0.13721246,0.16301063,0.15197141,0.39906448,0.18017529
0.10852503,0.14917663,0.121610165,0.3857414,0.15307048
0.095805146,0.11762735,0.10478403,0.39480695,0.1434285
0.089039244,0.12586541,0.09949696,0.38886327,0.12064068
0.09526387,0.12943241,0.097026244,0.37697235,0.12636119
0.10419486,0.1416762,0.11929411,0.36066186,0.15349352
0.14100136,0.16865179,0.14270702,0.35578048,0.18916266
0.19945873,0.22223876,0.20971496,0.3516411,0.24575955
0.2638701,0.2854837,0.26209676,0.39110553,0.28216317
0.3082544,0.31513882,0.31104562,0.42177683,0.34028327
0.32232746,0.3285417,0.33266863,0.45202744,0.36264038
0.32746956,0.3203321,0.3285426,0.48039308,0.37677538
0.32665765,0.3350339,0.32539794,0.5033685,0.37499657
0.31556156,0.31988984,0.31931606,0.5295973,0.35033244
0.30960757,0.30755264,0.30472934,0.56032276,0.33562475
0.31529093,0.32674712,0.3089834,0.5508256,0.34056824
0.34100136,0.3556995,0.33254898,0.5395253,0.41784263
0.37050068,0.40064424,0.3779174,0.5241262,0.40130973
0.38430312,0.39628905,0.40019128,0.5151502,0.4189837
0.38349122,0.38090518,0.39451957,0.50532687,0.41769233
0.38619757,0.36922306,0.37247786,0.4857612,0.39250004
0.31610283,0.33613032,0.3546104,0.47370297,0.33442208
0.2308525,0.25438687,0.24422857,0.46116206,0.2732317
0.16644114,0.19082871,0.17449634,0.45430458,0.19327544
0.12746955,0.1475872,0.13517505,0.44714257,0.16698244
0.10608931,0.14669497,0.112928614,0.4424804,0.15686324
0.10094722,0.12042163,0.10464747,0.44979122,0.16401358
0.10338295,0.12621248,0.110113874,0.4522709,0.1609724
0.12990528,0.16871968,0.12193374,0.45234153,0.17992727
0.19783491,0.22283787,0.18520717,0.4542363,0.22341773
0.3209743,0.33426106,0.31004217,0.4554778,0.35496545
0.4051421,0.40558568,0.42382586,0.45460322,0.42496023
0.4376184,0.43982768,0.43518972,0.465636,0.41440928
0.46143436,0.44492176,0.45274633,0.47738224,0.4379661
0.47848445,0.47318408,0.4677248,0.49677768,0.45872062
0.48335588,0.45279717,0.47536778,0.51693094,0.46737558
0.4803789,0.47955534,0.4700483,0.54301274,0.46645504
0.47929636,0.4583974,0.4635344,0.5641521,0.45411587
0.46982408,0.45865756,0.46888906,0.6343552,0.45229262
0.4608931,0.4527211,0.4636733,0.5809823,0.4529143
0.45953992,0.48436233,0.47521767,0.6323359,0.48252636
0.4625169,0.5139716,0.49607676,0.6314434,0.48132718
0.45520973,0.47285497,0.49743813,0.6164895,0.51537555
0.44709066,0.45505452,0.4601916,0.5941644,0.47829103
0.46711773,0.43201345,0.42438316,0.5568831,0.45934826
0.40649527,0.41720593,0.43718055,0.52388394,0.387847
0.30635995,0.32973474,0.3407329,0.4754537,0.3015501
0.22083898,0.24895531,0.2475768,0.46042618,0.23896651
0.16508795,0.19804698,0.18643965,0.45398152,0.19739553
0.1391069,0.17534012,0.14834806,0.44268456,0.15504906
0.12341002,0.14829218,0.13796231,0.434347,0.14957455
0.11989175,0.1500791,0.12558526,0.43844727,0.16393523
0.14343707,0.19086516,0.13838829,0.43491107,0.18885727
0.20730717,0.23797044,0.20045207,0.44099775,0.2291801
0.32530448,0.34906137,0.30345258,0.4404868,0.34059244
0.40433016,0.41643614,0.41849104,0.44209665,0.42807043
0.42814615,0.43341237,0.42745778,0.4514957,0.42592502
0.44709066,0.43615454,0.43849987,0.45652458,0.45230848
0.4638701,0.46652848,0.45354292,0.46536383,0.45097178
0.4760487,0.44535312,0.45990205,0.4765186,0.47983742
0.47171855,0.4779979,0.46353328,0.48105684,0.45890522
0.47225982,0.4529481,0.45011407,0.48641065,0.4575578
0.461705,0.45395735,0.45573118,0.5246688,0.45703596
0.45250338,0.4435102,0.4436264,0.52336025,0.45569354
0.4473613,0.47474653,0.45327178,0.5530877,0.47497648
0.44979703,0.49964845,0.4720176,0.544392,0.4845556
0.44925576,0.46041688,0.48926806,0.52418077,0.51240385
0.44979703,0.4544883,0.46553558,0.5225799,0.48883927
0.45142084,0.4351381,0.43497702,0.51151526,0.46166402
0.3805142,0.40111256,0.41058594,0.50064814,0.39198261
0.28633288,0.30703014,0.31010157,0.48123306,0.31597638
0.2067659,0.23074636,0.2309063,0.4775323,0.23841015
0.1564276,0.1929989,0.17428704,0.47114486,0.1978176
0.12665765,0.16001078,0.14354102,0.4665538,0.19193654
0.11393775,0.13438144,0.1235961,0.46547875,0.17186758
0.11231394,0.13953045,0.118621066,0.47057623,0.17655091
0.13964817,0.17813982,0.13142681,0.4663316,0.1869824
0.20757781,0.22903822,0.19709243,0.4633215,0.23842156
0.3309878,0.35194653,0.30295688,0.4624993,0.34421754
0.40784845,0.4250273,0.41824135,0.47211125,0.41650468
0.4284168,0.44101456,0.42791012,0.48320428,0.4174298
0.4351827,0.4392518,0.43790588,0.4805704,0.45936084
0.45223275,0.4631372,0.43914765,0.49642208,0.45359802
0.45466846,0.45105684,0.4502601,0.5087683,0.46423453
0.45087957,0.46488824,0.43976718,0.5219459,0.47417253
0.45169148,0.44635236,0.43182236,0.5322592,0.45425338
0.4451962,0.4389107,0.43590525,0.55778086,0.45485884
0.43464142,0.4405371,0.43018195,0.563411,0.45283943
0.4427605,0.45689523,0.4343498,0.55453765,0.48757535
0.45764548,0.4983234,0.47747996,0.54600286,0.49052918
0.4579161,0.47531593,0.49348453,0.53327096,0.5317435
0.45223275,0.45160618,0.4660853,0.49929714,0.5154806
0.45142084,0.43354294,0.42937997,0.49383208,0.4720499
0.38863328,0.40415207,0.40931937,0.48352328,0.4071205
0.29580516,0.31963396,0.32304263,0.48054335,0.31658477
0.21921515,0.23467942,0.23882397,0.4769734,0.21993534
0.17239513,0.19989407,0.18676695,0.47019047,0.19191347
0.1466847,0.17300779,0.1604107,0.4726861,0.19037437
0.13667117,0.15596999,0.14584367,0.47713766,0.18881777
0.1315291,0.1678658,0.14482713,0.47114703,0.17299528
0.15317997,0.18413228,0.14951983,0.4674373,0.19815531
0.21867388,0.24369681,0.20931104,0.467193,0.24555868
0.33342355,0.3575075,0.31649897,0.46726507,0.38733643
0.4051421,0.4234953,0.41282934,0.4745967,0.4487601
0.4300406,0.44254872,0.42656866,0.47828993,0.43537822
0.4419486,0.45479107,0.4415919,0.48313588,0.45687574
0.46359947,0.4561956,0.44754988,0.501312,0.47609752
0.46549392,0.45675382,0.46250108,0.51384985,0.48242098
0.46278754,0.4623899,0.45084745,0.5289227,0.46300048
0.46576455,0.46113914,0.445042,0.5429657,0.46378702
0.46305817,0.44870415,0.452055,0.5653254,0.47266746
0.4592693,0.4586243,0.45033705,0.62571776,0.46258545
0.46738836,0.47693825,0.46315396,0.6184989,0.48131216
0.47631934,0.510955,0.49885634,0.6354753,0.49306452
0.47794315,0.49428558,0.5055353,0.5644879,0.51905376
0.4752368,0.45869163,0.48185253,0.5396687,0.49244124
0.47631934,0.45402718,0.44906113,0.5271349,0.48345345
0.40947226,0.4278346,0.43256986,0.52579653,0.400477
0.31637347,0.34446442,0.33787417,0.52006483,0.31793714
0.23599459,0.2521971,0.2564533,0.5165298,0.25256872
0.18592693,0.21337411,0.19943067,0.51042986,0.21374483
0.15751015,0.193319,0.17023705,0.5085603,0.18457794
0.141272,0.16668749,0.15379232,0.50437254,0.16591473
0.13585927,0.16854028,0.14368658,0.48544613,0.17926528
0.15751015,0.19442362,0.15325657,0.47779348,0.19977835
0.21894452,0.24560872,0.21328895,0.4718097,0.23595054
0.32828146,0.3555423,0.31579039,0.46415782,0.35784632
0.4127199,0.41376692,0.4111933,0.46310985,0.43134034
0.44898513,0.4407774,0.44232148,0.4632465,0.4369924
0.46901217,0.45593935,0.46244982,0.46718702,0.46442705
0.48254398,0.47749907,0.47574323,0.4776298,0.4590761
0.48579162,0.46909022,0.47814173,0.4893282,0.4814238
0.4768606,0.4830205,0.47206137,0.50102973,0.44592237
0.46630582,0.4634364,0.45665023,0.5048102,0.46291876
0.44627875,0.45160228,0.4468701,0.49290854,0.45511276
0.43301758,0.4346194,0.42645624,0.4988054,0.46153963
0.43139377,0.45475042,0.4336786,0.50895107,0.4583413
0.4308525,0.48096415,0.45824504,0.5191057,0.47537458
0.42516914,0.44532448,0.46837986,0.49720076,0.49871296
0.41515562,0.43178123,0.44388652,0.47856358,0.47517163
0.42083898,0.41011968,0.39836454,0.46787366,0.45631683
0.36671177,0.38299695,0.38741443,0.46447557,0.38813764
0.28849798,0.31058598,0.30767116,0.45735976,0.31425655
0.21705006,0.24281117,0.2391961,0.45030096,0.23704594
0.16292287,0.19720116,0.18621808,0.4525701,0.20430559
0.13396482,0.17036699,0.1453048,0.45252606,0.17394216
0.119079836,0.14710236,0.13121493,0.4510106,0.15014367
0.113125846,0.14410606,0.12307046,0.44026515,0.14348339
0.12124492,0.1531817,0.12647463,0.43671545,0.14518008
0.14397834,0.17004701,0.15391082,0.4348799,0.15996349
0.19188093,0.21698368,0.19239348,0.43072546,0.22583498
0.2638701,0.27642214,0.25016254,0.4290778,0.2823528
0.3391069,0.3391988,0.31669733,0.4373881,0.3333403
0.39269283,0.38241383,0.37425867,0.43932793,0.374881
0.41623816,0.40546107,0.40591145,0.44671747,0.3813873
0.41840324,0.393715,0.4104455,0.45606163,0.40475982
0.4105548,0.41106945,0.4005023,0.46660867,0.41211376
0.39566982,0.3846789,0.38945508,0.47483405,0.3668431
0.38186738,0.37032288,0.37470806,0.47073442,0.35413605
0.37780786,0.3652218,0.3705778,0.4672581,0.37204015
0.38782138,0.3908075,0.38616943,0.47092947,0.42379832
0.4051421,0.4428847,0.41610584,0.47202083,0.40172604
0.4051421,0.41799483,0.4332745,0.45969695,0.44242752
0.3991881,0.39207628,0.40766022,0.4505691,0.42705452
0.40568337,0.37773207,0.38028544,0.44479093,0.39236197
0.3602165,0.36269554,0.37302762,0.44498584,0.3573899
0.28876862,0.3022302,0.3016763,0.44025588,0.29770768
0.22002706,0.23949102,0.23713797,0.42724466,0.22861022
0.17212449,0.18594821,0.18509746,0.41723207,0.18017529
0.1458728,0.16990119,0.15602648,0.4224969,0.15307048
0.129364,0.15254238,0.14508983,0.42547303,0.1434285
0.122598104,0.14943838,0.13329811,0.4256841,0.12064068
0.12801082,0.15103737,0.1368706,0.42713064,0.12636119
0.13856563,0.16635095,0.16094185,0.42806727,0.15349352
0.17618403,0.19865163,0.18603711,0.42606413,0.18916266
0.2397835,0.25492513,0.24464126,0.42639872,0.24575955
0.31474966,0.32367444,0.3053695,0.4318235,0.28216317
0.36075777,0.36759114,0.36106804,0.43875718,0.34028327
0.3753721,0.37185127,0.37885433,0.4494751,0.36264038
0.3772666,0.3684247,0.37457025,0.46878892,0.37677538
0.37077132,0.37946868,0.3668198,0.47394428,0.37499657
0.35101488,0.35517052,0.3552082,0.48146218,0.35033244
0.33802435,0.33627173,0.3316799,0.49281687,0.33562475
0.3336942,0.34822136,0.33144608,0.49165446,0.34056824
0.3404601,0.3764509,0.34380758,0.48766094,0.41784263
0.35832205,0.4018309,0.37096995,0.4859568,0.40130973
0.35994586,0.3882745,0.3956694,0.4855845,0.4189837
0.35209742,0.36665186,0.37449655,0.47672108,0.41769233
0.37239513,0.3538374,0.34481567,0.4671142,0.39250004
0.3437077,0.33526897,0.35520935,0.45677975,0.33442208
0.27631935,0.28934035,0.29544163,0.4368163,0.2732317
0.20866035,0.23076254,0.2247253,0.41923273,0.19327544
0.16156968,0.18086976,0.17381835,0.40596426,0.16698244
0.13396482,0.17113084,0.14384687,0.40692532,0.15686324
0.12232747,0.14460333,0.12846555,0.40374225,0.16401358
0.11962111,0.14742982,0.12587143,0.40516335,0.1609724
0.12746955,0.18013111,0.13079795,0.39854023,0.17992727
0.14018944,0.226597,0.1528549,0.39665532,0.22341773
0.1864682,0.27019137,0.18057401,0.39466915,0.35496545
0.2473613,0.28982398,0.25751972,0.39631134,0.42496023
0.3090663,0.33297104,0.30596578,0.41109866,0.41440928
0.34316644,0.3724516,0.34996766,0.44039583,0.4379661
0.35155615,0.39847887,0.35979787,0.47368684,0.45872062
0.34073073,0.36546507,0.3529447,0.507511,0.46737558
0.32990527,0.3686236,0.3305264,0.51947856,0.46645504
0.31339648,0.35134715,0.31768793,0.52775204,0.45411587
0.2976996,0.3133277,0.30014783,0.5420451,0.45229262
0.2947226,0.3319548,0.29155827,0.53533185,0.4529143
0.3120433,0.32677227,0.30821162,0.5319779,0.48252636
0.33585927,0.3798633,0.34775937,0.5348731,0.48132718
0.3496617,0.3761962,0.36992884,0.52087307,0.51537555
0.35588634,0.38005632,0.36752918,0.50015086,0.47829103
0.38349122,0.35779253,0.35574555,0.4755883,0.45934826
0.3369418,0.3544296,0.37089095,0.42032492,0.387847
0.24682003,0.2797639,0.27569103,0.38425776,0.3015501
0.17374831,0.20194733,0.18503372,0.346452,0.23896651
0.13125846,0.16882655,0.13998961,0.33175093,0.19739553
0.113125846,0.1443941,0.11561561,0.33290097,0.15504906
0.107171856,0.12228948,0.1105319,0.32907483,0.14957455
0.111231394,0.12922978,0.11070719,0.33178055,0.16393523
0.13504736,0.1749758,0.12395859,0.32029557,0.18885727
0.19161029,0.22216275,0.17471449,0.31765407,0.2291801
0.3142084,0.3148058,0.2776067,0.3193605,0.34059244
0.38917455,0.39203736,0.42848876,0.32107002,0.42807043
0.41244927,0.41966575,0.4083291,0.3495111,0.42592502
0.42787552,0.41648066,0.42667127,0.38819593,0.45230848
0.4435724,0.4415241,0.43386668,0.44866696,0.45097178
0.44303113,0.41921407,0.44158494,0.49625865,0.47983742
0.4495264,0.44655877,0.43015152,0.5315299,0.45890522
0.4549391,0.4387884,0.4386825,0.55903524,0.4575578
0.44709066,0.44075137,0.44614804,0.566828,0.45703596
0.43707713,0.43672144,0.439281,0.57522976,0.45569354
0.43626523,0.46040782,0.4480272,0.5719775,0.47497648
0.43274695,0.49071538,0.46792763,0.58594525,0.4845556
0.4284168,0.4392214,0.45900756,0.5684651,0.51240385
0.42543977,0.43796107,0.43704325,0.5480888,0.48883927
0.44871446,0.4137788,0.40879315,0.515859,0.46166402
0.4,0.39946523,0.42204922,0.47126204,0.39198261
0.30500677,0.32052428,0.3349303,0.42925644,0.31597638
0.22435723,0.24087816,0.24388963,0.39215708,0.23841015
0.17618403,0.19898419,0.19148685,0.36664099,0.1978176
0.15047361,0.17056133,0.16332036,0.35106823,0.19193654
0.14046007,0.15020703,0.14848788,0.3403722,0.17186758
0.13937753,0.15860392,0.14786083,0.34461653,0.17655091
0.16427605,0.19452125,0.15848632,0.33432698,0.1869824
0.2240866,0.24510334,0.21705572,0.3370636,0.23842156
0.3242219,0.36556774,0.309816,0.3452391,0.34421754
0.4037889,0.41754636,0.39989263,0.35341465,0.41650468
0.43220568,0.43724382,0.4325699,0.3857885,0.4174298
0.45223275,0.4438203,0.44185567,0.4163097,0.45936084
0.46874154,0.47626507,0.45787036,0.44546136,0.45359802
0.4744249,0.4627545,0.46450278,0.4674996,0.46423453
0.46874154,0.4784679,0.46099818,0.48611555,0.47417253
0.47117728,0.45942685,0.44841534,0.5114893,0.45425338
0.45683357,0.45311123,0.45675117,0.5238384,0.45485884
0.4519621,0.44644803,0.43645328,0.5307236,0.45283943
0.46414074,0.472651,0.4584093,0.5459198,0.48757535
0.47469553,0.51922894,0.4949041,0.5614755,0.49052918
0.47307172,0.49016288,0.5044587,0.5637599,0.5317435
0.4660352,0.46777505,0.4813961,0.5621797,0.5154806
0.46441138,0.44711152,0.44534564,0.5535376,0.4720499
0.39783493,0.41876668,0.42217708,0.537078,0.4071205
0.30284166,0.32724157,0.32540074,0.51860905,0.31658477
0.22354533,0.24055332,0.24166852,0.51324487,0.21993534
0.17834912,0.20390609,0.18818739,0.5061083,0.19191347
0.15507442,0.17920686,0.16541557,0.498826,0.19037437
0.14343707,0.16350682,0.15356165,0.4943034,0.18881777
0.1391069,0.1738306,0.14853221,0.49497154,0.17299528
0.15669824,0.1886587,0.15782344,0.4932241,0.19815531
0.21136671,0.24580655,0.2098151,0.49535576,0.24555868
0.33207035,0.34752113,0.3009404,0.48834634,0.38733643
0.42219216,0.4228806,0.42358804,0.4884304,0.4487601
0.4638701,0.46468818,0.4501633,0.5243442,0.43537822
0.4976996,0.48761278,0.47532785,0.5654254,0.45687574
0.5255751,0.5184969,0.5029199,0.6302872,0.47609752
0.538295,0.52375,0.5197292,0.69707036,0.48242098
0.5461434,0.54715335,0.52083594,0.74158883,0.46300048
0.5583221,0.5462516,0.5271657,0.770771,0.46378702
0.5599459,0.54872596,0.54328376,0.792923,0.47266746
0.5653586,0.55849516,0.5446795,0.7637253,0.46258545
0.56887686,0.59388644,0.5696695,0.77260077,0.48131216
0.5645467,0.6107573,0.58552,0.7621454,0.49306452
0.5529093,0.5717585,0.5860411,0.7669927,0.51905376
0.54830855,0.54947835,0.5470785,0.7534276,0.49244124
0.5653586,0.53572726,0.51270247,0.7066127,0.48345345
0.5288227,0.5215622,0.51775414,0.6520593,0.400477
0.41596752,0.44575664,0.46125036,0.5947716,0.31793714
0.31826794,0.341165,0.33718202,0.49308607,0.25256872
0.24682003,0.28280878,0.27297705,0.4653687,0.21374483
0.21136671,0.23727173,0.22223744,0.4422424,0.18457794
0.18971583,0.20953727,0.20607951,0.43651256,0.16591473
0.1826793,0.20994477,0.19106427,0.43064043,0.17926528
0.20189445,0.22969534,0.19961582,0.4267002,0.19977835
0.2533153,0.2838624,0.25544447,0.4226468,0.23595054
0.38159674,0.3896878,0.34460342,0.41156602,0.35784632
0.45845738,0.47326595,0.49156824,0.4289477,0.43134034
0.5098782,0.48975548,0.47423947,0.50653005,0.4369924
0.5669824,0.52681565,0.53299195,0.59155285,0.46442705
0.6113667,0.60570335,0.5823158,0.6950705,0.4590761
0.6397835,0.61166966,0.61317253,0.76094556,0.4814238
0.65602165,0.6536018,0.626962,0.81971276,0.44592237
0.6722598,0.6542848,0.6369455,0.8710315,0.46291876
0.67848444,0.66341966,0.65346265,0.90781295,0.45511276
0.6841678,0.6585967,0.65620035,0.9149327,0.46153963
0.68308526,0.70396674,0.6700616,0.9292543,0.4583413
0.67117727,0.7249546,0.6749899,0.9219161,0.47537458
0.6511502,0.6537481,0.68995786,0.91731536,0.49871296
0.62895805,0.6433028,0.6762161,0.8732436,0.47517163
0.62977,0.6123683,0.60405916,0.8384161,0.45631683
0.5921516,0.58361536,0.57487553,0.77553153,0.38813764
0.49228686,0.4956103,0.51762605,0.65579,0.31425655
0.38782138,0.39325622,0.41653708,0.58382833,0.23704594
0.31312585,0.33253133,0.33480144,0.56432796,0.20430559
0.26792964,0.26969847,0.2867871,0.5222933,0.20311426
0.24113667,0.24489576,0.25994727,0.495078,0.19037877
0.22543979,0.23837897,0.24232563,0.46533287,0.1849604
0.22300406,0.23274283,0.23972246,0.45470926,0.19168295
0.22949933,0.25362882,0.26118925,0.4296054,0.20358898
0.2893099,0.28702116,0.2862461,0.42002517,0.25279564
0.38078484,0.38145536,0.37089524,0.4450214,0.3283075
0.46955344,0.4767173,0.44680542,0.544605,0.43829745
0.5374831,0.5299298,0.51533395,0.655123,0.45195693
0.58294994,0.5880038,0.5613631,0.74103916,0.46978372
0.61542624,0.5952335,0.5895145,0.80463886,0.4728241
0.6292287,0.6565294,0.60799754,0.86007655,0.50801426
0.6313938,0.64330477,0.6093737,0.8965981,0.48378974
0.63437074,0.6415348,0.6056562,0.9264809,0.4816751
0.6427605,0.6310809,0.6115949,0.93553936,0.4872771
0.6484438,0.68201107,0.62491417,0.9354843,0.5042671
0.65087956,0.71442646,0.6348237,0.91613674,0.5207845
0.63707715,0.66132194,0.65855783,0.8924496,0.5367134
0.6094723,0.62444425,0.65539354,0.85840666,0.48155463
0.6092016,0.5803161,0.59133226,0.8249754,0.47650194
0.5718539,0.5764192,0.5580266,0.7680173,0.44253767
0.4887686,0.50618714,0.49615955,0.70766246,0.36399007
0.39783493,0.40876144,0.4127955,0.6512383,0.29043987
0.329364,0.3611934,0.3424462,0.65542984,0.23832807
0.28552097,0.2846842,0.2981714,0.6035559,0.19782673
0.25953993,0.26279113,0.27283502,0.58563185,0.1691994
0.24573748,0.25763106,0.2578189,0.5739794,0.17414857
0.23951286,0.24955618,0.2536823,0.5481874,0.14952882
0.23870094,0.27280766,0.26298422,0.5305526,0.1772987
0.2790257,0.278938,0.28556243,0.51073086,0.2073143
0.35886332,0.37073183,0.35438913,0.521338,0.29721197
0.45548037,0.46851474,0.42791188,0.57578164,0.40333205
0.53152907,0.52093416,0.50636715,0.64403784,0.41189343
0.58078486,0.5781292,0.556712,0.71643734,0.446348
0.6159675,0.59064054,0.58782387,0.7688376,0.44350404
0.634912,0.6482234,0.60853994,0.802708,0.47483265
0.6416779,0.6435732,0.6161074,0.86471474,0.47645825
0.6359946,0.6424563,0.61776793,0.8713013,0.44943017
0.6292287,0.6323651,0.60825825,0.87609553,0.46873015
0.6194858,0.6578673,0.6071191,0.8050033,0.49824023
0.6092016,0.6904904,0.60255975,0.8000425,0.5059747
0.5894452,0.61463004,0.6136533,0.7810658,0.51527095
0.5686062,0.56787163,0.6102808,0.68171465,0.47325552
0.55209744,0.5354535,0.56432915,0.65622437,0.4671098
0.48849797,0.5135197,0.50855285,0.606768,0.4181135
0.39783493,0.42633897,0.41611525,0.58309245,0.35022494
0.31907985,0.33020952,0.32928815,0.55717134,0.25885954
0.26711774,0.28975874,0.27369478,0.55274177,0.20917775
0.23734777,0.24501294,0.24412343,0.5488314,0.2024202
0.22083898,0.22044685,0.22937018,0.5346565,0.20600353
0.21759135,0.22873288,0.2205383,0.51673794,0.19350256
0.23626523,0.24132183,0.22952043,0.50038123,0.22596441
0.29526386,0.30888146,0.2799544,0.49244085,0.2640633
0.40920162,0.413549,0.38695955,0.47889426,0.39345264
0.4836265,0.50396144,0.5006855,0.4822577,0.47291464
0.5155616,0.5344706,0.5162616,0.4939164,0.50381356
0.5391069,0.53682834,0.531992,0.5058993,0.5284598
0.5556157,0.55315197,0.54731745,0.51900494,0.5480528
0.56562924,0.54965794,0.5511565,0.5499606,0.5483006
0.5713126,0.5749872,0.5499617,0.5694214,0.5882933
0.588092,0.5628917,0.54987395,0.614493,0.5650164
0.58782136,0.5706428,0.5709791,0.6556941,0.5478952
0.5870095,0.57208514,0.55931085,0.69607484,0.557458
0.5872801,0.6147442,0.5728227,0.6872493,0.59557194
0.5826793,0.6450621,0.588737,0.70162404,0.5933643
0.5653586,0.601785,0.6023607,0.70220506,0.5952059
0.53477675,0.5536813,0.5639335,0.6595857,0.56680936
0.5277402,0.5059092,0.49818456,0.6412975,0.55179554
0.47496617,0.4834874,0.480012,0.57978064,0.49870014
0.36752367,0.40108025,0.4090119,0.5359523,0.40107858
0.27280107,0.29774076,0.29703042,0.51415074,0.31983852
0.21813262,0.23103835,0.22993325,0.49444136,0.2581073
0.18376184,0.19422644,0.20275046,0.48814896,0.19575675
0.16752368,0.16683775,0.17684801,0.4720066,0.20818624
0.16129905,0.1726168,0.17015304,0.45584276,0.18976885
0.17564276,0.19835608,0.17794167,0.44730118,0.24244934
0.22922869,0.24835235,0.22682516,0.42941132,0.2832499
0.3420839,0.34282893,0.31893682,0.41972005,0.38489306
0.4143437,0.4330071,0.42811406,0.42185795,0.4705127
0.44113666,0.45689493,0.44032368,0.44155475,0.51430315
0.4592693,0.4562059,0.45668948,0.4535192,0.5222831
0.4684709,0.47464544,0.46842435,0.46777895,0.55385077
0.47307172,0.45528448,0.46629208,0.48603043,0.561482
0.46630582,0.47920978,0.46187156,0.498674,0.57148296
0.46901217,0.46456826,0.4467576,0.50814587,0.56926745
0.4571042,0.4623496,0.45255113,0.53423584,0.54893374
0.44979703,0.44931048,0.43222183,0.5451213,0.561638
0.4511502,0.47664332,0.44260025,0.5634022,0.5912766
0.45818675,0.51393133,0.46515942,0.56984746,0.59194154
0.44979703,0.47750568,0.4881867,0.59789383,0.58739674
0.44032475,0.44255835,0.4592647,0.5790453,0.5572894
0.44871446,0.41724405,0.42207155,0.56438595,0.5675234
0.40947226,0.40748465,0.41256946,0.5401586,0.4846843
0.31393775,0.33968437,0.34791893,0.5043781,0.39873034
0.22598106,0.23357806,0.24761519,0.49105954,0.31571308
0.18024357,0.19153875,0.18595763,0.465686,0.27461538
0.15615697,0.15546821,0.16833623,0.4429557,0.20513529
0.14316644,0.14021045,0.1543871,0.43452862,0.18851463
0.13856563,0.14567623,0.1464286,0.42572173,0.19345282
0.15615697,0.17298685,0.15246925,0.4104029,0.21029167
0.20568335,0.21634974,0.19800958,0.39779842,0.24450952
0.3158322,0.308344,0.27901125,0.38525167,0.38681316
0.39133966,0.40599942,0.40009412,0.38535213,0.47544628
0.4097429,0.43417645,0.4152026,0.42593667,0.5106111
0.42462787,0.42201585,0.42026764,0.45889765,0.5447058
0.4451962,0.4313056,0.4322842,0.48720735,0.5409963
0.4533153,0.43711862,0.446146,0.51243424,0.56333226
0.45656294,0.45497388,0.44202614,0.53597325,0.59461606
0.4638701,0.45859048,0.44094375,0.5608971,0.57033545
0.46549392,0.45600006,0.4499361,0.5779047,0.55931413
0.46630582,0.4532265,0.4525098,0.5925296,0.5626226
0.46982408,0.4912773,0.46699262,0.6171803,0.5987597
0.46522328,0.52311397,0.48881888,0.60807645,0.60525024
0.45764548,0.47146538,0.48474678,0.57721674,0.60149264
0.4481732,0.44053152,0.46166036,0.5739429,0.57691115
0.46116373,0.4222297,0.42509443,0.5509517,0.54981875
0.42083898,0.41196,0.42590567,0.50860906,0.5124533
0.32313937,0.34881097,0.356624,0.48173174,0.4065473
0.24005413,0.24469277,0.2538786,0.4639732,0.31141698
0.19594046,0.19656111,0.20352885,0.4465991,0.23884708
0.17050068,0.17057072,0.18501808,0.42956245,0.23555452
0.15290934,0.15153971,0.16709839,0.41336888,0.23781127
0.14776725,0.15736261,0.15569435,0.4085785,0.22052911
0.17077132,0.17582683,0.16763152,0.40037173,0.2568453
0.22625169,0.24249294,0.22463544,0.40025997,0.28082427
0.33504736,0.32482082,0.30857205,0.38538224,0.4264648
0.4165088,0.41787028,0.41537333,0.3874186,0.49928844
0.44709066,0.4484648,0.4441609,0.4221015,0.5127672
0.46711773,0.45923996,0.45922878,0.45702082,0.53944415
0.4836265,0.46446824,0.47436273,0.4952378,0.5621502
0.4887686,0.46326083,0.4812107,0.5214863,0.5648569
0.48687416,0.48237377,0.47584775,0.5515055,0.58669835
0.49228686,0.4717407,0.46920657,0.561957,0.5700378
0.48227334,0.471794,0.47883323,0.553879,0.56669897
0.47117728,0.4628603,0.46195278,0.5511102,0.56247944
0.46874154,0.48208165,0.46731547,0.55607903,0.59301996
0.4625169,0.51214355,0.48898882,0.5531794,0.60370547
0.45737484,0.47181162,0.4906339,0.53643465,0.5912641
0.44898513,0.43664536,0.471446,0.529673,0.5811813
0.45872802,0.413129,0.43081635,0.5197073,0.5734229
0.4075778,0.4100743,0.4247288,0.5034125,0.5085222
0.31610283,0.33398962,0.3419946,0.49264508,0.39984334
0.23058186,0.2398165,0.25495893,0.48121315,0.33308226
0.17753722,0.18335491,0.19274776,0.47238508,0.27653703
0.1496617,0.15142825,0.16085672,0.46793237,0.22211502
0.13369419,0.13830157,0.1455425,0.4553062,0.22511138
0.13071719,0.1308979,0.13581082,0.45310807,0.21758941
0.15236807,0.15607172,0.1483373,0.45335397,0.25149143
0.20893098,0.21197924,0.20013385,0.45044413,0.28193468
0.3166441,0.30675182,0.28859594,0.44334385,0.39063126
0.39783493,0.40307644,0.40125096,0.44112104,0.4733631
0.42868742,0.43920398,0.42631775,0.44966415,0.5151331
0.44627875,0.44242284,0.43974927,0.46309915,0.52388775
0.46035182,0.44538903,0.45137262,0.47585866,0.5551248
0.46116373,0.4492092,0.45591414,0.48050925,0.5650301
0.45439783,0.45690542,0.44562644,0.49189463,0.56055117
0.4465494,0.45086548,0.43438742,0.4992384,0.5704386
0.43355885,0.4376872,0.42642587,0.4996649,0.54794425
0.42516914,0.4183644,0.41576022,0.5044198,0.5595725
0.43058187,0.44316152,0.4252845,0.5049542,0.5822188
0.43193504,0.48098707,0.45714408,0.5084746,0.5846626
0.42949933,0.4435835,0.46198857,0.5010258,0.5699536
0.41461435,0.41811353,0.44429022,0.4949675,0.5356722
0.40703654,0.38867146,0.39600846,0.48873574,0.5565763
0.36048713,0.3713195,0.36988938,0.48123226,0.48351306
0.2857916,0.3085032,0.30466872,0.4796848,0.38903326
0.22246279,0.22526884,0.23511091,0.47833824,0.31900638
0.16968876,0.17370695,0.19492023,0.47691786,0.2735739
0.14370771,0.13597997,0.15296447,0.4765574,0.20311426
0.13044655,0.11583569,0.14355475,0.47982833,0.19037877
0.1255751,0.11933239,0.13793845,0.48052144,0.1849604
0.13450609,0.13278955,0.14263865,0.48088774,0.19168295
0.15209743,0.1479428,0.17226434,0.47897634,0.20358898
0.1962111,0.19404538,0.20113188,0.4805337,0.25279564
0.26901218,0.26082015,0.25398898,0.47969174,0.3283075
0.34154263,0.34520364,0.32260075,0.4832993,0.43829745
0.3872801,0.37115896,0.37521762,0.4918605,0.45195693
0.41028416,0.3949556,0.39891437,0.49948975,0.46978372
0.41326118,0.38358283,0.40587974,0.5133921,0.4728241
0.40162382,0.4061628,0.3972872,0.5375091,0.50801426
0.38971582,0.37992573,0.3802752,0.55515707,0.48378974
0.37780786,0.37074766,0.37291792,0.56065774,0.4816751
0.37347767,0.36589622,0.36892068,0.5922133,0.4872771
0.3805142,0.37948257,0.38397264,0.59103143,0.5042671
0.39269283,0.42793256,0.40902168,0.578583,0.5207845
0.38105547,0.40542728,0.4185552,0.5424696,0.5367134
0.3677943,0.3533808,0.37869638,0.51358414,0.48155463
0.37050068,0.3397233,0.3483121,0.50439477,0.47650194
0.341272,0.33688858,0.34256706,0.49698922,0.44253767
0.27253044,0.3004363,0.29522073,0.49000183,0.36399007
0.20595399,0.21447155,0.22213446,0.48122722,0.29043987
0.15507442,0.16476099,0.17299621,0.4834642,0.23832807
0.12097429,0.122303054,0.13815027,0.47014415,0.19782673
0.10663058,0.09655193,0.11524305,0.47347948,0.1691994
0.0976996,0.10330065,0.11216131,0.46619824,0.17414857
0.10067659,0.10520868,0.107875794,0.4596351,0.14952882
0.10744249,0.121583864,0.1272617,0.4429735,0.1772987
0.14912044,0.14652409,0.14746301,0.4409223,0.2073143
0.21921515,0.20990518,0.21774714,0.44810465,0.29721197
0.29634643,0.2944874,0.28632364,0.4743136,0.40333205
0.3480379,0.33190715,0.3416432,0.5037036,0.41189343
0.37672532,0.36110637,0.36666673,0.52764964,0.446348
0.38619757,0.37194407,0.37843418,0.55534077,0.44350404
0.38294992,0.39227268,0.37546676,0.5956212,0.47483265
0.37266576,0.3730907,0.36671788,0.63834095,0.47645825
0.3645467,0.3641351,0.35705936,0.6493573,0.44943017
0.3669824,0.35594386,0.3584671,0.6747855,0.46873015
0.38782138,0.38790116,0.37880617,0.7002094,0.49824023
0.4105548,0.44250318,0.41866493,0.69477284,0.5059747
0.42002708,0.42628032,0.43427473,0.6908963,0.51527095
0.41596752,0.40342712,0.42572847,0.68658817,0.47325552
0.42192152,0.38919386,0.39992988,0.67452383,0.4671098
0.388092,0.38184685,0.39118388,0.62641776,0.4181135
0.29634643,0.33029357,0.331557,0.5220785,0.35022494
0.21705006,0.22532341,0.22648408,0.47246096,0.25885954
0.16589986,0.16846427,0.1755605,0.4576544,0.20917775
0.1391069,0.14340396,0.14684628,0.44033977,0.2024202
0.13044655,0.11734848,0.13548255,0.42828697,0.20600353
0.12774019,0.12720373,0.13826977,0.42042282,0.19350256
0.1496617,0.1598365,0.14126989,0.4021427,0.22596441
0.2037889,0.21129277,0.19701724,0.39374316,0.2640633
0.31258458,0.30644244,0.29996383,0.3840499,0.39345264
0.39539918,0.3962407,0.42197865,0.3915084,0.47291464
0.4338295,0.4459208,0.43052572,0.42635262,0.50381356
0.4579161,0.4487978,0.45450133,0.46236137,0.5284598
0.4811908,0.46563855,0.46824986,0.49846935,0.5480528
0.4871448,0.467956,0.48239234,0.52967274,0.5483006
0.48606226,0.48686865,0.47481048,0.56760824,0.5882933
0.49147496,0.48126253,0.46901566,0.5885117,0.5650164
0.47983763,0.47765836,0.48024577,0.60317636,0.5478952
0.4668471,0.4660415,0.46357688,0.615013,0.557458
0.46495265,0.48801047,0.46794018,0.6175355,0.59557194
0.48010826,0.5214455,0.4913208,0.5922706,0.5933643
0.48335588,0.501292,0.5217014,0.57010186,0.5952059
0.47307172,0.47055167,0.49898624,0.55208576,0.56680936
0.46549392,0.43880743,0.45851737,0.5445782,0.55179554
0.40405953,0.41284418,0.42807746,0.52346957,0.49870014
0.30933693,0.33447954,0.3375853,0.49980816,0.40107858
0.22679296,0.23304209,0.24804135,0.4760676,0.31983852
0.17104195,0.19019511,0.19013542,0.4630271,0.2581073
0.1488498,0.14922969,0.15300792,0.45321998,0.19575675
0.13558863,0.13233683,0.14963144,0.44639093,0.20818624
0.1331529,0.13651802,0.13851091,0.4402553,0.18976885
0.1518268,0.16704114,0.15223467,0.42852008,0.24244934
0.21244925,0.21758163,0.20751934,0.42638972,0.2832499
0.3217862,0.31697544,0.30980957,0.41923463,0.38489306
0.3991881,0.40680212,0.40929383,0.42318127,0.4705127
0.43031123,0.44186527,0.4286686,0.43993634,0.51430315
0.45277402,0.44039533,0.44473478,0.45272714,0.5222831
0.47090665,0.46112484,0.4605821,0.4665217,0.55385077
0.473613,0.4491869,0.46708807,0.47761708,0.561482
0.46738836,0.46778256,0.457649,0.4916462,0.57148296
0.46549392,0.45594338,0.44650674,0.50276095,0.56926745
0.45683357,0.44797757,0.4476319,0.5124079,0.54893374
0.44871446,0.4408275,0.43965673,0.5302694,0.561638
0.46116373,0.46780515,0.44909906,0.53842735,0.5912766
0.4760487,0.5198348,0.49594536,0.5375205,0.59194154
0.4744249,0.48948222,0.5088403,0.54407763,0.58739674
0.464682,0.4577405,0.47983524,0.53603494,0.5572894
0.44898513,0.42864043,0.43952328,0.5216702,0.5675234
0.39215156,0.39461824,0.40177757,0.5082706,0.4846843
0.30338296,0.32148844,0.32937163,0.50238633,0.39873034
0.22976996,0.22516844,0.24536262,0.49439725,0.31571308
0.17834912,0.19372594,0.19684698,0.49749434,0.27461538
0.15507442,0.15033475,0.16381314,0.49329254,0.20513529
0.13964817,0.13956484,0.15562634,0.49106416,0.18851463
0.14154263,0.14092396,0.14316562,0.4842808,0.19345282
0.16671178,0.17576249,0.16544901,0.48336372,0.21029167
0.2232747,0.22975212,0.2247467,0.4815255,0.24450952
0.33152908,0.32788658,0.3103481,0.48302487,0.38681316
0.405954,0.41573521,0.41160202,0.48317134,0.47544628
0.43788904,0.44769114,0.43263972,0.4879801,0.5106111
0.45737484,0.44793734,0.45114964,0.5040262,0.5447058
0.47225982,0.45883715,0.46248645,0.5197109,0.5409963
0.4811908,0.45954382,0.4669145,0.52546203,0.56333226
0.47225982,0.47662076,0.46775773,0.5400528,0.59461606
0.47171855,0.46423626,0.4499273,0.53995466,0.57033545
0.461705,0.45732865,0.45692307,0.5497278,0.55931413
0.45304465,0.4452198,0.44577062,0.5514332,0.5626226
0.45142084,0.47610903,0.45690447,0.55003285,0.5987597
0.45466846,0.5073152,0.479108,0.54586196,0.60525024
0.45764548,0.46515065,0.48631865,0.5669364,0.60149264
0.4435724,0.44456655,0.46308735,0.56995684,0.57691115
0.44546685,0.41736203,0.4151033,0.5338001,0.54981875
0.40568337,0.39786386,0.40950546,0.5141412,0.5124533
0.32151556,0.34075278,0.3512293,0.5047457,0.4065473
0.2405954,0.25070593,0.26352835,0.4918196,0.31141698
0.18619756,0.20120332,0.20308797,0.48963085,0.23884708
0.15399188,0.15986837,0.16961959,0.4732341,0.23555452
0.13775373,0.13977556,0.14897923,0.46731707,0.23781127
0.13748309,0.14422828,0.14160949,0.45337772,0.22052911
0.16102841,0.17094086,0.15664625,0.43272644,0.2568453
0.21542625,0.23638055,0.20685562,0.42533815,0.28082427
0.32232746,0.31158602,0.2909525,0.41683102,0.4264648
0.3991881,0.40432733,0.4057778,0.43210238,0.49928844
0.43058187,0.43536687,0.42531103,0.4668223,0.5127672
0.45304465,0.44903272,0.4424763,0.5057856,0.53944415
0.4700947,0.4543147,0.4592182,0.53688586,0.5621502
0.47388363,0.45484996,0.46594983,0.5601342,0.5648569
0.4692828,0.47048658,0.45803595,0.5845946,0.58669835
0.47469553,0.45901892,0.44950244,0.58085835,0.5700378
0.46197563,0.45934463,0.46107432,0.5668316,0.56669897
0.4511502,0.44448334,0.44104618,0.5549183,0.56247944
0.45520973,0.46294147,0.45080066,0.53301287,0.59301996
0.45737484,0.5014623,0.48175257,0.5230772,0.60370547
0.45304465,0.4699582,0.48513424,0.52351063,0.5912641
0.44248986,0.43202808,0.4608261,0.5099903,0.5811813
0.44763193,0.40313986,0.42206395,0.49821243,0.5734229
0.40243572,0.39716455,0.41419187,0.4851353,0.5085222
0.3158322,0.33033553,0.3421951,0.47770646,0.39984334
0.23139377,0.23957315,0.25502816,0.46935776,0.33308226
0.18294993,0.18090077,0.19149561,0.46523783,0.27653703
0.15507442,0.15296958,0.16936369,0.45623627,0.22211502
0.14100136,0.14052388,0.15224618,0.45172858,0.22511138
0.13477673,0.13694982,0.14604922,0.44363108,0.21758941
0.15588634,0.15996554,0.15103368,0.4308353,0.25149143
0.20838971,0.21382494,0.20394021,0.4235399,0.28193468
0.3142084,0.30507398,0.2852311,0.4196041,0.39063126
0.39377537,0.39945424,0.39775312,0.42967212,0.4733631
0.42976996,0.4353304,0.42321533,0.45024562,0.5151331
0.44844383,0.44353074,0.44323772,0.48087552,0.52388775
0.4638701,0.4466512,0.4531268,0.51354396,0.5551248
0.46874154,0.45166704,0.45942688,0.5313705,0.5650301
0.46522328,0.4655012,0.45435256,0.57086444,0.56055117
0.46711773,0.46892217,0.44604897,0.629928,0.5704386
0.46143436,0.46674085,0.45121276,0.6577618,0.54794425
0.455751,0.45046288,0.44554096,0.665717,0.5595725
0.45466846,0.475071,0.45621985,0.69360185,0.5822188
0.4481732,0.50644827,0.47630253,0.6812149,0.5846626
0.43328822,0.4620292,0.47453654,0.685334,0.5699536
0.41515562,0.42264098,0.44202024,0.62781006,0.5356722
0.42462787,0.3947074,0.39548647,0.59848976,0.5565763
0.4046008,0.39711353,0.3944373,0.55315495,0.48351306
0.3269283,0.35211465,0.35729465,0.488948,0.38903326
0.24086604,0.25721872,0.2685079,0.46428585,0.31900638
0.18511502,0.18412039,0.20076863,0.43668145,0.2735739
0.15047361,0.15014055,0.16964883,0.4236542,0.20311426
0.13098782,0.122919425,0.14507222,0.4165413,0.19037877
0.12422192,0.11900653,0.13384737,0.40587196,0.1849604
0.1255751,0.13541967,0.13994911,0.39930403,0.19168295
0.13558863,0.14115676,0.1541773,0.38968986,0.20358898
0.1932341,0.18377097,0.17794433,0.38435492,0.25279564
0.26928282,0.26719242,0.26284608,0.38263607,0.3283075
0.33883625,0.34685835,0.32266372,0.41896862,0.43829745
0.3729364,0.3709092,0.3738889,0.4622198,0.45195693
0.3856563,0.384193,0.3845322,0.50085104,0.46978372
0.3872801,0.36932296,0.3840348,0.5399333,0.4728241
0.37916103,0.3954354,0.3766769,0.5867372,0.50801426
0.36833557,0.3759417,0.362677,0.63364184,0.48378974
0.36129904,0.3688275,0.35117638,0.6660234,0.4816751
0.36346415,0.35610554,0.35077,0.6778357,0.4872771
0.37672532,0.37527207,0.36783624,0.70299745,0.5042671
0.38890392,0.42451438,0.39928618,0.6968248,0.5207845
0.388092,0.4047386,0.41516858,0.700397,0.5367134
0.37510148,0.36796683,0.40187865,0.69664574,0.48155463
0.37618405,0.35825524,0.36575934,0.66830397,0.47650194
0.36292288,0.3505094,0.34969565,0.61174756,0.44253767
0.29499322,0.32273862,0.3188446,0.50368345,0.36399007
0.22300406,0.23163542,0.23503624,0.4618111,0.29043987
0.16535859,0.17476785,0.18373357,0.43557897,0.23832807
0.12990528,0.13006571,0.14337556,0.42259473,0.19782673
0.111772664,0.102246135,0.12198952,0.4028775,0.1691994
0.10608931,0.106961,0.1146152,0.39126986,0.17414857
0.10663058,0.11536559,0.11656323,0.38567224,0.14952882
0.106359944,0.1250414,0.12859616,0.38046744,0.1772987
0.1458728,0.14731155,0.14387818,0.37650982,0.2073143
0.21677943,0.2127177,0.22090493,0.382358,0.29721197
0.28822732,0.29381442,0.2863305,0.42440996,0.40333205
0.3396482,0.32338938,0.33500925,0.4772003,0.41189343
0.3631935,0.35329622,0.3637464,0.5208962,0.446348
0.3721245,0.36045888,0.3698042,0.5436675,0.44350404
0.37428957,0.3814498,0.3673164,0.5839696,0.47483265
0.36671177,0.3671594,0.36384624,0.6311135,0.47645825
0.3594046,0.35818613,0.35285336,0.6198087,0.44943017
0.36211097,0.35156208,0.3519407,0.6018355,0.46873015
0.38294992,0.38830954,0.37053362,0.5810206,0.49824023
0.4113667,0.4449016,0.41099182,0.5735326,0.5059747
0.41190797,0.4297014,0.44031456,0.56140184,0.51527095
0.402977,0.3939145,0.41811123,0.56269324,0.47325552
0.41299054,0.37059265,0.39434156,0.5634563,0.4671098
0.37401894,0.36742604,0.38931292,0.5514822,0.4181135
0.2933694,0.31687948,0.31398708,0.52694017,0.35022494
0.21975642,0.2245346,0.22860149,0.5126774,0.25885954
0.17834912,0.1713027,0.17885691,0.49149242,0.20917775
0.15507442,0.15344231,0.16232312,0.46522647,0.2024202
0.1420839,0.13353176,0.15195666,0.44549093,0.20600353
0.14046007,0.13961726,0.14636026,0.44498,0.19350256
0.15805142,0.16964443,0.15709944,0.4424348,0.22596441
0.20487145,0.22054377,0.20186876,0.44710028,0.2640633
0.32151556,0.30333233,0.29064614,0.4466726,0.39345264
0.41623816,0.40448335,0.4308384,0.45414963,0.47291464
0.47090665,0.46889135,0.45173946,0.49962655,0.50381356
0.50960755,0.48354667,0.48882797,0.55251527,0.5284598
0.54343706,0.51952803,0.5162468,0.628397,0.5480528
0.56075776,0.5408344,0.54136723,0.6943182,0.5483006
0.5664411,0.5639263,0.54620904,0.7369807,0.5882933
0.5751015,0.56361645,0.5468317,0.76342034,0.5650164
0.56914747,0.5542637,0.5622797,0.7472892,0.5478952
0.5545331,0.54905534,0.554291,0.75574994,0.557458
0.5361299,0.5674961,0.5526179,0.6818533,0.59557194
0.52801085,0.57749254,0.55327487,0.5722916,0.5933643
0.5142084,0.53552926,0.5621281,0.5541682,0.5952059
0.4993234,0.49152625,0.5225458,0.5698459,0.56680936
0.49039242,0.4677359,0.48099846,0.5741457,0.55179554
0.44844383,0.44427413,0.45059195,0.5548104,0.49870014
0.35669824,0.376872,0.39277694,0.49945328,0.40107858
0.27036536,0.28106067,0.29638252,0.48682156,0.31983852
0.21001354,0.22183779,0.23304698,0.48115748,0.2581073
0.17618403,0.18345124,0.19231446,0.4590758,0.19575675
0.16021651,0.15709986,0.1714284,0.45421994,0.20818624
0.1556157,0.16135877,0.16719338,0.4410208,0.18976885
0.17266576,0.18998441,0.17841916,0.42614368,0.24244934
0.22219215,0.24046625,0.22616428,0.4173234,0.2832499
0.32395127,0.33153328,0.30298144,0.40878665,0.38489306
0.4127199,0.41651294,0.41162154,0.41042286,0.4705127
0.455751,0.46047395,0.45235705,0.443926,0.51430315
0.47740188,0.4698465,0.47044855,0.4763363,0.5222831
0.50121784,0.48836198,0.4821044,0.49956295,0.55385077
0.50717187,0.4846431,0.49825034,0.51955795,0.561482
0.49742895,0.5031471,0.48925656,0.52906895,0.57148296
0.48985115,0.48309618,0.47170573,0.5444286,0.56926745
0.47713125,0.47093993,0.46714395,0.5508325,0.54893374
0.46495265,0.4618751,0.45453036,0.55570006,0.561638
0.46278754,0.48444065,0.45682478,0.56746733,0.5912766
0.4684709,0.52072775,0.48388708,0.5570345,0.59194154
0.46657646,0.4858908,0.50538886,0.561219,0.58739674
0.45006767,0.45719808,0.48025656,0.5641529,0.5572894
0.4414073,0.4241917,0.4299388,0.56358606,0.5675234
0.4,0.39727068,0.40357265,0.5537523,0.4846843
0.3112314,0.33615452,0.3449766,0.53422153,0.39873034
0.2330176,0.23362613,0.25133684,0.5144782,0.31571308
0.18078485,0.19648305,0.19788295,0.4943054,0.27461538
0.15345061,0.15394863,0.16612169,0.48925132,0.20513529
0.13883626,0.13763438,0.15202989,0.48714286,0.18851463
0.13261163,0.14131509,0.14345986,0.46650425,0.19345282
0.15074424,0.16770163,0.14757408,0.45452285,0.21029167
0.19837618,0.21176463,0.19651805,0.43442723,0.24450952
0.29715833,0.30029976,0.2702479,0.42663378,0.38681316
0.3797023,0.39000872,0.37889847,0.42057943,0.47544628
0.41948578,0.43230462,0.41419256,0.45293525,0.5106111
0.4465494,0.43464202,0.43313217,0.49532464,0.5447058
0.47171855,0.44979566,0.45278358,0.52382064,0.5409963
0.47740188,0.46248817,0.46748498,0.54755974,0.56333226
0.47821382,0.47431773,0.4592748,0.5705926,0.59461606
0.485521,0.47603244,0.45807657,0.60172373,0.57033545
0.48525032,0.47396067,0.47045997,0.61252695,0.55931413
0.48389715,0.47207588,0.47007373,0.61968684,0.5626226
0.48416778,0.5069537,0.48375574,0.64558136,0.5987597
0.4811908,0.5363699,0.5030403,0.6479986,0.60525024
0.47063598,0.48679575,0.50322616,0.64638746,0.60149264
0.45223275,0.45757347,0.46958762,0.6368574,0.57691115
0.45087957,0.42442307,0.42418987,0.5872755,0.54981875
0.42056835,0.40326267,0.41305295,0.52095926,0.5124533
0.3285521,0.35359967,0.3668684,0.49054608,0.4065473
0.24492557,0.2511129,0.26349348,0.44926518,0.31141698
0.18322057,0.20062861,0.20749797,0.41645214,0.23884708
0.14343707,0.15398562,0.16442896,0.41108772,0.23555452
0.1255751,0.12941585,0.13581659,0.39936945,0.23781127
0.12368065,0.1318273,0.13039687,0.38839754,0.22052911
0.14154263,0.15805124,0.1426176,0.37719113,0.2568453
0.18998647,0.21398243,0.18932696,0.3678223,0.28082427
0.28633288,0.28474522,0.27142644,0.35959333,0.4264648
0.37239513,0.37371403,0.3723301,0.36111003,0.49928844
0.42192152,0.41926077,0.41327748,0.39937484,0.5127672
0.45223275,0.445803,0.4423818,0.4441646,0.53944415
0.4760487,0.45294064,0.46169797,0.4926748,0.5621502
0.49066305,0.4604807,0.4743697,0.5504626,0.5648569
0.49228686,0.48912442,0.47899455,0.6027113,0.58669835
0.49878213,0.48452783,0.47305584,0.6358297,0.5700378
0.49661705,0.48469335,0.48301142,0.62934256,0.56669897
0.49364007,0.48306963,0.4786091,0.6562803,0.56247944
0.49282816,0.51065814,0.48841655,0.6596638,0.59301996
0.4895805,0.5370933,0.5068329,0.67239475,0.60370547
0.47902572,0.49705315,0.5166369,0.67699087,0.5912641
0.46116373,0.46006042,0.49131072,0.65857375,0.5811813
0.46143436,0.4283088,0.44261253,0.6191551,0.5734229
0.43870094,0.42045373,0.42562002,0.56480026,0.5085222
0.3458728,0.36858833,0.38569832,0.49936873,0.39984334
0.25845736,0.25989616,0.27748317,0.4353948,0.33308226
0.19837618,0.20325567,0.21710771,0.40657815,0.27653703
0.16562922,0.16399696,0.18001002,0.39874575,0.22211502
0.1466847,0.14568387,0.1630539,0.3845218,0.22511138
0.14154263,0.14135025,0.15145926,0.37514618,0.21758941
0.15805142,0.1660601,0.15977752,0.36680567,0.25149143
0.20324764,0.21500704,0.20642261,0.36688718,0.28193468
0.30202976,0.3017071,0.28081134,0.36149192,0.39063126
0.39188093,0.39166552,0.38998967,0.36908832,0.4733631
0.44844383,0.44068477,0.43299806,0.40424702,0.5151331
0.48308524,0.46613714,0.46873933,0.45562586,0.52388775
0.5150203,0.48905206,0.4914226,0.51921344,0.5551248
0.52990526,0.50824857,0.5141093,0.5772582,0.5650301
0.5307172,0.5297352,0.5149683,0.66344655,0.56055117
0.5420839,0.5300719,0.50891817,0.7057766,0.5704386
0.5404601,0.5368889,0.52728236,0.7373078,0.54794425
0.5407307,0.52891165,0.5195359,0.7658216,0.5595725
0.54397833,0.55830896,0.5355037,0.750782,0.5822188
0.5391069,0.58683103,0.55563164,0.7497901,0.5846626
0.5225981,0.54232717,0.5625899,0.74767864,0.5699536
0.4955345,0.50591403,0.53289264,0.7326108,0.5356722
0.48687416,0.47009373,0.47376928,0.69943607,0.5565763
0.47036535,0.45073423,0.44697472,0.63920724,0.48351306
0.37861976,0.40585738,0.41812903,0.5311754,0.38903326
0.2893099,0.29366773,0.30805328,0.4664292,0.31900638
0.22110961,0.22870941,0.24655136,0.43738338,0.2735739
0.1834912,0.18257359,0.19878666,0.42985457,0.20311426
0.16156968,0.15757579,0.17829521,0.4128445,0.19037877
0.1526387,0.15414311,0.1648143,0.40170214,0.1849604
0.15453315,0.16171905,0.1689379,0.39795008,0.19168295
0.16454668,0.17041592,0.19372971,0.39855927,0.20358898
0.21488498,0.21283108,0.22131035,0.39681953,0.25279564
0.29282814,0.29400325,0.28992808,0.3977545,0.3283075
0.36887687,0.38173282,0.35570186,0.43077248,0.43829745
0.42192152,0.4098146,0.41011906,0.47637954,0.45195693
0.4562923,0.44393468,0.44177845,0.55038345,0.46978372
0.47550744,0.45089757,0.45961145,0.6097832,0.4728241
0.4879567,0.48756114,0.4656713,0.679306,0.50801426
0.48985115,0.4841236,0.47306728,0.74873245,0.48378974
0.48768607,0.48806268,0.46857187,0.7839829,0.4816751
0.4895805,0.4787201,0.4692803,0.7797067,0.4872771
0.50121784,0.5086891,0.4825987,0.7283939,0.5042671
0.5101488,0.5492656,0.51199466,0.7080599,0.5207845
0.5069012,0.5154552,0.529514,0.710387,0.5367134
0.48903924,0.4758395,0.5178922,0.70563114,0.48155463
0.4887686,0.45324704,0.4707525,0.6973226,0.47650194
0.45764548,0.44697526,0.45067346,0.6378399,0.44253767
0.3788904,0.4006622,0.39346057,0.5929953,0.36399007
0.3014885,0.3023454,0.30939838,0.5732945,0.29043987
0.24303113,0.2620399,0.2562116,0.55795205,0.23832807
0.20730717,0.20395268,0.2183089,0.5324656,0.19782673
0.18511502,0.18552588,0.19974633,0.50985444,0.1691994
0.17266576,0.18222237,0.1864673,0.50314754,0.17414857
0.17131259,0.17177396,0.18266788,0.5073477,0.14952882
0.17618403,0.19034883,0.2002235,0.48592433,0.1772987
0.21244925,0.21446891,0.2274046,0.48617184,0.2073143
0.27875507,0.29057986,0.2858138,0.48239198,0.29721197
0.35534507,0.37872055,0.34532696,0.52609146,0.40333205
0.4181326,0.4086664,0.4044982,0.55766886,0.41189343
0.46441138,0.44288057,0.4450037,0.59351766,0.446348
0.49336943,0.46844745,0.47487155,0.6411224,0.44350404
0.5133965,0.50901234,0.48836523,0.68519664,0.47483265
0.53342354,0.5066354,0.4998746,0.7328758,0.47645825
0.55155617,0.52572393,0.51956624,0.78230035,0.44943017
0.5729364,0.5440714,0.53857696,0.82493865,0.46873015
0.59458727,0.5991312,0.56826127,0.81888103,0.49824023
0.6097429,0.6604201,0.5970148,0.7917316,0.5059747
0.60487145,0.6060812,0.61871284,0.82018614,0.51527095
0.58619756,0.57518,0.6054617,0.801849,0.47325552
0.5734777,0.5404212,0.560527,0.75977075,0.4671098
0.52828145,0.5228009,0.52223337,0.7012123,0.4181135
0.43491206,0.4508856,0.4547992,0.6506207,0.35022494
0.3556157,0.3455912,0.35614097,0.60864866,0.25885954
0.2993234,0.30907458,0.30603898,0.6019044,0.20917775
0.26738837,0.26148754,0.27135763,0.59072447,0.2024202
0.25358593,0.23778796,0.25728506,0.58136535,0.20600353
0.24898511,0.24981892,0.2568868,0.5862039,0.19350256
0.27117726,0.26960695,0.262698,0.5878967,0.22596441
0.32070366,0.3450215,0.32101876,0.56045496,0.2640633
0.43031123,0.43261704,0.41576892,0.562024,0.39345264
0.54857916,0.51787126,0.5315369,0.5671376,0.47291464
0.63707715,0.6023782,0.58889306,0.6105304,0.50381356
0.7014885,0.6639586,0.6583613,0.68265724,0.5284598
0.75994587,0.71927994,0.71272385,0.746734,0.5480528
0.7916103,0.7451337,0.7631992,0.82204556,0.5483006
0.80405957,0.8035263,0.77668,0.8684013,0.5882933
0.8192152,0.7883046,0.7828986,0.9135134,0.5650164
0.8224628,0.7995061,0.80341756,0.9460269,0.5478952
0.8232747,0.79502743,0.7999159,0.96588635,0.557458
0.8186739,0.84116,0.8065274,0.92293537,0.59557194
0.80947226,0.87206155,0.80289984,0.9250469,0.5933643
0.77266574,0.80469245,0.8264818,0.9133247,0.5952059
0.73261166,0.7419695,0.7884374,0.7993672,0.56680936
0.7082544,0.6812943,0.69393826,0.7368281,0.55179554
0.64546686,0.6518752,0.6479928,0.671978,0.49870014
0.5288227,0.54847664,0.5695985,0.59542453,0.40107858
0.4324763,0.44516277,0.45175812,0.5939797,0.31983852
0.35778078,0.37942976,0.38712808,0.58032197,0.2581073
0.3166441,0.3164373,0.33156198,0.5605228,0.19575675
0.29445195,0.28929326,0.3120427,0.57191503,0.20818624
0.2849797,0.2925578,0.29996625,0.56058645,0.18976885
0.29878214,0.31793144,0.30770972,0.5482255,0.24244934
0.34073073,0.3858809,0.3580786,0.53758526,0.2832499
0.44790256,0.46759474,0.4248317,0.5499641,0.38489306
0.5534506,0.5540374,0.5483037,0.5332636,0.4705127
0.62895805,0.61674404,0.6034124,0.5827526,0.51430315
0.6879567,0.66757053,0.65885437,0.6705589,0.5222831
0.74316645,0.7223954,0.7051841,0.73266983,0.55385077
0.77780783,0.73912054,0.74662757,0.7736465,0.561482
0.79972935,0.80501616,0.7619115,0.82790077,0.57148296
0.817862,0.79746604,0.77749515,0.8868599,0.56926745
0.81975645,0.8048559,0.79147106,0.93103325,0.54893374
0.8140731,0.79884315,0.78416836,0.9416549,0.561638
0.8024357,0.8440817,0.7817421,0.9299394,0.5912766
0.7815968,0.8637834,0.7758721,0.8578341,0.59194154
0.7504736,0.77636486,0.7878506,0.8535634,0.58739674
0.7182679,0.7253944,0.7651899,0.79777265,0.5572894
0.679567,0.6711624,0.67232394,0.7349006,0.5675234
0.61163735,0.62041354,0.6104269,0.63070977,0.4846843
0.5106901,0.51594615,0.53651667,0.5861679,0.39873034
0.4156969,0.422074,0.44804,0.5624566,0.31571308
0.3496617,0.36153126,0.37490007,0.55460703,0.27461538
0.3120433,0.31840125,0.33163893,0.5392517,0.20513529
0.28822732,0.28704524,0.30989152,0.54760766,0.18851463
0.2782138,0.28959173,0.2906548,0.5332079,0.19345282
0.2933694,0.31679624,0.29189512,0.53624225,0.21029167
0.33748308,0.37141252,0.3418824,0.52943146,0.24450952
0.4435724,0.45908436,0.42075914,0.5208515,0.38681316
0.5461434,0.545439,0.5328902,0.5228633,0.47544628
0.6056833,0.5999205,0.59014416,0.5590228,0.5106111
0.64925575,0.6370002,0.627304,0.61131805,0.5447058
0.68525034,0.66712815,0.66243464,0.6419023,0.5409963
0.6874154,0.6718894,0.6840488,0.65541387,0.56333226
0.67631936,0.6945,0.66280484,0.6478652,0.59461606
0.67334235,0.65891826,0.64716184,0.6847324,0.57033545
0.6516915,0.65536904,0.64705163,0.72393,0.55931413
0.63031125,0.6339591,0.6115297,0.72440934,0.5626226
0.6173207,0.66394275,0.60349,0.7183143,0.5987597
0.61163735,0.677043,0.60811996,0.665866,0.60525024
0.5978349,0.6240615,0.63757646,0.615816,0.60149264
0.57239515,0.5869727,0.6111046,0.618971,0.57691115
0.5480379,0.54547215,0.53713894,0.62853396,0.54981875
0.5017591,0.50445616,0.49398306,0.5922389,0.5124533
0.40838972,0.4317176,0.4410701,0.5686425,0.4065473
0.32205683,0.34080753,0.3450786,0.55812186,0.31141698
0.26332882,0.2922789,0.28160787,0.53484696,0.23884708
0.22814615,0.24458808,0.24470112,0.5276119,0.23555452
0.20974289,0.2100193,0.2216598,0.5210513,0.23781127
0.20081191,0.22369207,0.21144871,0.51960814,0.22052911
0.21732071,0.23516089,0.21288916,0.5208999,0.2568453
0.27117726,0.2986823,0.2600901,0.5169697,0.28082427
0.35886332,0.39046258,0.34225166,0.50629663,0.4264648
0.44465494,0.45275456,0.42678162,0.49965087,0.49928844
0.49580514,0.49281818,0.4823253,0.5164807,0.5127672
0.52963465,0.5181699,0.5094558,0.5288292,0.53944415
0.55209744,0.5407485,0.53267944,0.54700506,0.5621502
0.5629229,0.53324366,0.5408537,0.56611073,0.5648569
0.5645467,0.5679146,0.5419796,0.6025373,0.58669835
0.5729364,0.5503937,0.53900784,0.62835896,0.5700378
0.5661705,0.55595684,0.55098605,0.6552579,0.56669897
0.55723953,0.5459937,0.5375974,0.65131736,0.56247944
0.5534506,0.57844937,0.5421985,0.66630375,0.59301996
0.55399185,0.60966456,0.55784726,0.6682097,0.60370547
0.5464141,0.5673022,0.5716579,0.6344272,0.5912641
0.5374831,0.5283623,0.5405091,0.6056696,0.5811813
0.5342355,0.49956086,0.50387186,0.58420837,0.5734229
0.4836265,0.48076448,0.4867481,0.5589546,0.5085222
0.38998646,0.4021735,0.41503626,0.5420518,0.39984334
0.30960757,0.31025118,0.32289356,0.53586984,0.33308226
0.25466847,0.2641991,0.27018642,0.52279365,0.27653703
0.21271989,0.22915184,0.23593418,0.5206224,0.22211502
0.1924222,0.1929015,0.20281543,0.5111693,0.22511138
0.18511502,0.19128364,0.19660096,0.5003458,0.21758941
0.19972937,0.20921032,0.20167889,0.48697284,0.25149143
0.24979702,0.26651043,0.24325484,0.48053178,0.28193468
0.3369418,0.35999385,0.32502252,0.4712713,0.39063126
0.42002708,0.4253641,0.4101367,0.46192995,0.4733631
0.47198918,0.46974808,0.45938867,0.46953523,0.5151331
0.5087957,0.49087727,0.4912021,0.4763736,0.52388775
0.53152907,0.51607203,0.51801825,0.48942712,0.5551248
0.5437077,0.5171598,0.52769434,0.5097772,0.5650301
0.53152907,0.53618485,0.5292133,0.5235337,0.56055117
0.5339648,0.5162569,0.50478905,0.54050875,0.5704386
0.5242219,0.517903,0.5164454,0.57685626,0.54794425
0.51447904,0.5063625,0.49880067,0.61924875,0.5595725
0.51610285,0.532567,0.50216085,0.6373087,0.5822188
0.5307172,0.5667811,0.5271221,0.6452142,0.5846626
0.5217862,0.54585975,0.5605875,0.6511669,0.5699536
0.5052774,0.50278556,0.52703625,0.6290313,0.5356722
0.49418133,0.47761822,0.48139212,0.60400367,0.5565763
0.4549391,0.44806686,0.44738278,0.5879481,0.48351306
0.37266576,0.38981342,0.39370716,0.5672244,0.38903326
0.2933694,0.29834083,0.308881,0.5535729,0.31900638
0.23220569,0.24422766,0.24994731,0.5386145,0.2735739
0.20135318,0.20128608,0.20679627,0.53841287,0.20311426
0.18240866,0.17882559,0.1968572,0.52992,0.19037877
0.17347768,0.18147728,0.1851085,0.52994955,0.1849604
0.17726658,0.17998493,0.18764651,0.51750386,0.19168295
0.19837618,0.19662613,0.21242775,0.5151499,0.20358898
0.24384303,0.24456254,0.2524128,0.51039034,0.25279564
0.317456,0.31805548,0.3046552,0.51713085,0.3283075
0.39783493,0.40548983,0.3746941,0.52516496,0.43829745
0.46495265,0.4390586,0.4364965,0.5400197,0.45195693
0.5014885,0.4899343,0.48325077,0.57878256,0.46978372
0.51447904,0.49028775,0.4987615,0.6193464,0.4728241
0.5188092,0.5186406,0.49664727,0.62466776,0.50801426
0.52313936,0.5045981,0.4986376,0.6827872,0.48378974
0.5271989,0.5113502,0.50361794,0.69313824,0.4816751
0.53125846,0.51681834,0.5112102,0.75990677,0.4872771
0.54343706,0.5510956,0.52470094,0.70533514,0.5042671
0.5526387,0.5942032,0.5559272,0.6929388,0.5207845
0.544249,0.5604114,0.5670161,0.70489573,0.5367134
0.5207037,0.51147544,0.5408582,0.6819273,0.48155463
0.5112314,0.4810194,0.48934698,0.6529688,0.47650194
0.48930988,0.46538943,0.46394533,0.6275915,0.44253767
0.41244927,0.42809892,0.4308401,0.59898436,0.36399007
0.33071718,0.33639634,0.34186405,0.5753468,0.29043987
0.26657647,0.29077095,0.28113106,0.5518755,0.23832807
0.22868742,0.2251025,0.23897798,0.54198873,0.19782673
0.20514208,0.20737736,0.21929446,0.5196202,0.1691994
0.19377537,0.20231606,0.20499276,0.51335037,0.17414857
0.1894452,0.1930096,0.2057058,0.51499593,0.14952882
0.19350474,0.2115229,0.21836169,0.51210296,0.1772987
0.2316644,0.23265252,0.24236375,0.5108743,0.2073143
0.30202976,0.31154633,0.30305403,0.51630414,0.29721197
0.3962111,0.40051383,0.370158,0.54441756,0.40333205
0.47225982,0.45173997,0.44945675,0.57877564,0.41189343
0.5223275,0.50249213,0.49694893,0.630582,0.446348
0.5610284,0.5205462,0.5278482,0.67729545,0.44350404
0.582138,0.5793194,0.5550598,0.7229701,0.47483265
0.588092,0.5777957,0.5651306,0.775537,0.47645825
0.5870095,0.5783162,0.56529963,0.7980671,0.44943017
0.59431666,0.5742953,0.565813,0.812086,0.46873015
0.60622466,0.61786973,0.5855447,0.8002726,0.49824023
0.6248985,0.6730471,0.6053052,0.77560055,0.5059747
0.6175913,0.62460285,0.6392863,0.7816932,0.51527095
0.5953992,0.58799505,0.6195836,0.74543095,0.47325552
0.58430314,0.5494367,0.57423383,0.6884875,0.4671098
0.5428958,0.5317109,0.53772944,0.63274825,0.4181135
0.4481732,0.4655098,0.4714505,0.60254,0.35022494
0.36048713,0.35436264,0.36761516,0.56962115,0.25885954
0.30094722,0.31280893,0.3066902,0.5428009,0.20917775
0.26495263,0.27526504,0.27263662,0.5301626,0.25133747
0.24763194,0.2517531,0.2532706,0.52549326,0.28004885
0.24330176,0.24849571,0.24874032,0.5125015,0.26492083
0.26035184,0.2804363,0.25636873,0.51462996,0.29830694
0.30284166,0.34412026,0.3042207,0.5137782,0.33370635
0.40108255,0.4521743,0.3897766,0.5035038,0.44560415
0.50419486,0.5155662,0.50021964,0.50012624,0.52013683
0.5729364,0.584761,0.55230546,0.5502295,0.58181274
0.6227334,0.62177277,0.59663075,0.5734774,0.6038492
0.65602165,0.6671967,0.6363826,0.63049674,0.6057618
0.6657646,0.66980946,0.6560763,0.66643643,0.61498463
0.67171854,0.7025419,0.6479236,0.68715984,0.6303693
0.6684709,0.68321586,0.6518073,0.7131767,0.61922675
0.6519621,0.66091424,0.6436348,0.6908034,0.6093491
0.63924223,0.6479443,0.6241915,0.67798126,0.61639297
0.63870096,0.6779628,0.62257725,0.68710184,0.6457836
0.64763194,0.7248356,0.63734895,0.6868384,0.68691665
0.6449256,0.6925773,0.6705593,0.70275426,0.7042382
0.63058186,0.64918226,0.66402656,0.6660676,0.6630829
0.620839,0.6038537,0.60492826,0.6348009,0.60214424
0.5602165,0.58557796,0.5701641,0.612972,0.5670498
0.4579161,0.49758565,0.4860015,0.5948231,0.46848154
0.3721245,0.39228848,0.38472933,0.57228535,0.38475895
0.3090663,0.32901904,0.32700083,0.5555551,0.34270257
0.27117726,0.29142636,0.28315306,0.5531518,0.27045053
0.24925575,0.2646007,0.26210156,0.5471883,0.27168858
0.24925575,0.25683847,0.2509211,0.5446366,0.24470925
0.25385657,0.292036,0.27298278,0.5386567,0.2908148
0.3074425,0.35008484,0.29018077,0.5387459,0.339603
0.3983762,0.4584294,0.39108253,0.5241271,0.42246193
0.49282816,0.51531667,0.47749412,0.52019846,0.5030713
0.5526387,0.5656563,0.53711236,0.53963363,0.57654756
0.5872801,0.5921061,0.57115334,0.56102884,0.6000812
0.60866034,0.6203455,0.5932839,0.54826534,0.60600364
0.61677945,0.6121082,0.60091937,0.60030115,0.61658776
0.617862,0.64749986,0.59798664,0.59297395,0.62744194
0.6135318,0.62705946,0.59408,0.62937665,0.5996637
0.5991881,0.6022895,0.5868282,0.5917053,0.59769243
0.5840325,0.59872204,0.5706353,0.5921433,0.6087991
0.57645464,0.62380445,0.5649387,0.6015028,0.6491774
0.5772666,0.66687685,0.576584,0.59221125,0.66947895
0.56752366,0.62668204,0.6039779,0.6028452,0.70494723
0.5474966,0.57781315,0.5802127,0.5730612,0.6584543
0.532341,0.5186318,0.51909333,0.5470189,0.59613895
0.47929636,0.49441314,0.480574,0.53630114,0.5733072
0.38782138,0.41741022,0.41168082,0.5399331,0.4698732
0.3014885,0.32597554,0.32293966,0.5283959,0.3786019
0.24411367,0.27041245,0.25724742,0.5328809,0.33808446
0.21109608,0.23302856,0.22321521,0.5278344,0.27548033
0.19377537,0.21198398,0.2047572,0.53053486,0.2909433
0.1886333,0.21336216,0.19613476,0.5371926,0.27137926
0.20595399,0.23703167,0.20438983,0.53361845,0.29557374
0.25845736,0.29585055,0.25061062,0.5343852,0.34175128
0.34235454,0.4095688,0.33085036,0.5324944,0.46777523
0.4338295,0.44968462,0.41078073,0.53757393,0.52014905
0.5066306,0.50109243,0.47755665,0.549181,0.58827484
0.55669826,0.54338384,0.52670974,0.5771917,0.620068
0.59458727,0.5891546,0.56169856,0.5987778,0.6183449
0.62219214,0.6055506,0.58666146,0.64021647,0.63120353
0.64411366,0.65592474,0.60418606,0.67365575,0.6363129
0.66955346,0.65365213,0.62212825,0.7097937,0.6268817
0.68362653,0.6610144,0.64986897,0.7013897,0.6178063
0.6941813,0.67570347,0.65988016,0.77604175,0.6226551
0.7047361,0.72946995,0.68017805,0.7598461,0.6505934
0.69201624,0.7842373,0.7033969,0.7558361,0.6957097
0.69364005,0.71014416,0.6942269,0.76223016,0.7019036
0.66468203,0.69425577,0.68208826,0.7421112,0.66517407
0.65304464,0.63181424,0.60979307,0.71807027,0.6276465
0.6202977,0.60796773,0.5902213,0.6522541,0.57511014
0.53477675,0.5441747,0.54939336,0.6243553,0.47278482
0.43410012,0.45403385,0.46038684,0.5883515,0.39280528
0.3504736,0.37479192,0.37845403,0.56825614,0.33640173
0.3036536,0.32160985,0.31712437,0.55516195,0.27808496
0.27659,0.29389158,0.2957065,0.54617465,0.30341554
0.25899863,0.28514197,0.2792345,0.5333762,0.28048176
0.25845736,0.30341572,0.2712415,0.5174043,0.31074244
0.2684709,0.35059327,0.29795185,0.5245955,0.34617758
0.317456,0.42345113,0.32578075,0.52047133,0.4715404
0.408931,0.43580925,0.39318594,0.53563297,0.53386164
0.5182679,0.5253513,0.4783157,0.61972934,0.5940547
0.602977,0.60830545,0.56898457,0.69973004,0.61517495
0.65602165,0.6840454,0.6290617,0.7599803,0.6200888
0.6857916,0.7075257,0.66343856,0.828104,0.6269518
0.69878215,0.75782937,0.67660546,0.85706866,0.62857586
0.70175916,0.7453411,0.68022865,0.8833842,0.6251783
0.70419484,0.7243052,0.67736506,0.8908205,0.62117034
0.7150203,0.7204464,0.6807519,0.92548025,0.62234455
0.72828144,0.7696346,0.69730085,0.86851764,0.6489455
0.73964816,0.82093424,0.7115469,0.8421742,0.698418
0.72774017,0.7687622,0.7393187,0.8052825,0.69943565
0.694452,0.7436765,0.74145144,0.84753966,0.66985834
0.6755074,0.67010516,0.6735089,0.83126354,0.6281882
0.6376184,0.65002686,0.619029,0.77953684,0.57630926
0.5799729,0.5862571,0.5616363,0.7317637,0.46608007
0.5001353,0.5148692,0.5088687,0.72000325,0.39429396
0.42354533,0.4550383,0.43965122,0.69868207,0.35753965
0.3772666,0.39898098,0.38263196,0.6691123,0.28029525
0.34181327,0.36179435,0.3615483,0.6387074,0.2817444
0.32368064,0.34412926,0.3341387,0.6359056,0.26303592
0.32611638,0.37044576,0.3331647,0.6144339,0.2838873
0.34506088,0.42170572,0.36147687,0.6104336,0.3367871
0.42625168,0.5000743,0.4011205,0.5733038,0.42508906
0.53802437,0.5481054,0.51606697,0.60371274,0.49953437
0.63897157,0.6458573,0.6054338,0.6581875,0.56227976
0.7253045,0.715207,0.67622507,0.7373998,0.59264946
0.7826793,0.795824,0.7466091,0.79647994,0.59955835
0.8121786,0.80963415,0.783229,0.86399555,0.6123862
0.83031124,0.86412,0.7943933,0.9116142,0.6186689
0.8322057,0.85600334,0.8082882,0.9461936,0.5986398
0.832747,0.8322908,0.8032189,0.97186446,0.59603596
0.8316644,0.83394426,0.80735934,0.9994099,0.6047201
0.8359946,0.88310784,0.8044783,0.9998437,0.64798176
0.8341001,0.92870015,0.8125852,0.93439925,0.6526506
0.81813264,0.8540537,0.814195,0.8943659,0.67678326
0.77401894,0.8240016,0.83429646,0.88890004,0.62817204
0.76021653,0.7474758,0.750494,0.8484229,0.58594257
0.72422194,0.73196536,0.7054849,0.77935565,0.5664287
0.6376184,0.6649114,0.6553615,0.748906,0.45978916
0.535318,0.5806564,0.558763,0.74226236,0.37758088
0.44763193,0.4890117,0.47043276,0.7271743,0.33135372
0.39512855,0.43126094,0.40666613,0.70977616,0.27927014
0.36075777,0.37989122,0.37981087,0.704038,0.27366734
0.34154263,0.38550088,0.35799357,0.6870303,0.25780973
0.33802435,0.40183723,0.3543921,0.67250156,0.26030347
0.34100136,0.43049708,0.37318936,0.6437969,0.2614246
0.39215156,0.46061176,0.3850597,0.6250776,0.3460664
0.49201623,0.53019434,0.46919167,0.6304151,0.3952824
0.60622466,0.6294295,0.57010895,0.67275035,0.50865465
0.68525034,0.70334184,0.6616738,0.72036374,0.53782666
0.7239513,0.76135784,0.7062446,0.77593744,0.54938215
0.7388363,0.76161945,0.7227168,0.8487561,0.5410008
0.7399188,0.8068035,0.7223553,0.85651386,0.5337293
0.7317997,0.7780886,0.71532273,0.88235223,0.54096115
0.7288227,0.75657254,0.7027577,0.907403,0.5395445
0.72963464,0.7574112,0.70266944,0.9080061,0.5474713
0.7388363,0.8000537,0.7032293,0.9142188,0.5433415
0.747226,0.85957044,0.7170619,0.9394423,0.60188586
0.7331529,0.8081359,0.72984326,0.9528712,0.60813653
0.7031123,0.7546108,0.73795265,0.92421603,0.5686598
0.682544,0.69945973,0.69360703,0.8855977,0.54605275
0.65060896,0.67921346,0.6278435,0.82969093,0.52230906
0.5629229,0.6184191,0.57858765,0.74974966,0.43295395
0.4633288,0.51104885,0.4806661,0.7144724,0.3608353
0.3788904,0.44114575,0.39941737,0.6433661,0.31202716
0.3277402,0.36440742,0.33883396,0.62275684,0.23462704
0.29364005,0.3155008,0.3107898,0.59592664,0.25421157
0.2744249,0.31306094,0.286403,0.55272377,0.24257004
0.26495263,0.31978333,0.2767086,0.532338,0.23696047
0.2600812,0.33812156,0.2809781,0.524016,0.24251711
0.2947226,0.3502313,0.29659596,0.5107341,0.28255415
0.36968878,0.4167915,0.36522064,0.53116333,0.35323578
0.47415426,0.49838075,0.43940943,0.5591134,0.4647857
0.56048715,0.56983364,0.52819747,0.66642463,0.4757157
0.60703653,0.6239327,0.5839215,0.714772,0.50043905
0.6359946,0.63020194,0.6095446,0.7438687,0.5221145
0.65899867,0.6886192,0.6262611,0.750672,0.5263588
0.68335587,0.6856963,0.64246655,0.7838161,0.5402327
0.69580513,0.7077063,0.66650444,0.866411,0.509329
0.7136671,0.7189468,0.6706856,0.8712592,0.5263079
0.72801083,0.78060216,0.6958672,0.87782955,0.55696875
0.7391069,0.8325523,0.70544946,0.8902143,0.5847642
0.7315291,0.7725391,0.7239671,0.8385397,0.5961504
0.70392424,0.7231574,0.7266678,0.7960998,0.5470118
0.69905275,0.67367226,0.6875311,0.7650989,0.511932
0.6549391,0.6666625,0.6466959,0.71408904,0.4975863
0.5526387,0.5880312,0.57217675,0.6737022,0.41761595
0.45277402,0.4677164,0.46122524,0.67891014,0.31501532
0.3848444,0.41696346,0.3880598,0.64175785,0.29129538
0.34262517,0.35401076,0.34995213,0.61343306,0.25133747
0.3225981,0.32727274,0.32696256,0.6152729,0.28004885
0.3201624,0.32272285,0.32144612,0.58842134,0.26492083
0.3369418,0.3649402,0.33115873,0.5920545,0.29830694
0.3840325,0.43311623,0.36820593,0.5994804,0.33370635
0.47658998,0.5346816,0.46526316,0.591692,0.44560415
0.5745602,0.59715796,0.58318615,0.5987692,0.52013683
0.6419486,0.6672709,0.61251557,0.6051874,0.58181274
0.6933694,0.702146,0.66425776,0.63730013,0.6038492
0.72584575,0.7496887,0.7072319,0.66248405,0.6057618
0.73477674,0.740663,0.7292837,0.6774589,0.61498463
0.73342353,0.7772054,0.7211025,0.65061545,0.6303693
0.7317997,0.74582046,0.71466184,0.66331565,0.61922675
0.72097427,0.7343294,0.7110411,0.7199129,0.6093491
0.714479,0.7265879,0.6931006,0.7240447,0.61639297
0.70257103,0.76343983,0.6916612,0.72392464,0.6457836
0.6876861,0.7937538,0.6756565,0.71341085,0.68691665
0.6687415,0.73277944,0.6879357,0.7103684,0.7042382
0.63924223,0.6824556,0.7008569,0.6963811,0.6630829
0.62354535,0.62383866,0.61939627,0.6724622,0.60214424
0.573207,0.6026827,0.5727969,0.62006354,0.5670498
0.47171855,0.52302635,0.50310653,0.60431117,0.46848154
0.37266576,0.41777012,0.3974677,0.59621084,0.38475895
0.30798376,0.3421448,0.3217013,0.587155,0.34270257
0.2714479,0.30116725,0.28408968,0.5764365,0.27045053
0.24925575,0.2741915,0.26390964,0.5719956,0.27168858
0.24194857,0.26542264,0.249492,0.56260103,0.24470925
0.25656292,0.2913851,0.25980544,0.5517063,0.2908148
0.30771312,0.35558254,0.30036783,0.5411206,0.339603
0.40027064,0.4624154,0.37893716,0.5382879,0.42246193
0.48660353,0.51907057,0.47683722,0.53667235,0.5030713
0.54343706,0.5614736,0.52678573,0.5429633,0.57654756
0.58078486,0.5874407,0.5624137,0.568606,0.6000812
0.61326116,0.6239887,0.5864365,0.5996816,0.60600364
0.62895805,0.6281073,0.6079444,0.63693154,0.61658776
0.63734776,0.6734199,0.609107,0.66721004,0.62744194
0.64573747,0.6594818,0.6136117,0.69619656,0.5996637
0.6419486,0.6490136,0.6211379,0.71479654,0.59769243
0.63924223,0.64754957,0.6116752,0.72038496,0.6087991
0.63437074,0.68561965,0.6183772,0.7073723,0.6491774
0.63247633,0.72447914,0.6228572,0.7097126,0.66947895
0.6202977,0.6739455,0.64732885,0.6916137,0.70494723
0.59972936,0.62540495,0.61889875,0.67221785,0.6584543
0.59675235,0.5727349,0.5619391,0.65635276,0.59613895
0.5466847,0.5638556,0.54306346,0.6209229,0.5733072
0.45006767,0.48140952,0.47144312,0.5946418,0.4698732
0.35751015,0.38172993,0.3770901,0.5712126,0.3786019
0.2933694,0.3134078,0.31044078,0.57061875,0.33808446
0.25683355,0.28016168,0.27038136,0.5585191,0.27548033
0.2376184,0.2549156,0.2508285,0.5575837,0.2909433
0.22895806,0.248166,0.24131353,0.54550827,0.27137926
0.24600811,0.2795986,0.2442178,0.54329586,0.29557374
0.29905277,0.33500683,0.29445404,0.5296191,0.34175128
0.38917455,0.45147678,0.37803593,0.5226368,0.46777523
0.47658998,0.50032663,0.46060383,0.5333611,0.52014905
0.52963465,0.54659164,0.51515293,0.5473752,0.58827484
0.5618403,0.56984913,0.54745245,0.5634031,0.620068
0.591069,0.6002466,0.5700153,0.58043575,0.6183449
0.6092016,0.6060089,0.58956426,0.58903325,0.63120353
0.61461437,0.6447819,0.59548604,0.61781085,0.6363129
0.6284168,0.62576497,0.5925108,0.6383734,0.6268817
0.63193506,0.62659776,0.6101029,0.64682245,0.6178063
0.6313938,0.62614125,0.60620105,0.6499586,0.6226551
0.6316644,0.6736371,0.61189806,0.6812203,0.6505934
0.6403248,0.7160998,0.62567234,0.69457006,0.6957097
0.63545334,0.67478806,0.65966505,0.6749327,0.7019036
0.61921513,0.6390867,0.6359962,0.6784854,0.66517407
0.6113667,0.5952511,0.5826746,0.6819696,0.6276465
0.56427604,0.57359433,0.5537088,0.65843916,0.57511014
0.46657646,0.5010338,0.48849416,0.642166,0.47278482
0.382138,0.40374506,0.38865823,0.6417434,0.39280528
0.317456,0.34485343,0.33410168,0.64077437,0.33640173
0.2833559,0.30740225,0.2896524,0.6327903,0.27808496
0.2654939,0.28878027,0.27654058,0.6276418,0.30341554
0.25818673,0.28852087,0.2699583,0.62510586,0.28048176
0.2782138,0.30656508,0.27733147,0.5966809,0.31074244
0.32828146,0.3722648,0.33277664,0.60494494,0.34617758
0.4265223,0.47700742,0.40384036,0.60424477,0.4715404
0.520433,0.532479,0.5017288,0.61719096,0.53386164
0.5872801,0.6042677,0.5567908,0.6195808,0.5940547
0.6248985,0.63341284,0.60675657,0.6273136,0.61517495
0.64925575,0.667712,0.63115954,0.6527208,0.6200888
0.6657646,0.66680604,0.64418435,0.6763699,0.6269518
0.6790257,0.7120436,0.65135247,0.7176902,0.62857586
0.70067656,0.7072135,0.661948,0.761441,0.6251783
0.70040596,0.7081672,0.6850997,0.7630544,0.62117034
0.6976996,0.6987245,0.66973853,0.78354955,0.62234455
0.69526386,0.74406165,0.677861,0.77910256,0.6489455
0.6857916,0.78162056,0.68389964,0.7840029,0.698418
0.6714479,0.7214982,0.6984608,0.78302896,0.69943565
0.6473613,0.6841381,0.6782474,0.74934196,0.66985834
0.63924223,0.6230756,0.60766685,0.7114804,0.6281882
0.60487145,0.60796285,0.58243173,0.68461466,0.57630926
0.50554806,0.54967046,0.53551465,0.6366124,0.46608007
0.40649527,0.43852928,0.42644894,0.62711895,0.39429396
0.32584575,0.36904007,0.35203782,0.5844023,0.35753965
0.26711774,0.31099316,0.29257882,0.56223583,0.28029525
0.23572396,0.26006055,0.24917565,0.53834987,0.2817444
0.22679296,0.24379367,0.2344809,0.51788914,0.26303592
0.23355886,0.2797163,0.24280639,0.49614343,0.2838873
0.27361298,0.33034104,0.26897088,0.50607705,0.3367871
0.36129904,0.43237412,0.34520507,0.4933839,0.42508906
0.45466846,0.47983265,0.4490035,0.492012,0.49953437
0.51285523,0.53628683,0.50346714,0.5037215,0.56227976
0.55669826,0.5639661,0.53581655,0.53300834,0.59264946
0.59296346,0.60400355,0.5724204,0.575892,0.59955835
0.6129905,0.61584,0.59812117,0.64182556,0.6123862
0.61840326,0.6563817,0.60245156,0.6824625,0.6186689
0.6281462,0.63940084,0.5981163,0.690771,0.5986398
0.62760484,0.6367758,0.6076993,0.7382935,0.59603596
0.62354535,0.6328853,0.5994318,0.7542397,0.6047201
0.62868744,0.66980946,0.599733,0.7593701,0.64798176
0.61840326,0.7178115,0.619063,0.7552792,0.6526506
0.59296346,0.65205985,0.61707205,0.746114,0.67678326
0.55399185,0.599653,0.61551327,0.7358589,0.62817204
0.54695535,0.53425986,0.54030854,0.6840371,0.58594257
0.52151555,0.52038205,0.5037107,0.64095676,0.5664287
0.4324763,0.46942037,0.4577919,0.5897131,0.45978916
0.3369418,0.36693788,0.35787502,0.56680584,0.37758088
0.26522326,0.29411733,0.28402334,0.51984394,0.33135372
0.22868742,0.25006574,0.23666741,0.5024136,0.27927014
0.202977,0.22012974,0.22397654,0.48961028,0.27366734
0.18700947,0.21956462,0.20270604,0.47912952,0.25780973
0.18782137,0.22290042,0.19416147,0.4647449,0.26030347
0.19837618,0.24750657,0.22027387,0.461153,0.2614246
0.24519621,0.2859816,0.24929865,0.4537808,0.3460664
0.32313937,0.3512475,0.31316116,0.4545782,0.3952824
0.4037889,0.43037307,0.38393432,0.48742777,0.50865465
0.46278754,0.4683845,0.44558483,0.5459422,0.53782666
0.4993234,0.50698763,0.4828686,0.6152712,0.54938215
0.51474965,0.5216497,0.5021335,0.68753827,0.5410008
0.5209743,0.5598619,0.5018131,0.7157148,0.5337293
0.5188092,0.5418762,0.50207275,0.7259368,0.54096115
0.5217862,0.5320305,0.4946027,0.75704527,0.5395445
0.53207034,0.5369334,0.50332063,0.75293624,0.5474713
0.5512855,0.57826394,0.52153164,0.7428082,0.5433415
0.56427604,0.64565927,0.55282474,0.7589468,0.60188586
0.5631935,0.60694015,0.5714656,0.7559774,0.60813653
0.5437077,0.5647145,0.5680862,0.7372645,0.5686598
0.538295,0.51806337,0.52137035,0.7105833,0.54605275
0.52313936,0.5086345,0.49313766,0.6733376,0.52230906
0.44790256,0.47569415,0.46038592,0.6222936,0.43295395
0.36211097,0.37690556,0.3710404,0.588048,0.3608353
0.29905277,0.3237219,0.30613908,0.5680073,0.31202716
0.25764546,0.27329797,0.26944736,0.557232,0.23462704
0.23572396,0.24532156,0.24415454,0.5478906,0.25421157
0.22083898,0.23961833,0.23590215,0.55153716,0.24257004
0.22083898,0.24815056,0.22859213,0.5315089,0.23696047
0.22192152,0.27596477,0.24827267,0.52457523,0.24251711
0.258728,0.2955407,0.26693273,0.5208216,0.28255415
0.34073073,0.35756764,0.33215344,0.53669584,0.35323578
0.44167796,0.4562058,0.41047645,0.5709431,0.4647857
0.529364,0.51790136,0.49051332,0.63091195,0.4757157
0.5932341,0.5763666,0.5538828,0.7009673,0.50043905
0.6384303,0.61012816,0.60081005,0.77422297,0.5221145
0.66468203,0.68088657,0.63154376,0.8075141,0.5263588
0.6714479,0.67789245,0.6464367,0.8631414,0.5402327
0.6722598,0.673793,0.6469281,0.8748852,0.509329
0.68849796,0.6769731,0.65096676,0.8753129,0.5263079
0.711502,0.7378115,0.68121946,0.8620399,0.55696875
0.7345061,0.8053679,0.7050073,0.8928708,0.5847642
0.7369418,0.7616339,0.7370099,0.8813969,0.5961504
0.7163735,0.7250688,0.7387107,0.84865,0.5470118
0.7098782,0.6836854,0.68902004,0.82959044,0.511932
0.6741543,0.6765843,0.6549576,0.78336763,0.4975863
0.56562924,0.60744,0.5941853,0.73290324,0.41761595
0.46062246,0.47181886,0.46894163,0.66440046,0.31501532
0.3932341,0.41608304,0.39353836,0.6141715,0.29129538
0.35155615,0.35580188,0.3574033,0.5948931,0.25133747
0.32801083,0.32959077,0.33397493,0.5944443,0.28004885
0.3158322,0.3223611,0.32423604,0.5770788,0.26492083
0.3301759,0.35322505,0.32494837,0.561143,0.29830694
0.37077132,0.42012444,0.37307638,0.5478203,0.33370635
0.47713125,0.5191646,0.45614743,0.54085755,0.44560415
0.5937754,0.5986156,0.59224,0.5440644,0.52013683
0.6909337,0.68986005,0.6416881,0.61223423,0.58181274
0.7667118,0.7573778,0.72114456,0.6974726,0.6038492
0.83193505,0.8306646,0.7849086,0.77257204,0.6057618
0.8649526,0.8482674,0.84091926,0.81421125,0.61498463
0.8738836,0.9167201,0.8489965,0.88758683,0.6303693
0.88687414,0.89273554,0.84876484,0.93254936,0.61922675
0.89336944,0.8877625,0.8683483,0.9568641,0.6093491
0.89878213,0.8954897,0.87048864,0.97330487,0.61639297
0.9039242,0.94702846,0.8785407,0.97760713,0.6457836
0.90419483,1.0015242,0.87967175,0.9888201,0.68691665
0.89364004,0.92866534,0.8873683,0.9737197,0.7042382
0.8584574,0.9012829,0.9199029,0.9329883,0.6630829
0.8376184,0.83367175,0.8262822,0.8822328,0.60214424
0.78592694,0.8116954,0.7645844,0.81379056,0.5670498
0.6606225,0.72034293,0.7024611,0.7637248,0.46848154
0.5420839,0.5890529,0.5720532,0.69759035,0.38475895
0.45981055,0.50006485,0.48399884,0.6780503,0.34270257
0.40622464,0.43881544,0.42919657,0.6503891,0.27045053
0.3713126,0.3879695,0.39450336,0.6068471,0.27168858
0.35615698,0.3786062,0.37226254,0.5723934,0.24470925
0.36941814,0.4087899,0.3756563,0.5577687,0.2908148
0.41082543,0.47446334,0.42145965,0.5156393,0.339603
0.5112314,0.5731046,0.489247,0.519665,0.42246193
0.6216509,0.64846915,0.61349964,0.5144347,0.5030713
0.7060893,0.7251392,0.67759925,0.59052116,0.57654756
0.7810555,0.7807102,0.74072665,0.6735721,0.6000812
0.8451962,0.85617775,0.80712914,0.7777997,0.60600364
0.8774019,0.8778371,0.8537123,0.8221061,0.61658776
0.8909337,0.94388944,0.86051804,0.89065456,0.62744194
0.9028417,0.9266512,0.8674834,0.92804873,0.5996637
0.89661705,0.9119543,0.87728196,0.93809927,0.59769243
0.89120436,0.9012526,0.8582326,0.92382026,0.6087991
0.89282817,0.94786525,0.85934055,0.934211,0.6491774
0.8895805,1.0023041,0.86000216,0.9758816,0.66947895
0.8744249,0.91937274,0.8635546,0.96911156,0.70494723
0.84384304,0.8856513,0.89531755,0.9142631,0.6584543
0.8294993,0.82075876,0.8054469,0.8755125,0.59613895
0.77537215,0.8091509,0.75190747,0.81344724,0.5733072
0.6487145,0.7108562,0.6887369,0.73712957,0.4698732
0.5285521,0.5792953,0.5643588,0.6937969,0.3786019
0.44546685,0.48250258,0.4752174,0.65768915,0.33808446
0.39594045,0.42441523,0.41874003,0.6156882,0.27548033
0.36427605,0.3867815,0.38842726,0.5889785,0.2909433
0.35128552,0.3744959,0.36627233,0.5832727,0.27137926
0.3631935,0.41092718,0.3666848,0.5497892,0.29557374
0.40108255,0.46592337,0.40735176,0.5300743,0.34175128
0.50040597,0.56461644,0.47606286,0.5199762,0.46777523
0.6197564,0.63551366,0.5959203,0.524312,0.52014905
0.7036536,0.71907955,0.67576224,0.59853315,0.58827484
0.76508796,0.7720428,0.7315012,0.67734015,0.620068
0.8246279,0.83156264,0.7827495,0.7521546,0.6183449
0.8581867,0.8547146,0.831594,0.80531263,0.63120353
0.8836265,0.9218709,0.84123313,0.86486375,0.6363129
0.8990528,0.9136502,0.8624227,0.90249145,0.6268817
0.9079838,0.90896314,0.868968,0.9482471,0.6178063
0.9093369,0.91502166,0.87568736,0.9503722,0.6226551
0.91041946,0.9632364,0.87346363,0.96943045,0.6505934
0.90852505,1.0149529,0.8760185,0.9688513,0.6957097
0.89147496,0.9284909,0.88230217,0.9554447,0.7019036
0.8635995,0.9007358,0.90666425,0.921409,0.66517407
0.8595399,0.84301955,0.81963813,0.8777962,0.6276465
0.79810554,0.830447,0.77851313,0.8007171,0.57511014
0.66359943,0.7217515,0.70457053,0.75331175,0.47278482
0.5526387,0.59327555,0.57429004,0.73046255,0.39280528
0.48335588,0.5106792,0.5021951,0.68588674,0.33640173
0.4384303,0.46546835,0.4610462,0.6794282,0.27808496
0.4075778,0.42924064,0.43103814,0.6475693,0.30341554
0.3916103,0.41195703,0.4101362,0.6291592,0.28048176
0.39756426,0.4483275,0.40866485,0.59245455,0.31074244
0.43897158,0.4908892,0.44293296,0.58439827,0.34617758
0.54560214,0.60049087,0.51864946,0.57021236,0.4715404
0.6700947,0.6800676,0.6383288,0.553372,0.53386164
0.756157,0.7762582,0.72367454,0.6399138,0.5940547
0.8051421,0.82979214,0.78305686,0.714597,0.61517495
0.85520977,0.8642383,0.8185557,0.7660494,0.6200888
0.88010824,0.8884748,0.8618853,0.8110924,0.6269518
0.8922869,0.9412432,0.86362827,0.8514488,0.62857586
0.90636,0.92868966,0.86986357,0.89485884,0.6251783
0.9012179,0.9161019,0.8818366,0.9279994,0.62117034
0.8841678,0.90491015,0.861392,0.93596125,0.62234455
0.85385656,0.93352294,0.8440242,0.8902894,0.6489455
0.8338295,0.94764686,0.8075854,0.8426522,0.698418
0.8075778,0.8609529,0.81981707,0.81978035,0.69943565
0.77726656,0.82104474,0.8389683,0.7768929,0.66985834
0.76508796,0.7573601,0.74309397,0.73868525,0.6281882
0.70906633,0.7415932,0.69428897,0.71676743,0.57630926
0.60135317,0.65681696,0.62683666,0.699062,0.46608007
0.49824086,0.54320335,0.52792746,0.6845517,0.39429396
0.42462787,0.473464,0.45029548,0.6594341,0.35753965
0.38430312,0.41855842,0.3986756,0.64826393,0.28029525
0.36048713,0.3838669,0.37814173,0.62440014,0.2817444
0.35020298,0.378435,0.36383048,0.6140617,0.26303592
0.3653586,0.41436875,0.3695263,0.60732144,0.2838873
0.4127199,0.47167578,0.41735905,0.5994673,0.3367871
0.51258457,0.5791692,0.48079813,0.6032661,0.42508906
0.6284168,0.6401579,0.5942827,0.6057627,0.49953437
0.7239513,0.7259454,0.6821499,0.6510502,0.56227976
0.79756427,0.78324634,0.75222194,0.6980082,0.59264946
0.8614344,0.85589427,0.8104124,0.7756685,0.59955835
0.8960758,0.88377553,0.8584156,0.8572483,0.6123862
0.9060893,0.94882214,0.8711019,0.93670976,0.6186689
0.9158322,0.93142515,0.87114465,0.9779216,0.5986398
0.91772664,0.9162846,0.88104284,0.9980407,0.59603596
0.9198918,0.91147035,0.8767243,1.0336944,0.6047201
0.92368066,0.9711701,0.8835758,1.0373144,0.64798176
0.9112314,1.021563,0.8909618,1.0250448,0.6526506
0.8895805,0.93345743,0.89734006,1.0012733,0.67678326
0.8614344,0.9054891,0.8973651,0.9528785,0.62817204
0.8435724,0.84197634,0.80087435,0.8939947,0.58594257
0.80108255,0.81454605,0.76598066,0.7741822,0.5664287
0.70338297,0.7380838,0.7206609,0.7547798,0.45978916
0.5921516,0.6440521,0.62686217,0.7446778,0.37758088
0.4993234,0.55233514,0.5367276,0.7371894,0.33135372
0.4419486,0.4940725,0.46710575,0.7220603,0.27927014
0.40649527,0.4245774,0.43278643,0.661947,0.27366734
0.3894452,0.43090886,0.41056255,0.7020669,0.25780973
0.3797023,0.45557493,0.40919635,0.636871,0.26030347
0.38294992,0.47727978,0.41396835,0.6114286,0.2614246
0.42733425,0.5277322,0.42826238,0.56918657,0.3460664
0.5136671,0.57499063,0.49396312,0.5641773,0.3952824
0.597023,0.6464964,0.5837214,0.6072911,0.50865465
0.6654939,0.69504076,0.6427003,0.6762974,0.53782666
0.7236807,0.74630153,0.6949426,0.7108772,0.54938215
0.7564276,0.7656635,0.736171,0.74533784,0.5410008
0.7713126,0.83212715,0.74626374,0.81249356,0.5337293
0.7713126,0.8204804,0.7511116,0.8615521,0.54096115
0.7615697,0.80460495,0.7416921,0.8852724,0.5395445
0.7607578,0.79182273,0.7272547,0.8694432,0.5474713
0.76589984,0.83875436,0.732739,0.91612136,0.5433415
0.7556157,0.8876199,0.73570645,0.9302311,0.60188586
0.7304466,0.81591004,0.72577304,0.94227993,0.60813653
0.6941813,0.7535581,0.7407888,0.8998865,0.5686598
0.679567,0.6901564,0.68533015,0.8161571,0.54605275
0.63031125,0.6752668,0.62252593,0.75393283,0.52230906
0.52990526,0.5973217,0.5496563,0.70908177,0.43295395
0.43788904,0.48225653,0.44445089,0.6790981,0.3608353
0.3572395,0.42155093,0.3805822,0.60641444,0.31202716
0.3060893,0.35068518,0.31892896,0.5902567,0.23462704
0.27604872,0.29846784,0.2886042,0.5413196,0.25421157
0.25520974,0.3000858,0.26997787,0.54923403,0.24257004
0.24844384,0.3037992,0.25208032,0.5022204,0.23696047
0.24411367,0.31819278,0.259935,0.4861057,0.24251711
0.27361298,0.3351363,0.27327707,0.4645194,0.28255415
0.34424898,0.39195642,0.34005868,0.4613068,0.35323578
0.4224628,0.4655692,0.4118578,0.48851994,0.4647857
0.47740188,0.50650644,0.46848848,0.52604216,0.4757157
0.5090663,0.5227967,0.5009175,0.5700489,0.50043905
0.52503383,0.5322217,0.5155328,0.6027329,0.5221145
0.5304465,0.57185847,0.5168919,0.6552453,0.5263588
0.51962113,0.5563252,0.51150036,0.6729182,0.5402327
0.5104195,0.5385113,0.49099284,0.69215953,0.509329
0.51258457,0.5396223,0.48590162,0.71384966,0.5263079
0.5336942,0.5802355,0.49562687,0.741071,0.55696875
0.5518268,0.65531725,0.52960855,0.7352737,0.5847642
0.55074424,0.61583346,0.5500256,0.7363161,0.5961504
0.52963465,0.5678021,0.5544419,0.72856987,0.5470118
0.5304465,0.51608056,0.5171503,0.68416715,0.511932
0.49959403,0.5117281,0.4916036,0.6424496,0.4975863
0.40920162,0.45490682,0.43132427,0.5953474,0.41761595
0.32638702,0.35536626,0.32861358,0.5658084,0.31501532
0.26955345,0.31066513,0.27139875,0.5367346,0.29129538
0.23870094,0.2491965,0.2396673,0.5213765,0.25133747
0.22056833,0.22773252,0.22850357,0.5088146,0.28004885
0.21569689,0.225862,0.21941073,0.5006283,0.26492083
0.23734777,0.2472043,0.2248573,0.4900441,0.29830694
0.28281462,0.3180385,0.27078333,0.4817061,0.33370635
0.37753722,0.4285311,0.35139316,0.46973297,0.44560415
0.46630582,0.48494485,0.47822043,0.4684952,0.52013683
0.5277402,0.5347925,0.4967814,0.49447086,0.58181274
0.5648173,0.5638254,0.544237,0.5116024,0.6038492
0.5932341,0.59180886,0.5692494,0.5534314,0.6057618
0.6073072,0.59590065,0.5911176,0.58654714,0.61498463
0.6143437,0.6342703,0.5930451,0.60562456,0.6303693
0.6300406,0.6207703,0.5947175,0.63926053,0.61922675
0.6292287,0.62497926,0.6161015,0.6660387,0.6093491
0.6292287,0.626692,0.6067345,0.67646086,0.61639297
0.6330176,0.6674654,0.6188861,0.6924423,0.6457836
0.6381597,0.7195159,0.632156,0.73105156,0.68691665
0.6248985,0.6790085,0.65119255,0.75223637,0.7042382
0.5986468,0.6292962,0.61935675,0.726244,0.6630829
0.6021651,0.5707446,0.5652835,0.6790518,0.60214424
0.55155617,0.5684893,0.5559,0.62460494,0.5670498
0.44871446,0.48591447,0.47436935,0.57733154,0.46848154
0.35805142,0.38067296,0.36967108,0.5666565,0.38475895
0.29824087,0.31231093,0.30982265,0.55195415,0.34270257
0.2638701,0.2794502,0.27436802,0.54166436,0.27045053
0.24330176,0.25698054,0.25628734,0.53393257,0.27168858
0.23734777,0.24976417,0.24632086,0.53594637,0.24470925
0.2525034,0.28069443,0.25986597,0.53508466,0.2908148
0.30635995,0.34800333,0.30321112,0.5184022,0.339603
0.39594045,0.45567024,0.38987824,0.51335573,0.42246193
0.48579162,0.50843227,0.47034,0.50955653,0.5030713
0.5393775,0.55472916,0.5282736,0.5170424,0.57654756
0.57401896,0.5753084,0.55775183,0.51665914,0.6000812
0.59945875,0.6063795,0.5835372,0.53805757,0.60600364
0.61163735,0.6015026,0.5967126,0.54968715,0.61658776
0.60351825,0.64273304,0.59717387,0.5628089,0.62744194
0.6056833,0.60834783,0.57829094,0.5810611,0.5996637
0.59945875,0.600375,0.5866951,0.6040695,0.59769243
0.5956698,0.59917516,0.5734106,0.6113745,0.6087991
0.6005413,0.6388891,0.5801029,0.6387086,0.6491774
0.6121786,0.6926412,0.6011019,0.67239106,0.66947895
0.6113667,0.6584911,0.6345502,0.6953223,0.70494723
0.58998644,0.6209116,0.61766326,0.7230518,0.6584543
0.58998644,0.5681892,0.5579424,0.7159698,0.59613895
0.55534506,0.562114,0.5386239,0.67510104,0.5733072
0.46305817,0.49010813,0.48562795,0.62490463,0.4698732
0.37347767,0.39448997,0.38706967,0.6099911,0.3786019
0.3082544,0.32890832,0.32198313,0.59841824,0.33808446
0.27036536,0.29030418,0.27947542,0.5710628,0.27548033
0.24925575,0.26320544,0.25986254,0.56437236,0.2909433
0.24194857,0.2566602,0.25040108,0.5658171,0.27137926
0.258728,0.29096034,0.25838357,0.56584954,0.29557374
0.30554804,0.34558383,0.30261937,0.5439801,0.34175128
0.39675236,0.4557501,0.37426907,0.5429944,0.46777523
0.49201623,0.5043222,0.47342193,0.5356935,0.52014905
0.5594046,0.5597499,0.53201836,0.5477433,0.58827484
0.61515564,0.59276,0.5781304,0.5521462,0.620068
0.66468203,0.65330195,0.6251253,0.60315645,0.6183449
0.6887686,0.6759329,0.6633452,0.6468447,0.63120353
0.69228685,0.7274502,0.66927195,0.706118,0.6363129
0.6968877,0.70450765,0.66593504,0.7412009,0.6268817
0.68362653,0.69208455,0.67403424,0.7142259,0.6178063
0.6554804,0.6745248,0.6526851,0.72500277,0.6226551
0.6405954,0.69217324,0.6275531,0.6975689,0.6505934
0.637889,0.7212145,0.6386994,0.6679349,0.6957097
0.61867386,0.6721979,0.6604847,0.6659148,0.7019036
0.5826793,0.62267596,0.6297724,0.6494,0.66517407
0.57023007,0.55802625,0.55657697,0.62638235,0.6276465
0.517456,0.5336548,0.5234277,0.5643811,0.57511014
0.4067659,0.45488295,0.44694898,0.52152026,0.47278482
0.30311233,0.34071016,0.33035865,0.493997,0.39280528
0.23599459,0.2641964,0.25344232,0.47547552,0.33640173
0.1991881,0.22992593,0.21340872,0.4596801,0.27808496
0.17943166,0.20604129,0.19137298,0.44882208,0.30341554
0.17185386,0.20626576,0.17792676,0.4395785,0.28048176
0.18673883,0.22291854,0.18458891,0.43470374,0.31074244
0.23355886,0.2844494,0.2345792,0.42879957,0.34617758
0.31393775,0.38175952,0.31361568,0.42396116,0.4715404
0.39296347,0.4259715,0.39368042,0.42080075,0.53386164
0.44167796,0.4709355,0.44120857,0.43332332,0.5940547
0.47036535,0.48888487,0.4665038,0.45050636,0.61517495
0.4985115,0.500824,0.4818551,0.48749623,0.6200888
0.511502,0.5066524,0.49833408,0.5090203,0.6269518
0.50960755,0.54129255,0.4950957,0.5552927,0.62857586
0.5112314,0.525951,0.48384988,0.5977722,0.6251783
0.5052774,0.51103866,0.48724186,0.60315156,0.62117034
0.49580514,0.5130177,0.478238,0.6334647,0.62234455
0.49661705,0.53467715,0.47973612,0.6482246,0.6489455
0.5060893,0.5817046,0.5061111,0.63251233,0.698418
0.5014885,0.5537977,0.53134096,0.6228212,0.69943565
0.4909337,0.5173081,0.5090221,0.60374653,0.66985834
0.49364007,0.46822435,0.46934962,0.56068707,0.6281882
0.4465494,0.45529372,0.45025277,0.53443754,0.57630926
0.3623816,0.395352,0.3785652,0.5144509,0.46608007
0.28362653,0.30150005,0.30068728,0.49878618,0.39429396
0.2278755,0.25103492,0.24605374,0.48359272,0.35753965
0.20027064,0.21689303,0.2106949,0.4799787,0.28029525
0.18294993,0.19767542,0.2008392,0.47358814,0.2817444
0.17916103,0.19713795,0.18845242,0.46632066,0.26303592
0.19431664,0.21746765,0.19695331,0.46197653,0.2838873
0.24167794,0.2838593,0.23759641,0.45673048,0.3367871
0.32151556,0.38141504,0.3159153,0.4520249,0.42508906
0.41001353,0.41949654,0.39010727,0.44668016,0.49953437
0.46901217,0.47383368,0.45191863,0.46217817,0.56227976
0.50635993,0.5012463,0.48868313,0.48368245,0.59264946
0.53152907,0.52670544,0.514474,0.5032494,0.59955835
0.54343706,0.5234072,0.5275716,0.5243811,0.6123862
0.5423545,0.5571038,0.52797616,0.54526216,0.6186689
0.5404601,0.5397208,0.5203067,0.57440877,0.5986398
0.5271989,0.53182364,0.51956743,0.6116426,0.59603596
0.51772666,0.5232617,0.5038818,0.638785,0.6047201
0.51474965,0.55033946,0.5113304,0.66080093,0.64798176
0.51610285,0.5935055,0.52876294,0.65232974,0.6526506
0.50419486,0.55440885,0.5431571,0.66865444,0.67678326
0.4887686,0.5125112,0.5088139,0.6721003,0.62817204
0.49147496,0.47615474,0.4656019,0.6602696,0.58594257
0.45818675,0.4653281,0.45205837,0.6230198,0.5664287
0.37916103,0.41162568,0.4004001,0.58530354,0.45978916
0.30040595,0.32065314,0.31739366,0.54413986,0.37758088
0.23653586,0.2620616,0.2586127,0.51388717,0.33135372
0.20054127,0.22234206,0.21162418,0.5040957,0.27927014
0.17780785,0.19591527,0.19382653,0.4982588,0.27366734
0.16752368,0.19031906,0.1788901,0.48720095,0.25780973
0.17050068,0.20448264,0.18114598,0.48145208,0.26030347
0.18376184,0.22524616,0.2013011,0.46149486,0.2614246
0.22462788,0.2667001,0.22695135,0.4530529,0.3460664
0.30419487,0.32246882,0.28430212,0.4430493,0.3952824
0.388092,0.4030866,0.36756003,0.47803688,0.50865465
0.44546685,0.44515842,0.42812875,0.51315355,0.53782666
0.48092017,0.47843748,0.46082175,0.5896299,0.54938215
0.49986467,0.494931,0.47995588,0.64820945,0.5410008
0.51447904,0.53985953,0.4861687,0.69356513,0.5337293
0.5142084,0.53614783,0.49733192,0.7359363,0.54096115
0.51772666,0.52502954,0.48950642,0.7626654,0.5395445
0.5288227,0.52821606,0.50237435,0.7745378,0.5474713
0.54533154,0.57558286,0.5244528,0.79812276,0.5433415
0.55669826,0.63617575,0.5537707,0.77772844,0.60188586
0.5477673,0.5984468,0.5700257,0.7609472,0.60813653
0.52801085,0.5500668,0.54720604,0.7546519,0.5686598
0.5369418,0.50190574,0.50198734,0.6954272,0.54605275
0.5047361,0.50346476,0.49491408,0.649825,0.52230906
0.42138025,0.4509685,0.43575546,0.58641374,0.43295395
0.33504736,0.35379952,0.346447,0.5499588,0.3608353
0.27090663,0.2952562,0.28170547,0.5187545,0.31202716
0.2330176,0.24640232,0.24146624,0.4998084,0.23462704
0.20595399,0.22096568,0.22302823,0.4925591,0.25421157
0.19431664,0.21554556,0.20294695,0.46553978,0.24257004
0.19079837,0.21954045,0.20528702,0.47553763,0.23696047
0.19783491,0.24030833,0.21768247,0.44516215,0.24251711
0.22598106,0.27192545,0.25159732,0.4440439,0.28255415
0.2849797,0.32397237,0.29821727,0.4403425,0.35323578
0.36346415,0.39603865,0.3525376,0.4745165,0.4647857
0.42814615,0.43689615,0.41713184,0.510396,0.4757157
0.47171855,0.4603963,0.45765027,0.5501368,0.50043905
0.50121784,0.4918326,0.483815,0.6148273,0.5221145
0.517456,0.5340146,0.49917743,0.6358439,0.5263588
0.520433,0.53053296,0.50412166,0.6681326,0.5402327
0.52124494,0.52534693,0.5008173,0.6970285,0.509329
0.5166441,0.5343119,0.50419194,0.7011913,0.5263079
0.5285521,0.5645807,0.5009954,0.7085773,0.55696875
0.54722595,0.6315932,0.53476524,0.6882186,0.5847642
0.5461434,0.5960401,0.56276965,0.67214334,0.5961504
0.53883624,0.5485632,0.55946594,0.66081214,0.5470118
0.53342354,0.5109259,0.5325641,0.6331692,0.511932
0.47469553,0.49782932,0.4903805,0.61861885,0.4975863
0.38538566,0.4188048,0.39884835,0.58948636,0.41761595
0.31069013,0.3291379,0.31267747,0.5845865,0.31501532
0.26278755,0.29000425,0.2632536,0.56763077,0.29129538
0.2338295,0.24496792,0.23803283,0.5641613,0.25133747
0.21948579,0.22460982,0.22345419,0.5466435,0.28004885
0.21380244,0.22303118,0.22073789,0.5198039,0.26492083
0.23626523,0.24511217,0.22577043,0.5187174,0.29830694
0.29120433,0.31657764,0.28330508,0.5123503,0.33370635
0.37861976,0.4366861,0.38166702,0.5081174,0.44560415
0.46874154,0.48199028,0.45955378,0.50834244,0.52013683
0.5328823,0.53581446,0.51332307,0.5205364,0.58181274
0.5802436,0.57082665,0.5563845,0.53115416,0.6038492
0.6156969,0.61030614,0.5919407,0.5751922,0.6057618
0.6419486,0.6170331,0.6148662,0.6017997,0.61498463
0.65304464,0.6707001,0.6294527,0.63766646,0.6303693
0.667659,0.65792114,0.6312617,0.6837075,0.61922675
0.67117727,0.6599952,0.6504549,0.71615314,0.6093491
0.66955346,0.66408914,0.64884055,0.7153125,0.61639297
0.670636,0.7053639,0.65601265,0.77032983,0.6457836
0.6622463,0.7570728,0.6727363,0.8114996,0.68691665
0.6516915,0.6936099,0.67847335,0.7143291,0.7042382
0.62354535,0.6470839,0.65541244,0.6418791,0.6630829
0.6124492,0.5906993,0.58358747,0.64908016,0.60214424
0.5545331,0.57034105,0.5571803,0.58743334,0.5670498
0.4503383,0.48691308,0.48131636,0.57878745,0.46848154
0.35426253,0.3833953,0.3773412,0.5463629,0.38475895
0.28795668,0.3087335,0.3064228,0.5285977,0.34270257
0.24844384,0.26940238,0.2637997,0.5182102,0.27045053
0.22733423,0.24106236,0.24025731,0.49865523,0.27168858
0.21867388,0.23210292,0.23036341,0.4860767,0.24470925
0.23545332,0.25841066,0.23862793,0.47805664,0.2908148
0.27577808,0.32632017,0.2917772,0.47361192,0.339603
0.35994586,0.42705482,0.3546692,0.46269748,0.42246193
0.45520973,0.47262245,0.44284678,0.45679763,0.5030713
0.51610285,0.5293737,0.5075886,0.4791716,0.57654756
0.56346416,0.5593074,0.54071033,0.52814126,0.6000812
0.6008119,0.606695,0.5792419,0.57333875,0.60600364
0.6156969,0.61784834,0.60222447,0.6303848,0.61658776
0.620839,0.65997344,0.5993926,0.66933,0.62744194
0.6265223,0.638798,0.599507,0.6945045,0.5996637
0.6262517,0.63079244,0.6042569,0.733541,0.59769243
0.62679297,0.6310826,0.6008725,0.73219335,0.6087991
0.6313938,0.6739726,0.6092334,0.770437,0.6491774
0.63247633,0.7225829,0.6274532,0.7625309,0.66947895
0.61867386,0.6727572,0.64973766,0.7587137,0.70494723
0.588092,0.62663794,0.628168,0.7315556,0.6584543
0.5853857,0.56041795,0.55399406,0.6982002,0.59613895
0.5307172,0.55241287,0.53234565,0.6390985,0.5733072
0.43058187,0.46114868,0.45453966,0.56361544,0.4698732
0.3345061,0.35861087,0.35757872,0.5084908,0.3786019
0.26738837,0.2879256,0.28599358,0.48655823,0.33808446
0.22868742,0.24900666,0.24318685,0.4727763,0.27548033
0.20649527,0.22230957,0.2221544,0.46345454,0.2909433
0.19972937,0.21759024,0.20718709,0.44368201,0.27137926
0.21705006,0.24315614,0.2137572,0.4388805,0.29557374
0.26332882,0.30244726,0.26376823,0.42949665,0.34175128
0.35128552,0.41160104,0.34646732,0.41975138,0.46777523
0.44600812,0.46170884,0.4357929,0.41538584,0.52014905
0.50960755,0.51383793,0.4916146,0.445711,0.58827484
0.55372125,0.5462292,0.5321622,0.50719357,0.620068
0.5872801,0.5933508,0.5650617,0.5801214,0.6183449
0.6067659,0.6056819,0.58584607,0.642215,0.63120353
0.6156969,0.6464544,0.5921817,0.6873473,0.6363129
0.6292287,0.6324981,0.5946243,0.718295,0.6268817
0.6405954,0.633939,0.6104665,0.7471119,0.6178063
0.6397835,0.6420336,0.62048197,0.763275,0.6226551
0.6435724,0.68174976,0.61814904,0.7569648,0.6505934
0.63897157,0.72931176,0.6415099,0.75925636,0.6957097
0.61867386,0.66947657,0.6501119,0.7498951,0.7019036
0.5889039,0.62081206,0.6273497,0.7364955,0.66517407
0.5937754,0.56282467,0.5585436,0.7013209,0.6276465
0.54181325,0.5574788,0.54298455,0.63402975,0.57511014
0.43870094,0.4741891,0.46557444,0.5843574,0.47278482
0.34181327,0.37100548,0.3641365,0.5449221,0.39280528
0.2730717,0.2967136,0.29369494,0.5265474,0.33640173
0.23491204,0.24118714,0.24905573,0.490733,0.27568704
0.21596752,0.2150434,0.22970337,0.48046634,0.24617584
0.20622464,0.22400841,0.2199298,0.45586666,0.24973111
0.21975642,0.23657617,0.219719,0.45278293,0.27770445
0.2668471,0.2914055,0.26770324,0.4382558,0.32317883
0.35534507,0.39507484,0.3530197,0.43057346,0.43544137
0.45385656,0.4475289,0.43912107,0.4168417,0.49288458
0.5255751,0.4895056,0.5018812,0.45495522,0.53417796
0.57564276,0.5416116,0.5498637,0.5221648,0.56726515
0.6175913,0.5705806,0.58805543,0.597275,0.5732708
0.6403248,0.58495355,0.61855125,0.65727663,0.59826344
0.64925575,0.630598,0.62554467,0.73261404,0.6157464
0.6606225,0.6171316,0.6275234,0.7369169,0.5962003
0.6503383,0.6137117,0.64043486,0.7527839,0.5831157
0.6365359,0.5920912,0.6173597,0.7450118,0.58982235
0.62868744,0.61986965,0.6153721,0.68702745,0.6271036
0.6243572,0.6475002,0.62335265,0.6793424,0.64052284
0.6067659,0.6087555,0.64600116,0.6471102,0.63770336
0.5894452,0.5529754,0.62489206,0.61573195,0.61573535
0.5848444,0.5206911,0.56668115,0.6136917,0.59393936
0.52665764,0.5007131,0.5324608,0.59177846,0.5358749
0.43355885,0.42186722,0.45152578,0.5739901,0.4363739
0.3396482,0.34739357,0.36678642,0.5629604,0.35196006
0.27848443,0.285281,0.29247108,0.54988396,0.2876972
0.24763194,0.24939993,0.2581063,0.53182423,0.26806152
0.22895806,0.22565964,0.24556722,0.50794685,0.257679
0.22273342,0.22376001,0.23124106,0.49425617,0.26093435
0.23870094,0.24716091,0.2413468,0.4935499,0.2808563
0.28795668,0.30221516,0.29006377,0.4899461,0.33569434
0.3721245,0.4091378,0.36626595,0.48788992,0.42959988
0.455751,0.45485497,0.446573,0.48122236,0.481713
0.5142084,0.49153304,0.5000286,0.4962269,0.5229273
0.55723953,0.5252406,0.5374546,0.5187753,0.5423088
0.5916103,0.5594974,0.568782,0.56479704,0.575787
0.6094723,0.5692537,0.5889761,0.61444414,0.5939902
0.6189445,0.59363854,0.5922848,0.67332935,0.59118545
0.62977,0.5965053,0.5964073,0.70285106,0.58194774
0.6311231,0.59566116,0.6065533,0.7534679,0.57658935
0.6240866,0.5904678,0.6042167,0.79555523,0.572819
0.6124492,0.61902237,0.6030142,0.7937753,0.6123376
0.6037889,0.6406834,0.60795355,0.7675892,0.6047597
0.58322054,0.5945719,0.6277521,0.738027,0.6177159
0.55155617,0.5487163,0.590255,0.728075,0.57447696
0.55372125,0.5067201,0.5197234,0.67374223,0.58333945
0.511502,0.49194968,0.50632364,0.6257336,0.5014724
0.42733425,0.42446557,0.4450226,0.573318,0.41896182
0.335318,0.33440876,0.36288887,0.5189712,0.32872996
0.27009472,0.26846963,0.2889107,0.5018703,0.2909201
0.22841679,0.23873274,0.24785869,0.4837599,0.2462978
0.20270637,0.21604697,0.22011624,0.48686475,0.22719324
0.191069,0.20843747,0.20251341,0.47424194,0.21781793
0.19269283,0.1991758,0.20593669,0.46483696,0.2314353
0.21028417,0.23085982,0.22814317,0.46345457,0.2546321
0.24519621,0.27571324,0.2632799,0.4539155,0.30979738
0.3142084,0.33046228,0.30087647,0.4534927,0.35728413
0.38673884,0.38194555,0.37467784,0.46468475,0.46460265
0.44221923,0.42571265,0.4277799,0.47863504,0.4945433
0.47253045,0.44416028,0.4632194,0.4976118,0.5034781
0.4879567,0.44939178,0.47373128,0.5487983,0.5091821
0.48660353,0.4808,0.47689855,0.6272407,0.52545923
0.48146144,0.45975745,0.4650309,0.66392887,0.50887764
0.4728011,0.4450741,0.45826128,0.7072282,0.5249308
0.47415426,0.44012058,0.44930506,0.73838544,0.50658333
0.48822734,0.4666065,0.4644755,0.74168134,0.5191428
0.50094724,0.53430945,0.496201,0.7396132,0.56567115
0.49607578,0.51197183,0.5179871,0.7370043,0.5610892
0.4714479,0.45185962,0.5042043,0.7262428,0.5318183
0.4820027,0.41990474,0.45301914,0.6824764,0.519163
0.44248986,0.42479274,0.44668716,0.64607906,0.48738718
0.36562923,0.36979598,0.37431094,0.59759015,0.40447462
0.28470907,0.28751144,0.29748148,0.5349147,0.3160568
0.22625169,0.23189107,0.2357236,0.50956804,0.26455447
0.1902571,0.20692672,0.19961266,0.47995844,0.2300762
0.16968876,0.18090583,0.18078949,0.47664627,0.20958166
0.15778078,0.17059083,0.17003924,0.46391043,0.20040473
0.1556157,0.17378783,0.16544607,0.44533572,0.19707339
0.16156968,0.18526849,0.17840345,0.4370729,0.22569688
0.18294993,0.21858808,0.20617747,0.42072362,0.2582243
0.2525034,0.26424488,0.2441221,0.4146825,0.30759653
0.33721244,0.32921004,0.3257354,0.44604298,0.44025958
0.39675236,0.3886236,0.3890793,0.48691624,0.45687133
0.4300406,0.39943594,0.42048332,0.55613226,0.47533548
0.4465494,0.41835266,0.43648404,0.58204234,0.48294872
0.45385656,0.44285083,0.43931985,0.650944,0.5100033
0.45169148,0.43305385,0.43929273,0.66806304,0.5136109
0.44844383,0.41341764,0.4328319,0.6750945,0.4887941
0.44763193,0.41821393,0.43397975,0.69186354,0.50582486
0.46062246,0.44352037,0.4424997,0.67578864,0.53537345
0.47983763,0.5227782,0.47470826,0.6250236,0.5648728
0.47740188,0.49341,0.5007273,0.6562648,0.5613172
0.45845738,0.4382956,0.4834867,0.61264884,0.531316
0.46792963,0.40136155,0.44530803,0.5985019,0.51060617
0.41461435,0.40444222,0.4357705,0.5612089,0.4710769
0.32963464,0.33250445,0.34306154,0.52067125,0.39445868
0.25169146,0.2615822,0.26280925,0.49891362,0.2805289
0.20108254,0.20501095,0.20703487,0.48731932,0.24329248
0.1729364,0.1881117,0.17873481,0.4714777,0.24893755
0.16048715,0.15781975,0.16686225,0.45832118,0.22812551
0.16048715,0.16428149,0.16376965,0.45591882,0.22358996
0.1767253,0.1949527,0.17565441,0.4398272,0.2624785
0.22543979,0.2484536,0.21745421,0.42835677,0.30035987
0.3128552,0.35448816,0.3121604,0.41548657,0.4031468
0.40947226,0.40035897,0.40347147,0.411188,0.4773082
0.46549392,0.44509822,0.46107852,0.44251493,0.53064144
0.49445197,0.47189015,0.4861889,0.48338726,0.55267894
0.5169147,0.48494333,0.50223833,0.5117382,0.56419647
0.52530444,0.48065883,0.51519984,0.5321393,0.58562607
0.52286875,0.5065385,0.51135427,0.5764013,0.61741614
0.52638704,0.4979023,0.50225544,0.6207738,0.594764
0.51989174,0.4914634,0.51105404,0.638358,0.5758727
0.5152909,0.4791372,0.5018103,0.6617166,0.588386
0.5209743,0.5185372,0.5127318,0.664136,0.63114876
0.53152907,0.5620016,0.540376,0.6719572,0.6335367
0.52151555,0.5413294,0.5597321,0.6711831,0.63639706
0.4985115,0.4889677,0.52640074,0.65613157,0.60201156
0.50581867,0.45023584,0.47618818,0.62322646,0.5770946
0.44844383,0.4380975,0.46789515,0.553701,0.5337837
0.347226,0.35201192,0.378606,0.50447744,0.44162816
0.26116374,0.2671612,0.2793456,0.46704933,0.3449933
0.2037889,0.20819905,0.22102739,0.4485015,0.279673
0.17266576,0.18823695,0.18442874,0.43501467,0.2510711
0.15669824,0.15935272,0.16787991,0.41842005,0.24542598
0.15399188,0.15882328,0.15979767,0.41487417,0.23347345
0.17320703,0.1944412,0.17291754,0.40208992,0.27555966
0.22192152,0.24938945,0.22697748,0.39373094,0.32709464
0.30094722,0.34698007,0.30876213,0.38446236,0.41991654
0.38998646,0.38905945,0.37906426,0.38275605,0.4851076
0.44465494,0.42285144,0.43871003,0.4107509,0.521929
0.479567,0.44819242,0.4649394,0.4664052,0.5381796
0.5136671,0.47428647,0.48898184,0.48827228,0.57421726
0.5345061,0.4841374,0.5128511,0.55800736,0.58751416
0.538295,0.52284074,0.52111465,0.6293217,0.60603136
0.5496617,0.51662517,0.51604027,0.6624068,0.584821
0.5464141,0.5144325,0.5335756,0.66913223,0.57855475
0.5437077,0.50173,0.5243159,0.6796659,0.57726264
0.54857916,0.5424291,0.53803957,0.6815871,0.62489104
0.5493911,0.5831691,0.5631879,0.671543,0.61590374
0.5377537,0.54237425,0.5721969,0.665674,0.6319908
0.51474965,0.49771342,0.5413606,0.6589107,0.58679384
0.5223275,0.46056503,0.48574176,0.61764324,0.5937066
0.467659,0.4481288,0.47730896,0.56104404,0.51474977
0.36968878,0.36205265,0.3946068,0.49197719,0.43292773
0.2806495,0.2711432,0.3026739,0.4611511,0.330187
0.22083898,0.21505895,0.23909943,0.43448654,0.28903532
0.1856563,0.19610915,0.201859,0.4205591,0.25560412
0.16752368,0.16631396,0.18135054,0.39954466,0.23078439
0.16373478,0.16840705,0.1714529,0.3955466,0.23961642
0.18186739,0.20499781,0.18279178,0.38488755,0.2531671
0.23058186,0.2513041,0.23418541,0.38346684,0.30883092
0.3142084,0.3638954,0.3166059,0.3779405,0.42147028
0.402977,0.40392607,0.39404926,0.37503344,0.49574047
0.4608931,0.4372047,0.45053256,0.40914598,0.53705955
0.5006766,0.46286607,0.4843144,0.46898028,0.57248026
0.5345061,0.49668962,0.51328063,0.52504945,0.57538444
0.5512855,0.51396656,0.53482085,0.6005806,0.60808504
0.55236804,0.53547597,0.536837,0.6573278,0.62373894
0.5610284,0.5306746,0.5298778,0.69446766,0.6008563
0.565088,0.5305178,0.54343444,0.7071327,0.5806537
0.56346416,0.52783835,0.5460447,0.736982,0.5930855
0.5615697,0.56703925,0.5516355,0.74556553,0.63470155
0.5610284,0.58984315,0.56831676,0.72664213,0.6414352
0.5466847,0.5531306,0.5875497,0.7029486,0.6451267
0.5339648,0.51214767,0.55589485,0.68128896,0.6184206
0.5461434,0.48450762,0.51056224,0.64218473,0.5891419
0.4895805,0.4746554,0.50098175,0.58064806,0.5432065
0.39350474,0.38272706,0.41431373,0.5326632,0.44631064
0.30581868,0.3075089,0.32569373,0.5213156,0.34728846
0.2511502,0.2494545,0.2624126,0.5057018,0.2734599
0.21596752,0.22488555,0.23295783,0.5035188,0.27568704
0.19864681,0.20355704,0.21026136,0.4938616,0.24617584
0.19756427,0.21436325,0.2037706,0.48393163,0.24973111
0.21677943,0.22903465,0.22064038,0.4802743,0.27770445
0.27253044,0.29235977,0.269167,0.48155668,0.32317883
0.3610284,0.39714786,0.35818803,0.47675106,0.43544137
0.45439783,0.44606382,0.43490297,0.4810991,0.49288458
0.51258457,0.48876262,0.49811387,0.49918458,0.53417796
0.5534506,0.5244334,0.5312227,0.526973,0.56726515
0.5867388,0.5429769,0.5628371,0.56790423,0.5732708
0.605954,0.5493863,0.5835975,0.6068983,0.59826344
0.617862,0.5858114,0.5903978,0.6619024,0.6157464
0.6368065,0.58282286,0.59847486,0.70857227,0.5962003
0.64790255,0.5915079,0.62091786,0.7394633,0.5831157
0.6419486,0.5938796,0.6270563,0.7694292,0.58982235
0.64627874,0.6355985,0.6204195,0.8210304,0.6271036
0.65277404,0.67338884,0.6536598,0.7904885,0.64052284
0.64248985,0.63875043,0.6729576,0.78435755,0.63770336
0.6308525,0.5964905,0.6437003,0.75211966,0.61573535
0.64113665,0.56154835,0.5956227,0.691097,0.59393936
0.5840325,0.552826,0.5848669,0.6462823,0.5358749
0.48308524,0.4659517,0.50215447,0.62796533,0.4363739
0.39512855,0.38825613,0.40750968,0.61545944,0.35196006
0.33071718,0.32794362,0.3474119,0.61434776,0.2876972
0.29661706,0.2887233,0.30375853,0.6155442,0.26806152
0.27550745,0.271138,0.2911877,0.6111561,0.257679
0.27171853,0.26873645,0.27964422,0.60892177,0.26093435
0.28768605,0.2977708,0.2964269,0.5973109,0.2808563
0.3369418,0.35124797,0.34066397,0.58707494,0.33569434
0.4257104,0.45590904,0.416641,0.58669424,0.42959988
0.51799726,0.50413245,0.4993754,0.5820291,0.481713
0.5805142,0.55156755,0.5600651,0.5871495,0.5229273
0.6197564,0.5873969,0.60244036,0.59478796,0.5423088
0.6465494,0.6235179,0.6306999,0.61121464,0.575787
0.6519621,0.62034476,0.6447946,0.62867534,0.5939902
0.64627874,0.6345942,0.63533014,0.6450151,0.59118545
0.6430311,0.6187201,0.6246208,0.64746386,0.58194774
0.62895805,0.60192466,0.62126184,0.65389884,0.57658935
0.61028415,0.5811281,0.5991424,0.6654844,0.572819
0.6040595,0.60468674,0.5863583,0.6825509,0.6123376
0.602977,0.63998145,0.6017151,0.67664254,0.6047597
0.5932341,0.5999341,0.62539136,0.6865845,0.6177159
0.5797023,0.5615984,0.6172095,0.6869905,0.57447696
0.58971584,0.5397381,0.55748755,0.6941223,0.58333945
0.54343706,0.53068876,0.54268897,0.65850985,0.5014724
0.45845738,0.45497042,0.47258916,0.6287158,0.41896182
0.36968878,0.368402,0.3917011,0.6155195,0.32872996
0.30500677,0.30763128,0.3190871,0.5986489,0.2909201
0.26197565,0.27171934,0.2771243,0.58784175,0.2462978
0.24005413,0.24736576,0.24902536,0.5934243,0.22719324
0.22300406,0.24193369,0.24111606,0.58824897,0.21781793
0.22516915,0.23053892,0.2303022,0.5867275,0.2314353
0.23897158,0.26457816,0.25132722,0.57224923,0.2546321
0.27415428,0.30691954,0.27530804,0.58576083,0.30979738
0.35101488,0.35566673,0.32313925,0.558655,0.35728413
0.4284168,0.4229179,0.4121349,0.5801891,0.46460265
0.48849797,0.4666518,0.46413168,0.61397815,0.4945433
0.5101488,0.50381774,0.50544065,0.64927995,0.5034781
0.5106901,0.4979729,0.5030027,0.68411434,0.5091821
0.50284165,0.50873965,0.49205628,0.70193756,0.52545923
0.49012178,0.4841401,0.47986683,0.7299266,0.50887764
0.479567,0.46244252,0.46422297,0.7514137,0.5249308
0.48092017,0.45532444,0.45710376,0.7607801,0.50658333
0.4887686,0.4835295,0.47112343,0.7764869,0.5191428
0.49797022,0.543295,0.4905913,0.7643008,0.56567115
0.485521,0.51748645,0.5139904,0.73050916,0.5610892
0.46197563,0.45038033,0.49375015,0.7111608,0.5318183
0.47253045,0.41879466,0.44804657,0.66074574,0.519163
0.42462787,0.41973874,0.438721,0.5905279,0.48738718
0.34912044,0.3548348,0.35411033,0.5321833,0.40447462
0.26792964,0.27944112,0.28495798,0.5093082,0.3160568
0.20838971,0.22198719,0.21903266,0.48138687,0.26455447
0.17023005,0.1954472,0.18042718,0.45152804,0.2300762
0.15236807,0.16437067,0.1586438,0.44619462,0.20958166
0.13667117,0.1587634,0.15170127,0.43684748,0.20040473
0.13964817,0.16079451,0.13856961,0.4336779,0.19707339
0.14722598,0.17199282,0.16341275,0.42111495,0.22569688
0.17023005,0.2078507,0.18651527,0.41881394,0.2582243
0.23545332,0.25394404,0.22702946,0.41297704,0.30759653
0.3142084,0.3123351,0.30505034,0.4329204,0.44025958
0.3721245,0.3644868,0.36258727,0.4708851,0.45687133
0.4051421,0.3692348,0.3933315,0.5150031,0.47533548
0.42192152,0.3918395,0.4092912,0.58248127,0.48294872
0.42625168,0.41736984,0.41380703,0.6255638,0.5100033
0.4248985,0.40785652,0.41017768,0.67635405,0.5136109
0.42462787,0.3913058,0.40762436,0.70044184,0.4887941
0.4368065,0.39978683,0.4125238,0.7239562,0.50582486
0.45899865,0.43879646,0.43868464,0.7437464,0.53537345
0.48308524,0.5210551,0.47259837,0.7025541,0.5648728
0.47983763,0.49435318,0.49924785,0.69440734,0.5613172
0.46982408,0.4417903,0.47730392,0.70315707,0.531316
0.48416778,0.41177264,0.45222864,0.65977,0.51060617
0.42516914,0.4165196,0.44746107,0.57185394,0.4710769
0.33125845,0.33637753,0.34712476,0.5023062,0.39445868
0.25683355,0.25884718,0.25952613,0.47477388,0.2805289
0.2037889,0.20562588,0.21441275,0.45005283,0.24329248
0.17564276,0.18772076,0.18036462,0.4327918,0.24893755
0.16373478,0.15797693,0.17135575,0.42422062,0.22812551
0.16292287,0.16512308,0.16942689,0.4131801,0.22358996
0.18159676,0.19450602,0.17844008,0.41183007,0.2624785
0.23247632,0.25233054,0.22341885,0.4029252,0.30035987
0.32043302,0.35951483,0.32444012,0.39559534,0.4031468
0.41407308,0.40581727,0.42021635,0.39139092,0.4773082
0.4820027,0.44769728,0.45992532,0.42119926,0.53064144
0.5301759,0.4866405,0.50682616,0.46873072,0.55267894
0.56725305,0.519295,0.54113454,0.5393183,0.56419647
0.5826793,0.53722435,0.56758064,0.6086786,0.58562607
0.5916103,0.56293976,0.5680107,0.66323805,0.61741614
0.6005413,0.5642574,0.5737537,0.71637654,0.594764
0.6027064,0.55504185,0.5854447,0.7139869,0.5758727
0.5991881,0.54868543,0.5885783,0.72426546,0.588386
0.6024357,0.5942408,0.59228027,0.7561674,0.63114876
0.60703653,0.63379186,0.61612797,0.7458837,0.6335367
0.59675235,0.59849393,0.6323988,0.7319976,0.63639706
0.573207,0.5515044,0.6041894,0.7277725,0.60201156
0.5840325,0.5130416,0.54546404,0.6860126,0.5770946
0.51312584,0.50322735,0.53745294,0.59554553,0.5337837
0.40703654,0.40095156,0.43183994,0.5225842,0.44162816
0.32070366,0.31273988,0.33742952,0.4831402,0.3449933
0.258728,0.2519026,0.27933288,0.46755555,0.279673
0.2270636,0.22547954,0.23577698,0.45100754,0.2510711
0.20866035,0.20362848,0.22400425,0.44313574,0.24542598
0.20189445,0.20171794,0.21227358,0.43369755,0.23347345
0.21813262,0.22487573,0.22253819,0.4360233,0.27555966
0.2714479,0.28826132,0.27616486,0.4338546,0.32709464
0.3534506,0.39202023,0.36501572,0.4292383,0.41991654
0.4427605,0.43761846,0.43105698,0.4326439,0.4851076
0.5001353,0.4753155,0.49195787,0.4593283,0.521929
0.54316646,0.5071322,0.5233612,0.4994655,0.5381796
0.57645464,0.5391683,0.5567517,0.5434768,0.57421726
0.588092,0.5513014,0.5754255,0.5783758,0.58751416
0.5872801,0.5725851,0.5715266,0.60134315,0.60603136
0.58457375,0.55626667,0.5643985,0.60746706,0.584821
0.5745602,0.54154474,0.5615599,0.64263415,0.57855475
0.5653586,0.52962,0.5495812,0.6696912,0.57726264
0.5664411,0.5632437,0.55139184,0.64746755,0.62489104
0.57239515,0.60429466,0.57513535,0.6419649,0.61590374
0.5669824,0.5696989,0.6022868,0.64374286,0.6319908
0.5629229,0.52670026,0.58084536,0.631819,0.58679384
0.56887686,0.5054302,0.5379626,0.6085611,0.5937066
0.49959403,0.49029407,0.5166159,0.5813689,0.51474977
0.40405953,0.38988823,0.41968697,0.5642544,0.43292773
0.32151556,0.30518144,0.33862603,0.5461068,0.330187
0.26224628,0.2524551,0.278672,0.5290458,0.28903532
0.22733423,0.23650733,0.23920771,0.5165747,0.25560412
0.21055481,0.21126708,0.22035953,0.511436,0.23078439
0.20189445,0.21220525,0.21384779,0.50340533,0.23961642
0.22056833,0.23476602,0.21650995,0.4968464,0.2531671
0.2714479,0.29147524,0.26921126,0.5014659,0.30883092
0.3518268,0.4025805,0.3481735,0.49453855,0.42147028
0.43707713,0.4367415,0.42350936,0.48381147,0.49574047
0.49282816,0.4658313,0.48109517,0.49092296,0.53705955
0.52313936,0.49328214,0.51342034,0.50821483,0.57248026
0.5480379,0.51686305,0.5305907,0.53972745,0.57538444
0.55507445,0.5218575,0.5445482,0.57389975,0.60808504
0.5545331,0.5366391,0.53754705,0.60290515,0.62373894
0.55723953,0.52947426,0.53256536,0.60627055,0.6008563
0.5480379,0.52268195,0.53709036,0.6227343,0.5806537
0.54533154,0.5093007,0.52296364,0.6436341,0.5930855
0.54722595,0.54992706,0.53644085,0.6376262,0.63470155
0.5437077,0.58222836,0.55336463,0.6601937,0.6414352
0.52503383,0.5453992,0.56693864,0.64853823,0.6451267
0.51447904,0.49816394,0.53656244,0.6347178,0.6184206
0.5261164,0.47310665,0.49121472,0.596927,0.5891419
0.45981055,0.4565078,0.48104918,0.53736824,0.5432065
0.3615697,0.36019853,0.38271654,0.5186825,0.44631064
0.27415428,0.28567815,0.29505736,0.50909996,0.34728846
0.22110961,0.2269293,0.23040451,0.5030726,0.2734599
0.18538566,0.19985062,0.20245145,0.49242762,0.27568704
0.16941813,0.17544028,0.1769205,0.4560664,0.24617584
0.16373478,0.186317,0.17204992,0.4438168,0.24973111
0.17780785,0.19474688,0.17949007,0.42811733,0.27770445
0.22543979,0.25875556,0.22121577,0.42444766,0.32317883
0.30635995,0.3547712,0.30131257,0.4173891,0.43544137
0.39350474,0.39975578,0.38095826,0.40907848,0.49288458
0.45439783,0.43308604,0.4401359,0.43169755,0.53417796
0.49012178,0.47216776,0.47599941,0.46393153,0.56726515
0.5207037,0.4767104,0.4979802,0.5022663,0.5732708
0.5361299,0.4874686,0.5179194,0.5503427,0.59826344
0.53721243,0.5146552,0.5206934,0.60581464,0.6157464
0.5426252,0.5056441,0.51421124,0.63296545,0.5962003
0.538295,0.4980653,0.52337646,0.6531192,0.5831157
0.53315294,0.49967277,0.51634693,0.66463554,0.58982235
0.5336942,0.525932,0.52323115,0.67761624,0.6271036
0.53504735,0.55327713,0.5430177,0.68647957,0.64052284
0.52313936,0.53701836,0.55804855,0.6975379,0.63770336
0.50771314,0.47876185,0.5290396,0.67458177,0.61573535
0.520433,0.4562488,0.4812745,0.6331954,0.59393936
0.4592693,0.44567442,0.4757191,0.54722905,0.5358749
0.36346415,0.35870677,0.38307893,0.49408948,0.4363739
0.27848443,0.2777364,0.29803818,0.4640105,0.35196006
0.21705006,0.22983766,0.2378944,0.46159157,0.2876972
0.18538566,0.19542918,0.19515994,0.4408321,0.26806152
0.16671178,0.16764252,0.18253042,0.4209538,0.257679
0.15805142,0.16777746,0.16933876,0.41389817,0.26093435
0.1729364,0.191492,0.17188016,0.4003543,0.2808563
0.21867388,0.24281755,0.2206928,0.38895783,0.33569434
0.2976996,0.345362,0.2986672,0.38297442,0.42959988
0.38836265,0.3855809,0.37607604,0.3783153,0.481713
0.4533153,0.42593014,0.439464,0.4007757,0.5229273
0.49445197,0.4640251,0.4778842,0.43962708,0.5423088
0.5255751,0.4871188,0.50532246,0.48588037,0.575787
0.5369418,0.50239056,0.52377003,0.5534086,0.5939902
0.5393775,0.52111554,0.52033556,0.6357583,0.59118545
0.5426252,0.52268624,0.5182025,0.67863584,0.58194774
0.53883624,0.5139797,0.5224154,0.69277334,0.57658935
0.53315294,0.5052215,0.51777536,0.71078753,0.572819
0.53179973,0.52699345,0.5226431,0.70156837,0.6123376
0.52828145,0.55997527,0.54190385,0.70233023,0.6047597
0.5120433,0.52552664,0.554294,0.6835102,0.6177159
0.49688768,0.4782173,0.5251918,0.68587744,0.57447696
0.50419486,0.454385,0.4773147,0.6586168,0.58333945
0.45142084,0.43988597,0.46098608,0.5577927,0.5014724
0.3677943,0.36045998,0.38218844,0.48913595,0.41896182
0.2806495,0.28109223,0.30816445,0.46499804,0.32872996
0.21759135,0.21836936,0.23702957,0.45693514,0.2909201
0.18511502,0.19149812,0.19595842,0.4349612,0.2462978
0.16644114,0.17397153,0.18256404,0.42826152,0.22719324
0.15615697,0.17097823,0.1687489,0.42346954,0.21781793
0.15913397,0.17003164,0.17003526,0.41666391,0.2314353
0.17645466,0.19258408,0.1972392,0.4032429,0.2546321
0.20920162,0.23911944,0.2340148,0.40072244,0.30979738
0.2866035,0.2955349,0.27002656,0.3928862,0.35728413
0.36373478,0.35461876,0.35485664,0.40861318,0.46460265
0.4173207,0.40010518,0.40483034,0.4483135,0.4945433
0.44330177,0.41400394,0.43624502,0.49226722,0.5034781
0.4511502,0.4178816,0.4426394,0.58947754,0.5091821
0.44925576,0.44008613,0.43776268,0.662472,0.52545923
0.4443843,0.42548117,0.42998493,0.7025776,0.50887764
0.43978348,0.40936938,0.4240123,0.71537256,0.5249308
0.43897158,0.4060582,0.42314026,0.71276677,0.50658333
0.45277402,0.42945692,0.43383786,0.72747254,0.5191428
0.46738836,0.49975562,0.4710021,0.7266021,0.56567115
0.4600812,0.4739202,0.49216333,0.7154671,0.5610892
0.4473613,0.41478375,0.47044176,0.69318783,0.5318183
0.46414074,0.39708662,0.43215153,0.6565726,0.519163
0.41542625,0.40046728,0.4293977,0.55858696,0.48738718
0.33856562,0.33609933,0.34585452,0.51133525,0.40447462
0.25899863,0.26357716,0.27619168,0.47412527,0.3160568
0.20514208,0.20234288,0.21390048,0.45361757,0.26455447
0.17185386,0.18686686,0.18355171,0.43021405,0.2300762
0.15453315,0.16110703,0.16519724,0.42290008,0.20958166
0.14479026,0.15571702,0.15630794,0.4168281,0.20040473
0.14722598,0.16253804,0.15454404,0.41202074,0.19707339
0.1556157,0.1749709,0.17578769,0.40342158,0.22569688
0.17645466,0.2119011,0.20513633,0.39988187,0.2582243
0.23924223,0.25593555,0.24001421,0.3943137,0.30759653
0.3188092,0.31523323,0.31139988,0.41077703,0.44025958
0.37861976,0.36753255,0.3708825,0.4485745,0.45687133
0.41867387,0.37418985,0.40373856,0.48813027,0.47533548
0.43951285,0.40408587,0.42695406,0.56948537,0.48294872
0.4481732,0.43388093,0.4330903,0.6647999,0.5100033
0.44411367,0.42816603,0.4335124,0.70842385,0.5136109
0.43815967,0.40551776,0.42480266,0.7101749,0.4887941
0.44330177,0.4081093,0.42423558,0.72037935,0.50582486
0.4579161,0.43980736,0.4458636,0.71229994,0.53537345
0.47929636,0.5178435,0.47509074,0.712919,0.5648728
0.4849797,0.49043727,0.5043671,0.7065388,0.5613172
0.49066305,0.44771278,0.49322253,0.6909442,0.531316
0.49878213,0.43178147,0.4773723,0.6626159,0.51060617
0.43734777,0.42768198,0.45607018,0.5836028,0.4710769
0.34993234,0.34705213,0.35956323,0.5336796,0.39445868
0.27469555,0.2762779,0.28178483,0.51298416,0.2805289
0.2270636,0.22213475,0.22957988,0.48083043,0.24329248
0.19648173,0.2087551,0.20465554,0.46722725,0.24893755
0.17889039,0.17628497,0.18758601,0.440056,0.22812551
0.1759134,0.17693415,0.17944284,0.42953318,0.22358996
0.19648173,0.20391557,0.19085762,0.42085013,0.2624785
0.2481732,0.2641033,0.24051054,0.41478467,0.30035987
0.33044654,0.37262678,0.33810967,0.40874642,0.4031468
0.42598104,0.41358268,0.42169124,0.39868385,0.4773082
0.49147496,0.45819083,0.47628134,0.42004225,0.53064144
0.53504735,0.49712703,0.5157545,0.4721664,0.55267894
0.57564276,0.528008,0.546154,0.55613875,0.56419647
0.60108256,0.5548554,0.5775611,0.6529673,0.58562607
0.6127199,0.5876905,0.58909416,0.7193428,0.61741614
0.62679297,0.58797264,0.5927131,0.753988,0.594764
0.62733424,0.58665717,0.61162317,0.7805294,0.5758727
0.62679297,0.578392,0.608492,0.80095184,0.588386
0.6284168,0.62655556,0.62040854,0.8001723,0.63114876
0.63545334,0.66157717,0.6358452,0.7925248,0.6335367
0.62516916,0.6301618,0.6628488,0.79438365,0.63639706
0.6113667,0.5839521,0.6313804,0.7532879,0.60201156
0.6181326,0.55282277,0.580553,0.71434987,0.5770946
0.5464141,0.5353908,0.5659189,0.638567,0.5337837
0.4414073,0.4338348,0.46376157,0.56469643,0.44162816
0.35101488,0.3417911,0.3694408,0.5184842,0.3449933
0.28633288,0.2753532,0.304639,0.48191974,0.279673
0.24952638,0.24321388,0.2602207,0.47357646,0.2510711
0.22435723,0.22127467,0.24221274,0.45160574,0.24542598
0.21677943,0.21496123,0.22437517,0.43995926,0.23347345
0.2270636,0.23474163,0.23762113,0.42752334,0.27555966
0.27686062,0.29691058,0.27729765,0.4187941,0.32709464
0.3623816,0.3975787,0.36921242,0.41645935,0.41991654
0.44898513,0.44762158,0.4474415,0.4057211,0.4851076
0.51799726,0.48393154,0.49602783,0.42951345,0.521929
0.56914747,0.5262326,0.54740596,0.48270532,0.5381796
0.6135318,0.57197386,0.58591247,0.58601797,0.57421726
0.6451962,0.59779227,0.61748195,0.67500794,0.58751416
0.6654939,0.64269733,0.6345898,0.74106324,0.60603136
0.6820027,0.6430245,0.64717054,0.7739891,0.584821
0.6887686,0.63979506,0.660823,0.80993366,0.57855475
0.6960758,0.63635504,0.66417897,0.8273072,0.57726264
0.6993234,0.691069,0.6797532,0.843837,0.62489104
0.6968877,0.73004866,0.6891591,0.81438303,0.61590374
0.67713124,0.6744254,0.71053237,0.8246474,0.6319908
0.66116375,0.6265442,0.6897814,0.79390204,0.58679384
0.65981054,0.59297,0.62592804,0.749823,0.5937066
0.58240867,0.566695,0.5955068,0.65452033,0.51474977
0.47307172,0.4556907,0.4942732,0.5682795,0.43292773
0.37158322,0.35981518,0.39881945,0.50849116,0.330187
0.30284166,0.2882381,0.32002047,0.49709854,0.28903532
0.26332882,0.2663567,0.27755076,0.46808252,0.25560412
0.24221921,0.24066123,0.2561262,0.4612222,0.23078439
0.23112313,0.23989931,0.24390943,0.45305753,0.23961642
0.24465494,0.26217988,0.24337035,0.4457998,0.2531671
0.2960758,0.3116415,0.2931172,0.4355101,0.30883092
0.37564275,0.42688835,0.39248824,0.43363103,0.42147028
0.46657646,0.4666376,0.45796135,0.42682958,0.49574047
0.54018945,0.4983722,0.51614577,0.4477901,0.53705955
0.5989175,0.5529022,0.5702944,0.53165746,0.57248026
0.6525034,0.6043553,0.6183812,0.62633634,0.57538444
0.69066304,0.6344735,0.6601689,0.71573925,0.60808504
0.714479,0.6870492,0.68133193,0.7769959,0.62373894
0.7420839,0.69078153,0.6954062,0.817206,0.6008563
0.74857914,0.7021421,0.72417533,0.84325624,0.5806537
0.7526387,0.6893475,0.71704453,0.8499613,0.5930855
0.75507444,0.7469029,0.7305641,0.8750346,0.63470155
0.7450609,0.7779186,0.7367349,0.8569814,0.6414352
0.71772665,0.7131943,0.748376,0.8447039,0.6451267
0.7012179,0.66821533,0.7363569,0.81061745,0.6184206
0.6993234,0.6347437,0.66358393,0.77429175,0.5891419
0.6211096,0.6074862,0.6304339,0.6804525,0.5432065
0.5052774,0.494029,0.5320657,0.62265515,0.44631064
0.40108255,0.39940935,0.4285575,0.5755204,0.34728846
0.33504736,0.32583284,0.35077256,0.5330404,0.2734599
0.2925575,0.2933278,0.31311202,0.50602746,0.27568704
0.26576453,0.2583659,0.2847744,0.49422973,0.24617584
0.25439784,0.26088738,0.26532355,0.4916006,0.24973111
0.2722598,0.2813719,0.267348,0.4734539,0.27770445
0.3225981,0.33200204,0.32055658,0.46989638,0.32317883
0.40487143,0.44925085,0.41498035,0.45114738,0.43544137
0.4985115,0.49566108,0.4903263,0.44896635,0.49288458
0.5718539,0.53755033,0.5478933,0.4646702,0.53417796
0.6300406,0.59310067,0.60236,0.54576266,0.56726515
0.68173206,0.6379622,0.6509997,0.64174676,0.5732708
0.7196211,0.66381127,0.6899953,0.7363405,0.59826344
0.74695534,0.7269858,0.71106684,0.79668677,0.6157464
0.7710419,0.7277749,0.7298883,0.85841703,0.5962003
0.77916104,0.7363399,0.7487,0.9100754,0.5831157
0.77374834,0.7209542,0.7475353,0.8989464,0.58982235
0.76562923,0.77048445,0.74168247,0.9145477,0.6271036
0.74614346,0.7918824,0.742852,0.78581405,0.64052284
0.7163735,0.7131189,0.74645996,0.7758515,0.63770336
0.70744246,0.66234857,0.7448777,0.7381352,0.61573535
0.7060893,0.6292185,0.67229706,0.69478726,0.59393936
0.6330176,0.6105559,0.636424,0.6381047,0.5358749
0.5239513,0.51143336,0.5466899,0.6422746,0.4363739
0.4270636,0.43040136,0.4510795,0.6407274,0.35196006
0.35994586,0.35649687,0.38014948,0.6092036,0.2876972
0.31339648,0.3151489,0.3360191,0.57854915,0.26806152
0.28687415,0.2865101,0.30312645,0.5640341,0.257679
0.2744249,0.27802998,0.28876483,0.536077,0.26093435
0.28308526,0.30157486,0.2881633,0.52765644,0.2808563
0.32584575,0.3480805,0.32500857,0.50194263,0.33569434
0.3983762,0.4482222,0.40596533,0.4840586,0.42959988
0.48227334,0.48693377,0.4731825,0.46968693,0.481713
0.541272,0.52662575,0.5342297,0.47032946,0.5229273
0.5745602,0.56276584,0.57152224,0.50023544,0.5423088
0.6,0.5888251,0.59162426,0.548542,0.575787
0.6121786,0.58710706,0.6050621,0.5943439,0.5939902
0.6140731,0.60982585,0.60147166,0.6611743,0.59118545
0.61515564,0.6031431,0.5938215,0.69626737,0.58194774
0.60622466,0.5905724,0.5906692,0.73205686,0.57658935
0.5916103,0.5746949,0.5737653,0.7531123,0.572819
0.5840325,0.5960481,0.56248426,0.7610843,0.6123376
0.5696888,0.6274746,0.5721301,0.7482444,0.6047597
0.54154265,0.57644224,0.57964396,0.7362515,0.6177159
0.5185386,0.52099305,0.57258546,0.7022264,0.57447696
0.5225981,0.48955402,0.50444335,0.64431727,0.58333945
0.46359947,0.46935946,0.47536165,0.58200943,0.5014724
0.37618405,0.38812104,0.39057872,0.52898157,0.41896182
0.29120433,0.3026054,0.31295317,0.5131061,0.32872996
0.22598106,0.24038842,0.24677359,0.4995627,0.2909201
0.1864682,0.20905031,0.19917497,0.4672929,0.2462978
0.16373478,0.18403476,0.17620493,0.44878808,0.22719324
0.15290934,0.17706533,0.16075552,0.43617883,0.21781793
0.15669824,0.17352779,0.15854858,0.42853352,0.2314353
0.1759134,0.19458048,0.18323098,0.4169178,0.2546321
0.21163735,0.24116042,0.22361341,0.4088603,0.30979738
0.27956697,0.29921347,0.26497084,0.40084234,0.35728413
0.3564276,0.34824386,0.33653292,0.4104871,0.46460265
0.40730718,0.39437252,0.3958029,0.4436178,0.4945433
0.42787552,0.40317625,0.42326695,0.4903818,0.5034781
0.4316644,0.39824462,0.4254105,0.5475316,0.5091821
0.4308525,0.4195786,0.41725564,0.6042253,0.52545923
0.42462787,0.40717018,0.41207957,0.6496966,0.50887764
0.42138025,0.3918783,0.4020338,0.67704284,0.5249308
0.42598104,0.39253622,0.40349895,0.70882714,0.50658333
0.43978348,0.41870615,0.41955662,0.70128906,0.5191428
0.45520973,0.49087626,0.44801104,0.7137399,0.56567115
0.44763193,0.46295738,0.47015643,0.699469,0.5610892
0.4443843,0.40560126,0.44859877,0.67674625,0.5318183
0.44682002,0.3966217,0.4293756,0.623976,0.519163
0.38782138,0.38277686,0.40572858,0.5225449,0.48738718
0.3142084,0.3085273,0.31626487,0.46786395,0.40447462
0.23788904,0.24464557,0.25746205,0.4457787,0.3160568
0.18240866,0.1928856,0.19535619,0.4304142,0.26455447
0.15453315,0.16949953,0.16118112,0.41074157,0.2300762
0.13802436,0.14465539,0.1538252,0.39206707,0.20958166
0.12665765,0.14250174,0.14277701,0.38503137,0.20040473
0.13044655,0.14931093,0.13644585,0.37822095,0.19707339
0.1428958,0.15844233,0.1597877,0.37107873,0.22569688
0.16400541,0.20117302,0.19655412,0.35943758,0.2582243
0.22571042,0.24383384,0.2299905,0.3491354,0.30759653
0.3036536,0.29868323,0.2976313,0.37173527,0.44025958
0.36481732,0.35253468,0.35582975,0.423677,0.45687133
0.39891747,0.36061612,0.3908334,0.48495844,0.47533548
0.4181326,0.3839543,0.40667832,0.560496,0.48294872
0.42760488,0.41329634,0.413215,0.6331067,0.5100033
0.42462787,0.40837365,0.41500536,0.6709622,0.5136109
0.4265223,0.38947046,0.4073816,0.6991377,0.4887941
0.43626523,0.39913255,0.41872203,0.7150856,0.50582486
0.45520973,0.43437332,0.44145715,0.71140873,0.53537345
0.48064953,0.51234245,0.47600293,0.71350324,0.5648728
0.4820027,0.48929375,0.5052329,0.70434105,0.5613172
0.49282816,0.44172972,0.4833508,0.6687549,0.531316
0.4925575,0.43154436,0.4749347,0.62352204,0.51060617
0.41948578,0.4140191,0.4430936,0.54146284,0.4710769
0.32746956,0.32845438,0.33904123,0.4890723,0.39445868
0.25845736,0.25607032,0.26058713,0.4737111,0.2805289
0.21705006,0.20721805,0.21866941,0.43652016,0.24329248
0.18836266,0.20070313,0.1997608,0.43149817,0.24893755
0.17618403,0.17163219,0.1812157,0.42233425,0.22812551
0.17456022,0.17702468,0.18127234,0.42370197,0.22358996
0.19837618,0.20154081,0.19206192,0.41784865,0.2624785
0.25764546,0.2667768,0.24858247,0.4286173,0.30035987
0.35805142,0.38090643,0.3596322,0.4214328,0.4031468
0.43815967,0.43683964,0.45387208,0.42018065,0.4773082
0.48254398,0.46580783,0.47290415,0.4296671,0.53064144
0.5277402,0.48442644,0.5039014,0.4657856,0.55267894
0.5705007,0.51605844,0.5415272,0.50025797,0.56419647
0.5978349,0.5366904,0.57430625,0.5555051,0.58562607
0.6156969,0.5773865,0.5872768,0.62741363,0.61741614
0.62516916,0.5834937,0.5992266,0.6870394,0.594764
0.62219214,0.5794,0.60784125,0.74914944,0.5758727
0.61163735,0.5673517,0.6046128,0.7504333,0.588386
0.61001354,0.60304546,0.6026167,0.744799,0.63114876
0.61380243,0.637941,0.6259637,0.72815084,0.6335367
0.617862,0.60491395,0.64350486,0.722219,0.63639706
0.6230041,0.57180965,0.625176,0.7044089,0.60201156
0.60866034,0.5594871,0.5878774,0.6847787,0.5770946
0.5307172,0.5203161,0.54604757,0.64840233,0.5337837
0.42787552,0.422005,0.45115405,0.6182475,0.44162816
0.34235454,0.33676398,0.3607444,0.59437716,0.3449933
0.28822732,0.27906942,0.29923654,0.5725955,0.279673
0.25548038,0.25176564,0.2679805,0.56574893,0.2510711
0.23870094,0.23222901,0.24897425,0.5279777,0.24542598
0.2346414,0.23332235,0.2451802,0.5309392,0.23347345
0.255751,0.25467736,0.26009086,0.5317111,0.27555966
0.31556156,0.32537812,0.31693912,0.50802135,0.32709464
0.4121786,0.43044087,0.40853864,0.50703657,0.41991654
0.4955345,0.4882481,0.48624638,0.5202162,0.4851076
0.55507445,0.5192777,0.53243715,0.5372628,0.521929
0.60649526,0.5604763,0.57938564,0.590755,0.5381796
0.6481732,0.61151093,0.6215677,0.6442511,0.57421726
0.6760487,0.6262855,0.64768684,0.6746298,0.58751416
0.69066304,0.6683416,0.6619948,0.7204075,0.60603136
0.7104195,0.6631451,0.6682003,0.7799306,0.584821
0.7169148,0.6591603,0.6914211,0.7881206,0.57855475
0.72070366,0.6554043,0.6901196,0.81169844,0.57726264
0.7236807,0.71103823,0.7044463,0.83897424,0.62489104
0.7201624,0.7538899,0.7188753,0.81220055,0.61590374
0.7012179,0.6934248,0.7409269,0.79539645,0.6319908
0.7028417,0.6494159,0.7024753,0.7591332,0.58679384
0.68660355,0.6260255,0.65325224,0.69787025,0.5937066
0.5978349,0.58351564,0.61347675,0.6481336,0.51474977
0.48227334,0.47406304,0.50777954,0.6146296,0.43292773
0.38592693,0.3726536,0.40746933,0.58065116,0.330187
0.3179973,0.31061876,0.3386137,0.5732573,0.28903532
0.27956697,0.28625065,0.29299122,0.53907514,0.25560412
0.25899863,0.25990504,0.27284956,0.5146314,0.23078439
0.24682003,0.25993532,0.26224437,0.50955975,0.23961642
0.26251692,0.27954206,0.26239085,0.4891918,0.2531671
0.32151556,0.33201098,0.31906137,0.48278996,0.30883092
0.42300406,0.45073083,0.4208791,0.47727188,0.42147028
0.4895805,0.5098325,0.50779283,0.47953245,0.49574047
0.5404601,0.5128745,0.5188866,0.48764712,0.53705955
0.59133965,0.54962075,0.5699369,0.53043544,0.57248026
0.64086604,0.5950193,0.61171013,0.59147435,0.57538444
0.6806495,0.6207996,0.6496264,0.6533259,0.60808504
0.7052774,0.6784337,0.67380863,0.72799194,0.62373894
0.7239513,0.6792531,0.68790233,0.7648685,0.6008563
0.7247632,0.6861009,0.70164573,0.8062918,0.5806537
0.7269283,0.6701858,0.69316614,0.8345181,0.5930855
0.7188092,0.7215561,0.70539,0.8265214,0.63470155
0.7044655,0.7448452,0.69644725,0.83607364,0.6414352
0.6790257,0.6786923,0.7166271,0.75571084,0.6451267
0.68525034,0.62567824,0.69798994,0.68396246,0.6184206
0.66495264,0.6173496,0.64331007,0.6517209,0.5891419
0.5705007,0.56623936,0.58966124,0.613207,0.5432065
0.4549391,0.45307577,0.48022187,0.58534074,0.44631064
0.36481732,0.3610831,0.3831652,0.56273437,0.34728846
0.3052774,0.30524084,0.3218187,0.5340544,0.2734599
0.27361298,0.27357894,0.28544262,0.52720916,0.27568704
0.25223276,0.24850076,0.2698561,0.5179367,0.24617584
0.2443843,0.2533984,0.25255647,0.5114529,0.24973111
0.2630582,0.27492422,0.26014876,0.505285,0.27770445
0.32719892,0.32585683,0.31674245,0.4948476,0.32317883
0.43951285,0.45228603,0.42763832,0.48752275,0.43544137
0.5052774,0.5258946,0.5226507,0.48044756,0.49288458
0.5377537,0.5253169,0.52761406,0.49133795,0.53417796
0.5577808,0.5539643,0.56014025,0.5110308,0.56726515
0.5745602,0.5535235,0.5711783,0.53290606,0.5732708
0.5797023,0.54701185,0.5767821,0.5620116,0.59826344
0.5737483,0.5694356,0.5664873,0.583657,0.6157464
0.56887686,0.54467845,0.55118537,0.60952413,0.5962003
0.5545331,0.5296559,0.54415596,0.6442653,0.5831157
0.54397833,0.5202167,0.52393854,0.6481997,0.58982235
0.5423545,0.54653066,0.52450323,0.64707184,0.6271036
0.5420839,0.57357955,0.5430612,0.66584146,0.64052284
0.541272,0.55879265,0.57126963,0.65827537,0.63770336
0.55372125,0.5110987,0.56398237,0.6454792,0.61573535
0.54154265,0.50825214,0.52466196,0.61489594,0.59393936
0.46955344,0.463723,0.480599,0.5835457,0.5358749
0.37753722,0.38120508,0.3935215,0.57370305,0.4363739
0.29120433,0.30580413,0.31536686,0.5571221,0.35196006
0.23788904,0.25603947,0.24687843,0.53875846,0.2876972
0.20811908,0.22278623,0.21801405,0.5190941,0.26806152
0.19161029,0.1961211,0.20127498,0.5162473,0.257679
0.18322057,0.1950844,0.19135652,0.5160793,0.26093435
0.20135318,0.21490821,0.19409022,0.51420903,0.2808563
0.2608931,0.2715739,0.24196678,0.51856816,0.33569434
0.3548038,0.38504848,0.33698073,0.5199499,0.42959988
0.4316644,0.4338405,0.42215735,0.520069,0.481713
0.48227334,0.45444664,0.45947674,0.52270764,0.5229273
0.5158322,0.48924124,0.49810815,0.5394102,0.5423088
0.55020297,0.5146808,0.52101207,0.58096564,0.575787
0.57618403,0.53555524,0.54738414,0.6315061,0.5939902
0.59133965,0.5656605,0.5623076,0.6866975,0.59118545
0.61028415,0.5763319,0.5708066,0.7336161,0.58194774
0.62002707,0.58330566,0.59246397,0.7881479,0.57658935
0.62354535,0.5828627,0.5997647,0.797081,0.572819
0.6248985,0.6185878,0.6108075,0.81264937,0.6123376
0.61921513,0.6503675,0.6269387,0.8000747,0.6047597
0.60649526,0.6029641,0.63272035,0.7728925,0.6177159
0.61190796,0.5678012,0.5987897,0.7630185,0.57447696
0.6081191,0.555413,0.5700956,0.6902263,0.58333945
0.5426252,0.5228592,0.5438284,0.6428282,0.5014724
0.4511502,0.4394806,0.46089232,0.6091925,0.41896182
0.36400542,0.35061923,0.38221616,0.5875137,0.32872996
0.2985115,0.29474503,0.316763,0.5834355,0.2909201
0.26035184,0.2589481,0.2728414,0.55111885,0.2462978
0.23599459,0.24291453,0.25322878,0.57405263,0.22719324
0.2232747,0.23328641,0.23755762,0.550612,0.21781793
0.22598106,0.22497591,0.24025977,0.54532254,0.2314353
0.24492557,0.26339453,0.26862758,0.5382689,0.2546321
0.282544,0.31294626,0.3073635,0.5196588,0.30979738
0.34424898,0.3616053,0.34253865,0.5234535,0.35728413
0.4248985,0.4145239,0.40179142,0.5361839,0.46460265
0.48416778,0.46526954,0.47283062,0.54993796,0.4945433
0.52151555,0.49885365,0.5094045,0.58356726,0.5034781
0.54018945,0.5117543,0.52908784,0.64316463,0.5091821
0.5491204,0.5393,0.5318902,0.6784437,0.52545923
0.54830855,0.5228405,0.53344464,0.7050036,0.50887764
0.54830855,0.5074709,0.52536756,0.72168636,0.5249308
0.55318,0.50860083,0.5279428,0.7325609,0.50658333
0.561299,0.5454719,0.53955233,0.75100255,0.5191428
0.5729364,0.60379535,0.5596522,0.77780855,0.56567115
0.5767253,0.5720438,0.5925448,0.758193,0.5610892
0.5853857,0.5299797,0.59307677,0.7424636,0.5318183
0.5686062,0.5232356,0.56081676,0.70324755,0.519163
0.51285523,0.48935094,0.5057158,0.6781868,0.48738718
0.43193504,0.42773473,0.43563426,0.6614095,0.40447462
0.3534506,0.3474262,0.35980904,0.65806484,0.3160568
0.3001353,0.30087295,0.29942617,0.6408197,0.26455447
0.26495263,0.26833653,0.27159,0.63088095,0.16539203
0.2435724,0.24563439,0.2509999,0.6246067,0.15414661
0.23220569,0.23472114,0.24081264,0.6152698,0.14515336
0.2278755,0.24756205,0.2418617,0.6000452,0.14692263
0.2414073,0.2652209,0.25377032,0.5979793,0.16106921
0.26711774,0.30503654,0.29691017,0.5823653,0.18336071
0.32476318,0.3495864,0.3255898,0.5533002,0.23315209
0.41461435,0.40944666,0.38661414,0.5858419,0.3283738
0.49012178,0.47134212,0.46796983,0.6158111,0.3627327
0.53667116,0.51228577,0.5164515,0.67667985,0.3919345
0.5629229,0.53428644,0.54311967,0.7395108,0.39298582
0.57780784,0.5812874,0.5541036,0.7794856,0.3920668
0.5767253,0.57618576,0.56104696,0.7986438,0.36605105
0.582138,0.56796885,0.5527025,0.8153348,0.3634528
0.5867388,0.569306,0.5668252,0.81901705,0.36462182
0.5956698,0.6110898,0.5724555,0.79291403,0.4386655
0.60189444,0.65608275,0.5947851,0.80239224,0.43707997
0.59485793,0.61975205,0.6120158,0.80978394,0.4507094
0.59512854,0.5747733,0.6027429,0.74742794,0.44148564
0.5799729,0.5532672,0.56994706,0.70632493,0.41218272
0.51610285,0.51793575,0.52262694,0.6510571,0.3416723
0.43572396,0.44065315,0.43875903,0.6092441,0.28412068
0.35534507,0.35124427,0.36720195,0.59802175,0.21213543
0.30067658,0.30809614,0.30228996,0.5722559,0.18074365
0.2668471,0.27372757,0.271657,0.57125974,0.1680977
0.24384303,0.25028104,0.25376955,0.56293786,0.18071064
0.23734777,0.23829955,0.23935099,0.55604637,0.15902443
0.24600811,0.26500276,0.25034216,0.55198765,0.19040106
0.26332882,0.32206368,0.2836858,0.55713904,0.239375
0.29715833,0.41325605,0.3230614,0.559652,0.34446406
0.34993234,0.40473795,0.36024535,0.54767966,0.40244806
0.4216509,0.42319122,0.40961826,0.5437634,0.42724556
0.4909337,0.48068088,0.46991217,0.54070085,0.47283685
0.54018945,0.5218204,0.5194285,0.5694475,0.47947454
0.5631935,0.5381495,0.5488305,0.5866451,0.48308927
0.56346416,0.5796799,0.55206895,0.6297716,0.4984042
0.5529093,0.5581079,0.5399228,0.66128963,0.47157222
0.5445196,0.5351616,0.5273473,0.6841279,0.47563308
0.54830855,0.52963674,0.52363116,0.68834436,0.47037065
0.5677943,0.57490236,0.5388325,0.69864714,0.50852835
0.5921516,0.6307496,0.5738487,0.7087406,0.5049372
0.591069,0.626946,0.6087462,0.72077537,0.5429903
0.6002706,0.57923806,0.5943213,0.703477,0.50143886
0.5664411,0.5549011,0.57412815,0.6711351,0.48167205
0.48227334,0.49649245,0.5000727,0.65218544,0.41489798
0.3856563,0.39407137,0.39903024,0.590851,0.3250569
0.30717185,0.3138464,0.31334567,0.58382916,0.24900948
0.25602165,0.25730312,0.25848356,0.5728893,0.21033713
0.2278755,0.2350297,0.23054539,0.56708133,0.18235876
0.21244925,0.2168847,0.21793608,0.559945,0.17144313
0.21163735,0.20828089,0.2121781,0.5467335,0.1669579
0.2346414,0.23467222,0.22670005,0.53124595,0.2027959
0.30473614,0.30525523,0.2830524,0.54258287,0.24517241
0.42273343,0.4344306,0.41237372,0.5497298,0.33969057
0.48822734,0.5024448,0.51525366,0.5365367,0.42637998
0.5255751,0.5151192,0.50872374,0.54020715,0.43455398
0.5661705,0.5404474,0.54588974,0.5614077,0.47836035
0.60324764,0.57387245,0.5782307,0.6060145,0.48597145
0.6211096,0.5871099,0.6031817,0.6445614,0.49916846
0.63058186,0.62473434,0.60433376,0.6672071,0.48970228
0.634912,0.6145581,0.60990006,0.7004541,0.47520632
0.6262517,0.60347867,0.61396646,0.7080203,0.47277623
0.6135318,0.59689534,0.6031742,0.7184268,0.47725284
0.6129905,0.62851226,0.6000296,0.707791,0.50150174
0.61001354,0.65886265,0.62318146,0.64173424,0.50126153
0.6021651,0.62539893,0.6334403,0.6455827,0.53420264
0.6097429,0.579952,0.60620046,0.64443755,0.51318747
0.5853857,0.55675447,0.5694269,0.6296458,0.49413842
0.49607578,0.5053009,0.51869595,0.60478973,0.41038057
0.38782138,0.39997935,0.41464406,0.55984414,0.34530395
0.3112314,0.3048627,0.320628,0.5428081,0.25948274
0.25520974,0.25814882,0.27563432,0.52169895,0.218598
0.2240866,0.23806837,0.23501171,0.52648693,0.20822492
0.2067659,0.21274397,0.2185913,0.502856,0.18881072
0.2,0.20642567,0.21137844,0.5036788,0.18496028
0.21813262,0.23682049,0.2204895,0.48831454,0.19346656
0.2833559,0.29231727,0.27514225,0.48281035,0.24083957
0.3916103,0.4266584,0.37721956,0.47024843,0.35186696
0.45250338,0.48063076,0.46705326,0.46906927,0.39510763
0.48606226,0.471302,0.47627822,0.46339044,0.43747306
0.5069012,0.5012504,0.5065091,0.5014379,0.48996395
0.53504735,0.51461095,0.5158221,0.5631734,0.47312236
0.5480379,0.53139997,0.53557193,0.6274569,0.49152464
0.5585927,0.5600424,0.53329265,0.6644012,0.51058793
0.56941813,0.5540469,0.53993535,0.6800208,0.47974187
0.5661705,0.55394167,0.5489955,0.71552014,0.48760796
0.56725305,0.5499871,0.5401756,0.745509,0.47832793
0.56941813,0.5918077,0.55861294,0.72500074,0.5207121
0.56941813,0.62568,0.5756593,0.7271068,0.51711655
0.5594046,0.593415,0.595217,0.6959275,0.5518493
0.57428956,0.54750156,0.56101584,0.66645336,0.52422976
0.55074424,0.5314111,0.5369851,0.62167203,0.4838605
0.4700947,0.47388625,0.48156637,0.5541096,0.4333175
0.3677943,0.38051912,0.39015025,0.5213233,0.33586285
0.2790257,0.29144338,0.3031408,0.50496763,0.2557882
0.22733423,0.2301562,0.23580681,0.4913055,0.20348981
0.19864681,0.2113949,0.21103404,0.4820005,0.19484782
0.18159676,0.1882028,0.19484122,0.46353984,0.20667626
0.17483085,0.18850672,0.18300307,0.46008685,0.18242702
0.19296347,0.20561558,0.19156875,0.45302737,0.21336678
0.2592693,0.26353914,0.24688369,0.4471328,0.26108733
0.3691475,0.394,0.36025375,0.4385331,0.38728648
0.42868742,0.4513019,0.44715214,0.42606062,0.4284801
0.45439783,0.4540885,0.44934547,0.42561454,0.43973535
0.46711773,0.47283208,0.47300324,0.44353628,0.4881425
0.47713125,0.4650259,0.4778318,0.47117987,0.5001626
0.48227334,0.4580545,0.4774223,0.48826253,0.49813473
0.4820027,0.48105946,0.4727345,0.5080012,0.4967453
0.47848445,0.4752155,0.46547243,0.5198202,0.48124337
0.47117728,0.45687532,0.45795017,0.54395723,0.4927317
0.46576455,0.45846307,0.4515371,0.5796939,0.4800418
0.46711773,0.4854216,0.45767257,0.58133864,0.50686944
0.4714479,0.51355267,0.4822021,0.58604896,0.5176046
0.46738836,0.50755596,0.5050921,0.5753764,0.54448545
0.49012178,0.47180355,0.4832327,0.56224495,0.51888597
0.47388363,0.45199764,0.46954495,0.54567766,0.50782025
0.39133966,0.40423965,0.41656643,0.5102377,0.42769992
0.2976996,0.31669515,0.31445947,0.48828134,0.33358374
0.21190798,0.23323883,0.23871967,0.47218713,0.26421112
0.16373478,0.18289354,0.17124489,0.44387582,0.22849052
0.13856563,0.16710766,0.14852966,0.42293638,0.20403555
0.124492556,0.15221982,0.13414638,0.40855515,0.1831703
0.12232747,0.14948219,0.12349698,0.3964008,0.19496308
0.14018944,0.17040876,0.13615617,0.39191276,0.21558626
0.20703654,0.23007895,0.18511535,0.3863347,0.25198573
0.31258458,0.35240275,0.30446512,0.3840729,0.35870147
0.37753722,0.40246674,0.39168903,0.38077363,0.42532367
0.4008119,0.40763927,0.4021473,0.38797966,0.44175208
0.41759133,0.41565168,0.41729385,0.4168969,0.48803848
0.43193504,0.41329238,0.427545,0.45794484,0.49440438
0.43545333,0.41037518,0.43208605,0.48531714,0.5023371
0.43328822,0.42885166,0.42415977,0.50968325,0.4799512
0.43734777,0.41994047,0.41649657,0.53044856,0.48102897
0.42679295,0.41300982,0.42377773,0.5449846,0.47991407
0.41786197,0.41058418,0.4087038,0.56110543,0.48123562
0.4156969,0.4245327,0.41853762,0.5757562,0.4927287
0.41948578,0.45188403,0.43998137,0.5889418,0.49164116
0.4181326,0.44675922,0.45442113,0.5840807,0.52202636
0.43653587,0.4173243,0.4307307,0.55574095,0.5085633
0.42192152,0.39831567,0.41750497,0.50580597,0.49610335
0.3661705,0.35657066,0.36993062,0.46363518,0.40069926
0.28741542,0.2983241,0.30750328,0.45379457,0.33959013
0.21217862,0.22558072,0.23671828,0.42209402,0.2595154
0.16589986,0.17076424,0.17800885,0.4004852,0.22159377
0.13694182,0.16117318,0.15461351,0.3789435,0.19316636
0.12016238,0.13446467,0.1334079,0.3760481,0.17449617
0.118538566,0.12578306,0.122990906,0.36504906,0.15892194
0.12611638,0.16025764,0.13723047,0.35851067,0.16801703
0.14641407,0.17113912,0.1616002,0.35963157,0.17926943
0.191069,0.22511889,0.20207922,0.35678938,0.24488145
0.25385657,0.27555025,0.25180274,0.35444802,0.2811283
0.32584575,0.31865948,0.30814844,0.3635826,0.36322248
0.36725304,0.3564785,0.36647028,0.41289988,0.40487376
0.38457376,0.36232787,0.3834145,0.4655093,0.4286511
0.39133966,0.35756105,0.38432842,0.5126554,0.42502722
0.3907984,0.38329482,0.38182968,0.5710349,0.41933423
0.38511503,0.3767779,0.3762504,0.6099688,0.38558382
0.3813261,0.36910635,0.3686559,0.6559074,0.39211833
0.3797023,0.36517134,0.37313053,0.6727537,0.39337182
0.3907984,0.3983873,0.3864075,0.6791416,0.4378426
0.41163734,0.44728553,0.42153934,0.6580696,0.44420683
0.4240866,0.43806547,0.44446203,0.6335832,0.46902424
0.4376184,0.42282695,0.43176675,0.60708153,0.46926463
0.41380244,0.39795518,0.41633445,0.55453897,0.4427994
0.3526387,0.3451405,0.3602602,0.5054164,0.37443173
0.2811908,0.2828099,0.28900373,0.47784704,0.31046292
0.21488498,0.21802574,0.22896118,0.44740564,0.24430496
0.16860622,0.18672116,0.17872873,0.4462143,0.20324743
0.14073072,0.1569535,0.1512929,0.44283482,0.16539203
0.12719892,0.13778004,0.1364194,0.43902835,0.15414661
0.12097429,0.13689561,0.1328642,0.43631038,0.14515336
0.12584573,0.15616295,0.13503848,0.42554334,0.14692263
0.14316644,0.16263103,0.16140182,0.43073845,0.16106921
0.17131259,0.21037069,0.20833375,0.4211052,0.18336071
0.22625169,0.2539688,0.24013115,0.41849476,0.23315209
0.30338296,0.29961988,0.2955497,0.41001454,0.3283738
0.36184034,0.3426428,0.35549587,0.4395143,0.3627327
0.3907984,0.3646182,0.38682094,0.486046,0.3919345
0.3948579,0.3748968,0.39598042,0.5064595,0.39298582
0.39539918,0.3807589,0.3846147,0.5108471,0.3920668
0.38078484,0.37649485,0.3821889,0.53878355,0.36605105
0.36481732,0.36004388,0.36209667,0.558972,0.3634528
0.35832205,0.35148555,0.3544225,0.5675788,0.36462182
0.3753721,0.3905648,0.3682906,0.5731802,0.4386655
0.40243572,0.44210488,0.41417468,0.56501853,0.43707997
0.41082543,0.4414582,0.43991268,0.5639279,0.4507094
0.43220568,0.41214952,0.4206704,0.5535327,0.44148564
0.40703654,0.39805415,0.4191513,0.5243789,0.41218272
0.32313937,0.34023836,0.3557443,0.49395832,0.3416723
0.23924223,0.25877646,0.2530871,0.47019777,0.28412068
0.1729364,0.18748936,0.18727677,0.45503202,0.21213543
0.13288227,0.15710211,0.13915062,0.42209804,0.18074365
0.11150203,0.13938035,0.11821318,0.41851693,0.1680977
0.10365359,0.11300386,0.108811855,0.40019834,0.18071064
0.10473613,0.124135025,0.10860357,0.39513582,0.15902443
0.13342355,0.15667784,0.120637834,0.38448,0.19040106
0.20811908,0.2132553,0.18863924,0.38464242,0.239375
0.32530448,0.35421497,0.31991476,0.38420516,0.34446406
0.39106902,0.41203666,0.4195821,0.38510472,0.40244806
0.4135318,0.41802046,0.42115885,0.3872674,0.42724556
0.42273343,0.4230916,0.43137044,0.41104925,0.47283685
0.43870094,0.415227,0.4298364,0.46214497,0.47947454
0.44221923,0.41679692,0.43732032,0.4946653,0.48308927
0.4419486,0.4359395,0.42966372,0.51160157,0.4984042
0.4443843,0.426483,0.42515314,0.53564596,0.47157222
0.43707713,0.40927678,0.43226334,0.5548729,0.47563308
0.42976996,0.415556,0.42783153,0.58217776,0.47037065
0.43220568,0.44709706,0.44196227,0.59894276,0.50852835
0.44573748,0.48043323,0.47002986,0.5611235,0.5049372
0.45872802,0.48326707,0.4836003,0.54567087,0.5429903
0.4925575,0.46000546,0.46592677,0.52291286,0.50143886
0.45953992,0.44184452,0.4709962,0.4870731,0.48167205
0.3745602,0.3755703,0.3959601,0.46269172,0.41489798
0.28281462,0.29129034,0.30552313,0.44753033,0.3250569
0.20595399,0.22498465,0.23086949,0.43627894,0.24900948
0.16427605,0.17927778,0.17159767,0.40261468,0.21033713
0.138295,0.15428114,0.15438598,0.3868573,0.18235876
0.12801082,0.13090798,0.13425848,0.3778364,0.17144313
0.12746955,0.14151815,0.13363786,0.36900204,0.1669579
0.14939107,0.17894705,0.1497436,0.36894715,0.2027959
0.21569689,0.23128113,0.21101725,0.36966544,0.24517241
0.33125845,0.3599125,0.32734537,0.37442553,0.33969057
0.40108255,0.41650742,0.41309208,0.3785658,0.42637998
0.43139377,0.41671246,0.42512742,0.38902718,0.43455398
0.45737484,0.43114743,0.44657502,0.43393752,0.47836035
0.48470905,0.44993192,0.4663391,0.48212385,0.48597145
0.4947226,0.45530072,0.48349366,0.5140138,0.49916846
0.49418133,0.4832394,0.48067343,0.5355526,0.48970228
0.4955345,0.46531737,0.47463518,0.5505215,0.47520632
0.4863329,0.4580026,0.4794766,0.5686271,0.47277623
0.48579162,0.45674676,0.47032717,0.5917741,0.47725284
0.49878213,0.49595433,0.49462843,0.6412519,0.50150174
0.5169147,0.5442558,0.5328122,0.64781,0.50126153
0.5285521,0.5427288,0.5527697,0.6413567,0.53420264
0.5583221,0.5169006,0.5302319,0.6288911,0.51318747
0.5261164,0.50293326,0.5231615,0.6103132,0.49413842
0.4473613,0.43541214,0.4549572,0.58439124,0.41038057
0.35074425,0.35278618,0.37325972,0.58467615,0.34530395
0.27794316,0.27142623,0.28803644,0.5688304,0.25948274
0.2330176,0.22467951,0.24239948,0.5586822,0.218598
0.20405954,0.2152998,0.21869521,0.5505135,0.20822492
0.19431664,0.19709456,0.19821629,0.5560026,0.18881072
0.19431664,0.19861896,0.2046883,0.5509486,0.18496028
0.22083898,0.22874716,0.21934356,0.5546477,0.19346656
0.29228687,0.30208975,0.28653723,0.56546295,0.24083957
0.42083898,0.43277848,0.40190175,0.55998003,0.35186696
0.50094724,0.50202084,0.49905425,0.55876684,0.39510763
0.5374831,0.5166515,0.516689,0.56688404,0.43747306
0.5889039,0.5462874,0.54824275,0.6178825,0.48996395
0.64573747,0.6010613,0.5991347,0.66094536,0.47312236
0.6874154,0.6415704,0.646082,0.7715938,0.49152464
0.7150203,0.70502216,0.6741291,0.8548839,0.51058793
0.747226,0.71451116,0.6956306,0.9195341,0.47974187
0.7640054,0.7301664,0.7340536,0.90510845,0.48760796
0.7767253,0.7363622,0.7454997,0.9315754,0.47832793
0.7897158,0.79394823,0.7698893,0.91446984,0.5207121
0.7810555,0.83876556,0.7943833,0.89525306,0.51711655
0.7675237,0.7701922,0.7962883,0.8354759,0.5518493
0.7829499,0.7454484,0.7508941,0.79750514,0.52422976
0.729364,0.7265158,0.7186518,0.7202414,0.4838605
0.6202977,0.63646346,0.63739794,0.6778521,0.4333175
0.49336943,0.52188385,0.5273126,0.67916024,0.33586285
0.40135318,0.4026629,0.4172605,0.6190046,0.2557882
0.34073073,0.33292857,0.35906386,0.5661798,0.20348981
0.30554804,0.30825692,0.32100454,0.566184,0.19484782
0.28606224,0.28709698,0.30111203,0.53860104,0.20667626
0.2774019,0.27454337,0.29338646,0.51846695,0.18242702
0.2901218,0.3041252,0.3029773,0.5136528,0.21336678
0.35236806,0.35240635,0.35861748,0.51584136,0.26108733
0.47225982,0.49558178,0.47082728,0.5196074,0.38728648
0.5377537,0.574266,0.56030357,0.51492476,0.4284801
0.57564276,0.58032537,0.5575839,0.52080894,0.43973535
0.6129905,0.6060552,0.6061206,0.54873085,0.4881425
0.64925575,0.6430443,0.6362793,0.5915246,0.5001626
0.6652233,0.6508666,0.6606638,0.65449214,0.49813473
0.65629226,0.68931156,0.65627104,0.6946689,0.4967453
0.6525034,0.65709144,0.6332966,0.7108338,0.48124337
0.6362652,0.63929105,0.631654,0.7113756,0.4927317
0.6197564,0.61420417,0.6040908,0.73702407,0.4800418
0.62679297,0.64247787,0.5964212,0.6969172,0.50686944
0.6365359,0.67993426,0.6290878,0.66494334,0.5176046
0.6368065,0.66235024,0.6606248,0.6654519,0.54448545
0.63355887,0.63125575,0.6598813,0.6516801,0.51888597
0.59133965,0.58647907,0.5840112,0.63735616,0.50782025
0.5098782,0.5184565,0.5167164,0.61798173,0.42769992
0.41867387,0.4372539,0.43363953,0.61593026,0.33358374
0.33640054,0.34857178,0.35938433,0.59531724,0.26421112
0.27415428,0.29205388,0.29549396,0.5731919,0.22849052
0.2443843,0.26586935,0.25025952,0.57386494,0.20403555
0.22571042,0.23745245,0.2396517,0.53692234,0.1831703
0.22192152,0.22583416,0.22519441,0.539152,0.19496308
0.2397835,0.2581955,0.23779511,0.531729,0.21558626
0.30094722,0.3202188,0.2873531,0.5318154,0.25198573
0.41948578,0.44750622,0.38460147,0.5276381,0.35870147
0.48822734,0.50745565,0.4990564,0.523824,0.42532367
0.5166441,0.51386046,0.50410545,0.52255595,0.44175208
0.54181325,0.5345992,0.5296249,0.528149,0.48803848
0.5653586,0.5460485,0.54861236,0.53348124,0.49440438
0.5699594,0.54150385,0.56118363,0.5538136,0.5023371
0.56589985,0.5641429,0.54994345,0.57982904,0.4799512
0.5631935,0.5457006,0.54223555,0.58351696,0.48102897
0.5437077,0.5361056,0.54003155,0.59805906,0.47991407
0.5328823,0.52060866,0.5138722,0.6001668,0.48123562
0.5166441,0.54658306,0.523955,0.56590366,0.4927287
0.51231396,0.56186414,0.5180845,0.55707836,0.49164116
0.5044655,0.53732693,0.54610205,0.54433393,0.52202636
0.50581867,0.49472225,0.5084324,0.53695977,0.5085633
0.46901217,0.46265572,0.4731408,0.5232016,0.49610335
0.40405953,0.40715483,0.408875,0.5072017,0.40069926
0.3217862,0.34091085,0.34250185,0.49970332,0.33959013
0.24519621,0.2645941,0.26808313,0.49679086,0.2595154
0.18971583,0.21059823,0.20781617,0.49075198,0.22159377
0.15913397,0.18410864,0.17169176,0.4899154,0.19316636
0.14100136,0.16238679,0.15419273,0.48266074,0.17449617
0.13504736,0.1473887,0.14129777,0.48238316,0.15892194
0.14370771,0.17796499,0.14899112,0.4777678,0.16801703
0.16535859,0.18870583,0.17969523,0.4812738,0.17926943
0.21190798,0.24555148,0.21531709,0.47577724,0.24488145
0.27767253,0.30105662,0.26591048,0.4709183,0.2811283
0.34316644,0.34259307,0.326621,0.4703962,0.36322248
0.3805142,0.37725496,0.37661064,0.4799323,0.40487376
0.39296347,0.37591082,0.39166886,0.4940974,0.4286511
0.39269283,0.36700523,0.38685977,0.5127957,0.42502722
0.38430312,0.3807444,0.37720728,0.5326998,0.41933423
0.3745602,0.3672705,0.3639214,0.54849684,0.38558382
0.36265224,0.3514143,0.35423753,0.56370157,0.39211833
0.35615698,0.35573554,0.34711945,0.57527417,0.39337182
0.36671177,0.38179004,0.35642597,0.57121027,0.4378426
0.38078484,0.42610633,0.39231384,0.5585483,0.44420683
0.3902571,0.41815937,0.40733436,0.54276323,0.46902424
0.4143437,0.39673528,0.39645016,0.5356301,0.46926463
0.394046,0.37943605,0.39793873,0.50929403,0.4427994
0.33477673,0.32816142,0.3439694,0.48494056,0.37443173
0.258728,0.271739,0.27591252,0.47003695,0.31046292
0.1924222,0.2044859,0.20788,0.45756146,0.24430496
0.14451963,0.17326914,0.1595931,0.4437959,0.20324743
0.117997296,0.14411938,0.1291992,0.4287523,0.16539203
0.09905277,0.12185297,0.11608352,0.42493653,0.15414661
0.092016235,0.117194116,0.101010144,0.40752432,0.14515336
0.097428955,0.14118035,0.10307993,0.39998022,0.14692263
0.11474966,0.1439936,0.12485936,0.3955095,0.16106921
0.14749661,0.184771,0.16850914,0.3876336,0.18336071
0.20649527,0.23465738,0.21799752,0.38356888,0.23315209
0.2782138,0.2856919,0.27439466,0.384162,0.3283738
0.32341,0.3157342,0.32865018,0.42557168,0.3627327
0.34100136,0.3268796,0.3469414,0.4572306,0.3919345
0.34235454,0.32598028,0.34750438,0.48898283,0.39298582
0.3458728,0.3354819,0.33690193,0.51356876,0.3920668
0.34181327,0.3398483,0.33773482,0.5362315,0.36605105
0.33667117,0.33101395,0.3303347,0.54965866,0.3634528
0.34343708,0.33256206,0.3313991,0.5746572,0.36462182
0.36644113,0.37788504,0.3590052,0.57430315,0.4386655
0.3962111,0.43083626,0.40167692,0.5847209,0.43707997
0.41299054,0.43030867,0.42943627,0.5656938,0.4507094
0.44330177,0.41208535,0.4216525,0.53299713,0.44148564
0.4037889,0.40519983,0.42762733,0.501654,0.41218272
0.32368064,0.33131868,0.33997375,0.47986582,0.3416723
0.2414073,0.2537588,0.2546804,0.46297368,0.28412068
0.1797023,0.18459584,0.1885864,0.45611915,0.21213543
0.1391069,0.15883327,0.14710273,0.44145,0.18074365
0.118538566,0.14102072,0.12512004,0.4256624,0.1680977
0.10960758,0.11159638,0.118156105,0.42180014,0.18071064
0.11150203,0.12520471,0.117602795,0.40926147,0.15902443
0.13504736,0.15994607,0.1316584,0.4044243,0.19040106
0.20351827,0.21015382,0.18850257,0.3985607,0.239375
0.32341,0.34771824,0.3208207,0.39546242,0.34446406
0.39783493,0.40883017,0.42738435,0.39386708,0.40244806
0.42435724,0.4222412,0.42718422,0.40536374,0.42724556
0.44546685,0.43085116,0.44252187,0.4253217,0.47283685
0.46062246,0.4354904,0.45521745,0.44034067,0.47947454
0.467659,0.43364048,0.46044838,0.46647808,0.48308927
0.46359947,0.45673984,0.45829198,0.48977885,0.4984042
0.45764548,0.4412198,0.44754767,0.5036708,0.47157222
0.44303113,0.41760454,0.444266,0.5337169,0.47563308
0.42814615,0.4170155,0.4334444,0.52928627,0.47037065
0.43220568,0.4407748,0.43811452,0.5184045,0.50852835
0.44844383,0.47820848,0.4754113,0.54617536,0.5049372
0.46359947,0.48565578,0.491386,0.5433675,0.5429903
0.49878213,0.4646251,0.47615907,0.51757497,0.50143886
0.45818675,0.44690743,0.47759104,0.47886118,0.48167205
0.37320703,0.37271672,0.3944944,0.45731327,0.41489798
0.2790257,0.29591233,0.3079302,0.43621176,0.3250569
0.20027064,0.22341643,0.22592615,0.42663622,0.24900948
0.15426251,0.1764562,0.16427654,0.4140472,0.21033713
0.12774019,0.14871566,0.14100483,0.39787146,0.18235876
0.11637348,0.12857452,0.121754795,0.39047357,0.17144313
0.12043302,0.13696009,0.118520096,0.38810268,0.1669579
0.14830853,0.17626023,0.14292787,0.38980147,0.2027959
0.2232747,0.23434252,0.21068968,0.39119714,0.24517241
0.34100136,0.36771306,0.34202182,0.39286244,0.33969057
0.39458728,0.4274586,0.42501235,0.39403504,0.42637998
0.40324762,0.41366288,0.41073716,0.40161976,0.43455398
0.41028416,0.40684068,0.41855955,0.41096178,0.47836035
0.4173207,0.4073696,0.4193564,0.43414927,0.48597145
0.41623816,0.3975228,0.41581935,0.471028,0.49916846
0.40920162,0.41473493,0.40403998,0.49724558,0.48970228
0.4075778,0.39675182,0.3916146,0.51279634,0.47520632
0.39729363,0.3824724,0.39324373,0.52945125,0.47277623
0.3907984,0.38411975,0.38328034,0.5403326,0.47725284
0.40405953,0.4094006,0.39894518,0.5311806,0.50150174
0.42625168,0.45647812,0.44663385,0.5443829,0.50126153
0.4481732,0.466814,0.47067496,0.53755057,0.53420264
0.4895805,0.45357937,0.4646574,0.5074939,0.51318747
0.455751,0.4406513,0.46850988,0.45647803,0.49413842
0.37428957,0.3631978,0.39071447,0.41104737,0.41038057
0.27713126,0.28797346,0.30491686,0.38880813,0.34530395
0.20108254,0.21299726,0.21925569,0.376045,0.25948274
0.15290934,0.1748019,0.16665974,0.3654562,0.218598
0.12963465,0.15104246,0.13844423,0.36023554,0.20822492
0.11962111,0.13043442,0.12693676,0.3508929,0.18881072
0.116644114,0.13282348,0.12368308,0.342973,0.18496028
0.14424899,0.16798274,0.13003176,0.34314334,0.19346656
0.21732071,0.23098564,0.20257728,0.34408277,0.24083957
0.341272,0.3600009,0.33686382,0.34224144,0.35186696
0.39566982,0.42169037,0.43088207,0.34112293,0.39510763
0.40866035,0.4094617,0.40704745,0.34625554,0.43747306
0.41948578,0.41082835,0.42629737,0.37187237,0.48996395
0.42868742,0.4126412,0.43030652,0.41608274,0.47312236
0.4338295,0.3968455,0.43001658,0.47773132,0.49152464
0.43220568,0.42891788,0.42626587,0.51044846,0.51058793
0.4368065,0.421273,0.41888255,0.54657805,0.47974187
0.43193504,0.41538763,0.4263822,0.5747285,0.48760796
0.4300406,0.41409644,0.4208281,0.5919532,0.47832793
0.4338295,0.45026937,0.43897617,0.58294266,0.5207121
0.44682002,0.47843146,0.46601355,0.5791384,0.51711655
0.46495265,0.47799867,0.48918015,0.56942284,0.5518493
0.49499324,0.4539178,0.4794039,0.5411813,0.52422976
0.45656294,0.44551694,0.46809852,0.45646995,0.4838605
0.37645468,0.36908624,0.3888136,0.4007977,0.4333175
0.28389716,0.294015,0.30656847,0.37664574,0.33586285
0.21055481,0.21465722,0.22712056,0.36467713,0.2557882
0.16454668,0.17345612,0.17647289,0.34091318,0.20348981
0.13802436,0.1594297,0.15092012,0.33849087,0.19484782
0.12638701,0.13439149,0.13344678,0.33407882,0.20667626
0.1255751,0.14207797,0.13077441,0.331374,0.18242702
0.14993234,0.16775817,0.14541918,0.327628,0.21336678
0.22273342,0.22864594,0.21092871,0.32914057,0.26108733
0.34235454,0.35333586,0.33877328,0.32761103,0.38728648
0.40162382,0.4157222,0.42160758,0.32736403,0.4284801
0.42192152,0.4141335,0.41930372,0.3313449,0.43973535
0.43572396,0.4294841,0.43791017,0.36518452,0.4881425
0.45304465,0.4235146,0.4448141,0.42898956,0.5001626
0.46224627,0.42664155,0.4538145,0.4949108,0.49813473
0.4638701,0.45537055,0.45272747,0.54489905,0.4967453
0.4692828,0.45524716,0.44857204,0.58859134,0.48124337
0.46711773,0.4499996,0.45636865,0.6408229,0.4927317
0.46414074,0.45248467,0.45455724,0.6519027,0.4800418
0.4692828,0.48009238,0.4679046,0.658833,0.50686944
0.4768606,0.5127902,0.49993825,0.6520026,0.5176046
0.48416778,0.5062886,0.51321036,0.6313943,0.54448545
0.51474965,0.48309988,0.49120712,0.6006359,0.51888597
0.47794315,0.46592322,0.48562428,0.4854361,0.50782025
0.39648172,0.3932786,0.4101823,0.4268219,0.42769992
0.29824087,0.31297675,0.32562622,0.40150023,0.33358374
0.22002706,0.22510728,0.2389067,0.38791856,0.26421112
0.16833559,0.18556017,0.18431033,0.3722933,0.22849052
0.14262517,0.16555104,0.15249696,0.36379752,0.20403555
0.12801082,0.14771654,0.13980904,0.3473132,0.1831703
0.12665765,0.14870016,0.13075851,0.33897036,0.19496308
0.14912044,0.17284092,0.14697438,0.33233607,0.21558626
0.21380244,0.23357481,0.21085247,0.32913974,0.25198573
0.32963464,0.36030763,0.32499987,0.32648778,0.35870147
0.38836265,0.41618896,0.41472936,0.33190978,0.42532367
0.41759133,0.4116402,0.41036028,0.33164898,0.44175208
0.43815967,0.42718226,0.43824074,0.39095432,0.48803848
0.46062246,0.43177456,0.44993174,0.4504446,0.49440438
0.46901217,0.43674436,0.46245542,0.519883,0.5023371
0.4692828,0.46631417,0.45793357,0.589694,0.4799512
0.4760487,0.46293163,0.45227134,0.6485002,0.48102897
0.4660352,0.46061146,0.46264887,0.67237115,0.47991407
0.46305817,0.4538383,0.44628763,0.694769,0.48123562
0.45872802,0.47689423,0.4668671,0.6854509,0.4927287
0.45656294,0.4996965,0.47963956,0.6938107,0.49164116
0.45899865,0.47965568,0.49638346,0.6678809,0.52202636
0.48227334,0.45421517,0.47510356,0.62326944,0.5085633
0.44248986,0.4383452,0.45622158,0.5220728,0.49610335
0.37699595,0.3690043,0.37823775,0.4715127,0.40069926
0.2993234,0.3096999,0.31698528,0.43991673,0.33959013
0.22814615,0.23714748,0.25048634,0.4235263,0.2595154
0.17374831,0.18852538,0.19505556,0.41844705,0.22159377
0.14235453,0.16674584,0.1573252,0.40410653,0.19316636
0.12476319,0.14163148,0.13867868,0.39127666,0.17449617
0.117997296,0.13114731,0.12843657,0.38671067,0.15892194
0.11745602,0.1614008,0.13497391,0.38492742,0.16801703
0.14316644,0.1675424,0.1538911,0.3904288,0.17926943
0.19161029,0.22437733,0.21191111,0.3832527,0.24488145
0.25818673,0.2823665,0.25616938,0.38563156,0.2811283
0.32151556,0.32379124,0.3159911,0.38632655,0.36322248
0.35372123,0.35634977,0.3607478,0.40815333,0.40487376
0.37266576,0.35263485,0.37025303,0.4427606,0.4286511
0.37320703,0.34999615,0.37522137,0.47788265,0.42502722
0.36833557,0.36285388,0.3623463,0.52391124,0.41933423
0.3631935,0.35810328,0.3530876,0.58239806,0.38558382
0.34857917,0.34993097,0.3477096,0.6343638,0.39211833
0.35101488,0.34288332,0.33347234,0.6480793,0.39337182
0.37347767,0.37675458,0.36230332,0.6634097,0.4378426
0.39648172,0.43419743,0.40793204,0.66799486,0.44420683
0.41705006,0.42769092,0.43093783,0.6466882,0.46902424
0.43815967,0.41927892,0.43184155,0.6199341,0.46926463
0.40622464,0.39956075,0.41615552,0.5851993,0.4427994
0.3488498,0.33602273,0.3489552,0.56001496,0.37443173
0.28092015,0.28558332,0.2904116,0.5453387,0.31046292
0.21921515,0.21936756,0.22970264,0.51168966,0.24430496
0.17428958,0.18968312,0.18307503,0.5130196,0.20324743
0.14830853,0.15951212,0.15656142,0.50481963,0.16539203
0.13477673,0.1426941,0.14458437,0.49933037,0.15414661
0.13125846,0.14221686,0.13981815,0.4993165,0.14515336
0.13261163,0.15912086,0.1464125,0.49566016,0.14692263
0.15047361,0.16900027,0.16340494,0.49359497,0.16106921
0.18457375,0.2165781,0.21441011,0.4869325,0.18336071
0.23518267,0.2636755,0.25588238,0.473209,0.23315209
0.3060893,0.30578303,0.29614946,0.47939593,0.3283738
0.35994586,0.34219715,0.35673392,0.47204125,0.3627327
0.3872801,0.36283866,0.38561186,0.48884866,0.3919345
0.4008119,0.37351975,0.3940643,0.5039022,0.39298582
0.40405953,0.38844147,0.39599925,0.5321274,0.3920668
0.39458728,0.38444585,0.39221132,0.5492395,0.36605105
0.3840325,0.37208888,0.37818334,0.57442605,0.3634528
0.37997293,0.3638625,0.37676018,0.5827762,0.36462182
0.3924222,0.41054636,0.3910442,0.5775405,0.4386655
0.41596752,0.45934075,0.4262852,0.57472396,0.43707997
0.43815967,0.45106703,0.45125473,0.56404924,0.4507094
0.45548037,0.43616247,0.44920877,0.53171587,0.44148564
0.4075778,0.41570693,0.4331423,0.5069537,0.41218272
0.32611638,0.3357744,0.3465132,0.48525906,0.3416723
0.24627875,0.26218495,0.26142845,0.47583523,0.28412068
0.1805142,0.19372876,0.19502585,0.46140233,0.21213543
0.1399188,0.1635294,0.14514175,0.4473113,0.18074365
0.11935047,0.14408404,0.12477337,0.43944082,0.1680977
0.111772664,0.11834088,0.11660725,0.4316061,0.18071064
0.11420839,0.1306102,0.11695096,0.41804096,0.15902443
0.13856563,0.16382429,0.1325377,0.42231464,0.19040106
0.21380244,0.21561606,0.19508867,0.41452557,0.239375
0.3428958,0.35886702,0.3311728,0.41090918,0.34446406
0.4051421,0.42858437,0.4393543,0.41290712,0.40244806
0.42625168,0.4260515,0.43002266,0.41820848,0.42724556
0.4414073,0.43302667,0.44325644,0.42457575,0.47283685
0.45439783,0.43375987,0.44936234,0.44185087,0.47947454
0.45845738,0.43038383,0.45189917,0.4593214,0.48308927
0.44248986,0.45082155,0.44533193,0.4707797,0.4984042
0.43788904,0.42289472,0.41903716,0.48801586,0.47157222
0.42516914,0.4019039,0.4254378,0.50093865,0.47563308
0.41867387,0.40392458,0.41414237,0.51184607,0.47037065
0.4284168,0.43534043,0.43262094,0.51734674,0.50852835
0.45548037,0.47769606,0.47124648,0.51566654,0.5049372
0.48985115,0.4964199,0.4983831,0.5174804,0.5429903
0.5101488,0.4903354,0.49582827,0.4993681,0.50143886
0.45818675,0.45026562,0.4764689,0.4803737,0.48167205
0.38024357,0.37044764,0.38992408,0.47203797,0.41489798
0.28958052,0.30071136,0.3172568,0.46109897,0.3250569
0.21488498,0.23070022,0.2342027,0.46029934,0.24900948
0.16968876,0.18451796,0.17951089,0.4430999,0.21033713
0.14722598,0.1574072,0.15644345,0.43654868,0.18235876
0.13585927,0.14281587,0.14438483,0.4240293,0.17144313
0.13504736,0.14785142,0.13922277,0.41671216,0.1669579
0.15778078,0.18460675,0.15490988,0.4149126,0.2027959
0.23518267,0.23975489,0.22020274,0.4121524,0.24517241
0.3610284,0.3777934,0.36292487,0.40715316,0.33969057
0.41596752,0.44332075,0.4426158,0.40899268,0.42637998
0.42598104,0.42530248,0.4286595,0.4104644,0.43455398
0.43734777,0.42537972,0.43949208,0.4315419,0.47836035
0.4481732,0.43310663,0.44562107,0.45358476,0.48597145
0.44465494,0.425866,0.44618598,0.47512084,0.49916846
0.4384303,0.44149554,0.43049574,0.4978025,0.48970228
0.43788904,0.4198929,0.4224217,0.5086602,0.47520632
0.4300406,0.4113608,0.42534685,0.5264061,0.47277623
0.42760488,0.41160288,0.41826743,0.53231204,0.47725284
0.43788904,0.44582543,0.43772542,0.53239775,0.50150174
0.46549392,0.48647624,0.47640276,0.53271353,0.50126153
0.4976996,0.50233805,0.5113003,0.5165976,0.53420264
0.520433,0.49739972,0.50364274,0.4994609,0.51318747
0.46549392,0.45905286,0.48516554,0.46652305,0.49413842
0.38159674,0.3717816,0.39351344,0.45518908,0.41038057
0.28606224,0.29738182,0.311988,0.4432085,0.34530395
0.21028417,0.22232895,0.22699857,0.42924193,0.25948274
0.16725305,0.18195912,0.17435686,0.4131437,0.218598
0.14397834,0.16029938,0.1546366,0.40835488,0.20822492
0.1331529,0.14525141,0.13946623,0.3850265,0.18881072
0.13071719,0.14466764,0.13614695,0.38546148,0.18496028
0.15507442,0.17891859,0.14819688,0.38052768,0.19346656
0.22760487,0.23949581,0.21845098,0.38343805,0.24083957
0.3564276,0.37115064,0.3525161,0.38137794,0.35186696
0.41461435,0.43814844,0.4413927,0.38058925,0.39510763
0.42733425,0.4247294,0.4270734,0.38430843,0.43747306
0.4324763,0.42662448,0.44179642,0.40871096,0.48996395
0.44330177,0.42487887,0.44031763,0.45014143,0.47312236
0.44330177,0.4139839,0.4432693,0.479011,0.49152464
0.44221923,0.43674606,0.43305653,0.50648254,0.51058793
0.44465494,0.4295028,0.42881832,0.51880467,0.47974187
0.43410012,0.41808906,0.43270946,0.5288775,0.48760796
0.42949933,0.41292575,0.41942772,0.5376184,0.47832793
0.4359946,0.4474453,0.43794888,0.5437666,0.5207121
0.4600812,0.480821,0.4711144,0.5393368,0.51711655
0.4947226,0.49632168,0.5055652,0.52266544,0.5518493
0.5171854,0.48238343,0.5020388,0.5065776,0.52422976
0.4668471,0.45813468,0.47998485,0.47535983,0.4838605
0.38267928,0.3746409,0.3953796,0.46041876,0.4333175
0.28687415,0.30095035,0.3121407,0.4545377,0.33586285
0.21650879,0.21877226,0.22791438,0.43548778,0.2557882
0.16995941,0.17830142,0.1840593,0.42232192,0.20348981
0.14614344,0.16478327,0.15456621,0.41058832,0.19484782
0.13477673,0.14198288,0.14185758,0.38524273,0.20667626
0.132341,0.1476435,0.13842382,0.3685669,0.18242702
0.15859269,0.17087504,0.14921671,0.3587611,0.21336678
0.23355886,0.23615675,0.2218444,0.3599671,0.26108733
0.36265224,0.36337018,0.35599422,0.35731015,0.38728648
0.42110962,0.43616307,0.445661,0.35334107,0.4284801
0.4359946,0.43181583,0.43203574,0.35913932,0.43973535
0.44627875,0.44037214,0.44931352,0.38826603,0.4881425
0.455751,0.432086,0.45435613,0.43107015,0.5001626
0.4562923,0.4275535,0.45451817,0.46956226,0.49813473
0.4503383,0.4433223,0.44546524,0.5037335,0.4967453
0.44763193,0.43692204,0.4342057,0.53192353,0.48124337
0.4338295,0.4210169,0.43317306,0.53300166,0.4927317
0.4284168,0.41625237,0.41816634,0.5519898,0.4800418
0.43220568,0.4448325,0.43713185,0.5568727,0.50686944
0.44871446,0.4783917,0.46660125,0.5618552,0.5176046
0.48146144,0.487918,0.4952095,0.54506934,0.54448545
0.5098782,0.4864512,0.493271,0.5225735,0.51888597
0.46820027,0.45629114,0.47728366,0.48535195,0.50782025
0.38836265,0.38389418,0.40155125,0.48087493,0.42769992
0.29526386,0.30740207,0.32010233,0.47110304,0.33358374
0.21921515,0.22473016,0.23793562,0.46087533,0.26421112
0.17131259,0.18606108,0.18288793,0.45208603,0.22849052
0.14533153,0.16791825,0.15530853,0.44696298,0.20403555
0.13288227,0.15098366,0.139953,0.44079277,0.1831703
0.13450609,0.15086423,0.13460322,0.43024316,0.19496308
0.15615697,0.17794222,0.1527121,0.41769367,0.21558626
0.22625169,0.2393198,0.2085107,0.41464654,0.25198573
0.34912044,0.37139648,0.33984149,0.41031274,0.35870147
0.4075778,0.43086427,0.43577823,0.4043314,0.42532367
0.42787552,0.4235089,0.42008936,0.40733823,0.44175208
0.44113666,0.43287727,0.4433605,0.43440586,0.48803848
0.4549391,0.43263185,0.44916457,0.46245328,0.49440438
0.4571042,0.42874962,0.45386755,0.4912692,0.5023371
0.4503383,0.4470875,0.44509223,0.524513,0.4799512
0.4451962,0.43387806,0.43256402,0.5418049,0.48102897
0.42949933,0.42035338,0.42910528,0.5545645,0.47991407
0.42056835,0.41311264,0.41312432,0.58445394,0.48123562
0.42273343,0.43312255,0.42654982,0.5992689,0.4927287
0.4292287,0.4648317,0.45618415,0.60426617,0.49164116
0.44898513,0.46001422,0.47285426,0.59902346,0.52202636
0.4638701,0.4487639,0.4661451,0.5487748,0.5085633
0.42543977,0.4157098,0.43456423,0.49140856,0.49610335
0.3645467,0.35291752,0.36627212,0.47096235,0.40069926
0.28606224,0.30079818,0.3087603,0.4493388,0.33959013
0.21461435,0.22767884,0.23590873,0.44029015,0.2595154
0.16292287,0.17814498,0.18097883,0.42528751,0.22159377
0.13179973,0.15775159,0.14636955,0.4221089,0.19316636
0.117997296,0.13142446,0.12571295,0.4170284,0.17449617
0.11231394,0.12473617,0.121487334,0.4108206,0.15892194
0.117997296,0.15698197,0.12431547,0.40116602,0.16801703
0.1488498,0.16604517,0.15195866,0.3978745,0.17926943
0.20514208,0.22778031,0.21792431,0.38938814,0.24488145
0.27253044,0.29156697,0.27128288,0.39185798,0.2811283
0.33748308,0.33090898,0.32475823,0.39064258,0.36322248
0.36833557,0.36361447,0.37319493,0.4158873,0.40487376
0.37320703,0.3595517,0.3812261,0.45241043,0.4286511
0.37050068,0.34539962,0.36995083,0.49349478,0.42502722
0.3623816,0.35708916,0.3592006,0.53106797,0.41933423
0.35020298,0.3518078,0.34677702,0.59194267,0.38558382
0.3404601,0.33474496,0.3332489,0.60948926,0.39211833
0.341272,0.33786175,0.33203468,0.65180844,0.39337182
0.35236806,0.36830792,0.35325217,0.6374284,0.4378426
0.37699595,0.41054982,0.38549292,0.6295332,0.44420683
0.40243572,0.41134095,0.41829127,0.6103146,0.46902424
0.4202977,0.40927684,0.41530028,0.5371276,0.46926463
0.3788904,0.3786631,0.39793962,0.47387078,0.4427994
0.3201624,0.30844676,0.32180062,0.4475229,0.37443173
0.25304466,0.25558275,0.26545507,0.4110696,0.31046292
0.18782137,0.19826637,0.20604965,0.40516233,0.24430496
0.14262517,0.16919655,0.15296851,0.3844068,0.20324743
0.11393775,0.14465767,0.12721224,0.3768437,0.16539203
0.1014885,0.11795438,0.10955638,0.3692638,0.15414661
0.09418133,0.11834141,0.10647918,0.36054206,0.14515336
0.10013532,0.14436376,0.104626596,0.3602401,0.14692263
0.122056834,0.144506,0.13308124,0.35714447,0.16106921
0.16481732,0.19330347,0.18856968,0.35174474,0.18336071
0.22516915,0.24942845,0.24292088,0.35342562,0.23315209
0.2968877,0.2955503,0.29088005,0.35171324,0.3283738
0.33991882,0.3280364,0.34405005,0.36667466,0.3627327
0.35290933,0.3371637,0.360359,0.40442422,0.3919345
0.35507444,0.3333117,0.35640758,0.44123176,0.39298582
0.3496617,0.34336245,0.3487734,0.4953538,0.3920668
0.34100136,0.34160763,0.3378991,0.5483607,0.36605105
0.33125845,0.33169216,0.3296142,0.58183295,0.3634528
0.33802435,0.3293327,0.32706285,0.60978043,0.36462182
0.3661705,0.3754096,0.35853705,0.609668,0.4386655
0.40433016,0.43276733,0.40923542,0.616531,0.43707997
0.4465494,0.44267005,0.441977,0.586334,0.4507094
0.45953992,0.44359332,0.4569517,0.53801286,0.44148564
0.4135318,0.41178885,0.42760152,0.48811176,0.41218272
0.3309878,0.33443868,0.35102364,0.45844024,0.3416723
0.25169146,0.2584306,0.26271936,0.43285298,0.28412068
0.18592693,0.19185737,0.19823642,0.4132015,0.21213543
0.1450609,0.16292526,0.15040877,0.39453065,0.18074365
0.12232747,0.14331716,0.1302357,0.38098586,0.1680977
0.11474966,0.115635045,0.12065968,0.36502054,0.18071064
0.11637348,0.12990499,0.12304239,0.36157134,0.15902443
0.14181326,0.16339867,0.1355078,0.3652936,0.19040106
0.21732071,0.21640123,0.19895999,0.36535215,0.239375
0.34857917,0.36072809,0.34637463,0.36569557,0.34446406
0.41001353,0.43181187,0.45748585,0.3652258,0.40244806
0.42435724,0.42733285,0.4275744,0.36262733,0.42724556
0.43355885,0.42718068,0.4420663,0.36901447,0.47283685
0.44600812,0.42313185,0.44299668,0.39814502,0.47947454
0.45060894,0.42236668,0.4478926,0.42414373,0.48308927
0.4495264,0.44378036,0.44258344,0.47767416,0.4984042
0.45277402,0.4328217,0.4367111,0.53382313,0.47157222
0.4392422,0.42152575,0.44446546,0.57039964,0.47563308
0.43355885,0.41956103,0.42827898,0.6012825,0.47037065
0.44086602,0.45431864,0.44972306,0.60627544,0.50852835
0.46305817,0.4929164,0.48086923,0.61864495,0.5049372
0.5044655,0.50418043,0.5086834,0.6051049,0.5429903
0.52638704,0.5069588,0.5152976,0.55546236,0.50143886
0.47334236,0.46096942,0.4916271,0.47929624,0.48167205
0.38511503,0.38087162,0.4044642,0.4507121,0.41489798
0.29445195,0.29787758,0.31615725,0.4336516,0.3250569
0.21677943,0.23229733,0.23927091,0.40766603,0.24900948
0.16887686,0.18614125,0.17887421,0.39458123,0.21033713
0.14235453,0.15029405,0.1528524,0.37890357,0.16958705
0.13125846,0.13027978,0.13689624,0.3634038,0.15365754
0.12909336,0.13527876,0.13459802,0.36196324,0.20825835
0.15480378,0.16537713,0.14762278,0.3618049,0.2418227
0.22895806,0.22867739,0.22275987,0.3622031,0.28170463
0.3594046,0.36010793,0.36032426,0.36169952,0.400842
0.41542625,0.4326573,0.44780594,0.36065263,0.4792205
0.42868742,0.4171875,0.4270275,0.35897392,0.45754623
0.44303113,0.41110992,0.4443961,0.37701648,0.46557957
0.45602164,0.42061794,0.4534703,0.4222036,0.45933956
0.46197563,0.4139191,0.45609906,0.47033218,0.4699331
0.46305817,0.4453537,0.45196044,0.53273666,0.45567495
0.46955344,0.4401068,0.4481176,0.6172967,0.45510066
0.46495265,0.4446043,0.45688742,0.6518651,0.44992864
0.4625169,0.44664866,0.45073968,0.6790434,0.45667547
0.46820027,0.4904563,0.4682653,0.67670155,0.47655284
0.48146144,0.5280862,0.50023586,0.6825826,0.52193266
0.5136671,0.51877743,0.5244149,0.6445538,0.57512784
0.53207034,0.4919016,0.52303034,0.59894085,0.5334899
0.46711773,0.4525286,0.4913489,0.4531575,0.47293204
0.3856563,0.3595554,0.3903356,0.41581017,0.39425504
0.2901218,0.29953966,0.31970483,0.40692195,0.31159967
0.21921515,0.22217566,0.23178458,0.38874352,0.24738058
0.17618403,0.1686207,0.18685894,0.37227258,0.2130645
0.15128551,0.16709687,0.16503371,0.3619084,0.1950879
0.13694182,0.1476267,0.14755334,0.34731787,0.18450554
0.13477673,0.14717588,0.14080805,0.3537686,0.22474918
0.15696888,0.16786107,0.15704097,0.35658455,0.22898456
0.22949933,0.23880216,0.22265743,0.35239682,0.28908893
0.3496617,0.36483333,0.3494733,0.35246867,0.40239322
0.4105548,0.42890304,0.4262125,0.35135734,0.4507563
0.42949933,0.4176253,0.4297956,0.36326772,0.4532618
0.44871446,0.4193048,0.4449525,0.39241618,0.4845839
0.47171855,0.4256004,0.45873418,0.44137892,0.47468847
0.47929636,0.4326802,0.47279868,0.49766108,0.4709741
0.48416778,0.47051674,0.46748087,0.5842792,0.47492796
0.49526387,0.47241232,0.46909443,0.66288483,0.47201633
0.4963464,0.47810525,0.48326617,0.6964128,0.46761405
0.4909337,0.4814561,0.4823118,0.73676324,0.4706024
0.4863329,0.518085,0.4907691,0.7282183,0.4850521
0.4871448,0.5425564,0.51216686,0.7409953,0.53372353
0.51907986,0.5203775,0.525464,0.7073318,0.5958701
0.53667116,0.49940073,0.52408284,0.65323615,0.5668642
0.48985115,0.47624144,0.4915793,0.55627275,0.48839784
0.4046008,0.400496,0.41996944,0.51902354,0.4156556
0.30175912,0.32216588,0.33401477,0.45117274,0.33048946
0.22652233,0.23104882,0.24070032,0.43669385,0.22799225
0.1797023,0.17597817,0.19434555,0.42882237,0.22014514
0.14614344,0.17536172,0.16627958,0.41586006,0.1944665
0.12963465,0.14903334,0.13728383,0.40280488,0.19581671
0.12341002,0.1451297,0.1328543,0.39494795,0.20793666
0.14749661,0.16005424,0.14055711,0.3797318,0.23398042
0.21407308,0.22944084,0.21071634,0.36765766,0.29895192
0.33396482,0.3496374,0.3273701,0.35102975,0.44898087
0.39052776,0.41495126,0.42222142,0.34453404,0.48284525
0.41028416,0.4012019,0.41046622,0.34407246,0.4491238
0.42814615,0.4097126,0.43104398,0.38498926,0.4757452
0.4451962,0.40701994,0.44174343,0.43743306,0.47887224
0.45006767,0.407347,0.44757605,0.4931241,0.46928918
0.45006767,0.43817583,0.44014248,0.56962395,0.46108532
0.45656294,0.43530378,0.43468198,0.6046945,0.46118838
0.45087957,0.43373296,0.443009,0.6582825,0.4633209
0.4443843,0.43859893,0.43229538,0.67534447,0.4599868
0.44492558,0.46161827,0.44220012,0.67391825,0.48661774
0.45169148,0.49751186,0.4707646,0.66500044,0.5375137
0.49364007,0.48685145,0.4949931,0.6189065,0.58941144
0.50798374,0.48164362,0.51340127,0.5960002,0.5408429
0.46278754,0.43789342,0.46923226,0.5056256,0.48934358
0.3864682,0.36731118,0.39602083,0.4843045,0.41532987
0.29228687,0.296868,0.31939596,0.4538174,0.3101931
0.21975642,0.2269501,0.2341507,0.43698838,0.24868691
0.16995941,0.17358749,0.18669821,0.4330291,0.22272238
0.14560217,0.16322936,0.1535117,0.4312051,0.19930802
0.12774019,0.14348492,0.14361292,0.42052406,0.18338948
0.12638701,0.1404223,0.12907793,0.40411717,0.22509024
0.1458728,0.1602232,0.14551775,0.3838074,0.25358638
0.21434371,0.22437996,0.2004913,0.37228066,0.2890845
0.33856562,0.3417898,0.32567376,0.3536451,0.42266786
0.40243572,0.41106385,0.42796543,0.35098612,0.48940897
0.42462787,0.41774404,0.41981402,0.34834427,0.46051466
0.44330177,0.41807947,0.4418664,0.3850225,0.47285384
0.4579161,0.41451022,0.45380008,0.42523023,0.46738398
0.4533153,0.40934503,0.4578248,0.48107287,0.47075242
0.4451962,0.42891836,0.43975285,0.5150673,0.4481824
0.44167796,0.41586468,0.4282633,0.5337255,0.46055728
0.4300406,0.4091581,0.42649615,0.5529028,0.44962108
0.41488498,0.4071474,0.4139182,0.56475973,0.46037418
0.41461435,0.42698908,0.4136939,0.5733745,0.47423548
0.42679295,0.46141183,0.44928992,0.57505226,0.514168
0.4660352,0.46048495,0.47496694,0.55933297,0.55469006
0.46711773,0.44087827,0.4861256,0.5518267,0.5183509
0.42625168,0.39484408,0.43110532,0.5078839,0.4693023
0.36292288,0.3411564,0.37035307,0.48259172,0.39423984
0.28714478,0.29501867,0.3060817,0.4721286,0.31461155
0.21055481,0.21958606,0.23796691,0.45799145,0.25359738
0.16373478,0.16617304,0.17381008,0.45394108,0.22171505
0.13450609,0.14550479,0.14953187,0.4526151,0.1763102
0.12016238,0.13365038,0.128845,0.45072576,0.17543711
0.11231394,0.118374385,0.122033104,0.44357637,0.20209171
0.12124492,0.13719521,0.12403849,0.44140884,0.20658581
0.14830853,0.16415755,0.1599893,0.43689525,0.21905538
0.19864681,0.22290581,0.21775971,0.42369264,0.30725074
0.26955345,0.26932603,0.26596513,0.42334872,0.33294222
0.33342355,0.32872492,0.32661575,0.42708895,0.37181836
0.36644113,0.35453662,0.36949912,0.448019,0.40122396
0.37428957,0.35078028,0.38046733,0.46895003,0.41129702
0.36806494,0.33807558,0.37181738,0.49475977,0.41315746
0.3585927,0.33985955,0.35575116,0.5117829,0.40985346
0.34343708,0.319912,0.3433071,0.53174675,0.3882131
0.33396482,0.30091527,0.32579446,0.5464876,0.35988092
0.33044654,0.32460508,0.32606804,0.55890876,0.3916372
0.3428958,0.35049722,0.3404082,0.55864084,0.43122417
0.3759134,0.39532658,0.38186735,0.5637505,0.44976395
0.41975644,0.42355862,0.42287382,0.5479522,0.5043907
0.41407308,0.3959633,0.43383905,0.5379768,0.487042
0.37699595,0.3421928,0.37926966,0.5158464,0.43124348
0.32232746,0.29718345,0.32712075,0.5010091,0.36352095
0.25466847,0.2606607,0.26906222,0.48754656,0.2966184
0.1962111,0.20076409,0.20534386,0.48264626,0.25810033
0.14641407,0.1522385,0.16580394,0.47595283,0.21897441
0.12016238,0.1285183,0.12718175,0.47013104,0.15981476
0.10690122,0.11953929,0.116669595,0.46909007,0.16003704
0.1014885,0.11401084,0.111667335,0.47145608,0.18208078
0.10554804,0.12176768,0.11284976,0.47288057,0.18476252
0.12422192,0.14014025,0.13656782,0.46855944,0.1973683
0.16427605,0.18327811,0.1871488,0.46737042,0.2645587
0.22083898,0.22650409,0.24258462,0.45945093,0.30129594
0.29986468,0.28473294,0.28557855,0.4513817,0.32938498
0.34939107,0.32347098,0.350145,0.45486093,0.37561947
0.36941814,0.33816612,0.37037215,0.46223888,0.4005156
0.37645468,0.33964962,0.37277815,0.46061423,0.39684567
0.38349122,0.35025108,0.36981428,0.46958235,0.37370354
0.3797023,0.33763176,0.37435928,0.4832386,0.36758912
0.3721245,0.3348766,0.36731905,0.48764414,0.3501588
0.37564275,0.34873846,0.36687443,0.49874625,0.35617125
0.4097429,0.40033543,0.3934628,0.49950656,0.4208671
0.4495264,0.47402304,0.4564653,0.492875,0.45005155
0.47983763,0.4763137,0.47961456,0.4879232,0.48511028
0.4533153,0.4418239,0.4758502,0.4891979,0.48436087
0.40162382,0.37133944,0.4072913,0.48214328,0.42645812
0.32584575,0.31035376,0.34474346,0.481996,0.34180963
0.24086604,0.26011717,0.26150903,0.4820625,0.2740408
0.1797023,0.18529823,0.18443955,0.4876471,0.21923463
0.1399188,0.14584075,0.14933135,0.48720014,0.200858
0.12043302,0.13147545,0.12724486,0.48763174,0.16017744
0.113667116,0.11483168,0.12176868,0.49392077,0.16518177
0.11529093,0.12666225,0.12310594,0.4954337,0.19335645
0.14235453,0.15363188,0.13656296,0.5002135,0.21486466
0.22056833,0.21429667,0.20913629,0.5005641,0.27513906
0.35696888,0.3503184,0.3537872,0.5012996,0.41104424
0.44682002,0.42866874,0.4538389,0.5018151,0.4559812
0.4668471,0.45900536,0.4748656,0.49774966,0.43892217
0.4728011,0.45248196,0.47546065,0.5023593,0.46767056
0.48687416,0.44043255,0.47547925,0.5129173,0.46099085
0.49418133,0.437489,0.4839442,0.5379114,0.45424378
0.4909337,0.46989894,0.48292577,0.5456384,0.46274424
0.4939107,0.4541605,0.4730968,0.5620669,0.45151722
0.48822734,0.4501759,0.48371926,0.55183065,0.4459257
0.48606226,0.4559581,0.48066482,0.5737619,0.45031565
0.50392425,0.49879315,0.50239146,0.580063,0.47737688
0.51962113,0.5552133,0.548495,0.581656,0.5289683
0.54533154,0.54410744,0.5484611,0.5357764,0.58487415
0.5120433,0.5074208,0.5386382,0.5131453,0.5302096
0.4495264,0.4191427,0.4602124,0.48925307,0.46697462
0.37266576,0.35504943,0.38711888,0.48000178,0.39983612
0.2933694,0.30050665,0.3129682,0.47518608,0.2980837
0.22056833,0.23245981,0.24726993,0.47324434,0.23252738
0.17077132,0.17524934,0.18992938,0.46252266,0.2028126
0.1428958,0.15540512,0.15707986,0.45765364,0.16958705
0.13423546,0.13299987,0.14089693,0.45559826,0.15365754
0.13071719,0.1376875,0.1438645,0.45180437,0.20825835
0.14939107,0.168015,0.15783203,0.43445492,0.2418227
0.22516915,0.22680047,0.2259255,0.42165488,0.28170463
0.3594046,0.35961038,0.35047275,0.418803,0.400842
0.41515562,0.43840998,0.44069737,0.41323915,0.4792205
0.4224628,0.42244738,0.42786592,0.41418874,0.45754623
0.43410012,0.40606594,0.43293902,0.42176172,0.46557957
0.44113666,0.41449884,0.44143337,0.4417343,0.45933956
0.4376184,0.40346977,0.4371373,0.46293053,0.4699331
0.43112314,0.4195292,0.42319357,0.48238346,0.45567495
0.4308525,0.39961353,0.41416278,0.49846667,0.45510066
0.4181326,0.39707363,0.4176579,0.51621497,0.44992864
0.4075778,0.39656672,0.40265715,0.5370168,0.45667547
0.41163734,0.4258207,0.41586554,0.5433263,0.47655284
0.43301758,0.4644631,0.45060357,0.5514692,0.52193266
0.4930988,0.47330636,0.475572,0.54065466,0.57512784
0.50419486,0.47410938,0.49909487,0.51733136,0.5334899
0.461705,0.42308742,0.46335757,0.4834108,0.47293204
0.38240865,0.36537164,0.4031248,0.46506622,0.39425504
0.2901218,0.29996327,0.31753394,0.4195639,0.31159967
0.21705006,0.22317937,0.23314556,0.4142717,0.24738058
0.17023005,0.16875295,0.18324378,0.39950794,0.2130645
0.14181326,0.16267824,0.15524359,0.3939486,0.1950879
0.1285521,0.1438199,0.13609433,0.3920111,0.18450554
0.1285521,0.1465303,0.13065295,0.39238435,0.22474918
0.1564276,0.16575743,0.14390668,0.38684243,0.22898456
0.2346414,0.24263924,0.21301672,0.38187602,0.28908893
0.37185386,0.37122914,0.35693246,0.38461214,0.40239322
0.42598104,0.4495995,0.4637695,0.3836597,0.4507563
0.43328822,0.43066692,0.4269804,0.38814327,0.4532618
0.43328822,0.41982472,0.44690233,0.4007848,0.4845839
0.43112314,0.40669164,0.44022462,0.41823798,0.47468847
0.4240866,0.3850068,0.4298596,0.44456398,0.4709741
0.4156969,0.4050399,0.4147103,0.4832106,0.47492796
0.41380244,0.3928228,0.402564,0.5085217,0.47201633
0.408931,0.3853222,0.4021112,0.5246211,0.46761405
0.40189445,0.38936526,0.3991562,0.5350547,0.4706024
0.41082543,0.4256658,0.4067477,0.5393733,0.4850521
0.4376184,0.46486965,0.45151615,0.5408708,0.53372353
0.49688768,0.48116574,0.48869377,0.5265571,0.5958701
0.5017591,0.47541153,0.51458156,0.4913842,0.5668642
0.4633288,0.42386824,0.4606612,0.44510648,0.48839784
0.3856563,0.3683736,0.40336573,0.42992607,0.4156556
0.29066306,0.2989924,0.31590927,0.37963408,0.33048946
0.21542625,0.21962091,0.22901997,0.37770474,0.22799225
0.17185386,0.16113369,0.17895764,0.36667454,0.22014514
0.14424899,0.1619198,0.15645745,0.36147386,0.1944665
0.13558863,0.142447,0.13637947,0.35707754,0.19581671
0.1361299,0.14714278,0.14066887,0.3549104,0.20793666
0.15994588,0.16978577,0.15288529,0.3528666,0.23398042
0.24113667,0.23870309,0.21680684,0.34946054,0.29895192
0.3745602,0.36875224,0.37574086,0.34994283,0.44898087
0.43112314,0.44325954,0.46088946,0.3497802,0.48284525
0.43815967,0.42578667,0.43414885,0.3487237,0.4491238
0.44384304,0.42473635,0.44927353,0.36190128,0.4757452
0.44898513,0.41131526,0.45054233,0.39012417,0.47887224
0.44167796,0.40183133,0.44815946,0.41671163,0.46928918
0.4324763,0.41276264,0.43078423,0.46069273,0.46108532
0.4316644,0.40068048,0.41872686,0.50610816,0.46118838
0.4232747,0.3947165,0.42160448,0.52938116,0.4633209
0.41921514,0.40347934,0.4117445,0.54049003,0.4599868
0.42516914,0.4368314,0.42777917,0.54728746,0.48661774
0.45304465,0.47841495,0.46213222,0.54112756,0.5375137
0.5120433,0.4949931,0.50431275,0.52611256,0.58941144
0.5104195,0.49870217,0.52444345,0.49525747,0.5408429
0.4660352,0.42875123,0.46582764,0.45162097,0.48934358
0.39133966,0.37202042,0.4036917,0.43851337,0.41532987
0.29986468,0.3011213,0.32276207,0.42333835,0.3101931
0.22543979,0.23422505,0.23919187,0.41625202,0.24868691
0.17564276,0.17842056,0.18900028,0.4041419,0.22272238
0.1518268,0.16825627,0.15658848,0.39090014,0.19930802
0.1331529,0.15033475,0.14753412,0.38437384,0.18338948
0.132341,0.1467637,0.13033807,0.37859097,0.22509024
0.15669824,0.16595803,0.14917743,0.3760481,0.25358638
0.22516915,0.23425072,0.21456002,0.37447912,0.2890845
0.35128552,0.3558883,0.34525865,0.3699997,0.42266786
0.41380244,0.4207657,0.44384167,0.36903805,0.48940897
0.42895806,0.42542082,0.4246173,0.36806816,0.46051466
0.43707713,0.42063716,0.44322437,0.3751365,0.47285384
0.44303113,0.40976226,0.44486693,0.4005016,0.46738398
0.43951285,0.400321,0.44201836,0.4378547,0.47075242
0.43355885,0.41742784,0.42918718,0.48368838,0.4481824
0.42760488,0.4077987,0.41991407,0.531935,0.46055728
0.4189445,0.39920384,0.41336378,0.5662242,0.44962108
0.4046008,0.40258068,0.4078173,0.59763443,0.46037418
0.40487143,0.42312488,0.4048917,0.6050902,0.47423548
0.42219216,0.45507926,0.44224566,0.57420075,0.514168
0.47307172,0.46023715,0.47175974,0.55337536,0.55469006
0.46874154,0.44828358,0.4902162,0.5021453,0.5183509
0.4284168,0.39083287,0.4288925,0.45312446,0.4693023
0.36481732,0.3436528,0.3738956,0.42368177,0.39423984
0.28985116,0.29497504,0.30615592,0.41479498,0.31461155
0.2135318,0.22267029,0.23904328,0.40565428,0.25359738
0.15778078,0.168673,0.17545068,0.39032248,0.22171505
0.13017592,0.1412874,0.1369818,0.3851999,0.1763102
0.11393775,0.13114871,0.12534238,0.37083626,0.17543711
0.11014885,0.11478972,0.11260334,0.36798155,0.20209171
0.12070365,0.13587022,0.12159227,0.36512208,0.20658581
0.14857917,0.16488619,0.15760952,0.3607023,0.21905538
0.20866035,0.22230025,0.22110443,0.3599796,0.30725074
0.27875507,0.27893016,0.28648287,0.35929164,0.33294222
0.3480379,0.3343069,0.33083814,0.35894835,0.37181836
0.3848444,0.36364773,0.38456303,0.37175566,0.40122396
0.39458728,0.36128816,0.39879262,0.40257713,0.41129702
0.38836265,0.35002962,0.39286804,0.4444207,0.41315746
0.37753722,0.3552404,0.3759769,0.474849,0.40985346
0.3653586,0.33196616,0.36153802,0.50674057,0.3882131
0.35534507,0.31753692,0.349355,0.52750885,0.35988092
0.35534507,0.3403076,0.34580833,0.53900397,0.3916372
0.37672532,0.37112713,0.3662312,0.54234993,0.43122417
0.4143437,0.43119878,0.41807634,0.53723764,0.44976395
0.45764548,0.45785818,0.45799857,0.5370474,0.5043907
0.4405954,0.4262339,0.46571657,0.5120709,0.487042
0.3991881,0.35847878,0.3981715,0.4840099,0.43124348
0.34181327,0.3139029,0.3462793,0.4589341,0.36352095
0.2744249,0.2719468,0.2843484,0.43978772,0.2966184
0.21082544,0.21389289,0.22238,0.42779303,0.25810033
0.15615697,0.16348399,0.17556052,0.4120003,0.21897441
0.12828146,0.13430473,0.13481016,0.41091275,0.15981476
0.11474966,0.12651563,0.12593935,0.39263842,0.16003704
0.10906631,0.122317016,0.12032792,0.38956115,0.18208078
0.11529093,0.12763056,0.1217408,0.37796214,0.18476252
0.13423546,0.14964016,0.15199165,0.37612918,0.1973683
0.17645466,0.19425106,0.20569377,0.3772998,0.2645587
0.23707713,0.23951435,0.26025975,0.37992316,0.30129594
0.31069013,0.30035406,0.30392146,0.3807806,0.32938498
0.35317996,0.3336304,0.35851318,0.40058368,0.37561947
0.36508796,0.34011447,0.3735003,0.43005377,0.4005156
0.3572395,0.3363885,0.36800343,0.45605424,0.39684567
0.3488498,0.33432797,0.3480823,0.4844231,0.37370354
0.3369418,0.3136633,0.33734974,0.5181123,0.36758912
0.32665765,0.30723354,0.3247699,0.5230994,0.3501588
0.3328823,0.3192889,0.32205224,0.535655,0.35617125
0.3610284,0.36911124,0.35294503,0.5417347,0.4208671
0.402977,0.42747992,0.4059177,0.5283943,0.45005155
0.464682,0.4439253,0.4448569,0.52297723,0.48511028
0.4511502,0.4385729,0.47874802,0.5021881,0.48436087
0.40784845,0.37289894,0.40915102,0.46472746,0.42645812
0.3328823,0.3182045,0.35556346,0.45510036,0.34180963
0.2608931,0.26405567,0.26777768,0.4366529,0.2740408
0.1932341,0.20101783,0.20835324,0.41428676,0.21923463
0.14912044,0.15751825,0.1548557,0.41213864,0.200858
0.1255751,0.13653171,0.13128231,0.4065833,0.16017744
0.119079836,0.11692591,0.12375142,0.39333665,0.16518177
0.121515565,0.13045304,0.12680967,0.39119858,0.19335645
0.1450609,0.15631448,0.13920335,0.3844489,0.21486466
0.2037889,0.21634015,0.19701485,0.3814059,0.27513906
0.30338296,0.3309785,0.31557727,0.38331512,0.41104424
0.38294992,0.3762826,0.40540034,0.38413054,0.4559812
0.43410012,0.40784144,0.4201324,0.38717502,0.43892217
0.46116373,0.4306683,0.45640126,0.39256513,0.46767056
0.47090665,0.4337031,0.46827987,0.4181723,0.46099085
0.45953992,0.4228964,0.46663213,0.4374757,0.45424378
0.4465494,0.4300057,0.4440678,0.46010622,0.46274424
0.4368065,0.40906385,0.43048397,0.50239646,0.45151722
0.42598104,0.39351958,0.42539454,0.5138329,0.4459257
0.42083898,0.39754388,0.42122078,0.53104174,0.45031565
0.43410012,0.4340684,0.436664,0.53227687,0.47737688
0.48010826,0.4832945,0.4796528,0.5340134,0.5289683
0.5358593,0.5188814,0.5310099,0.5215368,0.58487415
0.5152909,0.50825053,0.5355841,0.5045706,0.5302096
0.4608931,0.4182387,0.46564767,0.48361447,0.46697462
0.3797023,0.36084926,0.40068412,0.4784504,0.39983612
0.28687415,0.29797694,0.3121109,0.46375546,0.2980837
0.21217862,0.22241771,0.22623445,0.44476494,0.23252738
0.16427605,0.16474354,0.1752992,0.4389222,0.2028126
0.1361299,0.14613019,0.14698984,0.43051946,0.16958705
0.12286874,0.12576932,0.1291455,0.4163012,0.15365754
0.123951286,0.13080308,0.124472424,0.41655892,0.20825835
0.14912044,0.16241285,0.14330646,0.4135297,0.2418227
0.22543979,0.22461331,0.21416436,0.40626463,0.28170463
0.35669824,0.35480016,0.36410707,0.40502053,0.400842
0.42002708,0.429016,0.45685294,0.4036698,0.4792205
0.43545333,0.4300822,0.4349548,0.41886857,0.45754623
0.44221923,0.42069247,0.44882974,0.43057573,0.46557957
0.4519621,0.4184136,0.44803786,0.4552657,0.45933956
0.44384304,0.40956882,0.44910112,0.47769538,0.4699331
0.43572396,0.42143533,0.42944562,0.49602592,0.45567495
0.43707713,0.40399793,0.41998428,0.5187489,0.45510066
0.42598104,0.40175104,0.42678228,0.5433396,0.44992864
0.42002708,0.40397397,0.41242325,0.5455705,0.45667547
0.4284168,0.43893456,0.42938972,0.5526295,0.47655284
0.46414074,0.48179063,0.4686442,0.5488494,0.52193266
0.52476317,0.50237054,0.5161016,0.53403294,0.57512784
0.5069012,0.49895924,0.52992195,0.510792,0.5334899
0.46576455,0.41622895,0.45707357,0.49508587,0.47293204
0.37834913,0.36631152,0.4089949,0.48810044,0.39425504
0.2866035,0.29047376,0.30593953,0.47350636,0.31159967
0.21677943,0.21686095,0.22975789,0.45699137,0.24738058
0.16752368,0.16709338,0.18551502,0.4470801,0.2130645
0.14154263,0.1600295,0.14993541,0.44257012,0.1950879
0.13017592,0.14086683,0.1380349,0.44218457,0.18450554
0.13288227,0.14476572,0.134752,0.4489155,0.22474918
0.15805142,0.16826716,0.15282679,0.45468608,0.22898456
0.23139377,0.2416846,0.2200821,0.45152536,0.28908893
0.36508796,0.36502427,0.35958618,0.45511535,0.40239322
0.42760488,0.44138256,0.45378354,0.45628157,0.4507563
0.43491206,0.43054283,0.43655252,0.45763218,0.4532618
0.43951285,0.4210568,0.4459201,0.4600383,0.4845839
0.4473613,0.41340712,0.44656706,0.4776139,0.47468847
0.44709066,0.40613088,0.44619763,0.4969509,0.4709741
0.43328822,0.42935508,0.43718758,0.5048708,0.47492796
0.43545333,0.40998125,0.4156485,0.5161073,0.47201633
0.4284168,0.4067848,0.42607945,0.53074694,0.46761405
0.42625168,0.40625662,0.4164086,0.5499339,0.4706024
0.43545333,0.4484693,0.43601194,0.548489,0.4850521
0.47117728,0.4894969,0.47423285,0.54378307,0.53372353
0.52665764,0.50736135,0.5220026,0.53174496,0.5958701
0.5133965,0.49992234,0.52873707,0.5183679,0.5668642
0.46197563,0.42993018,0.46442118,0.50225794,0.48839784
0.38240865,0.37064174,0.3975109,0.49194476,0.4156556
0.28687415,0.29934424,0.31360084,0.4745169,0.33048946
0.21434371,0.22051956,0.22696133,0.46486992,0.22799225
0.16481732,0.16458744,0.18013655,0.46109474,0.22014514
0.14262517,0.15706807,0.14741817,0.45066902,0.1944665
0.12584573,0.14329773,0.14070235,0.45995829,0.19581671
0.12746955,0.13960312,0.12506463,0.4660329,0.20793666
0.14939107,0.16361283,0.14776032,0.45936447,0.23398042
0.2240866,0.23095469,0.21002585,0.4603569,0.29895192
0.3610284,0.35447353,0.35683858,0.46518612,0.44898087
0.4284168,0.4347263,0.45299494,0.46530634,0.48284525
0.43897158,0.4285881,0.43732557,0.46187785,0.4491238
0.44303113,0.42715394,0.45009276,0.46422473,0.4757452
0.4519621,0.41308683,0.44968152,0.4796729,0.47887224
0.4571042,0.40634835,0.4512543,0.505285,0.46928918
0.4511502,0.4332685,0.44801813,0.5404184,0.46108532
0.45087957,0.42454648,0.4357676,0.5821698,0.46118838
0.4414073,0.4226112,0.43869346,0.61950445,0.4633209
0.43410012,0.42489895,0.42839408,0.62486756,0.4599868
0.43220568,0.45380622,0.44041088,0.6511501,0.48661774
0.45385656,0.48655736,0.46561623,0.62224257,0.5375137
0.5152909,0.49267945,0.50467944,0.579872,0.58941144
0.5074425,0.50073713,0.5240756,0.50906754,0.5408429
0.4592693,0.4242342,0.4587636,0.46073183,0.48934358
0.3813261,0.3656472,0.3981068,0.4426168,0.41532987
0.2917456,0.29489842,0.31445396,0.41921338,0.3101931
0.21975642,0.2289839,0.23524106,0.41751292,0.24868691
0.17158322,0.17467724,0.18654579,0.41751426,0.22272238
0.14262517,0.1642264,0.1553077,0.41497794,0.19930802
0.13017592,0.14403129,0.13624646,0.42229536,0.18338948
0.13179973,0.1417535,0.13381849,0.4235601,0.22509024
0.1556157,0.16612813,0.15138716,0.42298406,0.25358638
0.22571042,0.23214906,0.2132658,0.4319958,0.2890845
0.35209742,0.35560298,0.3441125,0.44297078,0.42266786
0.41759133,0.42333925,0.43781853,0.43722242,0.48940897
0.4343708,0.42777082,0.43057147,0.43193144,0.46051466
0.44411367,0.42308575,0.44663143,0.43287638,0.47285384
0.45385656,0.4137451,0.45133126,0.44506347,0.46738398
0.45087957,0.40771732,0.4522302,0.47644866,0.47075242
0.43788904,0.42921543,0.4379232,0.50628877,0.4481824
0.4343708,0.41155893,0.41911894,0.5421834,0.46055728
0.42300406,0.4050476,0.42095768,0.55069506,0.44962108
0.40649527,0.40248084,0.40865842,0.5554632,0.46037418
0.40433016,0.41958308,0.4069271,0.56296754,0.47423548
0.42110962,0.45156115,0.44331256,0.56259423,0.514168
0.47171855,0.45845103,0.4732659,0.5562111,0.55469006
0.45223275,0.4478059,0.48656625,0.52365506,0.5183509
0.41515562,0.37534124,0.40775293,0.48615488,0.4693023
0.3564276,0.33549374,0.36641327,0.46070263,0.39423984
0.2841678,0.29315412,0.30275628,0.43508232,0.31461155
0.21028417,0.21984354,0.2365562,0.43080893,0.25359738
0.15832205,0.16893259,0.17543457,0.41929042,0.22171505
0.13071719,0.14202245,0.14060001,0.42259058,0.1763102
0.1188092,0.1318408,0.12730898,0.41350213,0.17543711
0.111231394,0.119511984,0.1222665,0.4060725,0.20209171
0.12286874,0.13624394,0.12034437,0.38166982,0.20658581
0.15507442,0.16641411,0.16212384,0.38453946,0.21905538
0.21299052,0.22863576,0.22584799,0.3888726,0.30725074
0.27767253,0.2830909,0.28089118,0.38358903,0.33294222
0.3420839,0.3345945,0.3266543,0.38530484,0.37181836
0.36292288,0.35896182,0.3763336,0.38953477,0.40122396
0.36725304,0.3439316,0.37293297,0.4265678,0.41129702
0.3564276,0.32948673,0.36457837,0.4696333,0.41315746
0.34316644,0.32779396,0.34359944,0.5008324,0.40985346
0.32909337,0.30616865,0.3280166,0.52904767,0.3882131
0.31853858,0.28843462,0.31377918,0.54558986,0.35988092
0.3150203,0.31436372,0.31084707,0.5446781,0.3916372
0.33802435,0.337376,0.3270567,0.5376967,0.43122417
0.38376185,0.39233306,0.38498724,0.52756476,0.44976395
0.42814615,0.43562946,0.4309047,0.51721996,0.5043907
0.4051421,0.40296388,0.43486074,0.5018711,0.487042
0.36725304,0.32775396,0.3646323,0.4842767,0.43124348
0.31366712,0.28968257,0.321537,0.4765099,0.36352095
0.2533153,0.25363082,0.2609875,0.46706328,0.2966184
0.19512855,0.20027588,0.2073909,0.44999024,0.25810033
0.14830853,0.15296668,0.16386329,0.43402746,0.21897441
0.116102844,0.13070008,0.13051349,0.43862873,0.15981476
0.09932341,0.11864457,0.109718114,0.42726815,0.16003704
0.09418133,0.109146304,0.10221146,0.4202202,0.18208078
0.09932341,0.12011164,0.10672811,0.3945411,0.18476252
0.11962111,0.13631752,0.13073742,0.38740095,0.1973683
0.16292287,0.1808378,0.18539816,0.3806948,0.2645587
0.21813262,0.22653383,0.24463281,0.38288066,0.30129594
0.28822732,0.27977827,0.28136885,0.37980026,0.32938498
0.3285521,0.3120132,0.3365793,0.3849343,0.37561947
0.3437077,0.3201934,0.35027817,0.42450923,0.4005156
0.34614342,0.3196979,0.34924048,0.46371698,0.39684567
0.34560215,0.32608715,0.3418442,0.48854253,0.37370354
0.3345061,0.31161484,0.33743298,0.5077218,0.36758912
0.3217862,0.3039075,0.32303795,0.52273595,0.3501588
0.32395127,0.31272066,0.3184454,0.5208776,0.35617125
0.34695536,0.35686356,0.346427,0.5354357,0.4208671
0.40135318,0.40784508,0.39230737,0.52765965,0.45005155
0.47090665,0.442006,0.44619617,0.51498306,0.48511028
0.45087957,0.4416794,0.47800833,0.49270344,0.48436087
0.3983762,0.3675513,0.40218258,0.4811367,0.42645812
0.31853858,0.30831563,0.3438335,0.47193414,0.34180963
0.24221921,0.2532809,0.25324535,0.45784035,0.2740408
0.18078485,0.1869157,0.18905853,0.4286573,0.21923463
0.141272,0.14632286,0.1467062,0.41925612,0.200858
0.12070365,0.13197163,0.12478472,0.40465796,0.16017744
0.11447903,0.11472564,0.11994657,0.39370042,0.16518177
0.1188092,0.12853841,0.12407498,0.3888089,0.19335645
0.1526387,0.1549556,0.14002448,0.39247155,0.21486466
0.23220569,0.223287,0.21749024,0.3888697,0.27513906
0.37239513,0.36082244,0.36455324,0.38823193,0.41104424
0.4376184,0.4399422,0.47664714,0.39010006,0.4559812
0.44005412,0.4452982,0.4504359,0.39414462,0.43892217
0.43870094,0.4237722,0.45162815,0.39652103,0.46767056
0.44898513,0.4094974,0.4452812,0.41397887,0.46099085
0.44086602,0.4053661,0.4503873,0.452564,0.45424378
0.43112314,0.4148541,0.4297473,0.48940012,0.46274424
0.4270636,0.39710772,0.41690177,0.51472104,0.45151722
0.41326118,0.38678944,0.41848367,0.532763,0.4459257
0.40730718,0.38705042,0.4064347,0.5381479,0.45031565
0.4143437,0.42383766,0.4278802,0.54348147,0.47737688
0.46062246,0.4647143,0.46266663,0.53212595,0.5289683
0.53152907,0.5087799,0.5189071,0.5063168,0.58487415
0.5112314,0.5088525,0.5341527,0.47468546,0.5302096
0.455751,0.41252762,0.45928752,0.46386537,0.46697462
0.37943166,0.35424984,0.3966671,0.44962934,0.39983612
0.28714478,0.29664907,0.31627083,0.43186146,0.2980837
0.21163735,0.22254136,0.22813916,0.41334334,0.23252738
0.16617051,0.16535446,0.17522006,0.40483373,0.2028126
0.14154263,0.14791358,0.1499779,0.37186188,0.16958705
0.13125846,0.12869541,0.13532835,0.35663712,0.15365754
0.13017592,0.13452695,0.13415891,0.33594707,0.20825835
0.15345061,0.16601573,0.1486446,0.3436188,0.2418227
0.23193505,0.22794884,0.21985374,0.34009978,0.28170463
0.3713126,0.3618765,0.37671912,0.34297156,0.400842
0.4300406,0.44353193,0.46201044,0.3447882,0.4792205
0.43788904,0.42706144,0.43478477,0.35334557,0.45754623
0.44330177,0.41632053,0.44920638,0.36032557,0.46557957
0.4541272,0.4189896,0.45015746,0.4038489,0.45933956
0.4592693,0.41300616,0.45256355,0.4487212,0.4699331
0.4549391,0.4371286,0.44964343,0.48509827,0.45567495
0.45439783,0.4200223,0.4392252,0.5042139,0.45510066
0.4414073,0.41490212,0.44179678,0.49997634,0.44992864
0.43734777,0.4150837,0.42766184,0.50846076,0.45667547
0.45250338,0.45413858,0.44984466,0.51472735,0.47655284
0.49526387,0.5032469,0.4971015,0.52071106,0.52193266
0.5428958,0.5281353,0.54468757,0.51749516,0.57512784
0.51907986,0.5121224,0.5354217,0.49592367,0.5334899
0.46576455,0.42433637,0.46451616,0.47827584,0.47293204
0.38782138,0.3656232,0.40276432,0.45961767,0.39425504
0.29364005,0.30158967,0.31900406,0.44529724,0.31159967
0.21840325,0.22364983,0.23324053,0.43157503,0.24738058
0.17320703,0.16976354,0.18383574,0.4290399,0.2130645
0.14993234,0.16681723,0.15924017,0.39709574,0.1950879
0.141272,0.15163906,0.14695545,0.3964952,0.18450554
0.14018944,0.15672028,0.14722882,0.39287183,0.22474918
0.16644114,0.17259055,0.16037603,0.39267927,0.22898456
0.25223276,0.24802975,0.23750474,0.39467973,0.28908893
0.40433016,0.38801998,0.39138314,0.39106798,0.40239322
0.46522328,0.4797702,0.4858828,0.39205816,0.4507563
0.46278754,0.45857185,0.4657523,0.38984984,0.4532618
0.45277402,0.44372985,0.46888205,0.3939631,0.4845839
0.45277402,0.42183775,0.4562383,0.41400233,0.47468847
0.44763193,0.40877143,0.45076957,0.43838078,0.4709741
0.43355885,0.43001398,0.43701738,0.46517152,0.47492796
0.42679295,0.40922165,0.41638905,0.48091587,0.47201633
0.4165088,0.39856026,0.4133905,0.4800173,0.46761405
0.41542625,0.3971284,0.4055586,0.48575357,0.4706024
0.43410012,0.44129714,0.4277747,0.49420843,0.4850521
0.49147496,0.49274412,0.4791832,0.49109697,0.53372353
0.5426252,0.53079456,0.5452506,0.4863692,0.5958701
0.52124494,0.51245487,0.5362331,0.4726349,0.5668642
0.46738836,0.43756095,0.47162336,0.45424876,0.48839784
0.39377537,0.37507638,0.40393642,0.44100648,0.4156556
0.30933693,0.3105741,0.32629508,0.43198538,0.33048946
0.23572396,0.23738867,0.25232825,0.42246574,0.22799225
0.1805142,0.18228951,0.19874237,0.42213675,0.22014514
0.15209743,0.17008966,0.1587103,0.4181619,0.1944665
0.14100136,0.15066108,0.14630467,0.41194457,0.19581671
0.14046007,0.15446049,0.14412124,0.40500832,0.20793666
0.16860622,0.17569268,0.1562418,0.4006941,0.23398042
0.25087956,0.24670869,0.23424716,0.4017753,0.29895192
0.39594045,0.379935,0.39369214,0.3915487,0.44898087
0.45439783,0.46600938,0.48598933,0.3881386,0.48284525
0.45520973,0.4471721,0.44943598,0.38359627,0.4491238
0.45250338,0.44029194,0.46279463,0.38403732,0.4757452
0.45439783,0.4206322,0.45746082,0.41198528,0.47887224
0.4533153,0.40998882,0.45334214,0.4283262,0.46928918
0.4435724,0.430293,0.44479287,0.4480928,0.46108532
0.43870094,0.4142289,0.4294968,0.46537593,0.46118838
0.42814615,0.40437633,0.4272397,0.46870127,0.4633209
0.42625168,0.40996534,0.4177601,0.48143843,0.4599868
0.4451962,0.44581816,0.43749535,0.48396146,0.48661774
0.5014885,0.50182796,0.4885861,0.47866422,0.5375137
0.55399185,0.53726995,0.5517865,0.4741085,0.58941144
0.5342355,0.52785647,0.5460871,0.4655419,0.5408429
0.4871448,0.44726133,0.483728,0.44987276,0.48934358
0.41407308,0.3925156,0.4256311,0.43947065,0.41532987
0.3269283,0.32256472,0.34401023,0.4355399,0.3101931
0.2503383,0.25867286,0.26457775,0.43079296,0.24868691
0.19512855,0.20041099,0.20865887,0.4277828,0.22272238
0.16725305,0.17984135,0.17243825,0.42985335,0.19930802
0.15805142,0.16320601,0.16225116,0.4253382,0.18338948
0.15696888,0.16708374,0.16345137,0.4229198,0.22509024
0.18484439,0.19054654,0.1734614,0.4143774,0.25358638
0.26062247,0.2594101,0.25048366,0.40623623,0.2890845
0.402977,0.39715976,0.3955418,0.39597926,0.42266786
0.45385656,0.47293112,0.49500293,0.39396915,0.48940897
0.4600812,0.45655355,0.44838572,0.39355713,0.46051466
0.455751,0.44773865,0.472107,0.39790875,0.47285384
0.46116373,0.42645437,0.46154857,0.41836426,0.46738398
0.4571042,0.41901833,0.46242487,0.432782,0.47075242
0.44303113,0.4392759,0.4482606,0.43830538,0.4481824
0.4324763,0.41942573,0.42763534,0.4536886,0.46055728
0.41407308,0.40581495,0.41877955,0.45195466,0.44962108
0.40216509,0.3983496,0.39961568,0.46239144,0.46037418
0.4135318,0.42259967,0.40777636,0.4668576,0.47423548
0.45466846,0.4705321,0.45583066,0.46341977,0.514168
0.51096076,0.49425632,0.50761855,0.46123597,0.55469006
0.49066305,0.4811595,0.51944286,0.44737554,0.5183509
0.45602164,0.41117644,0.4478195,0.43878475,0.4693023
0.39891747,0.37547693,0.40636253,0.4304831,0.39423984
0.32665765,0.32784575,0.3391376,0.42766097,0.31461155
0.2525034,0.25553027,0.2714408,0.42547995,0.25359738
0.20324764,0.20203307,0.2109565,0.42006785,0.22171505
0.17456022,0.18151172,0.1831723,0.41405964,0.1763102
0.16129905,0.17343849,0.16738972,0.4110199,0.17543711
0.16048715,0.16433154,0.16182423,0.41093194,0.20209171
0.17023005,0.17556703,0.17397316,0.40583444,0.20658581
0.20243572,0.21340835,0.20534259,0.40421763,0.21905538
0.264682,0.274782,0.27939907,0.39764994,0.30725074
0.33504736,0.33473462,0.33518124,0.40092677,0.33294222
0.39594045,0.38849744,0.37688267,0.40098614,0.37181836
0.42002708,0.40950823,0.42442477,0.41107273,0.40122396
0.4232747,0.3906398,0.4290774,0.43243745,0.41129702
0.4121786,0.3803356,0.41959545,0.44446442,0.41315746
0.397023,0.38410455,0.3987432,0.45687237,0.40985346
0.38105547,0.3530864,0.38068148,0.47251475,0.3882131
0.3737483,0.3393707,0.3645765,0.47286212,0.35988092
0.3753721,0.36370137,0.3673947,0.47321358,0.3916372
0.39783493,0.39900172,0.3866702,0.47852886,0.43122417
0.44384304,0.46323064,0.43915904,0.4777949,0.44976395
0.4768606,0.4911976,0.4865005,0.4676576,0.5043907
0.45060894,0.4455077,0.47278947,0.45577347,0.487042
0.402977,0.37008923,0.40786192,0.4461244,0.43124348
0.34506088,0.3248828,0.34902734,0.43137944,0.36352095
0.2857916,0.28122303,0.2863961,0.41502118,0.2966184
0.22841679,0.22952959,0.23677912,0.40659186,0.25810033
0.17943166,0.19099402,0.19293427,0.39254314,0.21897441
0.14749661,0.15804088,0.15643032,0.38002953,0.15981476
0.13125846,0.14257509,0.13870148,0.37022567,0.16003704
0.13071719,0.13988908,0.13313775,0.36599177,0.18208078
0.1315291,0.14440235,0.14619139,0.36329445,0.18476252
0.15426251,0.16615032,0.16055219,0.37364846,0.1973683
0.20135318,0.21395582,0.22299896,0.37784618,0.2645587
0.26332882,0.26452723,0.27604854,0.3825165,0.30129594
0.32584575,0.324669,0.3214478,0.38428217,0.32938498
0.3623816,0.34603542,0.36419177,0.39049286,0.37561947
0.37780786,0.34913588,0.37809986,0.41652507,0.4005156
0.37699595,0.3521191,0.37903628,0.44128108,0.39684567
0.36806494,0.3555087,0.36760986,0.458962,0.37370354
0.35751015,0.33171892,0.35426006,0.4787393,0.36758912
0.35399187,0.32458055,0.34571397,0.4819771,0.3501588
0.3572395,0.34307635,0.35297516,0.4895666,0.35617125
0.39729363,0.39258686,0.3726477,0.4768903,0.4208671
0.45899865,0.4709881,0.44708553,0.47554347,0.45005155
0.5074425,0.49401993,0.49096733,0.4658032,0.48511028
0.48146144,0.47132617,0.49708402,0.4473921,0.48436087
0.42976996,0.39725196,0.42894447,0.43659955,0.42645812
0.35236806,0.33639503,0.37010315,0.41980755,0.34180963
0.28173208,0.2819622,0.28366008,0.4107992,0.2740408
0.22002706,0.21962532,0.2275644,0.40818524,0.21923463
0.17645466,0.18594083,0.1813489,0.40296143,0.200858
0.15345061,0.16080338,0.15584718,0.40021998,0.16017744
0.1480379,0.14311829,0.1511601,0.40158677,0.16518177
0.15372124,0.15099737,0.1581162,0.40041023,0.19335645
0.1805142,0.17747784,0.1755582,0.4030799,0.21486466
0.26414073,0.24599363,0.24023071,0.4034279,0.27513906
0.41082543,0.39141807,0.39790916,0.40649527,0.41104424
0.47767252,0.4790038,0.50972015,0.40742546,0.4559812
0.47929636,0.48055202,0.4820004,0.40933308,0.43892217
0.47794315,0.45950618,0.48625615,0.41215655,0.46767056
0.4820027,0.44531173,0.4813888,0.4311349,0.46099085
0.47794315,0.4356524,0.48030055,0.4467864,0.45424378
0.46792963,0.4542337,0.4676526,0.46599993,0.46274424
0.46197563,0.4332681,0.4539289,0.48232776,0.45151722
0.44844383,0.42205724,0.4528121,0.4919674,0.4459257
0.4392422,0.42431644,0.44061375,0.4987372,0.45031565
0.4562923,0.45582458,0.4538061,0.48085454,0.47737688
0.5090663,0.5138412,0.50642705,0.46821904,0.5289683
0.57591337,0.5486865,0.5545306,0.46353564,0.58487415
0.54993236,0.54605895,0.57017595,0.43983492,0.5302096
0.49986467,0.45336905,0.49510074,0.43190563,0.46697462
0.4248985,0.4039943,0.44002885,0.42204425,0.39983612
0.33937752,0.34038937,0.35694182,0.4124396,0.2980837
0.26792964,0.26849702,0.27794945,0.4019152,0.23252738
0.22165088,0.21189752,0.22791347,0.38946384,0.2028126
0.19756427,0.19995168,0.20138638,0.38316786,0.16958705
0.19079837,0.18663698,0.19189182,0.3809719,0.15365754
0.19458728,0.19072069,0.19787782,0.37571,0.20825835
0.22354533,0.21654949,0.21749768,0.3813399,0.2418227
0.30554804,0.2939047,0.29420602,0.38021684,0.28170463
0.4533153,0.43435216,0.44377178,0.38272324,0.400842
0.5166441,0.52598757,0.528616,0.3863748,0.4792205
0.5082544,0.5095007,0.5111096,0.3933638,0.45754623
0.49742895,0.48897457,0.50767535,0.40209514,0.46557957
0.48985115,0.47197938,0.49675325,0.43592545,0.45933956
0.48389715,0.44665256,0.48361543,0.45257583,0.4699331
0.46522328,0.46606004,0.47298157,0.4643097,0.45567495
0.44898513,0.43378276,0.44668067,0.47093222,0.45510066
0.4338295,0.4169627,0.43248835,0.47986504,0.44992864
0.42516914,0.41912967,0.42234328,0.48339126,0.45667547
0.44411367,0.45316917,0.43280488,0.48526302,0.47655284
0.5082544,0.5099658,0.49347866,0.47574678,0.52193266
0.57916105,0.5536115,0.56505585,0.47249636,0.57512784
0.5618403,0.5565967,0.5721915,0.4558307,0.5334899
0.5166441,0.47061777,0.50983644,0.44632503,0.47293204
0.44167796,0.42655644,0.4553758,0.43565774,0.39425504
0.347226,0.35152557,0.36729485,0.42852217,0.31159967
0.27361298,0.2716203,0.27848488,0.4193828,0.24738058
0.2300406,0.2190797,0.23227562,0.41226047,0.2130645
0.202977,0.2083135,0.20983952,0.4060605,0.1950879
0.19188093,0.1949394,0.19151916,0.40411595,0.18450554
0.191069,0.19820601,0.1926646,0.39478254,0.22474918
0.21542625,0.22142726,0.20535064,0.39613903,0.22898456
0.29418132,0.2845227,0.2708365,0.39365184,0.28908893
0.44032475,0.4238531,0.42746353,0.38151333,0.40239322
0.5090663,0.5117277,0.53650975,0.37930742,0.4507563
0.5044655,0.49560335,0.49582893,0.38504305,0.4532618
0.50284165,0.48142233,0.50442004,0.3905511,0.4845839
0.5031123,0.4700579,0.5031003,0.4166969,0.47468847
0.48903924,0.46129534,0.4988917,0.4327935,0.4709741
0.46792963,0.47329736,0.4742098,0.44714418,0.47492796
0.45304465,0.44316632,0.45016825,0.4595016,0.47201633
0.43274695,0.4266554,0.43948257,0.47125456,0.46761405
0.42625168,0.4175685,0.41893753,0.47691888,0.4706024
0.4368065,0.45850986,0.4364696,0.48835084,0.4850521
0.49526387,0.5038882,0.47629791,0.4893101,0.53372353
0.5599459,0.5444811,0.55536854,0.4706609,0.5958701
0.54479027,0.54182315,0.5554054,0.4532852,0.5668642
0.49824086,0.4653255,0.4959428,0.438406,0.48839784
0.42733425,0.41339895,0.43796486,0.4154485,0.4156556
0.3466847,0.34119058,0.3561253,0.40469918,0.33048946
0.27767253,0.27035183,0.28608233,0.3972485,0.22799225
0.22381596,0.22365144,0.23751388,0.39477247,0.22014514
0.1924222,0.20601553,0.1963935,0.38891858,0.1944665
0.18294993,0.1854536,0.18042774,0.39005095,0.19581671
0.18376184,0.18881911,0.18530096,0.39207298,0.20793666
0.21055481,0.21750188,0.1953883,0.38881463,0.23398042
0.28849798,0.2852289,0.261988,0.39005122,0.29895192
0.42895806,0.40911442,0.410027,0.39281395,0.44898087
0.49742895,0.49710014,0.5263189,0.3938082,0.48284525
0.49445197,0.49181363,0.4864042,0.40469596,0.4491238
0.4930988,0.4747725,0.49498713,0.40831986,0.4757452
0.5020298,0.46157247,0.49304083,0.4233666,0.47887224
0.5023004,0.452039,0.4981541,0.43012452,0.46928918
0.4955345,0.48213542,0.48987707,0.4422259,0.46108532
0.49445197,0.46291214,0.47943372,0.4499801,0.46118838
0.48606226,0.45561984,0.48237225,0.46799704,0.4633209
0.48443842,0.45922744,0.47389656,0.4735737,0.4599868
0.50121784,0.4992479,0.4915594,0.48352394,0.48661774
0.52638704,0.55588037,0.53781533,0.49003845,0.5375137
0.5223275,0.5556738,0.5596485,0.4990229,0.58941144
0.4985115,0.49593437,0.5060521,0.49197298,0.5408429
0.4684709,0.4209934,0.4560395,0.47268265,0.48934358
0.397023,0.38477552,0.41685596,0.44612414,0.41532987
0.30500677,0.31301728,0.32881764,0.42166042,0.3101931
0.23355886,0.24573007,0.24406509,0.41056392,0.24868691
0.18809202,0.19312832,0.19829597,0.39173993,0.22272238
0.16454668,0.17459121,0.17193258,0.37617466,0.24438277
0.15101488,0.16921435,0.16136031,0.36111388,0.23493144
0.14560217,0.16506375,0.15399013,0.35900655,0.28920355
0.16617051,0.1673772,0.162576,0.35064894,0.31160027
0.23274696,0.24717247,0.22465344,0.34428716,0.3349532
0.36048713,0.34166306,0.33342755,0.35036296,0.4998886
0.44032475,0.43885833,0.438583,0.34724596,0.5448986
0.4533153,0.45778057,0.45600772,0.37280083,0.5176755
0.46820027,0.44963068,0.4566495,0.39147854,0.53149146
0.48173207,0.46340528,0.4717149,0.44084352,0.4986689
0.48010826,0.46568155,0.47612932,0.46520987,0.49131608
0.46576455,0.4756468,0.46337086,0.48555335,0.47447956
0.45466846,0.45465702,0.4434445,0.47879586,0.48371172
0.43815967,0.4508164,0.4367783,0.48718044,0.46811324
0.41867387,0.43858555,0.42260954,0.512099,0.49337608
0.4156969,0.45735067,0.4190739,0.5337961,0.5183403
0.4511502,0.47722134,0.44981954,0.53860885,0.5906344
0.4939107,0.47784933,0.4925103,0.5209193,0.6176529
0.45737484,0.49186623,0.49311656,0.498511,0.5599863
0.41515562,0.42349327,0.41017023,0.48584798,0.51648736
0.3572395,0.3644419,0.3641947,0.48522887,0.4458648
0.2901218,0.30002305,0.30294064,0.47207817,0.35837114
0.22056833,0.23370808,0.2453486,0.47639176,0.28441662
0.17212449,0.19255167,0.18740202,0.4619085,0.25829047
0.14370771,0.15555331,0.15580219,0.44251785,0.20761982
0.12719892,0.14195794,0.13927431,0.4221822,0.22090772
0.116102844,0.13101976,0.12786983,0.41069722,0.26694667
0.12963465,0.13643545,0.12508173,0.40308952,0.2764651
0.16211095,0.16995698,0.1710588,0.40235117,0.27485174
0.22002706,0.2206057,0.22864571,0.40007564,0.37053862
0.28037888,0.28791767,0.28539765,0.39315182,0.40006697
0.33829498,0.34882578,0.32484993,0.3870731,0.41331154
0.36346415,0.35674274,0.37063158,0.41627303,0.4514433
0.37483084,0.36263406,0.3738763,0.44612187,0.4696896
0.36752367,0.35785958,0.37208652,0.4699778,0.43872744
0.3556157,0.3573202,0.35282105,0.4908673,0.42736757
0.3396482,0.33683527,0.33837312,0.4891893,0.41371447
0.32530448,0.3305726,0.32217133,0.49388573,0.4090398
0.32476318,0.33450693,0.31613666,0.5069604,0.43205702
0.3466847,0.37479395,0.3407157,0.50490534,0.48662764
0.408931,0.40323547,0.39192867,0.50242996,0.533731
0.45087957,0.43796957,0.45732355,0.48718163,0.5440254
0.41921514,0.44997317,0.44320083,0.4704304,0.5379726
0.37834913,0.37580502,0.3731444,0.46017647,0.49543786
0.3269283,0.3253817,0.3317812,0.45104077,0.41805118
0.2663058,0.2753771,0.27426076,0.44204932,0.3522786
0.20541272,0.20809819,0.2187461,0.44137082,0.29715472
0.16021651,0.16928084,0.1711599,0.4289884,0.27876455
0.13017592,0.13730024,0.14232224,0.40519017,0.20961866
0.12097429,0.12366876,0.124192744,0.39681375,0.20083204
0.123139374,0.12534946,0.12898484,0.39249292,0.24137
0.1361299,0.13400248,0.14226851,0.38997746,0.24316584
0.16021651,0.16533692,0.17648916,0.38904127,0.25753728
0.20270637,0.2077671,0.23119502,0.38692635,0.3395145
0.30040595,0.26641196,0.27567673,0.38467914,0.38010916
0.34451962,0.3677483,0.37095812,0.3795482,0.40470898
0.37158322,0.3628571,0.371588,0.39687136,0.43018204
0.38376185,0.37065107,0.3865599,0.40864626,0.45279318
0.38863328,0.37370068,0.38663322,0.4204008,0.42727762
0.37618405,0.38432258,0.38246018,0.43656343,0.4107502
0.35399187,0.35617,0.36081293,0.44138274,0.41788527
0.35507444,0.3460695,0.3376493,0.45381898,0.39963174
0.38376185,0.35805762,0.3620335,0.45674196,0.42279553
0.44492558,0.4517368,0.416914,0.45389912,0.48890126
0.5326116,0.5295206,0.49903458,0.45157838,0.55175084
0.54397833,0.5504534,0.5640303,0.44383883,0.54010695
0.49012178,0.5231154,0.50612533,0.44062212,0.54448664
0.43951285,0.43586543,0.43398818,0.43876114,0.499376
0.36941814,0.37052962,0.38146883,0.43451777,0.41589135
0.2893099,0.304676,0.29986283,0.4315415,0.3386617
0.26711774,0.22698602,0.22858514,0.42843443,0.25404662
0.197023,0.22873072,0.25283232,0.4219702,0.24905396
0.18484439,0.18430704,0.15655658,0.41715297,0.22038643
0.18159676,0.17811584,0.19603717,0.41246426,0.20956327
0.1894452,0.19588971,0.19776174,0.41412732,0.25528076
0.22381596,0.21965174,0.21526018,0.41479582,0.26839384
0.32070366,0.3115835,0.30653235,0.4166334,0.3262933
0.44979703,0.44049466,0.4615328,0.4158523,0.49467242
0.4985115,0.5157962,0.51280034,0.41672617,0.52213156
0.49147496,0.51848966,0.5022849,0.4192983,0.5105163
0.485521,0.4851809,0.49652794,0.43594915,0.52544844
0.48227334,0.47801295,0.48879957,0.44530955,0.4954179
0.47334236,0.4675256,0.48003468,0.45260927,0.4902081
0.455751,0.47627467,0.46321306,0.46261138,0.47943985
0.44898513,0.4488885,0.4411721,0.466181,0.47545654
0.4414073,0.44881952,0.44502872,0.4743407,0.4782251
0.45304465,0.45485875,0.44168013,0.47379896,0.50117314
0.52313936,0.51215404,0.48122197,0.47086048,0.5375106
0.61677945,0.6117743,0.5900246,0.4652117,0.6138882
0.6124492,0.6458704,0.6310128,0.44924635,0.6425316
0.5718539,0.5832867,0.5679766,0.44078627,0.5844434
0.51447904,0.51920664,0.5222514,0.43377575,0.51340485
0.43220568,0.4510379,0.44362104,0.42997435,0.47098494
0.34560215,0.36537713,0.35444516,0.42383793,0.36132884
0.28037888,0.28757653,0.28529394,0.421327,0.2677883
0.23815967,0.24935354,0.23786525,0.41204414,0.2501369
0.21867388,0.21856068,0.21778823,0.40808398,0.23996061
0.21001354,0.2159101,0.21862267,0.4067098,0.22546762
0.21623816,0.22537813,0.2159306,0.4086981,0.2799585
0.24979702,0.2436296,0.25203288,0.4023847,0.30374208
0.33558863,0.33945194,0.34333906,0.4013869,0.34031326
0.46197563,0.45880312,0.48113704,0.4004243,0.49711704
0.5017591,0.52669924,0.50699526,0.3952965,0.5458464
0.4930988,0.5049205,0.5029638,0.39877683,0.5135029
0.47821382,0.49026144,0.4972623,0.42556828,0.5222127
0.4700947,0.47492272,0.47984314,0.4464417,0.4981469
0.46035182,0.45857298,0.46770117,0.4635093,0.50111896
0.43978348,0.4681371,0.45225412,0.47750118,0.47808808
0.43545333,0.43728736,0.42508763,0.48052648,0.4773739
0.42679295,0.44438,0.4300999,0.4807765,0.48313063
0.43707713,0.44323128,0.4201084,0.4736581,0.4986205
0.49878213,0.50488585,0.46066684,0.46501452,0.5265583
0.585115,0.59456563,0.55966604,0.45263633,0.6086106
0.58294994,0.6152861,0.602445,0.41861928,0.6382318
0.5477673,0.5604971,0.5440226,0.40247697,0.57578325
0.49120432,0.50057894,0.49685323,0.3883219,0.53170544
0.40730718,0.4207529,0.41680884,0.3727298,0.4642257
0.3179973,0.33075714,0.3282708,0.36518604,0.36902767
0.24925575,0.24976784,0.25545493,0.36502305,0.27591947
0.20811908,0.21359162,0.20953308,0.35966706,0.26476425
0.1843031,0.19278124,0.18859203,0.35494226,0.24462712
0.17077132,0.18322486,0.1750612,0.36090192,0.2308773
0.17456022,0.18550012,0.1701196,0.36877358,0.30067658
0.20974289,0.2003084,0.1983309,0.37000057,0.29176202
0.2993234,0.2900198,0.2864931,0.37512055,0.34716132
0.43031123,0.42101556,0.44556653,0.38025534,0.46936268
0.47036535,0.49347615,0.48918393,0.3787663,0.5214952
0.46522328,0.47056934,0.4661361,0.38771906,0.529243
0.46062246,0.4659809,0.4712866,0.41011506,0.5425793
0.45602164,0.45752716,0.46478012,0.43371284,0.50350493
0.45060894,0.45427102,0.45435,0.4659835,0.5162766
0.4376184,0.45953247,0.4430558,0.49612167,0.48933375
0.43058187,0.44056982,0.42560267,0.50107527,0.49980944
0.41867387,0.43907264,0.4216139,0.5160705,0.4834044
0.42733425,0.42939878,0.41122016,0.5125617,0.5231706
0.49066305,0.49052608,0.45096856,0.5026113,0.52388626
0.5599459,0.57995105,0.55200225,0.4817935,0.6154805
0.54857916,0.59006774,0.57092947,0.45478413,0.65560114
0.51772666,0.52175736,0.5130363,0.44343308,0.6282814
0.46657646,0.4764481,0.46996707,0.44094244,0.5421534
0.3872801,0.40171593,0.39669698,0.42443624,0.47876048
0.29282814,0.31509298,0.3127775,0.42154676,0.38753378
0.22083898,0.23000136,0.22977276,0.41960174,0.28282577
0.1759134,0.1877157,0.18332799,0.4174725,0.2723563
0.15778078,0.16330078,0.15790193,0.4131127,0.23786423
0.14560217,0.16344766,0.15482602,0.41717947,0.22593042
0.14857917,0.15657352,0.14629157,0.41753742,0.27572453
0.17374831,0.17354715,0.17241737,0.41081706,0.27444717
0.25358593,0.25647783,0.2454031,0.4197033,0.35209033
0.37672532,0.3612975,0.39479733,0.41904348,0.51487535
0.43707713,0.43983626,0.44262078,0.41554174,0.5369192
0.44871446,0.44604814,0.44850165,0.43047583,0.5221267
0.45845738,0.44782156,0.45800313,0.45231873,0.5366509
0.47063598,0.45214847,0.46420246,0.47692138,0.5102188
0.47253045,0.45366943,0.46971357,0.48156998,0.49815202
0.46792963,0.4635092,0.46215147,0.49046168,0.4836272
0.46576455,0.45406443,0.45383057,0.4853102,0.48644137
0.4519621,0.45098186,0.45490524,0.48389685,0.4757529
0.46197563,0.44497532,0.441498,0.47881696,0.50794894
0.50933695,0.50775015,0.48781997,0.47082883,0.54211605
0.55886334,0.5770507,0.556236,0.45865616,0.6205735
0.55020297,0.57036936,0.5694988,0.44414973,0.6470689
0.5139378,0.524762,0.5200545,0.42593205,0.5950314
0.46711773,0.46479678,0.46239638,0.4199062,0.5229095
0.39458728,0.40187544,0.40160507,0.406896,0.47774786
0.30690122,0.3188991,0.325087,0.40098265,0.36535895
0.24005413,0.24843657,0.24893461,0.4010349,0.28645065
0.19891746,0.20709229,0.20840162,0.3984797,0.25657764
0.18322057,0.1890663,0.18703416,0.39755303,0.24438277
0.17320703,0.18619527,0.1857992,0.39950597,0.23493144
0.17483085,0.18498868,0.18068339,0.3995384,0.28920355
0.20568335,0.2024172,0.20542346,0.40377054,0.31160027
0.2925575,0.28600076,0.28729552,0.4076832,0.3349532
0.41461435,0.4155174,0.41272622,0.40484014,0.4998886
0.46576455,0.4841498,0.46896178,0.40382248,0.5448986
0.4752368,0.47870076,0.47707325,0.41257548,0.5176755
0.47713125,0.47418416,0.48323154,0.43262154,0.53149146
0.47794315,0.46911323,0.47994107,0.43974784,0.4986689
0.47631934,0.45992446,0.4723303,0.44606355,0.49131608
0.467659,0.4715072,0.46462315,0.4514002,0.47447956
0.46495265,0.45838028,0.45086652,0.45552042,0.48371172
0.45981055,0.46379575,0.45277718,0.45551032,0.46811324
0.46738836,0.46503338,0.45257682,0.45280376,0.49337608
0.52476317,0.51852614,0.48649216,0.45149595,0.5183403
0.5848444,0.6012265,0.5794301,0.45169458,0.5906344
0.5615697,0.596877,0.59308577,0.4485779,0.6176529
0.53179973,0.53007996,0.524554,0.4440674,0.5599863
0.48606226,0.48896402,0.48466372,0.44385785,0.51648736
0.42543977,0.42295322,0.42012617,0.43990391,0.4458648
0.34695536,0.3562146,0.35963464,0.43868247,0.35837114
0.28010824,0.278149,0.2897481,0.43653616,0.28441662
0.22814615,0.24162298,0.2435662,0.43687224,0.25829047
0.20487145,0.20787787,0.20740594,0.43398535,0.20761982
0.18836266,0.19699956,0.20313166,0.43202883,0.22090772
0.18700947,0.18777111,0.19141369,0.42676216,0.26694667
0.20108254,0.19670664,0.21372361,0.42468786,0.2764651
0.24167794,0.24674428,0.2640526,0.42253566,0.27485174
0.29499322,0.2946284,0.3348509,0.4170341,0.37053862
0.35507444,0.3515351,0.34564036,0.4097575,0.40006697
0.39675236,0.41360036,0.39945605,0.40726376,0.41331154
0.4135318,0.41637677,0.42236996,0.42646357,0.4514433
0.40866035,0.4087136,0.4249834,0.44113377,0.4696896
0.4051421,0.3984918,0.40615833,0.45337546,0.43872744
0.3932341,0.4079045,0.39785206,0.45733735,0.42736757
0.3772666,0.38292637,0.37935793,0.4610062,0.41371447
0.36589986,0.37822053,0.36133316,0.46201074,0.4090398
0.37618405,0.38042355,0.35921097,0.4577103,0.43205702
0.4451962,0.43992406,0.39739567,0.45442143,0.48662764
0.5066306,0.53498805,0.50566196,0.45132807,0.533731
0.48687416,0.5247653,0.5159631,0.44140851,0.5440254
0.44844383,0.4665403,0.46193773,0.43392172,0.5379726
0.40622464,0.41589487,0.41028073,0.43204927,0.49543786
0.3518268,0.35626596,0.34948808,0.4311065,0.41805118
0.28849798,0.3067291,0.29136112,0.4343267,0.3522786
0.22895806,0.2359223,0.2364547,0.43244272,0.29715472
0.18213803,0.19823417,0.1908273,0.43342656,0.27876455
0.15669824,0.16221559,0.15967189,0.43222958,0.20961866
0.14641407,0.15135738,0.15019062,0.43095303,0.20083204
0.14776725,0.14792147,0.15021622,0.4264651,0.24137
0.16075778,0.15744725,0.16571154,0.4239087,0.24316584
0.1886333,0.19072711,0.20468758,0.4216484,0.25753728
0.23112313,0.23455715,0.26187506,0.41955984,0.3395145
0.29201624,0.2897476,0.29342598,0.4175481,0.38010916
0.35507444,0.358141,0.34578034,0.41518512,0.40470898
0.394046,0.37750965,0.39011133,0.42201102,0.43018204
0.40649527,0.39557582,0.4085914,0.43592843,0.45279318
0.41109607,0.39605978,0.4063984,0.4437913,0.42727762
0.408931,0.40744606,0.40295285,0.45035997,0.4107502
0.40270635,0.38969994,0.3967815,0.4523619,0.41788527
0.394046,0.3896014,0.39197093,0.45688897,0.39963174
0.4121786,0.39509857,0.3924418,0.45262963,0.42279553
0.47902572,0.47575933,0.4448196,0.452596,0.48890126
0.53667116,0.5726297,0.5278776,0.4553186,0.55175084
0.5069012,0.5408885,0.5327361,0.44804206,0.54010695
0.46143436,0.4829238,0.463634,0.44216242,0.54448664
0.40866035,0.42328566,0.41583532,0.4373417,0.499376
0.34073073,0.3475035,0.34797096,0.42713583,0.41589135
0.27550745,0.2868095,0.27625445,0.4233039,0.3386617
0.22056833,0.21962178,0.22625875,0.42882353,0.25404662
0.1843031,0.19025683,0.18787076,0.43136075,0.24905396
0.16779432,0.17232509,0.17125301,0.4316676,0.22038643
0.16048715,0.16404903,0.1707098,0.42790115,0.20956327
0.16346414,0.16859579,0.17096294,0.42229474,0.25528076
0.18971583,0.1926781,0.19328208,0.4191092,0.26839384
0.2600812,0.27241278,0.26378962,0.41929558,0.3262933
0.35588634,0.37588233,0.36643666,0.4165519,0.49467242
0.42733425,0.42941734,0.4201675,0.4143889,0.52213156
0.4633288,0.4619587,0.46267888,0.41456753,0.5105163
0.48146144,0.47310412,0.4780342,0.4172296,0.52544844
0.48146144,0.47688198,0.4847235,0.42810524,0.4954179
0.47631934,0.46655205,0.47207752,0.43658492,0.4902081
0.4608931,0.4776823,0.46162537,0.44531325,0.47943985
0.45602164,0.45218426,0.4416272,0.44880676,0.47545654
0.4443843,0.45141774,0.4477241,0.45978752,0.4782251
0.4541272,0.4461667,0.4398138,0.46118176,0.50117314
0.5328823,0.5060049,0.48647138,0.4558339,0.5375106
0.59810555,0.6174313,0.5950814,0.45685565,0.6138882
0.5799729,0.6122398,0.5873047,0.44732124,0.6425316
0.5393775,0.54649305,0.53705984,0.44509104,0.5844434
0.48389715,0.48548168,0.48620516,0.44499016,0.51340485
0.40135318,0.4148257,0.41552073,0.4385011,0.47098494
0.31096077,0.33200246,0.32856536,0.43311352,0.36132884
0.2427605,0.2511363,0.2505627,0.43116555,0.2677883
0.20541272,0.2086606,0.20726398,0.4262555,0.2501369
0.18403247,0.18959334,0.19329372,0.42808443,0.23996061
0.17537212,0.17804787,0.18049821,0.4261279,0.22546762
0.1826793,0.18564449,0.18375143,0.42498133,0.2799585
0.21948579,0.20694532,0.218792,0.42134112,0.30374208
0.3090663,0.30671704,0.313415,0.4128394,0.34031326
0.4443843,0.43033668,0.44609976,0.40272105,0.49711704
0.50040597,0.50837606,0.5031687,0.4010901,0.5458464
0.5152909,0.5093031,0.5085371,0.39931664,0.5135029
0.52801085,0.5104232,0.52035147,0.4007747,0.5222127
0.53667116,0.5202384,0.5286045,0.40581936,0.4981469
0.5345061,0.5135237,0.52927166,0.41321546,0.50111896
0.5239513,0.53247917,0.5190485,0.4186923,0.47808808
0.5217862,0.50736547,0.5062398,0.42274132,0.4773739
0.51312584,0.5149397,0.5117862,0.42911488,0.48313063
0.520433,0.51365995,0.5049315,0.43466085,0.4986205
0.5867388,0.5765133,0.542515,0.4377697,0.5265583
0.65818673,0.6735123,0.64321876,0.43781143,0.6086106
0.64790255,0.66744727,0.65659726,0.43250197,0.6382318
0.61705005,0.61941946,0.60233104,0.43314943,0.57578325
0.5680649,0.5635922,0.5589765,0.43506238,0.53170544
0.48849797,0.49332112,0.49306768,0.4359292,0.4642257
0.3991881,0.40041548,0.4091292,0.43997,0.36902767
0.33423546,0.32093334,0.3353266,0.43883762,0.27591947
0.28958052,0.28660128,0.29838747,0.43511498,0.26476425
0.26603517,0.26991093,0.27067518,0.43758947,0.24462712
0.25548038,0.25528815,0.26295906,0.43903598,0.2308773
0.26495263,0.2687122,0.26663983,0.43845555,0.30067658
0.29364005,0.304876,0.30420735,0.4415042,0.29176202
0.37943166,0.37883008,0.37344334,0.43680698,0.34716132
0.49959403,0.50995016,0.50271416,0.43112502,0.46936268
0.54316646,0.5772417,0.5410592,0.43081415,0.5214952
0.5396482,0.5557034,0.5484615,0.430682,0.529243
0.5288227,0.5536437,0.54371464,0.441992,0.5425793
0.5269283,0.5415193,0.5295944,0.4506307,0.50350493
0.5169147,0.5299781,0.52393603,0.45530686,0.5162766
0.4985115,0.5293305,0.5056031,0.46193078,0.48933375
0.4947226,0.50296426,0.48189765,0.46189067,0.49980944
0.4947226,0.5085698,0.48583063,0.46603075,0.4834044
0.51285523,0.51556224,0.4877989,0.46513233,0.5231706
0.5853857,0.585371,0.5289075,0.4635196,0.52388626
0.65466845,0.6859229,0.63729393,0.46033156,0.6154805
0.64682,0.6798883,0.6533711,0.44892687,0.65560114
0.6211096,0.63112277,0.608014,0.44661027,0.6282814
0.5734777,0.582271,0.568398,0.44285345,0.5421534
0.49688768,0.51351637,0.4948266,0.442225,0.47876048
0.40054128,0.4185674,0.4121675,0.4408834,0.38753378
0.33044654,0.32909125,0.32567272,0.44040123,0.28282577
0.28876862,0.29302794,0.28542456,0.43826193,0.2723563
0.264682,0.2673077,0.2659919,0.43699357,0.23786423
0.25169146,0.25108004,0.25411326,0.43854704,0.22593042
0.2600812,0.2589954,0.25421092,0.43078423,0.27572453
0.28173208,0.2808082,0.2907221,0.43142903,0.27444717
0.36048713,0.35283846,0.34611517,0.4288135,0.35209033
0.48579162,0.46952027,0.48698086,0.42469597,0.51487535
0.5223275,0.5449401,0.53673095,0.4210471,0.5369192
0.51096076,0.533237,0.5159979,0.42350417,0.5221267
0.49824086,0.51758635,0.5149429,0.4373232,0.5366509
0.49066305,0.50207096,0.5012259,0.451373,0.5102188
0.4787551,0.48573658,0.49024248,0.46311447,0.49815202
0.45872802,0.4855271,0.47119546,0.4686136,0.4836272
0.44979703,0.4609722,0.44587022,0.4709824,0.48644137
0.44330177,0.45489493,0.4416233,0.4735237,0.4757529
0.45358592,0.45770273,0.43583506,0.4667144,0.50794894
0.5255751,0.5180086,0.46708918,0.44897747,0.54211605
0.5894452,0.6155173,0.5829754,0.4291755,0.6205735
0.5797023,0.6146789,0.58993644,0.40349364,0.6470689
0.55669826,0.5679902,0.55142295,0.39917928,0.5950314
0.5171854,0.5174177,0.51292115,0.39321944,0.5229095
0.4435724,0.45648938,0.44535664,0.39551428,0.47774786
0.3518268,0.37077543,0.36111683,0.3925162,0.36535895
0.2841678,0.28856456,0.28184444,0.39041814,0.28645065
0.2397835,0.25385827,0.2424816,0.38656428,0.25657764
0.2202977,0.23056103,0.2146431,0.39506054,0.24438277
0.21028417,0.21403849,0.21142043,0.39428505,0.23493144
0.21488498,0.22253516,0.21011099,0.39083478,0.28920355
0.2427605,0.24663132,0.23444067,0.3897748,0.31160027
0.32530448,0.32289943,0.3047397,0.38934565,0.3349532
0.44844383,0.45002413,0.45114416,0.3940984,0.4998886
0.49797022,0.51224554,0.50314194,0.3903608,0.5448986
0.49878213,0.50324214,0.49347907,0.3985683,0.5176755
0.4939107,0.49697155,0.50170034,0.41610935,0.53149146
0.4803789,0.48644894,0.49434003,0.43403596,0.4986689
0.46874154,0.46415347,0.47435364,0.45170954,0.49131608
0.4495264,0.46840587,0.459181,0.46995836,0.47447956
0.43707713,0.44715822,0.43563133,0.49144408,0.48371172
0.42516914,0.44530505,0.42669114,0.5052694,0.46811324
0.4359946,0.43986273,0.41796386,0.51088154,0.49337608
0.49797022,0.4959138,0.45791245,0.50363743,0.5183403
0.5512855,0.58713937,0.5516819,0.46291295,0.5906344
0.53504735,0.56974626,0.55447614,0.42395988,0.6176529
0.50094724,0.5128373,0.5079492,0.41795558,0.5599863
0.4638701,0.46768844,0.4573822,0.39447737,0.51648736
0.40189445,0.41229922,0.40308097,0.39127302,0.4458648
0.3285521,0.34270024,0.33284718,0.389528,0.35837114
0.26197565,0.27103275,0.27179217,0.3800023,0.28441662
0.21407308,0.23260465,0.22221307,0.37362492,0.25829047
0.191069,0.20251922,0.19125222,0.38842928,0.20761982
0.17834912,0.18979794,0.18497884,0.38265744,0.22090772
0.17834912,0.18327036,0.17815632,0.37934688,0.26694667
0.1932341,0.1914039,0.19591762,0.37280023,0.2764651
0.22679296,0.23885107,0.2437911,0.36741126,0.27485174
0.28092015,0.279514,0.3109285,0.37772804,0.37053862
0.3420839,0.33781222,0.33466902,0.37334865,0.40006697
0.39810556,0.39950636,0.38270196,0.37968096,0.41331154
0.42354533,0.41485834,0.42334142,0.39264596,0.4514433
0.42192152,0.41256922,0.43088317,0.42126855,0.4696896
0.40135318,0.402215,0.41582668,0.4440864,0.43872744
0.37483084,0.39454922,0.38532224,0.46310267,0.42736757
0.35669824,0.35833722,0.3569765,0.4934624,0.41371447
0.3428958,0.35361826,0.34467572,0.5166018,0.4090398
0.35615698,0.35849598,0.33844775,0.52526593,0.43205702
0.4368065,0.4206077,0.38384026,0.5268781,0.48662764
0.5044655,0.5274799,0.5017889,0.49212274,0.533731
0.48010826,0.52163446,0.5087056,0.43267393,0.5440254
0.4473613,0.45791507,0.44606647,0.42818284,0.5379726
0.4143437,0.41094196,0.41131014,0.40083522,0.49543786
0.3602165,0.3637277,0.36008048,0.38992482,0.41805118
0.2968877,0.3090381,0.2975188,0.3917182,0.3522786
0.24032477,0.24304065,0.24438076,0.3834019,0.29715472
0.19350474,0.20731616,0.203601,0.38137543,0.27876455
0.17212449,0.17438982,0.17024551,0.38576955,0.20961866
0.15859269,0.16554652,0.16842775,0.38067356,0.20083204
0.15832205,0.15919669,0.16018707,0.38473403,0.24137
0.16833559,0.1666161,0.17558,0.37650177,0.24316584
0.19269283,0.19910567,0.20899525,0.37979174,0.25753728
0.2300406,0.23879045,0.26360288,0.38879496,0.3395145
0.2901218,0.28916514,0.2936848,0.39597338,0.38010916
0.3564276,0.35518202,0.34561157,0.39747834,0.40470898
0.39675236,0.37895936,0.3928392,0.39935052,0.43018204
0.41786197,0.3958059,0.41020796,0.41997188,0.45279318
0.43031123,0.4041242,0.4180827,0.4347963,0.42727762
0.42976996,0.42165285,0.42342308,0.44408432,0.4107502
0.42381597,0.4049653,0.41741642,0.4598829,0.41788527
0.41921514,0.4081035,0.4134902,0.48055992,0.39963174
0.43572396,0.41844663,0.42060608,0.48754725,0.42279553
0.5101488,0.49640983,0.46548074,0.48824552,0.48890126
0.55047363,0.61007,0.5615698,0.48922366,0.55175084
0.5236806,0.5483497,0.532355,0.46385187,0.54010695
0.47767252,0.49748698,0.48829508,0.44497323,0.54448664
0.4265223,0.4358157,0.43184966,0.44009566,0.499376
0.34424898,0.36194494,0.3649395,0.4293583,0.41589135
0.26522326,0.28493682,0.27226093,0.43770617,0.3386617
0.20189445,0.20636669,0.21110697,0.4137514,0.25404662
0.16292287,0.17618436,0.16751364,0.4245282,0.24905396
0.1466847,0.1521826,0.14932545,0.4282422,0.22038643
0.141272,0.14615166,0.14852172,0.40460044,0.20956327
0.14316644,0.14602903,0.14988425,0.4310844,0.25528076
0.17266576,0.1752955,0.16859053,0.42008385,0.26839384
0.2541272,0.24926807,0.2501278,0.42337394,0.3262933
0.3813261,0.3708803,0.38310114,0.44753075,0.49467242
0.44167796,0.45161268,0.45896855,0.4593821,0.52213156
0.45006767,0.46442133,0.46513504,0.46062163,0.5105163
0.4571042,0.4502503,0.46130344,0.46146438,0.52544844
0.46197563,0.45294356,0.46339935,0.4643133,0.4954179
0.4511502,0.44930625,0.45881662,0.47458157,0.4902081
0.43545333,0.4542328,0.43575296,0.48405644,0.47943985
0.42543977,0.42905706,0.41741133,0.49773067,0.47545654
0.41299054,0.42121515,0.41384965,0.49419358,0.4782251
0.41623816,0.41570926,0.40773106,0.48987895,0.50117314
0.49012178,0.46771616,0.44175637,0.48010463,0.5375106
0.55669826,0.57553613,0.55805194,0.4559069,0.6138882
0.5461434,0.5768006,0.559165,0.42280725,0.6425316
0.50933695,0.52252775,0.51626855,0.40917242,0.5844434
0.46549392,0.4593526,0.46125403,0.40869772,0.51340485
0.38592693,0.3992875,0.40343377,0.40974241,0.47098494
0.3044655,0.31597537,0.31529057,0.41804627,0.36132884
0.23572396,0.24440935,0.25105107,0.40351784,0.2677883
0.18755074,0.20026115,0.20132588,0.40455514,0.2501369
0.17537212,0.17134759,0.17025383,0.39439672,0.23996061
0.16833559,0.16911486,0.18117131,0.38619173,0.22546762
0.1759134,0.17951828,0.17445613,0.38965476,0.2799585
0.20541272,0.20167011,0.20773292,0.38993454,0.30374208
0.29120433,0.29216397,0.28912258,0.3895634,0.34031326
0.42002708,0.41117993,0.4300986,0.3981795,0.49711704
0.47658998,0.4848445,0.4758953,0.39784768,0.5458464
0.48443842,0.48040044,0.4848594,0.40076426,0.5135029
0.48579162,0.47673666,0.48984683,0.40343085,0.5222127
0.49066305,0.47842237,0.48682454,0.40912333,0.4981469
0.49201623,0.47005314,0.48517612,0.41932416,0.50111896
0.48470905,0.49099872,0.48103282,0.4275451,0.47808808
0.48741543,0.4695587,0.46927184,0.4408982,0.4773739
0.48579162,0.4826138,0.48016924,0.4426827,0.48313063
0.49661705,0.48904067,0.48164833,0.4471884,0.4986205
0.5780785,0.5522871,0.5205694,0.45041254,0.5265583
0.64627874,0.6673749,0.643211,0.44462878,0.6086106
0.6300406,0.6525853,0.6354046,0.43568298,0.6382318
0.60351825,0.5984871,0.5858793,0.43199772,0.57578325
0.561299,0.54717135,0.5485083,0.43320295,0.53170544
0.48064953,0.48356867,0.4865234,0.43596286,0.4642257
0.38863328,0.38675305,0.39787012,0.4397114,0.36902767
0.32151556,0.30630296,0.32129857,0.43811992,0.27591947
0.27875507,0.26861322,0.28340387,0.44001004,0.26476425
0.26035184,0.25252455,0.26246646,0.4394896,0.24462712
0.25439784,0.24557647,0.2605498,0.43959877,0.2308773
0.25520974,0.25892755,0.2669348,0.43424714,0.30067658
0.2857916,0.28624976,0.28869325,0.43307188,0.29176202
0.3669824,0.36203092,0.37644032,0.43060577,0.34716132
0.49607578,0.48990485,0.4924448,0.43375355,0.46936268
0.5369418,0.5655155,0.5423696,0.4272618,0.5214952
0.53315294,0.54122174,0.53759956,0.42586422,0.529243
0.5223275,0.5389798,0.5384237,0.4337783,0.5425793
0.51312584,0.52768004,0.5251797,0.44443566,0.50350493
0.5036536,0.5135323,0.51092786,0.44929633,0.5162766
0.48822734,0.5154853,0.49609512,0.4576241,0.48933375
0.48254398,0.49210912,0.4756208,0.46506438,0.49980944
0.47253045,0.49682206,0.47398862,0.46645543,0.4834044
0.48741543,0.49422717,0.46170348,0.46649536,0.5231706
0.5683356,0.55996096,0.50797564,0.46158725,0.52388626
0.6351827,0.6724212,0.6274564,0.4508386,0.6154805
0.6300406,0.659535,0.62974465,0.44097185,0.65560114
0.60514206,0.61665714,0.6004787,0.43003583,0.6282814
0.56265223,0.5697433,0.5564928,0.4219941,0.5421534
0.48389715,0.5077222,0.48668626,0.41827992,0.47876048
0.39106902,0.41136795,0.39756575,0.41695353,0.38753378
0.32205683,0.32552502,0.31880987,0.4131134,0.28282577
0.27794316,0.29119414,0.27785036,0.41672596,0.2723563
0.2654939,0.2667793,0.25319615,0.41489226,0.23786423
0.26224628,0.26359388,0.26271588,0.41619328,0.22593042
0.270636,0.277862,0.26733965,0.41605386,0.27572453
0.30284166,0.29641718,0.29929513,0.41502073,0.27444717
0.38700947,0.37797558,0.3804314,0.42104575,0.35209033
0.51962113,0.5001012,0.5113221,0.42093047,0.51487535
0.5631935,0.5851432,0.5620048,0.42289862,0.5369192
0.55372125,0.57408214,0.5540314,0.42535216,0.5221267
0.53179973,0.5564075,0.5507164,0.44515184,0.5366509
0.5117727,0.5303806,0.52684253,0.45961627,0.5102188
0.49797022,0.49765146,0.50507796,0.46846548,0.49815202
0.47334236,0.5016228,0.4895595,0.47916055,0.4836272
0.4633288,0.46861193,0.4579026,0.48713616,0.48644137
0.45845738,0.46557653,0.45551854,0.48447376,0.4757529
0.4760487,0.47153237,0.45414543,0.4790415,0.50794894
0.55534506,0.5412223,0.49857408,0.46691892,0.54211605
0.6054127,0.64757925,0.6151408,0.44923335,0.6205735
0.602977,0.6234349,0.593866,0.42919448,0.6470689
0.5715832,0.5932803,0.5783881,0.40725797,0.5950314
0.5307172,0.52643675,0.52029467,0.3924344,0.5229095
0.4519621,0.46838656,0.45797452,0.38174692,0.47774786
0.35805142,0.37335446,0.36727268,0.37338668,0.36535895
0.2849797,0.29095,0.2878497,0.36491805,0.28645065
0.23897158,0.25143522,0.24189766,0.36614388,0.25657764
0.21867388,0.22860351,0.21541174,0.3521364,0.24438277
0.21001354,0.21284187,0.21016698,0.34648272,0.23493144
0.21244925,0.22175902,0.20944549,0.3507872,0.28920355
0.23951286,0.24109381,0.23132035,0.34298375,0.31160027
0.31691474,0.31740773,0.30706772,0.35448703,0.3349532
0.4414073,0.439106,0.44976068,0.35157928,0.4998886
0.5006766,0.50397944,0.4998237,0.361315,0.5448986
0.5082544,0.50563955,0.5000593,0.37283948,0.5176755
0.5182679,0.5068064,0.5088328,0.39073747,0.53149146
0.520433,0.5153725,0.5191271,0.4159358,0.4986689
0.51799726,0.5027669,0.5149859,0.4329461,0.49131608
0.5074425,0.5183699,0.50654745,0.4420837,0.47447956
0.49905276,0.4970402,0.49336404,0.45073655,0.48371172
0.49120432,0.49962008,0.48770967,0.4554009,0.46811324
0.49607578,0.5015763,0.48447883,0.46060032,0.49337608
0.55236804,0.5520416,0.50931597,0.46111852,0.5183403
0.57618403,0.6376696,0.5988321,0.4570634,0.5906344
0.55669826,0.58344895,0.5662561,0.4512054,0.6176529
0.5201624,0.53760046,0.5311789,0.44517505,0.5599863
0.47496617,0.4830681,0.46950507,0.44333652,0.51648736
0.41299054,0.4220162,0.40930465,0.444478,0.4458648
0.33721244,0.3504928,0.34687907,0.44289348,0.35837114
0.26928282,0.27592173,0.28087944,0.43835923,0.28441662
0.22273342,0.23730597,0.23194407,0.4381106,0.25829047
0.1991881,0.20696361,0.2049069,0.43912628,0.20761982
0.18403247,0.19494376,0.19608824,0.43378615,0.22090772
0.18322057,0.18726523,0.18696809,0.42878973,0.26694667
0.19675237,0.19476795,0.20692807,0.42777875,0.2764651
0.2338295,0.24121799,0.24896906,0.425605,0.27485174
0.29445195,0.28613544,0.30839285,0.42159182,0.37053862
0.3564276,0.35316387,0.3487112,0.41960287,0.40006697
0.41326118,0.4167734,0.3958587,0.41284916,0.41331154
0.4392422,0.43298548,0.43868184,0.41342223,0.4514433
0.44005412,0.4373639,0.4453709,0.42048147,0.4696896
0.4351827,0.4246619,0.43109322,0.42779404,0.43872744
0.42435724,0.43405536,0.42078242,0.4358837,0.42736757
0.41677943,0.407512,0.40656394,0.44046277,0.41371447
0.41759133,0.41346782,0.4025984,0.4381342,0.4090398
0.44005412,0.4269004,0.4146157,0.44115773,0.43205702
0.52476317,0.4951805,0.46295416,0.4378258,0.48662764
0.57780784,0.61697334,0.5769529,0.42802024,0.533731
0.5558863,0.5805833,0.5643228,0.4232391,0.5440254
0.5223275,0.5257901,0.5169965,0.42282835,0.5379726
0.48930988,0.47883454,0.4704755,0.41726962,0.49543786
0.43788904,0.4307579,0.42553532,0.42011935,0.41805118
0.37401894,0.3693797,0.3688635,0.42231593,0.3522786
0.32151556,0.3073429,0.31402466,0.41876402,0.29715472
0.28200272,0.28687662,0.28344068,0.4167125,0.27876455
0.26441136,0.25001335,0.26091316,0.4177252,0.20961866
0.25629228,0.24417196,0.26201496,0.41700697,0.20083204
0.2549391,0.2433951,0.26458043,0.41744617,0.24137
0.26495263,0.2596381,0.27843598,0.42030412,0.24316584
0.29282814,0.29920292,0.3154933,0.42082018,0.25753728
0.34073073,0.33710676,0.36029422,0.42556015,0.3395145
0.40405953,0.40075767,0.38912624,0.4292586,0.38010916
0.47631934,0.47253108,0.44673693,0.4311239,0.40470898
0.5169147,0.5047069,0.5062133,0.4369877,0.43018204
0.5309878,0.52286917,0.52532697,0.44533426,0.45279318
0.5377537,0.51338565,0.52598625,0.4541572,0.42727762
0.53179973,0.5432826,0.5277392,0.46448997,0.4107502
0.5142084,0.5173432,0.5161785,0.47097608,0.41788527
0.50635993,0.510236,0.49619848,0.47102973,0.39963174
0.5261164,0.51642704,0.50354135,0.47290745,0.42279553
0.6159675,0.5888214,0.54744714,0.47018042,0.48890126
0.66982406,0.7261947,0.6639544,0.45974204,0.55175084
0.655751,0.66653866,0.6395756,0.45558235,0.54010695
0.6189445,0.63350785,0.6157707,0.46152464,0.54448664
0.57104194,0.57998276,0.5667911,0.46069145,0.499376
0.50798374,0.51890683,0.49961188,0.46064994,0.41589135
0.4384303,0.4434216,0.43230733,0.4607171,0.3386617
0.38322058,0.36555475,0.3726694,0.46100032,0.25404662
0.341272,0.35217905,0.33866125,0.4608684,0.24905396
0.3201624,0.3192047,0.31329796,0.45424262,0.22038643
0.3120433,0.30673867,0.3121237,0.45713952,0.20956327
0.31962112,0.31654668,0.31880254,0.45464447,0.25528076
0.3488498,0.34937415,0.35163778,0.45434228,0.26839384
0.43112314,0.43210602,0.41503456,0.45474476,0.3262933
0.5542625,0.550717,0.52250963,0.45394316,0.49467242
0.60622466,0.63074374,0.6091883,0.44796595,0.52213156
0.60703653,0.6391515,0.6128619,0.4475309,0.5105163
0.6002706,0.62211263,0.6058738,0.45915928,0.52544844
0.59485793,0.61509794,0.5961662,0.47143504,0.4954179
0.58457375,0.59213877,0.5869349,0.48001066,0.4902081
0.57023007,0.6010858,0.56998104,0.488874,0.47943985
0.5623816,0.5688245,0.5533118,0.49381444,0.47545654
0.5450609,0.56862533,0.55103457,0.4936042,0.4782251
0.5599459,0.56040704,0.5290748,0.49424377,0.50117314
0.6368065,0.6318109,0.5799384,0.49123326,0.5375106
0.691475,0.7421813,0.6792322,0.4821442,0.6138882
0.68362653,0.7131857,0.6712063,0.467028,0.6425316
0.65899867,0.67677635,0.64465857,0.464148,0.5844434
0.61028415,0.6189444,0.60882604,0.46596673,0.51340485
0.52476317,0.5544869,0.53287894,0.4642801,0.47098494
0.42949933,0.44854748,0.43395987,0.45926878,0.36132884
0.35101488,0.36218873,0.35384652,0.4587342,0.2677883
0.30067658,0.307194,0.29885733,0.45417258,0.2501369
0.28200272,0.27701542,0.27147084,0.44101653,0.23996061
0.2722598,0.26350278,0.27509126,0.43544334,0.22546762
0.27280107,0.271187,0.27192184,0.42849252,0.2799585
0.29905277,0.29613835,0.29330334,0.4225691,0.30374208
0.3745602,0.37907845,0.3676045,0.4263256,0.34031326
0.5014885,0.49468678,0.49078596,0.42292255,0.49711704
0.5564276,0.56783104,0.5571201,0.41358715,0.5458464
0.56373477,0.56576324,0.55615276,0.4030919,0.5135029
0.56914747,0.566995,0.5653677,0.41498384,0.5222127
0.5696888,0.5745775,0.5694119,0.428603,0.4981469
0.5602165,0.5597799,0.5632762,0.43401244,0.50111896
0.54722595,0.56971127,0.54557616,0.44445246,0.47808808
0.5437077,0.5428973,0.5312887,0.44762483,0.4773739
0.5326116,0.54537797,0.53225094,0.44862,0.48313063
0.5391069,0.542551,0.51782095,0.45090768,0.4986205
0.6005413,0.6098559,0.54783815,0.44972697,0.5265583
0.6346414,0.6983408,0.64094007,0.44455278,0.6086106
0.6189445,0.6509482,0.6229859,0.43475118,0.6382318
0.58430314,0.61096084,0.5895072,0.43213058,0.57578325
0.541272,0.546016,0.52941906,0.4322543,0.53170544
0.45737484,0.48418188,0.47002065,0.4312029,0.4642257
0.37077132,0.3842888,0.3730125,0.43186742,0.36902767
0.2960758,0.3058027,0.3059898,0.43396175,0.27591947
0.24546684,0.26068085,0.25226346,0.43498072,0.26476425
0.22354533,0.2345999,0.2221189,0.43563867,0.24462712
0.20866035,0.22383802,0.21848589,0.4352401,0.2308773
0.20703654,0.22700533,0.20698793,0.4351234,0.30067658
0.22760487,0.24018264,0.226036,0.43763217,0.29176202
0.29147497,0.31255865,0.28424639,0.44365013,0.34716132
0.3872801,0.41669425,0.38987076,0.46743783,0.46936268
0.4638701,0.46588242,0.44357276,0.46244064,0.5214952
0.5104195,0.48441145,0.4891376,0.45332152,0.529243
0.5336942,0.52006537,0.52193767,0.44858074,0.5425793
0.5477673,0.53880966,0.534972,0.44535556,0.50350493
0.5474966,0.5346983,0.53983146,0.44398412,0.5162766
0.5358593,0.5452533,0.5304554,0.44440556,0.48933375
0.5326116,0.51964915,0.5147386,0.43509147,0.49980944
0.51935047,0.5257672,0.51795256,0.4316687,0.4834044
0.5188092,0.5185882,0.50185126,0.4316488,0.5231706
0.56562924,0.57201684,0.5260206,0.42967314,0.52388626
0.5826793,0.64571375,0.60334,0.42052117,0.6154805
0.5599459,0.5940123,0.5755843,0.40753257,0.65560114
0.5255751,0.5436106,0.5352826,0.40501583,0.6282814
0.485521,0.49031556,0.47596747,0.3998097,0.5421534
0.4216509,0.43296826,0.42190918,0.39486215,0.47876048
0.34018946,0.3544845,0.3557809,0.39311236,0.38753378
0.26792964,0.27902317,0.2822289,0.38859844,0.28282577
0.21434371,0.23515677,0.23013158,0.3863008,0.2723563
0.19485791,0.20458771,0.19498238,0.38488972,0.23786423
0.18078485,0.1984085,0.19619264,0.38411158,0.22593042
0.1826793,0.19701643,0.18434246,0.38218307,0.27572453
0.19891746,0.2154452,0.20906211,0.38453865,0.27444717
0.23870094,0.28852707,0.25362876,0.38909554,0.35209033
0.3023004,0.34544083,0.3116818,0.40609056,0.51487535
0.37645468,0.38252825,0.3630061,0.40995955,0.5369192
0.45899865,0.43349192,0.42170876,0.4133287,0.5221267
0.5152909,0.49596265,0.48760927,0.42008415,0.5366509
0.5396482,0.53212845,0.52353126,0.4269839,0.5102188
0.5336942,0.5291275,0.52777904,0.4353373,0.49815202
0.4887686,0.5318609,0.5077561,0.4437706,0.4836272
0.43355885,0.47273636,0.45010036,0.44319114,0.48644137
0.397023,0.41996318,0.3991875,0.44573715,0.4757529
0.39377537,0.39405945,0.38354868,0.44944668,0.50794894
0.4392422,0.44693443,0.41250116,0.45423213,0.54211605
0.46224627,0.52520907,0.48974717,0.4497569,0.6205735
0.46035182,0.4953118,0.47449023,0.44444835,0.6470689
0.45872802,0.46872574,0.45682704,0.4440516,0.5950314
0.45358592,0.44060236,0.432904,0.44414738,0.5229095
0.42083898,0.4192495,0.41475224,0.4439921,0.47774786
0.3713126,0.36672047,0.3718953,0.44637874,0.36535895
0.32990527,0.31510186,0.32567257,0.43900126,0.28645065
0.29066306,0.29585558,0.3010345,0.43922642,0.25657764
0.27523682,0.2732202,0.2705518,0.43674165,0.24438277
0.26928282,0.2626224,0.27387032,0.43882188,0.23493144
0.2744249,0.2747063,0.27569368,0.43846285,0.28920355
0.2909337,0.29919696,0.29164138,0.44462016,0.31160027
0.33179972,0.37136567,0.31921715,0.44410703,0.3349532
0.38782138,0.45327836,0.37908277,0.4487513,0.4998886
0.43193504,0.46965975,0.43620825,0.452587,0.5448986
0.46657646,0.48956406,0.4552153,0.4537914,0.5176755
0.48335588,0.50442773,0.47885785,0.46214005,0.53149146
0.48741543,0.5032664,0.47768673,0.46940172,0.4986689
0.48525032,0.48793054,0.4702474,0.4723476,0.49131608
0.47198918,0.49478388,0.4622257,0.47567073,0.47447956
0.46224627,0.47194242,0.44627404,0.47840887,0.48371172
0.461705,0.4717343,0.44620007,0.48201063,0.46811324
0.48173207,0.48249915,0.4587233,0.47971871,0.49337608
0.5686062,0.5478752,0.49884418,0.47847274,0.5183403
0.61677945,0.6662974,0.6124646,0.47067857,0.5906344
0.6040595,0.6324395,0.5943051,0.46660495,0.6176529
0.58322054,0.59113216,0.56743765,0.46456218,0.5599863
0.5534506,0.5499063,0.5380137,0.4623447,0.51648736
0.5006766,0.50207067,0.48878115,0.4611456,0.4458648
0.43410012,0.43446758,0.42760536,0.45745075,0.35837114
0.37401894,0.36948738,0.36850333,0.4522222,0.28441662
0.32882273,0.33122408,0.3252787,0.45374247,0.25829047
0.30852503,0.30212608,0.29902712,0.4433541,0.20761982
0.2960758,0.3015696,0.30120826,0.44374022,0.22090772
0.30175912,0.29912472,0.297362,0.4391121,0.26694667
0.31096077,0.31447583,0.33011776,0.44488752,0.2764651
0.33937752,0.35980916,0.35670793,0.43875325,0.27485174
0.39052776,0.39876395,0.4018957,0.43548048,0.37053862
0.4473613,0.45246696,0.4338584,0.43866804,0.40006697
0.50284165,0.52090394,0.4824363,0.4388396,0.41331154
0.5242219,0.53636086,0.527732,0.4558054,0.4514433
0.5152909,0.5428776,0.5285904,0.4752696,0.4696896
0.50094724,0.5082153,0.50598,0.48318025,0.43872744
0.485521,0.51256496,0.48835757,0.48867348,0.42736757
0.47577807,0.47837618,0.4720673,0.49507353,0.41371447
0.47036535,0.48469788,0.46528876,0.5004244,0.4090398
0.4909337,0.4900986,0.463638,0.49738938,0.43205702
0.57753724,0.5582381,0.50849706,0.49500588,0.48662764
0.62138027,0.6827687,0.62419474,0.48715976,0.533731
0.6002706,0.63263905,0.59059554,0.48385695,0.5440254
0.5602165,0.5853795,0.5703507,0.48059323,0.5379726
0.52990526,0.52889585,0.51422596,0.47457764,0.49543786
0.47334236,0.4864782,0.46904266,0.46963298,0.41805118
0.40027064,0.4069434,0.39729998,0.45457217,0.3522786
0.33234102,0.3387815,0.33049712,0.44349393,0.29715472
0.2811908,0.3029381,0.28091493,0.4395111,0.27876455
0.25142083,0.2562786,0.24837327,0.4209143,0.26338416
0.23788904,0.23077649,0.23605944,0.4068474,0.27463794
0.23328823,0.2280829,0.23661412,0.39824262,0.3187225
0.23328823,0.237027,0.24588084,0.38487586,0.33232915
0.25466847,0.25788978,0.26723176,0.38493133,0.33656693
0.2933694,0.28835157,0.32243684,0.3787695,0.40239382
0.34912044,0.3486492,0.3495393,0.3776078,0.4469688
0.4135318,0.43070877,0.39769214,0.3826903,0.50978327
0.4638701,0.4588468,0.448116,0.40580308,0.51198965
0.4820027,0.48261547,0.47942483,0.42404553,0.5293785
0.4879567,0.47959423,0.48124242,0.4381717,0.5119598
0.4879567,0.4992711,0.47937584,0.44392893,0.4835282
0.4820027,0.4830394,0.47622228,0.4488806,0.5053817
0.4760487,0.48749837,0.46824002,0.45280215,0.4707768
0.4909337,0.49417546,0.46787786,0.45161852,0.5244892
0.5713126,0.5617618,0.5044439,0.44820538,0.5705905
0.6024357,0.6818189,0.6136865,0.4374014,0.6552755
0.58105546,0.58695555,0.57080644,0.43455553,0.6298401
0.54316646,0.567682,0.553891,0.4318805,0.6297555
0.4947226,0.51454914,0.49891648,0.42774117,0.57770646
0.41326118,0.44897333,0.42760873,0.42970556,0.5041034
0.33044654,0.35696262,0.33211985,0.4269095,0.4160998
0.2684709,0.26482338,0.26499644,0.42606932,0.34496948
0.2270636,0.22823298,0.22746815,0.42870975,0.32705212
0.20866035,0.20266464,0.20483674,0.4286164,0.27388558
0.20460081,0.19961043,0.20447047,0.42993274,0.27200937
0.20974289,0.21103725,0.21150653,0.43140927,0.32256988
0.23788904,0.22404301,0.2320749,0.4267728,0.35311505
0.31989175,0.31972185,0.3043509,0.4271506,0.39760262
0.4495264,0.42840225,0.43688384,0.42702582,0.56381124
0.5117727,0.5192558,0.52037704,0.42834207,0.6004834
0.51637346,0.5432661,0.5262708,0.42762333,0.6007054
0.52151555,0.52730936,0.5217052,0.4293248,0.6203358
0.532341,0.5297348,0.5239372,0.43148983,0.5818696
0.53179973,0.5326129,0.52940625,0.43886307,0.576088
0.52503383,0.54124504,0.518341,0.44556215,0.55997205
0.52530444,0.5254658,0.50770384,0.447517,0.5633143
0.51610285,0.52928066,0.5142419,0.4497542,0.5519828
0.5288227,0.52477586,0.5035953,0.45116678,0.5919578
0.59972936,0.5963402,0.5492096,0.44968364,0.62688816
0.6427605,0.69200677,0.64537406,0.4433557,0.71868205
0.6300406,0.64236796,0.627489,0.43907616,0.725057
0.5953992,0.61549646,0.5936546,0.4379219,0.66763073
0.54830855,0.5561913,0.53692675,0.4381751,0.605766
0.46035182,0.48855004,0.47550204,0.43796003,0.5565259
0.36292288,0.38416708,0.37744927,0.43524048,0.44713628
0.2909337,0.2949437,0.29605445,0.4319584,0.36314464
0.23951286,0.2520666,0.2528512,0.4311037,0.3395732
0.22002706,0.20837232,0.21803696,0.42855176,0.30684116
0.20568335,0.2073453,0.21996011,0.429948,0.29235464
0.20405954,0.21318969,0.2085477,0.42947474,0.34574145
0.22976996,0.219033,0.23110422,0.42692345,0.36406296
0.30960757,0.31648463,0.3113443,0.42547256,0.41241872
0.4405954,0.42867684,0.43855175,0.4243179,0.55782694
0.4993234,0.51415384,0.50320727,0.42362157,0.6125393
0.49986467,0.5215208,0.5069877,0.42358103,0.58962905
0.49715832,0.5063044,0.5060082,0.42367736,0.60993993
0.49282816,0.50645226,0.50157946,0.42932665,0.5695316
0.48470905,0.49760616,0.48900557,0.44028214,0.56507814
0.47388363,0.4985584,0.47386736,0.45121378,0.56909853
0.4728011,0.48165008,0.45951658,0.45966026,0.54449695
0.4660352,0.4888265,0.46231002,0.46588475,0.55198854
0.47740188,0.4831018,0.45417476,0.4633739,0.56813014
0.56346416,0.5540056,0.49226734,0.45847997,0.6212246
0.6257104,0.6632988,0.62418216,0.44593424,0.7127352
0.62543976,0.63044405,0.61761904,0.43323058,0.72494954
0.59675235,0.6149409,0.5965878,0.43354914,0.66125005
0.55236804,0.5611,0.541333,0.42902714,0.6108285
0.47577807,0.48738843,0.47528577,0.41960222,0.5563716
0.37861976,0.3889313,0.3923666,0.4211249,0.43845028
0.30581868,0.2965431,0.30577275,0.41790193,0.35057145
0.25548038,0.25957456,0.26268414,0.41198057,0.33455873
0.23734777,0.22763038,0.2324559,0.41041318,0.29237095
0.22841679,0.22371316,0.2353367,0.41243485,0.3012974
0.23274696,0.23664974,0.23325966,0.4055871,0.3662138
0.2600812,0.25299788,0.25991762,0.41140488,0.3760965
0.3428958,0.34143263,0.33372247,0.41518068,0.42026842
0.4760487,0.4617638,0.48063844,0.41249084,0.56368124
0.5339648,0.5454366,0.53615177,0.41798174,0.60940397
0.52584577,0.5456765,0.5281326,0.41801512,0.6096524
0.51772666,0.52899265,0.52743053,0.42014813,0.63392705
0.50581867,0.5197858,0.51976734,0.43074527,0.5837781
0.5066306,0.5064616,0.50318164,0.44064614,0.5913517
0.49607578,0.5179361,0.5032532,0.44933924,0.5601506
0.49445197,0.50394076,0.48489624,0.45893604,0.5809842
0.4811908,0.51382136,0.4870666,0.46521625,0.5545681
0.4879567,0.50202787,0.4682249,0.46732113,0.6041122
0.57564276,0.566893,0.5045385,0.4705481,0.60101736
0.63355887,0.68077946,0.6409899,0.45718387,0.719488
0.6308525,0.6452605,0.61988026,0.44541377,0.73443365
0.60622466,0.624373,0.6049094,0.44457373,0.6944053
0.5653586,0.5764781,0.5553374,0.4342751,0.6237105
0.4879567,0.5112246,0.49083525,0.4240628,0.56424534
0.3924222,0.40766633,0.40129155,0.42448056,0.45565248
0.31312585,0.31837627,0.3177939,0.41968733,0.3524158
0.26901218,0.28037128,0.26440147,0.41518986,0.34391683
0.24682003,0.24362782,0.24823876,0.41590133,0.28552338
0.22814615,0.23533906,0.23914073,0.41550922,0.2887574
0.22841679,0.23122409,0.22436447,0.4092692,0.33858034
0.2571042,0.25078893,0.25372446,0.41757688,0.35639125
0.33558863,0.33952317,0.32862383,0.42289206,0.41887528
0.4638701,0.4468252,0.4687008,0.42302346,0.58421046
0.529364,0.53132045,0.5271197,0.43286422,0.61181664
0.53667116,0.54255533,0.5284473,0.43433237,0.61218125
0.5391069,0.54179513,0.5397821,0.43778515,0.63153833
0.54830855,0.54159266,0.54087216,0.44558504,0.5947857
0.5474966,0.5356785,0.54858154,0.4544885,0.58210826
0.5391069,0.55415183,0.53746676,0.4568942,0.56434596
0.5420839,0.53144574,0.5252847,0.46089625,0.57190055
0.5301759,0.5404017,0.5341031,0.46155873,0.54855853
0.54722595,0.53212583,0.5148198,0.46315163,0.5946912
0.61163735,0.6123681,0.567717,0.46584243,0.6313592
0.6403248,0.7002258,0.6493025,0.45835105,0.72320825
0.6278755,0.6371826,0.62821627,0.45157102,0.7290981
0.59512854,0.6184798,0.6048597,0.4481711,0.677622
0.54857916,0.5537939,0.5412951,0.43951055,0.60782796
0.4684709,0.48809245,0.4755851,0.42878732,0.5636286
0.3713126,0.38222325,0.38608354,0.42511934,0.45250213
0.29309878,0.2925002,0.30013874,0.41702014,0.37454882
0.23572396,0.25280252,0.24999855,0.41095468,0.34229428
0.21055481,0.20181301,0.2099612,0.41053402,0.31066722
0.19648173,0.19945481,0.20476831,0.40536147,0.29444063
0.19675237,0.1976905,0.19867785,0.41056234,0.35097742
0.22056833,0.21261057,0.22044547,0.4159269,0.37095147
0.29661706,0.29264164,0.2892373,0.4114987,0.3992797
0.42300406,0.40101138,0.41989705,0.41161406,0.56388927
0.4955345,0.49717218,0.49190402,0.4183356,0.6114646
0.5090663,0.5230079,0.50689805,0.41987094,0.5840307
0.5171854,0.5167141,0.51488495,0.42510962,0.61296415
0.5220568,0.52372473,0.5216168,0.42743444,0.568002
0.5185386,0.51751363,0.5179002,0.4364593,0.558738
0.50933695,0.5212681,0.5056959,0.43550503,0.56566805
0.50419486,0.511092,0.49292314,0.43829054,0.54646206
0.4930988,0.51167965,0.4892084,0.44036144,0.5322545
0.5050068,0.4999832,0.47822163,0.44014162,0.5545847
0.5783491,0.56973326,0.51744854,0.4400812,0.6130066
0.6067659,0.6608749,0.62480474,0.435479,0.68906206
0.5872801,0.5965315,0.5951038,0.43243188,0.70478964
0.55751014,0.5736328,0.56950444,0.43230006,0.6393797
0.5274696,0.5291969,0.50897306,0.42920268,0.5882757
0.47036535,0.47348592,0.46372336,0.42682758,0.5334116
0.39431664,0.39670348,0.39969105,0.42561212,0.42045832
0.32151556,0.31443697,0.33230135,0.42707545,0.34848827
0.26657647,0.2785927,0.27817777,0.42234388,0.3290869
0.23870094,0.23434436,0.24358787,0.41927597,0.28382558
0.22354533,0.22031593,0.23494783,0.41577542,0.30269754
0.2240866,0.21951273,0.2283064,0.41462606,0.34280992
0.23653586,0.22611728,0.24932948,0.41708046,0.36052978
0.27496618,0.27128518,0.28789213,0.4136734,0.3444553
0.3369418,0.31935045,0.35635835,0.41256055,0.44415957
0.40487143,0.39292592,0.38958457,0.41750008,0.47709018
0.46359947,0.4736446,0.44274998,0.4168432,0.50298375
0.4917456,0.49202,0.48819208,0.42155865,0.51786965
0.49012178,0.50364804,0.49968517,0.42700332,0.5474368
0.48335588,0.48633388,0.4827071,0.43347788,0.50486904
0.47225982,0.48912835,0.47073293,0.4374036,0.48922312
0.4608931,0.46674305,0.45650336,0.44277403,0.4946218
0.4608931,0.46856982,0.4446804,0.44755456,0.48746055
0.4849797,0.48223346,0.45603818,0.45065758,0.5147693
0.5783491,0.5512082,0.50234115,0.45004755,0.54720485
0.6308525,0.67818815,0.6299869,0.44228783,0.6171188
0.6159675,0.62733865,0.61003244,0.4386153,0.60858536
0.588092,0.60340786,0.58745456,0.43639433,0.6082003
0.56211096,0.55906546,0.5404779,0.43198708,0.5823003
0.5082544,0.51705974,0.49555162,0.4294798,0.49143904
0.43464142,0.44030803,0.42894834,0.42713642,0.4155499
0.36968878,0.35819057,0.36136562,0.426147,0.37124467
0.31718537,0.3334453,0.31912407,0.42615196,0.360721
0.29039243,0.2829877,0.2852074,0.4227514,0.26338416
0.2774019,0.26612324,0.28079104,0.42160797,0.27463794
0.27388364,0.2636388,0.2804237,0.42219543,0.3187225
0.28037888,0.27718884,0.29224896,0.4274807,0.33232915
0.3112314,0.31052408,0.32517862,0.42580786,0.33656693
0.3585927,0.3510806,0.38918963,0.4256589,0.40239382
0.4165088,0.41786134,0.4134511,0.42982,0.4469688
0.48525032,0.49897078,0.455339,0.43042532,0.50978327
0.529364,0.5256579,0.5178419,0.43541867,0.51198965
0.53856564,0.55018115,0.541315,0.44760117,0.5293785
0.54181325,0.53128904,0.5358662,0.4521764,0.5119598
0.5420839,0.5573475,0.5341298,0.4574687,0.4835282
0.5369418,0.5379021,0.53236103,0.4624132,0.5053817
0.52963465,0.5456295,0.5248178,0.4668809,0.4707768
0.54533154,0.5500988,0.5200599,0.4687136,0.5244892
0.6359946,0.6151559,0.5571773,0.4690803,0.5705905
0.6979702,0.7519583,0.68120795,0.46550196,0.6552755
0.68146145,0.6894265,0.66967934,0.46082196,0.6298401
0.6519621,0.66936713,0.6460099,0.45881847,0.6297555
0.60703653,0.6227887,0.6060151,0.4569627,0.57770646
0.52584577,0.5585536,0.5325425,0.45658058,0.5041034
0.4300406,0.44977373,0.4345436,0.45549485,0.4160998
0.36048713,0.35074085,0.3488315,0.45207456,0.34496948
0.31826794,0.32318023,0.3095649,0.45126182,0.32705212
0.2960758,0.285337,0.2912119,0.4483023,0.27388558
0.28687415,0.27405763,0.28536144,0.44578615,0.27200937
0.29418132,0.2880835,0.2901352,0.4445574,0.32256988
0.32368064,0.31139126,0.32223725,0.44701782,0.35311505
0.40216509,0.40674025,0.39325398,0.44141096,0.39760262
0.53856564,0.5194383,0.5146289,0.43619335,0.56381124
0.59837615,0.605367,0.6066611,0.43495408,0.6004834
0.6108254,0.62506866,0.6013745,0.43408245,0.6007054
0.62679297,0.62490916,0.6156281,0.43690217,0.6203358
0.6308525,0.63441515,0.62951875,0.44555017,0.5818696
0.6278755,0.61932564,0.6253985,0.45149073,0.576088
0.6159675,0.6397865,0.61500347,0.4560219,0.55997205
0.6121786,0.609711,0.5990743,0.4595052,0.5633143
0.5991881,0.61722356,0.6012158,0.4612844,0.5519828
0.60351825,0.6087557,0.58317554,0.45973644,0.5919578
0.6760487,0.679796,0.61078364,0.45259422,0.62688816
0.7101489,0.7782297,0.71885467,0.44954738,0.71868205
0.6939107,0.71325755,0.68645465,0.44333506,0.725057
0.65953994,0.6887929,0.6619618,0.4428694,0.66763073
0.61380243,0.6277847,0.60341907,0.4435872,0.605766
0.52341,0.56284386,0.53974605,0.44020513,0.5565259
0.42543977,0.45068318,0.4336486,0.44011673,0.44713628
0.347226,0.3568443,0.35406625,0.4390278,0.36314464
0.29201624,0.30949074,0.3019343,0.43798584,0.3395732
0.26820028,0.2679566,0.26499704,0.43496734,0.30684116
0.255751,0.25354677,0.26333588,0.4335768,0.29235464
0.2579161,0.26690972,0.25928462,0.43413377,0.34574145
0.29282814,0.28294048,0.28317136,0.43586066,0.36406296
0.38078484,0.38483304,0.36784512,0.4353942,0.41241872
0.5139378,0.5104061,0.4960547,0.4380666,0.55782694
0.5721245,0.5839982,0.5694149,0.43877292,0.6125393
0.57564276,0.58901685,0.57414454,0.43687212,0.58962905
0.58240867,0.58425844,0.5769102,0.43922585,0.60993993
0.5894452,0.5950303,0.58276147,0.43711194,0.5695316
0.5772666,0.58265024,0.5826552,0.4383182,0.56507814
0.556157,0.59057885,0.5578855,0.43984726,0.56909853
0.5602165,0.5558245,0.53418803,0.44081447,0.54449695
0.5751015,0.5731871,0.5518675,0.443328,0.55198854
0.5813261,0.5968561,0.56966853,0.44007972,0.56813014
0.6600812,0.66196483,0.5754445,0.43546778,0.6212246
0.7104195,0.7652321,0.70971566,0.43202814,0.7127352
0.7050068,0.7091954,0.68856645,0.4290855,0.72494954
0.682544,0.703664,0.66499084,0.42748645,0.66125005
0.64546686,0.64825094,0.6204068,0.43015712,0.6108285
0.5631935,0.58455133,0.5641804,0.4277479,0.5563716
0.45872802,0.47363156,0.47015482,0.4250494,0.43845028
0.38349122,0.37498584,0.37792712,0.4230853,0.35057145
0.33748308,0.3354714,0.33731094,0.41916716,0.33455873
0.31474966,0.3097531,0.31577402,0.42278585,0.29237095
0.30635995,0.3034894,0.30891946,0.41825414,0.3012974
0.3112314,0.3185608,0.3148254,0.41819942,0.3662138
0.34018946,0.34797353,0.3422612,0.41990766,0.3760965
0.4257104,0.4327172,0.4129517,0.42570972,0.42026842
0.5585927,0.5575641,0.5421847,0.43584782,0.56368124
0.6075778,0.63740945,0.6016104,0.44282672,0.60940397
0.6008119,0.62362635,0.6007302,0.44726855,0.6096524
0.5924222,0.617421,0.5999639,0.45533422,0.63392705
0.5853857,0.60738,0.5915208,0.46031532,0.5837781
0.57483083,0.5875554,0.5805572,0.46133626,0.5913517
0.565088,0.59351623,0.5649442,0.46655902,0.5601506
0.5686062,0.5766294,0.55591464,0.4719847,0.5809842
0.5618403,0.59321606,0.5633234,0.47424725,0.5545681
0.5772666,0.5916095,0.54511434,0.46957672,0.6041122
0.6673884,0.6633062,0.5867832,0.46815282,0.60101736
0.732341,0.7807682,0.7161716,0.4640018,0.719488
0.72611636,0.7434241,0.71053326,0.45921364,0.73443365
0.70338297,0.72722876,0.6846325,0.45638418,0.6944053
0.6652233,0.67634386,0.64473265,0.4533557,0.6237105
0.5870095,0.61408603,0.5802894,0.4508012,0.56424534
0.4811908,0.50123537,0.4880821,0.44934425,0.45565248
0.40487143,0.40434495,0.39304906,0.4467543,0.3524158
0.35588634,0.35980248,0.35330778,0.44149128,0.34391683
0.33261165,0.32518452,0.32577592,0.44358924,0.28552338
0.32395127,0.31174213,0.32115728,0.4384919,0.2887574
0.32909337,0.32666284,0.32761693,0.43030593,0.33858034
0.35967523,0.36240783,0.3548264,0.41929495,0.35639125
0.44763193,0.43448827,0.43149692,0.41741863,0.41887528
0.5864682,0.5755439,0.57105565,0.41485727,0.58421046
0.63058186,0.6648955,0.6282767,0.42469946,0.61181664
0.6240866,0.65632254,0.61384284,0.43821943,0.61218125
0.6189445,0.64995617,0.6218941,0.45065466,0.63153833
0.61515564,0.6410019,0.61686075,0.4661726,0.5947857
0.6056833,0.6214658,0.6121315,0.47149023,0.58210826
0.5921516,0.63600296,0.5958698,0.4791741,0.56434596
0.5918809,0.6075697,0.580765,0.4874936,0.57190055
0.58782136,0.6106149,0.5853256,0.48936698,0.54855853
0.61028415,0.61235654,0.57641137,0.4903528,0.5946912
0.6968877,0.6963922,0.62405425,0.48893332,0.6313592
0.75317997,0.81591254,0.7363334,0.4859714,0.72320825
0.7539919,0.76892865,0.725977,0.48045543,0.7290981
0.72746956,0.76198846,0.70986795,0.47875437,0.677622
0.6895805,0.6954049,0.66491127,0.4811038,0.60782796
0.61163735,0.64084435,0.60333335,0.4757175,0.5636286
0.51447904,0.53586805,0.50903696,0.4818802,0.45250213
0.43897158,0.43842077,0.42791837,0.48234323,0.37454882
0.38105547,0.40027437,0.38429517,0.47937188,0.34229428
0.35751015,0.3519379,0.34354293,0.48119202,0.31066722
0.34479025,0.34195644,0.34789845,0.48064834,0.29444063
0.34912044,0.3517424,0.3444891,0.4748961,0.35097742
0.37428957,0.38442996,0.3741421,0.4713376,0.37095147
0.45060894,0.46348783,0.43831876,0.47022992,0.3992797
0.58755076,0.582408,0.56186664,0.4674252,0.56388927
0.6376184,0.6648692,0.6367352,0.4583772,0.6114646
0.64113665,0.66182464,0.6244675,0.46055523,0.5840307
0.64086604,0.6634378,0.64164805,0.46574497,0.61296415
0.62977,0.6616195,0.63870573,0.4838384,0.568002
0.6156969,0.62917143,0.6230085,0.49148542,0.558738
0.6027064,0.6372437,0.6041409,0.494692,0.56566805
0.60162383,0.61556995,0.5925726,0.49821323,0.54646206
0.5937754,0.62608165,0.59472215,0.49605784,0.5322545
0.60784847,0.62493914,0.5796152,0.49603108,0.5545847
0.6847091,0.6971336,0.61420846,0.49291512,0.6130066
0.7266576,0.7957647,0.7193651,0.48640433,0.68906206
0.71420836,0.73878545,0.7013197,0.47596958,0.70478964
0.6909337,0.72387534,0.6792786,0.46550667,0.6393797
0.6657646,0.6750572,0.63714033,0.46451595,0.5882757
0.6110961,0.6293101,0.5925459,0.45653832,0.5334116
0.53640056,0.54522717,0.52266926,0.45795956,0.42045832
0.4633288,0.4742368,0.45780015,0.4619709,0.34848827
0.40622464,0.4202699,0.40393484,0.46438923,0.3290869
0.37916103,0.3817758,0.36862043,0.46764538,0.28382558
0.36562923,0.37645093,0.36627397,0.47383574,0.30269754
0.36644113,0.37334272,0.3631243,0.4770336,0.34280992
0.3737483,0.40030715,0.38313586,0.47970816,0.36052978
0.4075778,0.4341895,0.40707034,0.48488417,0.3444553
0.47496617,0.48828274,0.4703343,0.4937255,0.44415957
0.54343706,0.56530696,0.5144342,0.49647108,0.47709018
0.5989175,0.6228825,0.56742257,0.5021068,0.50298375
0.62543976,0.6458121,0.613877,0.50829744,0.51786965
0.6216509,0.66724473,0.6251231,0.5261704,0.5474368
0.6097429,0.63219434,0.6099831,0.53607064,0.50486904
0.5937754,0.64539415,0.5946653,0.5390774,0.48922312
0.5783491,0.61188424,0.57744104,0.54340804,0.4946218
0.5797023,0.6123605,0.56058264,0.5452713,0.48746055
0.6008119,0.6158379,0.5724499,0.5459746,0.5147693
0.6912043,0.694367,0.60258085,0.5441643,0.54720485
0.7196211,0.8221316,0.726305,0.54005945,0.6171188
0.6847091,0.7311685,0.6707885,0.5352397,0.60858536
0.6503383,0.6969329,0.6511468,0.53064907,0.6082003
0.614885,0.6456838,0.6025666,0.5269296,0.5823003
0.55507445,0.5966853,0.54385716,0.5224999,0.49143904
0.49066305,0.50666213,0.47062826,0.5157157,0.4155499
0.42814615,0.43806475,0.41970268,0.51243436,0.37124467
0.37185386,0.41490206,0.37286976,0.5092798,0.360721
0.34262517,0.34562933,0.33249202,0.49986014,0.26338416
0.32611638,0.3284912,0.3290449,0.49597225,0.27463794
0.32449254,0.3228017,0.3237764,0.49197617,0.3187225
0.32882273,0.34098604,0.34204623,0.4874537,0.33232915
0.35209742,0.37090856,0.36185002,0.4849991,0.33656693
0.3872801,0.39960247,0.40170088,0.48191229,0.40239382
0.44492558,0.44974205,0.4261516,0.4790155,0.4469688
0.5139378,0.5349362,0.48758918,0.47905907,0.50978327
0.57077134,0.5652695,0.5431847,0.47699448,0.51198965
0.60189444,0.608005,0.5833093,0.48050174,0.5293785
0.617862,0.6024591,0.5987926,0.49059105,0.5119598
0.6181326,0.6545588,0.6058675,0.4910595,0.4835282
0.6043302,0.6195122,0.59960896,0.49276444,0.5053817
0.5907984,0.61719,0.58207715,0.49572083,0.4707768
0.59296346,0.61369145,0.573985,0.49708524,0.5244892
0.68660355,0.6647139,0.58928186,0.49470606,0.5705905
0.7307172,0.80774647,0.72635937,0.4889481,0.6552755
0.7101489,0.716932,0.681415,0.4799733,0.6298401
0.67036533,0.7085461,0.6703578,0.4738479,0.6297555
0.6135318,0.6475436,0.6152787,0.46645907,0.57770646
0.5288227,0.57583785,0.5349857,0.46602198,0.5041034
0.4376184,0.4679821,0.44079816,0.45228568,0.4160998
0.36833557,0.37449294,0.35991886,0.4443816,0.34496948
0.32395127,0.34938228,0.31638977,0.44296858,0.32705212
0.30581868,0.30706593,0.29592046,0.442466,0.27388558
0.29797024,0.30494145,0.2983718,0.44042143,0.27200937
0.31014884,0.31606644,0.30108652,0.44873777,0.32256988
0.34343708,0.3440123,0.34076753,0.44270724,0.35311505
0.4324763,0.44020718,0.41264805,0.44938433,0.39760262
0.5664411,0.56179166,0.5394123,0.45430413,0.56381124
0.61461437,0.64711875,0.62553096,0.45579764,0.6004834
0.60838974,0.6577662,0.6187639,0.45303532,0.6007054
0.60838974,0.63662535,0.610559,0.46630043,0.6203358
0.6081191,0.6330774,0.6100482,0.46595326,0.5818696
0.6002706,0.61419654,0.60179925,0.47786406,0.576088
0.58755076,0.62416685,0.58442503,0.47859874,0.55997205
0.58782136,0.59681433,0.56821966,0.4837089,0.5633143
0.5840325,0.6075014,0.5764094,0.48480138,0.5519828
0.60351825,0.6090737,0.56936324,0.48679295,0.5919578
0.6960758,0.6911001,0.6165905,0.48670664,0.62688816
0.7631935,0.81198066,0.7404326,0.4845347,0.71868205
0.76048714,0.7761509,0.73247135,0.4791747,0.725057
0.73423547,0.7626688,0.7058518,0.4760147,0.66763073
0.6985115,0.7036984,0.6665066,0.46992856,0.605766
0.6202977,0.65145665,0.61289656,0.4755732,0.5565259
0.52476317,0.5472785,0.5206423,0.46582815,0.44713628
0.44600812,0.4609875,0.44050193,0.46364102,0.36314464
0.39810556,0.40497088,0.3903367,0.46206084,0.3395732
0.3729364,0.37766826,0.36955693,0.46846157,0.30684116
0.3610284,0.3641764,0.36148247,0.4658648,0.29235464
0.36400542,0.37336433,0.3644939,0.48292872,0.34574145
0.39972937,0.41155577,0.3915948,0.4820217,0.36406296
0.49066305,0.50669247,0.4757181,0.49612015,0.41241872
0.6300406,0.64322287,0.6054508,0.5107278,0.55782694
0.6841678,0.7244078,0.66489273,0.5229638,0.6125393
0.6828146,0.7229577,0.671015,0.5223433,0.58962905
0.6809202,0.7171379,0.6773212,0.5452758,0.60993993
0.68146145,0.71673363,0.67688847,0.54812694,0.5695316
0.6741543,0.6891463,0.67657894,0.5582243,0.56507814
0.6619756,0.7083517,0.662222,0.55424225,0.56909853
0.66305816,0.67644274,0.6501012,0.56290245,0.54449695
0.66116375,0.68529075,0.6570972,0.56371605,0.55198854
0.68146145,0.69015265,0.6501124,0.56831,0.56813014
0.7612991,0.7799121,0.6890582,0.5692581,0.6212246
0.8070365,0.87741786,0.7896239,0.5667001,0.7127352
0.8018944,0.8152347,0.7757932,0.55908024,0.72494954
0.7691475,0.8082704,0.7523595,0.5545493,0.66125005
0.72341,0.7397486,0.70399815,0.5436293,0.6108285
0.6330176,0.67597437,0.6373732,0.5444552,0.5563716
0.52828145,0.55393225,0.52773565,0.52934396,0.43845028
0.45520973,0.4590062,0.44085842,0.51744115,0.35057145
0.3932341,0.40240753,0.40541115,0.49936196,0.33455873
0.36671177,0.3713232,0.35431728,0.49313578,0.29237095
0.35507444,0.3547774,0.357938,0.4772168,0.3012974
0.35805142,0.36221525,0.35884598,0.46547106,0.3662138
0.38349122,0.4006584,0.38289413,0.4457146,0.3760965
0.46549392,0.47035107,0.44854346,0.42926988,0.42026842
0.58457375,0.60165507,0.5741749,0.41288716,0.56368124
0.6346414,0.66397685,0.62521756,0.4048665,0.60940397
0.63355887,0.65775347,0.6356617,0.39738426,0.6096524
0.6330176,0.6595002,0.63359606,0.41096696,0.63392705
0.6243572,0.6581012,0.63498724,0.45170024,0.5837781
0.6097429,0.6314623,0.61798877,0.48200217,0.5913517
0.5972936,0.6419075,0.5972826,0.4904884,0.5601506
0.58998644,0.61325395,0.5858406,0.49490598,0.5809842
0.58078486,0.6166562,0.5771034,0.48901594,0.5545681
0.59133965,0.6130089,0.56467843,0.484911,0.6041122
0.68146145,0.68481565,0.59170985,0.47012317,0.60101736
0.73423547,0.8009358,0.7252817,0.45671615,0.719488
0.7290934,0.7483342,0.70424205,0.44535068,0.73443365
0.7031123,0.7397184,0.691313,0.44506678,0.6944053
0.6687415,0.6809445,0.6436268,0.43076319,0.6237105
0.5924222,0.62477803,0.58697855,0.44346473,0.56424534
0.49282816,0.5115298,0.49343812,0.4277193,0.45565248
0.40568337,0.42315885,0.40629897,0.4331816,0.3524158
0.35372123,0.35792226,0.3440846,0.44078502,0.34391683
0.33207035,0.31757522,0.32273304,0.43631846,0.28552338
0.31474966,0.30956227,0.32131302,0.43561316,0.2887574
0.31366712,0.3118312,0.3068537,0.43820417,0.33858034
0.3396482,0.33892196,0.33046123,0.44109386,0.35639125
0.4181326,0.40965027,0.3944717,0.43993577,0.41887528
0.55318,0.5373477,0.5240379,0.44076353,0.58421046
0.60866034,0.6202705,0.6130409,0.43485045,0.61181664
0.6024357,0.6272476,0.5932262,0.43759125,0.61218125
0.6027064,0.6174749,0.60031843,0.43730557,0.63153833
0.59810555,0.618541,0.60089475,0.4436795,0.5947857
0.58457375,0.59447557,0.5937263,0.4500629,0.58210826
0.5596752,0.60539556,0.57221216,0.45685062,0.56434596
0.5526387,0.56561506,0.5424923,0.46593297,0.57190055
0.54154265,0.5634249,0.544561,0.46988022,0.54855853
0.5548038,0.5596452,0.5270832,0.47076672,0.5946912
0.63951284,0.63499403,0.56452394,0.46549323,0.6313592
0.6917456,0.75174814,0.6851383,0.4560785,0.72320825
0.6876861,0.70183456,0.66853464,0.4391112,0.7290981
0.66495264,0.69344825,0.656956,0.4388176,0.677622
0.62868744,0.62856805,0.61316127,0.43333405,0.60782796
0.55020297,0.57458687,0.5505517,0.42939696,0.5636286
0.44763193,0.467633,0.4526411,0.41835886,0.45250213
0.36508796,0.36610043,0.36118114,0.4195002,0.37454882
0.30257103,0.31969893,0.31048155,0.42973045,0.34229428
0.27469555,0.2717594,0.26595804,0.42950797,0.31066722
0.2600812,0.25998953,0.26130262,0.42415056,0.29444063
0.2579161,0.26549232,0.2560093,0.4258136,0.35097742
0.28552097,0.28259173,0.27107447,0.42886302,0.37095147
0.35967523,0.3693389,0.3438174,0.4262419,0.3992797
0.48687416,0.47945896,0.4781211,0.42555296,0.56388927
0.55236804,0.5564598,0.5601913,0.42788202,0.6114646
0.5548038,0.57346094,0.54507697,0.42884743,0.5840307
0.5542625,0.5655106,0.55742353,0.4295777,0.61296415
0.5534506,0.5672992,0.5541793,0.43635976,0.568002
0.54154265,0.5501353,0.5507506,0.44512403,0.558738
0.5220568,0.55030775,0.5294088,0.44711348,0.56566805
0.5169147,0.5298865,0.5074386,0.44635925,0.54646206
0.5087957,0.5371436,0.5084761,0.45128974,0.5322545
0.5236806,0.5311251,0.4970889,0.4573514,0.5545847
0.59675235,0.60177773,0.53462833,0.4538117,0.6130066
0.63058186,0.6961125,0.6378894,0.44313988,0.68906206
0.6175913,0.6338163,0.6137134,0.4336753,0.70478964
0.58457375,0.6148479,0.60200703,0.4332944,0.6393797
0.54830855,0.5631597,0.53678775,0.43495184,0.5882757
0.48254398,0.49996412,0.47962818,0.42955026,0.5334116
0.402977,0.4135747,0.40184417,0.42894417,0.42045832
0.3269283,0.3282864,0.33422023,0.42819393,0.34848827
0.261705,0.28982133,0.27662373,0.42937493,0.3290869
0.23193505,0.23277844,0.2277997,0.43002254,0.28382558
0.21596752,0.21818975,0.22417738,0.42801207,0.30269754
0.21163735,0.21724921,0.2147827,0.42685533,0.34280992
0.22165088,0.21347913,0.22500625,0.42806923,0.36052978
0.25520974,0.25817633,0.26454073,0.42710105,0.3444553
0.3142084,0.2970807,0.33576787,0.42805877,0.44415957
0.38836265,0.3718376,0.37374818,0.43120694,0.47709018
0.4541272,0.46278942,0.42849082,0.4328244,0.50298375
0.49607578,0.48729897,0.48021215,0.43530715,0.51786965
0.50581867,0.51180756,0.5060195,0.43691143,0.5474368
0.4976996,0.50337505,0.50066364,0.44656414,0.50486904
0.47550744,0.502929,0.4827588,0.44529203,0.48922312
0.46630582,0.46727377,0.455693,0.4536816,0.4946218
0.46630582,0.47399515,0.45416686,0.45966595,0.48746055
0.4879567,0.4858083,0.4601122,0.45899713,0.5147693
0.5669824,0.5527395,0.50147307,0.45556828,0.54720485
0.597023,0.6619221,0.6095836,0.44496432,0.6171188
0.5767253,0.5880359,0.5756897,0.43869755,0.60858536
0.5437077,0.56448054,0.55686796,0.43716606,0.6082003
0.5082544,0.5151968,0.4990034,0.43510777,0.5823003
0.44682002,0.46455824,0.4436729,0.43295646,0.49143904
0.37618405,0.38851595,0.37192714,0.42894858,0.4155499
0.30311233,0.3076608,0.31155342,0.4280318,0.37124467
0.2511502,0.26120105,0.2527585,0.4274068,0.360721
0.2202977,0.21828413,0.22629355,0.42627224,0.26338416
0.20757781,0.19825631,0.21247955,0.42597902,0.27463794
0.20270637,0.19949725,0.21159841,0.4240532,0.3187225
0.20974289,0.19993067,0.2188869,0.4243546,0.33232915
0.23274696,0.23631883,0.25286576,0.42540658,0.33656693
0.27198917,0.2695097,0.3056015,0.43078977,0.40239382
0.33748308,0.3307975,0.33496654,0.42818102,0.4469688
0.41515562,0.4229302,0.3937491,0.43018275,0.50978327
0.47577807,0.46207404,0.45335788,0.42961508,0.51198965
0.5069012,0.49460548,0.49252066,0.43036497,0.5293785
0.5220568,0.5002346,0.506316,0.42872554,0.5119598
0.5236806,0.52905023,0.51079917,0.42754358,0.4835282
0.5074425,0.5110724,0.5077905,0.4336517,0.5053817
0.50257105,0.50658655,0.48609093,0.43898013,0.4707768
0.5166441,0.51401156,0.49734116,0.4408291,0.5244892
0.5918809,0.5796477,0.5278216,0.44001958,0.5705905
0.62219214,0.69501746,0.63335305,0.44190204,0.6552755
0.60649526,0.60149264,0.6002602,0.43705544,0.6298401
0.5734777,0.59292275,0.5859598,0.43700674,0.6297555
0.5328823,0.54161805,0.52724814,0.44050565,0.57770646
0.45953992,0.4834648,0.46698517,0.4394879,0.5041034
0.3780785,0.3938707,0.38180074,0.4378372,0.4160998
0.30879566,0.30567044,0.3112398,0.43971774,0.34496948
0.25196213,0.2608038,0.26427132,0.4376283,0.32705212
0.22679296,0.22202468,0.2242239,0.4378666,0.27388558
0.21461435,0.21410249,0.22304116,0.43586847,0.27200937
0.21434371,0.22105923,0.21873648,0.43650272,0.32256988
0.2376184,0.23111124,0.23319055,0.43919662,0.35311505
0.29797024,0.32471952,0.2972773,0.43928146,0.39760262
0.39052776,0.40435246,0.40367883,0.44442427,0.56381124
0.47090665,0.47272822,0.46626252,0.4444802,0.6004834
0.5207037,0.52784896,0.50911045,0.4457567,0.6007054
0.55372125,0.549857,0.5404594,0.44467846,0.6203358
0.56427604,0.5691672,0.5625395,0.4494479,0.5818696
0.55696887,0.56376225,0.5578197,0.44767815,0.576088
0.5426252,0.56687206,0.5383813,0.44525072,0.55997205
0.5307172,0.5419388,0.52129775,0.44622546,0.5633143
0.52341,0.5351834,0.51385,0.44610202,0.5519828
0.53477675,0.5372121,0.51321673,0.4462563,0.5919578
0.5872801,0.60458505,0.5446211,0.44541803,0.62688816
0.61542624,0.68045056,0.6204909,0.44394144,0.71868205
0.59512854,0.61921155,0.6146235,0.4426059,0.725057
0.5696888,0.58824706,0.58116543,0.44189754,0.66763073
0.5393775,0.54243696,0.5285211,0.44444972,0.605766
0.47821382,0.4908551,0.47963518,0.44319358,0.5565259
0.39215156,0.4091937,0.4087517,0.44293657,0.44713628
0.3150203,0.32278174,0.32618213,0.44176337,0.36314464
0.25196213,0.27239573,0.26973435,0.43868718,0.3395732
0.22462788,0.21531236,0.22452393,0.43591735,0.30684116
0.21569689,0.2110453,0.22149214,0.43297577,0.29235464
0.21542625,0.22241485,0.22294815,0.4311152,0.34574145
0.23599459,0.23329845,0.23656751,0.4283744,0.36406296
0.28795668,0.3250593,0.29403746,0.42708367,0.41241872
0.37347767,0.3959313,0.37666988,0.4242596,0.55782694
0.44627875,0.45720518,0.44101486,0.42118764,0.6125393
0.49715832,0.5034682,0.48044908,0.4216432,0.58962905
0.52584577,0.52630174,0.5153739,0.4216782,0.60993993
0.53477675,0.54603,0.5304414,0.42704654,0.5695316
0.5217862,0.53900343,0.5256688,0.43030882,0.56507814
0.49526387,0.5347959,0.5010035,0.4301531,0.56909853
0.4836265,0.50283575,0.47040635,0.43433744,0.54449695
0.4787551,0.502395,0.46922022,0.43868515,0.55198854
0.4871448,0.50154495,0.4685394,0.44097558,0.56813014
0.55372125,0.5669015,0.49319145,0.44117245,0.6212246
0.57618403,0.6546566,0.60005355,0.43774945,0.7127352
0.5377537,0.588417,0.5659393,0.43730116,0.72494954
0.5074425,0.5389571,0.5250625,0.4405422,0.66125005
0.4925575,0.5004326,0.47316247,0.43979317,0.6108285
0.46414074,0.4631826,0.441733,0.4414976,0.5563716
0.42462787,0.40739834,0.40724978,0.44281676,0.43845028
0.3721245,0.35858434,0.3756401,0.4422448,0.35057145
0.31718537,0.33196282,0.3306043,0.4423013,0.33455873
0.2925575,0.29137468,0.28818804,0.44314453,0.29237095
0.28092015,0.2841619,0.29074293,0.44777533,0.3012974
0.282544,0.2965529,0.28754774,0.4527189,0.3662138
0.28714478,0.31420356,0.30458426,0.45851526,0.3760965
0.31962112,0.381463,0.31688675,0.468161,0.42026842
0.36752367,0.43193468,0.3694706,0.47310024,0.56368124
0.43139377,0.45901787,0.4083502,0.47718057,0.60940397
0.48443842,0.51335835,0.46795493,0.48389262,0.6096524
0.49905276,0.54289114,0.5020528,0.4912603,0.63392705
0.49418133,0.542768,0.4941537,0.4996848,0.5837781
0.48443842,0.52704704,0.48006886,0.5042249,0.5913517
0.46738836,0.5195107,0.46809134,0.5087199,0.5601506
0.44303113,0.50173956,0.44848073,0.50958866,0.5809842
0.43139377,0.47991127,0.42181188,0.51613,0.5545681
0.4443843,0.47003838,0.4237724,0.5145889,0.6041122
0.5101488,0.5321929,0.4581391,0.51247716,0.60101736
0.5496617,0.62776136,0.54704845,0.50733674,0.719488
0.54560214,0.5830831,0.53384364,0.50396025,0.73443365
0.5345061,0.5664426,0.52663213,0.5067706,0.6944053
0.5217862,0.54020876,0.5076503,0.5065713,0.6237105
0.47550744,0.5041752,0.47517893,0.5045596,0.56424534
0.41786197,0.42620435,0.40693387,0.5023463,0.45565248
0.35696888,0.36274445,0.35445756,0.5038146,0.3524158
0.3098782,0.3223734,0.3040006,0.5011221,0.34391683
0.29526386,0.28293392,0.27680093,0.49670222,0.28552338
0.28741542,0.27786005,0.28826857,0.49451125,0.2887574
0.28822732,0.28625655,0.28383863,0.49072883,0.33858034
0.30473614,0.30721396,0.3000986,0.4854482,0.35639125
0.35209742,0.37782106,0.3422023,0.4879304,0.41887528
0.43572396,0.45149136,0.4165653,0.48093522,0.58421046
0.51312584,0.50073105,0.49301225,0.47832456,0.61181664
0.5661705,0.55917877,0.53437936,0.47361293,0.61218125
0.6067659,0.59037054,0.5728241,0.4722255,0.63153833
0.62760484,0.61762965,0.60504544,0.472631,0.5947857
0.6330176,0.6135658,0.615044,0.47762987,0.58210826
0.6262517,0.6402857,0.6124813,0.48764548,0.56434596
0.61921513,0.61082417,0.60285914,0.48854247,0.57190055
0.60838974,0.60631967,0.60192263,0.49408337,0.54855853
0.60866034,0.6064683,0.5931491,0.4928566,0.5946912
0.673613,0.66667897,0.61043394,0.48899713,0.6313592
0.7231394,0.7653362,0.70896566,0.48011398,0.72320825
0.72070366,0.7224829,0.6999742,0.46521977,0.7290981
0.68362653,0.7164128,0.67933154,0.45681727,0.677622
0.6384303,0.6437753,0.62611884,0.45154366,0.60782796
0.56211096,0.5859772,0.56666076,0.44704053,0.5636286
0.47821382,0.4873718,0.47647342,0.44090787,0.45250213
0.40649527,0.40529794,0.40478468,0.44331446,0.37454882
0.3564276,0.36384234,0.35556006,0.44699085,0.34229428
0.32476318,0.32488763,0.32866257,0.4382254,0.31066722
0.30798376,0.31137714,0.31248143,0.4354254,0.29444063
0.30717185,0.31562227,0.31128144,0.43461066,0.35097742
0.32530448,0.33586812,0.3346104,0.43539187,0.37095147
0.3856563,0.41634214,0.38270575,0.4410011,0.3992797
0.47036535,0.51137793,0.4743682,0.44762495,0.56388927
0.53721243,0.5543103,0.5267508,0.44812757,0.6114646
0.58078486,0.5950091,0.5691251,0.45560387,0.5840307
0.6021651,0.61901724,0.5987013,0.45774928,0.61296415
0.6005413,0.6311852,0.6067302,0.46975398,0.568002
0.59296346,0.5975542,0.5893202,0.48425242,0.558738
0.5783491,0.60526955,0.57663286,0.49533907,0.56566805
0.56725305,0.5772047,0.5579723,0.49161813,0.54646206
0.55886334,0.5768088,0.5488608,0.48836818,0.5322545
0.56373477,0.5788142,0.54298,0.48456118,0.5545847
0.6435724,0.63530844,0.5627143,0.48292074,0.6130066
0.7047361,0.74337727,0.6899329,0.4760907,0.68906206
0.6909337,0.70800364,0.6878514,0.466708,0.70478964
0.65602165,0.6852012,0.65275496,0.459445,0.6393797
0.617862,0.6265714,0.6014759,0.44895586,0.5882757
0.55020297,0.5638722,0.54510355,0.44407544,0.5334116
0.46874154,0.4706556,0.4649409,0.43101346,0.42045832
0.39052776,0.38674915,0.39380896,0.4305336,0.34848827
0.33152908,0.34447992,0.33341753,0.42652908,0.3290869
0.30581868,0.30520022,0.2961419,0.42110488,0.28382558
0.2933694,0.2928453,0.2964738,0.41922566,0.30269754
0.29309878,0.2928374,0.29423025,0.41332003,0.34280992
0.3014885,0.30354565,0.31266573,0.41174233,0.36052978
0.32638702,0.34607467,0.34531742,0.4102064,0.3444553
0.3729364,0.38019037,0.39230728,0.41892785,0.44415957
0.4368065,0.42874002,0.42267305,0.42398262,0.47709018
0.49688768,0.5167352,0.47931945,0.42642266,0.50298375
0.5426252,0.5366508,0.5232687,0.4234819,0.51786965
0.55372125,0.565661,0.5548265,0.43901902,0.5474368
0.54397833,0.5504128,0.5487376,0.4507152,0.50486904
0.5209743,0.5571096,0.5278903,0.46244496,0.48922312
0.4963464,0.5144392,0.5001458,0.47101164,0.4946218
0.48146144,0.506842,0.47616532,0.47795925,0.48746055
0.49066305,0.50610435,0.46922868,0.4783846,0.5147693
0.5664411,0.5613325,0.49909675,0.47456428,0.54720485
0.61515564,0.6734329,0.6132462,0.46473232,0.6171188
0.6,0.62308663,0.5994736,0.45710683,0.60858536
0.57023007,0.5936268,0.57472986,0.45201537,0.6082003
0.53315294,0.5495885,0.5293261,0.44121742,0.5823003
0.4728011,0.4926185,0.46756545,0.44408366,0.49143904
0.39810556,0.41194165,0.3960426,0.43110114,0.4155499
0.32882273,0.33301046,0.32803217,0.41872105,0.37124467
0.27415428,0.29909617,0.27705392,0.40190965,0.360721
0.24925575,0.25320977,0.24128899,0.3935939,0.26338416
0.2330176,0.23413752,0.23868443,0.398103,0.27463794
0.22868742,0.22819746,0.22802891,0.3919242,0.3187225
0.23410013,0.23418477,0.23953407,0.39290208,0.33232915
0.2579161,0.26342344,0.26682696,0.39336503,0.33656693
0.30121785,0.29673415,0.3182723,0.39396968,0.40239382
0.36292288,0.36154455,0.36038655,0.40933046,0.4469688
0.43031123,0.4498192,0.41201395,0.4120431,0.50978327
0.479567,0.47690243,0.46430382,0.41190663,0.51198965
0.50284165,0.5008883,0.49215424,0.4202485,0.5293785
0.50933695,0.49735978,0.5000186,0.42826104,0.5119598
0.50419486,0.5166606,0.49580806,0.43464142,0.4835282
0.49959403,0.49276057,0.4861585,0.44599202,0.5053817
0.5023004,0.5010894,0.48540795,0.45397857,0.4707768
0.5255751,0.51734304,0.49709547,0.4590956,0.5244892
0.6094723,0.5912482,0.5398067,0.45908707,0.5705905
0.64627874,0.7169892,0.6500958,0.4561532,0.6552755
0.6257104,0.6304355,0.6156362,0.4544256,0.6298401
0.5797023,0.6072971,0.5922858,0.45382687,0.6297555
0.5445196,0.5435133,0.5256508,0.44497922,0.57770646
0.45764548,0.49367407,0.47878748,0.4476249,0.5041034
0.37023005,0.38726938,0.36773586,0.45022038,0.4160998
0.3036536,0.29906946,0.30035523,0.4442529,0.34496948
0.25899863,0.2588196,0.26046282,0.4355132,0.32705212
0.2346414,0.23230696,0.23603784,0.4277444,0.27388558
0.22598106,0.21853493,0.22805129,0.4275658,0.27200937
0.23139377,0.23122634,0.23157336,0.41957992,0.32256988
0.26062247,0.24785566,0.25544035,0.41970524,0.35311505
0.31718537,0.34665984,0.3266187,0.4204322,0.39760262
0.41190797,0.4276166,0.42122075,0.40364054,0.56381124
0.4752368,0.49069348,0.4811663,0.4119424,0.6004834
0.5171854,0.5261666,0.50400925,0.41164848,0.6007054
0.5518268,0.54393905,0.5366582,0.41365266,0.6203358
0.57483083,0.5681156,0.5621015,0.41831535,0.5818696
0.57266575,0.57451516,0.5731142,0.42605937,0.576088
0.5526387,0.58050144,0.5556779,0.43144727,0.55997205
0.5477673,0.5498481,0.52964073,0.43675894,0.5633143
0.55074424,0.5546095,0.53750473,0.43856528,0.5519828
0.5686062,0.56686175,0.5450505,0.43897656,0.5919578
0.6535859,0.6415725,0.57928884,0.43326738,0.62688816
0.7339648,0.75389296,0.699263,0.42826006,0.71868205
0.72963464,0.74201167,0.717952,0.42461944,0.725057
0.70392424,0.71730644,0.6784309,0.42452356,0.66763073
0.6638701,0.66551036,0.64161825,0.42353106,0.605766
0.585115,0.60799515,0.5799408,0.43346745,0.5565259
0.50121784,0.5037575,0.4913458,0.44571275,0.44713628
0.42949933,0.43055445,0.42718738,0.4579678,0.36314464
0.3772666,0.38218063,0.37705863,0.4676418,0.3395732
0.35778078,0.34636694,0.34667665,0.47711763,0.30684116
0.34749663,0.33930644,0.3546388,0.48765415,0.29235464
0.35128552,0.35125774,0.35359702,0.49600855,0.34574145
0.3753721,0.38583368,0.3827252,0.5051284,0.36406296
0.44086602,0.46902627,0.44440657,0.5145028,0.41241872
0.53667116,0.57779104,0.5399574,0.51078653,0.55782694
0.5986468,0.6243529,0.57943326,0.521925,0.6125393
0.6365359,0.6504373,0.61533517,0.52864385,0.58962905
0.65737486,0.67328376,0.6498568,0.54139924,0.60993993
0.66657645,0.6921597,0.6615213,0.5468904,0.5695316
0.6579161,0.6720006,0.6611361,0.55307066,0.56507814
0.63707715,0.6844751,0.64231485,0.55678844,0.56909853
0.62598103,0.645902,0.62000704,0.5580548,0.54449695
0.61380243,0.6455418,0.61593366,0.55612844,0.55198854
0.6105548,0.6443698,0.6008047,0.55110884,0.56813014
0.6806495,0.7038587,0.60830927,0.54565024,0.6212246
0.7317997,0.7991502,0.7252128,0.5365834,0.7127352
0.6985115,0.7545744,0.7130507,0.5254235,0.72494954
0.6451962,0.70674175,0.6633349,0.5217351,0.66125005
0.6002706,0.63492715,0.59489703,0.5163599,0.6108285
0.55155617,0.56558084,0.53378135,0.5104126,0.5563716
0.49905276,0.4993793,0.48459017,0.5043591,0.43845028
0.4541272,0.44813868,0.44224167,0.50483286,0.35057145
0.40162382,0.40942144,0.41481322,0.5005264,0.33455873
0.3686062,0.40952367,0.36747372,0.49225524,0.25858754
0.34479025,0.38113356,0.3569437,0.49234238,0.27220047
0.3361299,0.3771886,0.34263277,0.4831818,0.31658474
0.34262517,0.40269944,0.35102683,0.48143288,0.33559644
0.36806494,0.4637662,0.37324217,0.4751924,0.3818151
0.40405953,0.52224195,0.40933394,0.4774956,0.52016085
0.4384303,0.527488,0.4376858,0.48106965,0.5780229
0.48525032,0.5498588,0.46501273,0.46735102,0.58138716
0.5290934,0.5794043,0.5099688,0.47403082,0.6058535
0.55155617,0.62025654,0.5404168,0.4873374,0.5989489
0.55886334,0.61769164,0.5449267,0.49360403,0.6118075
0.5615697,0.6402608,0.54343176,0.50099576,0.5958765
0.55047363,0.6184889,0.54538006,0.5035223,0.6034588
0.5420839,0.60246664,0.5262657,0.5074716,0.5733265
0.5496617,0.5996063,0.52634996,0.50295615,0.59923226
0.6384303,0.65172064,0.5503832,0.50131875,0.6232052
0.7063599,0.8019362,0.6798745,0.49604893,0.68869334
0.6993234,0.76030517,0.670337,0.4881495,0.71180487
0.6687415,0.73185134,0.6427506,0.47749552,0.6748505
0.62516916,0.67326224,0.6124043,0.4712441,0.60825056
0.55399185,0.6172278,0.5502339,0.46600947,0.5502011
0.4692828,0.5255345,0.46634656,0.46489975,0.43519837
0.40730718,0.43844002,0.38779697,0.47097316,0.36519015
0.37158322,0.4084078,0.35073328,0.47787616,0.3233055
0.35399187,0.36958995,0.3387834,0.47320837,0.27559313
0.34397835,0.36394668,0.33854163,0.47843665,0.28219196
0.3480379,0.36972618,0.3415104,0.4738292,0.3187241
0.38024357,0.40620947,0.36926344,0.47700515,0.34039468
0.44871446,0.4823097,0.43860272,0.4758387,0.38018584
0.55696887,0.60016775,0.52891755,0.4857665,0.5312262
0.62598103,0.6685066,0.60375303,0.4976108,0.5795035
0.65764546,0.72057897,0.6348507,0.49840036,0.58482486
0.6895805,0.7247808,0.662869,0.50511926,0.6070305
0.7063599,0.75316656,0.69205284,0.51762486,0.59960884
0.72070366,0.74222416,0.6981963,0.52681667,0.6078521
0.71745604,0.7897019,0.7083308,0.53646725,0.5881395
0.7188092,0.7615181,0.69575244,0.54217744,0.59927183
0.7150203,0.7570912,0.70524573,0.5484638,0.5737729
0.7112314,0.7564555,0.6981523,0.55087805,0.5964381
0.7734777,0.807503,0.7036343,0.55317307,0.6288312
0.8300406,0.92761314,0.80626583,0.5531428,0.69181067
0.81082547,0.88085407,0.8008152,0.55354446,0.70612425
0.7661705,0.8437305,0.7455554,0.5494633,0.67628115
0.71935046,0.7680891,0.69704354,0.54800606,0.60838765
0.64113665,0.7135316,0.6395074,0.5454804,0.5529094
0.5577808,0.6230856,0.5493002,0.54893196,0.4324956
0.48768607,0.537807,0.4855436,0.5516888,0.38595736
0.44600812,0.5038778,0.4389119,0.5573067,0.34121758
0.4156969,0.46791142,0.4233221,0.558346,0.2875831
0.40270635,0.44160807,0.40409455,0.5582564,0.28313825
0.40405953,0.44823635,0.41300672,0.55479467,0.31691074
0.4270636,0.48509592,0.4341253,0.55374706,0.32962555
0.48470905,0.5619731,0.47989237,0.5516852,0.3787049
0.5696888,0.65596914,0.55044556,0.55061734,0.504371
0.6292287,0.7024486,0.61941385,0.5502031,0.5643098
0.670636,0.7355128,0.65280867,0.5499419,0.56169134
0.6979702,0.7490027,0.6875671,0.5497403,0.5872623
0.71420836,0.78290385,0.7017312,0.55053985,0.58226883
0.7117727,0.7642334,0.7069608,0.5519708,0.5855488
0.694452,0.7922453,0.6917587,0.5565709,0.58075666
0.67848444,0.7456885,0.6689763,0.5566138,0.57331663
0.6673884,0.7279179,0.6543869,0.5549004,0.5641412
0.6660352,0.723774,0.6454676,0.55505204,0.570781
0.7285521,0.7674641,0.6525574,0.5515353,0.62232083
0.7870095,0.88469404,0.7560116,0.5442971,0.65625
0.7810555,0.84627485,0.7669709,0.5329807,0.6808349
0.74316645,0.8216683,0.7241382,0.5299612,0.64487606
0.7066306,0.75505394,0.67839485,0.52638507,0.5871614
0.6443843,0.71073765,0.6316289,0.52320695,0.5357482
0.5680649,0.62138027,0.5580754,0.5226786,0.4238578
0.50040597,0.55233353,0.49204648,0.5236659,0.3602403
0.44465494,0.51478803,0.4460647,0.5230576,0.32490414
0.41921514,0.47385666,0.4061442,0.5298978,0.28615093
0.4046008,0.44242173,0.40789753,0.5317689,0.2866708
0.405954,0.46296227,0.40324283,0.53645563,0.30376023
0.41975644,0.4935033,0.4239266,0.54929054,0.3170856
0.44627875,0.53803205,0.45250228,0.5577706,0.30664545
0.4985115,0.5854119,0.4843723,0.56248724,0.40407193
0.5512855,0.6469007,0.5388544,0.5676209,0.4462031
0.608931,0.69330674,0.5802105,0.5704597,0.50491846
0.64411366,0.70969665,0.6322684,0.5719352,0.518377
0.65060896,0.7340512,0.6483457,0.57755107,0.53163236
0.6400541,0.6973646,0.63810694,0.5896666,0.52591074
0.6159675,0.7148543,0.61888266,0.58576715,0.50585717
0.58592695,0.6645192,0.5906858,0.57677233,0.51595175
0.56914747,0.63409853,0.55909175,0.5641316,0.504819
0.57401896,0.63573706,0.55214727,0.55776715,0.5191477
0.64573747,0.6832302,0.57030594,0.53217494,0.5306526
0.70933694,0.81041044,0.68089366,0.51220393,0.6141028
0.6917456,0.778611,0.69056696,0.481741,0.6164256
0.6541272,0.7243237,0.6429735,0.46928748,0.5940973
0.62056834,0.6671394,0.60548353,0.44318816,0.5403499
0.5564276,0.6232635,0.5534862,0.41410208,0.49285418
0.4917456,0.52887666,0.46913213,0.3938573,0.4036836
0.4265223,0.45788455,0.42210087,0.37099415,0.3604636
0.37320703,0.43007466,0.36861432,0.35488445,0.32472196
0.3428958,0.3803544,0.33363605,0.35240147,0.24250582
0.31962112,0.34738323,0.32406965,0.3353802,0.26213664
0.3188092,0.35057816,0.3072141,0.32506406,0.28292337
0.32584575,0.36971155,0.3313451,0.3258432,0.28827098
0.3488498,0.41100037,0.3497954,0.33465558,0.28291696
0.38836265,0.43567252,0.39145824,0.3416604,0.34446537
0.43734777,0.49667433,0.42995855,0.36050326,0.40116233
0.4895805,0.5656697,0.47313002,0.37723488,0.475389
0.5271989,0.58195174,0.515268,0.39682984,0.4810624
0.5339648,0.59601617,0.535593,0.42796892,0.51056737
0.52530444,0.56876755,0.5257903,0.46007034,0.51493716
0.50960755,0.58675647,0.5088947,0.4850681,0.5000002
0.49580514,0.54619277,0.49067074,0.495641,0.52379787
0.48606226,0.5390859,0.4797774,0.49827012,0.4874617
0.5074425,0.5528229,0.47389185,0.49582437,0.5131781
0.5932341,0.61566913,0.52066296,0.4834667,0.5503501
0.65981054,0.75607145,0.6335342,0.46778187,0.6261486
0.6397835,0.7103934,0.63671994,0.44541553,0.6168363
0.5924222,0.6564923,0.5889874,0.451924,0.59659165
0.54560214,0.5924721,0.54168755,0.45078906,0.5339667
0.46143436,0.534491,0.4748587,0.43400615,0.47591573
0.37753722,0.42676204,0.37157136,0.4309496,0.3892145
0.3166441,0.3407727,0.30472207,0.41079405,0.31914783
0.27631935,0.3082398,0.26806,0.40056407,0.2993342
0.25304466,0.2689163,0.24625544,0.3870343,0.23976499
0.2435724,0.2526933,0.23858288,0.36588302,0.26611286
0.24682003,0.26084152,0.24403344,0.36209843,0.30139014
0.267659,0.28074974,0.26531062,0.35488534,0.3330831
0.33396482,0.3648193,0.3193708,0.34196627,0.357293
0.44546685,0.46830583,0.43424958,0.33247223,0.50556165
0.51096076,0.5415629,0.5144176,0.34852707,0.56502765
0.535318,0.57502294,0.525063,0.35307074,0.5762795
0.5545331,0.5709299,0.54349744,0.34648687,0.5923046
0.56075776,0.6000173,0.5565014,0.37620616,0.58487976
0.5661705,0.582688,0.5538184,0.40388635,0.5955886
0.5545331,0.6121073,0.5549311,0.43688813,0.5904692
0.5450609,0.5746195,0.53543526,0.44101363,0.5933203
0.53504735,0.5685804,0.53140414,0.43047458,0.568776
0.5464141,0.5700074,0.5256876,0.42983565,0.5904865
0.6081191,0.62830883,0.5621256,0.42548972,0.62634504
0.66955346,0.7435034,0.6464017,0.41382623,0.6909324
0.6600812,0.7098412,0.6569313,0.4065099,0.70208323
0.62354535,0.66645736,0.6097188,0.40279183,0.6695058
0.5802436,0.60447395,0.5634665,0.39875597,0.5915301
0.50392425,0.55160475,0.5058119,0.3965183,0.541408
0.4216509,0.454009,0.42000747,0.39156294,0.42051682
0.36129904,0.3749635,0.35506266,0.39011335,0.3717835
0.32584575,0.3479532,0.32047948,0.38850692,0.33168256
0.3060893,0.32123348,0.30589396,0.3876226,0.2649789
0.3001353,0.30677143,0.30015224,0.38957366,0.2711804
0.30690122,0.32254553,0.31095207,0.3893399,0.2930753
0.34181327,0.3565127,0.3397844,0.39753395,0.3368262
0.42435724,0.45541257,0.4147331,0.4016298,0.37775666
0.56075776,0.5770614,0.5156968,0.40844277,0.50094086
0.61461437,0.6677662,0.6134007,0.43584597,0.5691351
0.61840326,0.67575234,0.6124414,0.4621716,0.56617945
0.62381595,0.6595223,0.61592865,0.47719702,0.5814076
0.63193506,0.6854492,0.62011755,0.4875862,0.5754366
0.6338295,0.665878,0.6240903,0.49803463,0.58736056
0.6284168,0.6975018,0.618496,0.51402533,0.5886939
0.62679297,0.66435,0.6104237,0.52287436,0.57375723
0.6230041,0.662514,0.61282885,0.52055615,0.5648638
0.6351827,0.67305493,0.61031836,0.52281106,0.57306147
0.7069012,0.7336923,0.64281195,0.5226767,0.63040054
0.78376186,0.8578972,0.74732244,0.5219085,0.676156
0.7815968,0.83659214,0.76433915,0.5268594,0.6990598
0.75372124,0.8055448,0.71679306,0.52727485,0.6677068
0.71069014,0.7480106,0.68647015,0.52208185,0.5889097
0.63545334,0.69196755,0.6257319,0.52522063,0.5400761
0.5410014,0.5914535,0.5419544,0.5258144,0.4267465
0.47198918,0.5025326,0.45913103,0.52797496,0.3610276
0.42625168,0.4629758,0.42263213,0.52620065,0.3245837
0.4008119,0.4373999,0.3971001,0.52155703,0.25858754
0.3948579,0.41663182,0.3897157,0.52172446,0.27220047
0.3962111,0.42721748,0.4057471,0.51873136,0.31658474
0.4265223,0.4688946,0.42272046,0.5144187,0.33559644
0.49986467,0.5474121,0.4985596,0.5084975,0.3818151
0.63193506,0.6628859,0.5888636,0.50418174,0.52016085
0.68335587,0.74885863,0.67758566,0.5004333,0.5780229
0.67983764,0.74947816,0.6772724,0.49679872,0.58138716
0.67171854,0.7340177,0.6766747,0.49564722,0.6058535
0.6600812,0.7338169,0.6685178,0.5051013,0.5989489
0.6435724,0.7036199,0.65190756,0.5147029,0.6118075
0.62138027,0.7185979,0.63014156,0.5236384,0.5958765
0.6105548,0.673334,0.60514486,0.52778304,0.6034588
0.6021651,0.6646221,0.59913397,0.5283873,0.5733265
0.608931,0.6630392,0.58844924,0.53039193,0.59923226
0.6792964,0.7221976,0.60859346,0.52193385,0.6232052
0.7556157,0.8462394,0.7190526,0.51412517,0.68869334
0.7558863,0.8180197,0.74634075,0.49883565,0.71180487
0.72990525,0.79444903,0.70395535,0.48968378,0.6748505
0.68822736,0.7397367,0.67667985,0.48851365,0.60825056
0.60703653,0.67654973,0.6036643,0.48195508,0.5502011
0.5139378,0.5672887,0.50485027,0.47577804,0.43519837
0.43978348,0.48041072,0.43148857,0.4759901,0.36519015
0.4008119,0.43520272,0.38448516,0.4747974,0.3233055
0.37672532,0.40078086,0.3728912,0.47025046,0.27559313
0.36752367,0.3857998,0.35904896,0.4691613,0.28219196
0.37104195,0.3878984,0.36569384,0.4672104,0.3187241
0.3983762,0.43252736,0.38814792,0.46436784,0.34039468
0.47902572,0.49789137,0.45132247,0.46020785,0.38018584
0.6129905,0.6345266,0.57883364,0.4534736,0.5312262
0.6568335,0.72596353,0.65814096,0.45042065,0.5795035
0.6470907,0.7232812,0.6379056,0.4491325,0.58482486
0.6416779,0.7004431,0.6379067,0.4491226,0.6070305
0.6384303,0.6949971,0.6345389,0.46825683,0.59960884
0.62543976,0.673884,0.63029283,0.48568293,0.6078521
0.59972936,0.6915937,0.6091292,0.49638605,0.5881395
0.58917457,0.64721644,0.5799022,0.50110984,0.59927183
0.5797023,0.63468856,0.5784862,0.5001244,0.5737729
0.588092,0.6336918,0.565643,0.50346553,0.5964381
0.6516915,0.69202226,0.5926447,0.49849632,0.6288312
0.7315291,0.8072435,0.68988585,0.491684,0.69181067
0.7320704,0.79181635,0.7249273,0.4804295,0.70612425
0.70933694,0.76726276,0.67637265,0.45933455,0.67628115
0.6700947,0.71384376,0.6535043,0.45735222,0.60838765
0.5932341,0.6560026,0.58401227,0.45232072,0.5529094
0.5087957,0.5663933,0.49371025,0.45279187,0.4324956
0.44871446,0.47203854,0.4309405,0.4566339,0.38595736
0.4113667,0.45050615,0.40098053,0.45806983,0.34121758
0.39648172,0.42247593,0.38145238,0.4605339,0.2875831
0.38349122,0.40814042,0.38511366,0.46690318,0.28313825
0.38863328,0.4140594,0.37779003,0.4706711,0.31691074
0.41326118,0.4510997,0.40935037,0.47164527,0.32962555
0.4863329,0.52981734,0.4612713,0.47189942,0.3787049
0.60866034,0.641987,0.56936634,0.4677466,0.504371
0.66495264,0.71290904,0.6460526,0.46543202,0.5643098
0.6565629,0.72314465,0.6531287,0.46671253,0.56169134
0.6554804,0.69501483,0.64167255,0.46444842,0.5872623
0.6608931,0.7112265,0.6482799,0.4795824,0.58226883
0.655751,0.6881885,0.6518787,0.49186924,0.5855488
0.6311231,0.70913726,0.6384152,0.50118804,0.58075666
0.61921513,0.66187495,0.6073351,0.5061413,0.57331663
0.5959405,0.65494615,0.6061145,0.5080565,0.5641412
0.5867388,0.6410812,0.57200426,0.5128169,0.570781
0.6351827,0.6791453,0.5861403,0.513367,0.62232083
0.68362653,0.7783955,0.6740491,0.5048076,0.65625
0.6692828,0.7349871,0.6722169,0.49120092,0.6808349
0.6308525,0.6974377,0.6242515,0.4592934,0.64487606
0.58917457,0.63598937,0.5792242,0.43889576,0.5871614
0.52151555,0.576892,0.5214686,0.4241644,0.5357482
0.45169148,0.48474926,0.4436093,0.40466356,0.4238578
0.38105547,0.41463166,0.39230722,0.4005871,0.3602403
0.3201624,0.37240776,0.3325252,0.38868278,0.32490414
0.29201624,0.32026592,0.28553176,0.37557065,0.28615093
0.27415428,0.2938069,0.2824193,0.36981928,0.2866708
0.27036536,0.29823488,0.26796436,0.36529803,0.30376023
0.27848443,0.3007629,0.27849114,0.36043367,0.3170856
0.3036536,0.34881145,0.30452955,0.36098546,0.30664545
0.35317996,0.37670523,0.35189825,0.37272033,0.40407193
0.41326118,0.43767935,0.396994,0.38668093,0.4462031
0.48227334,0.5123985,0.44696707,0.4071574,0.50491846
0.5361299,0.5448445,0.50995696,0.41064298,0.518377
0.55913395,0.59438926,0.5462545,0.4237,0.53163236
0.5664411,0.5806522,0.54994714,0.43257743,0.52591074
0.5564276,0.6156521,0.5478252,0.44070643,0.50585717
0.544249,0.5741764,0.53184205,0.44702932,0.51595175
0.5285521,0.5697915,0.5215228,0.44430974,0.504819
0.5304465,0.5688869,0.5085048,0.45461133,0.5191477
0.57428956,0.6133383,0.5322241,0.45162615,0.5306526
0.60162383,0.7077229,0.5992727,0.44915956,0.6141028
0.57428956,0.64505154,0.5888312,0.44837207,0.6164256
0.52801085,0.5872351,0.5379869,0.4484361,0.5940973
0.48687416,0.52639604,0.4798762,0.4357368,0.5403499
0.42273343,0.47378427,0.42730707,0.43663162,0.49285418
0.36048713,0.3957488,0.35384467,0.43039966,0.4036836
0.30284166,0.32397357,0.30633676,0.42695203,0.3604636
0.25277403,0.2945467,0.26292965,0.4363855,0.32472196
0.21136671,0.24796739,0.22778346,0.4245517,0.24250582
0.19377537,0.20523976,0.19678925,0.42049152,0.26213664
0.18809202,0.21068642,0.19710717,0.4183262,0.28292337
0.19485791,0.21296111,0.20383386,0.4088796,0.28827098
0.21786198,0.24243715,0.2315873,0.40518898,0.28291696
0.26332882,0.28041935,0.27401388,0.399509,0.34446537
0.3142084,0.34879994,0.3222357,0.3991953,0.40116233
0.37997293,0.4213412,0.36336496,0.3998719,0.475389
0.4257104,0.45219636,0.41764992,0.40273842,0.4810624
0.4519621,0.47603968,0.4396873,0.40921342,0.51056737
0.45520973,0.48211405,0.44959974,0.41531152,0.51493716
0.45602164,0.49591225,0.43788463,0.416108,0.5000002
0.45060894,0.4772034,0.4386051,0.41972217,0.52379787
0.44627875,0.47535527,0.4315737,0.4145545,0.4874617
0.46224627,0.4900158,0.4359097,0.42400563,0.5131781
0.5396482,0.55556554,0.47572023,0.42246252,0.5503501
0.61001354,0.67807,0.58273137,0.4202227,0.6261486
0.5959405,0.6491557,0.6021949,0.41961676,0.6168363
0.55209744,0.6019503,0.5500699,0.42282435,0.59659165
0.50392425,0.5355811,0.4995488,0.42428783,0.5339667
0.4248985,0.47570908,0.4368465,0.42315483,0.47591573
0.3526387,0.38189328,0.34622833,0.42307636,0.3892145
0.2933694,0.3027076,0.29278272,0.4225845,0.31914783
0.25629228,0.27029684,0.25138542,0.4330939,0.2993342
0.23734777,0.24319687,0.23631708,0.43473306,0.23976499
0.23139377,0.23221844,0.23565228,0.43377036,0.26611286
0.23897158,0.24556436,0.24080268,0.4324352,0.30139014
0.26820028,0.2727095,0.26493248,0.42488185,0.3330831
0.34939107,0.36776292,0.33178455,0.42267066,0.357293
0.48741543,0.48206788,0.46868816,0.41891792,0.50556165
0.5399188,0.5823328,0.55886805,0.41906992,0.56502765
0.5277402,0.5970628,0.5422478,0.41695946,0.5762795
0.5223275,0.5612556,0.5304616,0.42612466,0.5923046
0.5201624,0.565716,0.52599585,0.43512607,0.58487976
0.5066306,0.54831195,0.5181647,0.44497654,0.5955886
0.49526387,0.55137825,0.49489266,0.45306563,0.5904692
0.49282816,0.5259823,0.48284712,0.4574219,0.5933203
0.48606226,0.52503955,0.4852148,0.45900604,0.568776
0.48985115,0.5271352,0.47847205,0.4606392,0.5904865
0.55372125,0.57494974,0.5053465,0.46240184,0.62634504
0.62895805,0.6969957,0.61113,0.45977136,0.6909324
0.6243572,0.6808594,0.6312888,0.4537609,0.70208323
0.58971584,0.6329,0.58586705,0.45105258,0.6695058
0.5426252,0.57128906,0.53976333,0.45086125,0.5915301
0.45981055,0.5122167,0.47216475,0.44630867,0.541408
0.37158322,0.4098707,0.37807158,0.44530982,0.42051682
0.3090663,0.32329902,0.30586505,0.441196,0.3717835
0.25981057,0.2885242,0.27033347,0.4425829,0.33168256
0.23491204,0.25056437,0.23250748,0.43662816,0.2649789
0.21921515,0.23562747,0.22690932,0.43423197,0.2711804
0.22083898,0.24078822,0.21992286,0.42464826,0.2930753
0.25006765,0.25782445,0.24583495,0.41773987,0.3368262
0.3255751,0.35580906,0.32576492,0.41460884,0.37775666
0.45223275,0.46794724,0.45263287,0.41237232,0.50094086
0.51907986,0.54970044,0.510761,0.411925,0.5691351
0.51989174,0.56672823,0.52393204,0.4110432,0.56617945
0.5328823,0.54526144,0.52054137,0.4151435,0.5814076
0.54181325,0.5806291,0.5369009,0.41990048,0.5754366
0.54154265,0.5649395,0.53780323,0.42442417,0.58736056
0.5393775,0.58891845,0.52997684,0.424981,0.5886939
0.53883624,0.5637988,0.526598,0.42511407,0.57375723
0.52584577,0.5619684,0.52691334,0.42886645,0.5648638
0.5374831,0.56249493,0.51020145,0.42744282,0.57306147
0.5918809,0.62081516,0.55521995,0.42856562,0.63040054
0.6330176,0.72675806,0.631865,0.42517316,0.676156
0.6211096,0.67284757,0.62966627,0.4200719,0.6990598
0.58782136,0.63483757,0.5849135,0.41908908,0.6677068
0.54397833,0.5740063,0.53246194,0.41928512,0.5889097
0.46062246,0.51382047,0.47294897,0.4195011,0.5400761
0.37077132,0.40685803,0.37874377,0.4212049,0.4267465
0.30311233,0.31878424,0.3063654,0.42261553,0.3610276
0.26062247,0.28345942,0.2638032,0.43044037,0.3245837
0.23220569,0.25339067,0.2416445,0.4288266,0.25858754
0.22841679,0.23580104,0.2239337,0.42768076,0.27220047
0.23328823,0.25365514,0.24214406,0.42179376,0.31658474
0.2600812,0.2840249,0.2634428,0.41554123,0.33559644
0.34154263,0.3627593,0.3314499,0.4188434,0.3818151
0.46711773,0.4840013,0.452338,0.41107267,0.52016085
0.5188092,0.5713757,0.52124393,0.41346467,0.5780229
0.51096076,0.5733423,0.5239036,0.41511476,0.58138716
0.50798374,0.54966366,0.51349,0.42001498,0.6058535
0.5017591,0.5575455,0.51041585,0.43271354,0.5989489
0.4895805,0.5347475,0.49581885,0.4461895,0.6118075
0.47415426,0.53844774,0.47625968,0.45087233,0.5958765
0.47063598,0.50934356,0.4569232,0.456832,0.6034588
0.4714479,0.5073724,0.45868635,0.45969567,0.5733265
0.48010826,0.5114254,0.4637813,0.46040002,0.59923226
0.53721243,0.57097167,0.48894,0.45524022,0.6232052
0.6230041,0.67579156,0.58534956,0.45071983,0.68869334
0.6262517,0.67576736,0.638451,0.4442034,0.71180487
0.5932341,0.64242435,0.5856776,0.4398393,0.6748505
0.5518268,0.5811497,0.53724146,0.43176967,0.60825056
0.47577807,0.5214833,0.4782195,0.4234656,0.5502011
0.38782138,0.42357612,0.39187315,0.4221923,0.43519837
0.32232746,0.338243,0.3189577,0.41981795,0.36519015
0.2774019,0.3062806,0.2805086,0.42273918,0.3233055
0.25520974,0.2758237,0.25288877,0.42177474,0.27559313
0.24898511,0.26162446,0.24889813,0.42107642,0.28219196
0.25169146,0.2775279,0.25671837,0.42017528,0.3187241
0.28308526,0.2969088,0.27473965,0.41898614,0.34039468
0.3610284,0.3840593,0.3580354,0.41981456,0.38018584
0.49120432,0.49789596,0.48205674,0.4116939,0.5312262
0.5548038,0.57985264,0.5434462,0.41085953,0.5795035
0.5585927,0.6076798,0.55151856,0.40555203,0.58482486
0.5683356,0.58779275,0.55742586,0.40832987,0.6070305
0.57699597,0.60305023,0.5686978,0.42221892,0.59960884
0.57753724,0.593284,0.57285047,0.43283486,0.6078521
0.5677943,0.62233984,0.5664513,0.44037333,0.5881395
0.55886334,0.5937475,0.5529026,0.44813636,0.59927183
0.5518268,0.5808859,0.5461814,0.4538294,0.5737729
0.55399185,0.5874318,0.54329073,0.4603772,0.5964381
0.5986468,0.63232535,0.56139696,0.4598952,0.6288312
0.65142083,0.7271039,0.64208233,0.4616211,0.69181067
0.6484438,0.69790715,0.65538,0.4614633,0.70612425
0.6173207,0.6646972,0.60766,0.45850477,0.67628115
0.57239515,0.6046364,0.5635923,0.4521827,0.60838765
0.4947226,0.543735,0.5014384,0.44221553,0.5529094
0.4046008,0.45206162,0.4134599,0.4414496,0.4324956
0.33315292,0.3527002,0.3364832,0.43708497,0.38595736
0.2866035,0.32186306,0.28992787,0.4360346,0.34121758
0.26522326,0.28284496,0.26407155,0.4332605,0.2875831
0.2533153,0.27322507,0.26084077,0.42986095,0.28313825
0.25304466,0.2796685,0.25727785,0.43057477,0.31691074
0.2806495,0.29824814,0.27716398,0.43209705,0.32962555
0.35236806,0.38941163,0.34841937,0.42571768,0.3787049
0.48173207,0.4963222,0.45342737,0.4281989,0.504371
0.5426252,0.5835328,0.54532784,0.43138367,0.5643098
0.5450609,0.60106474,0.5471,0.42813104,0.56169134
0.54316646,0.58166623,0.546713,0.42845234,0.5872623
0.5423545,0.5943082,0.5424828,0.43426943,0.58226883
0.53342354,0.5720494,0.53533995,0.44026548,0.5855488
0.51258457,0.58057404,0.5179405,0.44299856,0.58075666
0.5001353,0.5445906,0.4907718,0.44882527,0.57331663
0.4863329,0.535798,0.48420155,0.45365906,0.5641412
0.48660353,0.525847,0.47028136,0.45594612,0.570781
0.53477675,0.5680475,0.4921661,0.45502412,0.62232083
0.6046008,0.66865176,0.58048415,0.45066378,0.65625
0.5978349,0.65751,0.62306005,0.44372153,0.6808349
0.56752366,0.6160193,0.5623219,0.4397932,0.64487606
0.535318,0.56461185,0.51994365,0.42947906,0.5871614
0.4744249,0.5158586,0.4728501,0.42600366,0.5357482
0.402977,0.43386304,0.40036634,0.42610735,0.4238578
0.341272,0.35411316,0.34157118,0.42153156,0.3602403
0.28687415,0.32833385,0.29929414,0.42036638,0.32490414
0.261705,0.27667332,0.25614014,0.4212728,0.28615093
0.24790257,0.25725067,0.25403896,0.41620484,0.2866708
0.24221921,0.27011794,0.24811037,0.41618055,0.30376023
0.2541272,0.26525703,0.25454566,0.41540936,0.3170856
0.28633288,0.32027185,0.29626352,0.4088999,0.30664545
0.34100136,0.35286105,0.35560662,0.4098397,0.40407193
0.41109607,0.42601982,0.38932908,0.4162151,0.4462031
0.46820027,0.5115074,0.44780618,0.4178046,0.50491846
0.5069012,0.5276635,0.48927355,0.42039406,0.518377
0.5185386,0.55996084,0.51481307,0.42898682,0.53163236
0.51962113,0.5412566,0.5113066,0.43784374,0.52591074
0.51231396,0.5619225,0.50525016,0.4450305,0.50585717
0.5017591,0.5302479,0.49484405,0.4496099,0.51595175
0.49580514,0.5264218,0.4841714,0.45771986,0.504819
0.50257105,0.5381414,0.4860341,0.46249732,0.5191477
0.5493911,0.58394426,0.5098968,0.46589443,0.5306526
0.614885,0.68256253,0.585153,0.46355,0.6141028
0.59837615,0.66743284,0.62129015,0.45731428,0.6164256
0.55696887,0.6040634,0.55275744,0.45727807,0.5940973
0.51447904,0.55129325,0.5087976,0.45007607,0.5403499
0.4511502,0.49390194,0.44980648,0.44744495,0.49285418
0.38457376,0.41844368,0.37718135,0.4445217,0.4036836
0.32124493,0.34050333,0.3242934,0.44139987,0.3604636
0.27550745,0.30975008,0.27444986,0.4393496,0.32472196
0.24790257,0.26660717,0.25005016,0.43888965,0.24250582
0.2316644,0.23950464,0.23885955,0.4341485,0.26213664
0.22868742,0.2448825,0.23274305,0.4309155,0.28292337
0.23410013,0.25188246,0.25032642,0.42777047,0.28827098
0.2571042,0.2887598,0.27744037,0.42184484,0.28291696
0.30040595,0.3194958,0.32072228,0.42021382,0.34446537
0.36725304,0.3855675,0.35765088,0.42177144,0.40116233
0.43707713,0.4812373,0.42042327,0.41987315,0.475389
0.48525032,0.5093425,0.47073996,0.4191256,0.4810624
0.5082544,0.53493756,0.4985475,0.4246697,0.51056737
0.51312584,0.53037584,0.5051537,0.4291154,0.51493716
0.51312584,0.55889225,0.4984787,0.43507347,0.5000002
0.5082544,0.53745174,0.4966701,0.43544605,0.52379787
0.50635993,0.53751945,0.491063,0.43964896,0.4874617
0.5044655,0.55699915,0.49695635,0.44211593,0.5131781
0.5461434,0.5935232,0.50441223,0.4431731,0.5503501
0.6027064,0.6838181,0.5833379,0.44294176,0.6261486
0.6,0.65065527,0.6070949,0.43774626,0.6168363
0.56048715,0.61315715,0.5625874,0.43920735,0.59659165
0.52449256,0.55758023,0.51072,0.43957654,0.5339667
0.45385656,0.5096799,0.46403927,0.44087592,0.47591573
0.38267928,0.42038208,0.377361,0.44101587,0.3892145
0.32638702,0.33850935,0.3215101,0.4415295,0.31914783
0.28552097,0.30763823,0.28583258,0.44110018,0.2993342
0.261705,0.27712148,0.26123026,0.44292435,0.23976499
0.25656292,0.26094276,0.25368342,0.44497922,0.26611286
0.2600812,0.27698773,0.2658746,0.44223353,0.30139014
0.2866035,0.2982093,0.28480148,0.44440627,0.3330831
0.34560215,0.39152437,0.34852052,0.43505377,0.357293
0.43870094,0.4836409,0.4272501,0.4358083,0.50556165
0.508525,0.5439402,0.4989283,0.43529177,0.56502765
0.5564276,0.5909332,0.53830343,0.43515056,0.5762795
0.5826793,0.6073892,0.5719759,0.43562505,0.5923046
0.5905277,0.63655084,0.5846024,0.4377153,0.58487976
0.58105546,0.61927897,0.57931864,0.43952283,0.5955886
0.5615697,0.62869906,0.5602772,0.4430396,0.5904692
0.55372125,0.5885116,0.53760016,0.4494715,0.5933203
0.55020297,0.58334124,0.5391288,0.44736022,0.568776
0.55236804,0.59099793,0.538458,0.4466485,0.5904865
0.6073072,0.6342951,0.5553601,0.44293356,0.62634504
0.6857916,0.74806947,0.6532273,0.44147265,0.6909324
0.6790257,0.7406408,0.6887801,0.4378516,0.70208323
0.6470907,0.6946766,0.6277461,0.43238336,0.6695058
0.605954,0.6376181,0.59343493,0.42838135,0.5915301
0.53667116,0.58781546,0.53510165,0.42543137,0.541408
0.46116373,0.4999447,0.45583507,0.42182654,0.42051682
0.40162382,0.42954475,0.39492124,0.42050534,0.3717835
0.36725304,0.40172234,0.3570366,0.42821017,0.33168256
0.3526387,0.37325168,0.3460137,0.44301018,0.2649789
0.34560215,0.36671633,0.34929967,0.45717683,0.2711804
0.3534506,0.379923,0.35349274,0.46810672,0.2930753
0.38376185,0.4160698,0.3864768,0.48097745,0.3368262
0.46549392,0.5096603,0.4461413,0.4873234,0.37775666
0.5956698,0.6264553,0.5500493,0.49648455,0.50094086
0.64763194,0.7122185,0.6477502,0.5045586,0.5691351
0.6489851,0.7224682,0.644858,0.51335764,0.56617945
0.6500677,0.7018175,0.64247215,0.52404654,0.5814076
0.65466845,0.7185034,0.64233065,0.53266263,0.5754366
0.6481732,0.69627005,0.6435933,0.535148,0.58736056
0.6381597,0.71732837,0.6295653,0.5421374,0.5886939
0.634912,0.6841358,0.620671,0.5554596,0.57375723
0.6292287,0.67924076,0.62176204,0.5576378,0.5648638
0.6405954,0.68736595,0.6140012,0.56335866,0.57306147
0.6928281,0.74468875,0.6468567,0.56427157,0.63040054
0.7661705,0.84976023,0.72454286,0.5624815,0.676156
0.7615697,0.8329821,0.75611496,0.56148934,0.6990598
0.7271989,0.7927919,0.69989955,0.5564225,0.6677068
0.68362653,0.7342668,0.6653341,0.5527184,0.5889097
0.60838974,0.6764217,0.6040137,0.5480597,0.5400761
0.5239513,0.57822794,0.51697266,0.53695416,0.4267465
0.45548037,0.49834618,0.44900858,0.5253645,0.3610276
0.4202977,0.4581921,0.40558404,0.52056026,0.3245837
0.40108255,0.44003803,0.3982577,0.51679415,0.25858754
0.394046,0.42424226,0.39063433,0.5129173,0.27220047
0.39675236,0.43239096,0.40005186,0.5112535,0.31658474
0.4292287,0.47543678,0.4219384,0.50769687,0.33559644
0.5101488,0.5555971,0.4931752,0.507686,0.3818151
0.637889,0.6786213,0.5911915,0.50557613,0.52016085
0.69066304,0.75813025,0.6803733,0.5048024,0.5780229
0.6925575,0.76521415,0.6835214,0.5029057,0.58138716
0.6963464,0.7514657,0.68507516,0.5044565,0.6058535
0.6960758,0.76506674,0.6906556,0.5134615,0.5989489
0.6757781,0.7434619,0.6836108,0.5242504,0.6118075
0.6625169,0.7539086,0.65291774,0.5314632,0.5958765
0.6554804,0.71851104,0.64697057,0.5420444,0.6034588
0.6405954,0.7087626,0.6393666,0.5447945,0.5733265
0.6397835,0.6996034,0.61844516,0.55150473,0.59923226
0.68335587,0.7517299,0.63546026,0.55349255,0.6232052
0.7699594,0.8457604,0.71115613,0.5486663,0.68869334
0.7759134,0.84520406,0.7711185,0.54330194,0.71180487
0.7453315,0.816619,0.71087813,0.5388945,0.6748505
0.70419484,0.7637068,0.6853844,0.5350828,0.60825056
0.6224628,0.70325655,0.6225904,0.5318706,0.5502011
0.53640056,0.59601176,0.52237993,0.53065336,0.43519837
0.4668471,0.5172067,0.45962504,0.528628,0.36519015
0.42543977,0.47781378,0.41523662,0.5270215,0.3233055
0.40622464,0.44517785,0.39692706,0.5259795,0.27559313
0.3991881,0.4331993,0.39454395,0.5248089,0.28219196
0.40838972,0.43610442,0.40003493,0.5235365,0.3187241
0.43707713,0.4917117,0.43114638,0.5227369,0.34039468
0.5139378,0.55584025,0.48642486,0.5207308,0.38018584
0.63734776,0.6850005,0.59644824,0.521325,0.5312262
0.6790257,0.76174307,0.6794606,0.5225102,0.5795035
0.6790257,0.76205236,0.66518104,0.520168,0.58482486
0.6719892,0.74665135,0.6721987,0.5212916,0.6070305
0.66143435,0.73605067,0.661252,0.5264456,0.59960884
0.6481732,0.70806783,0.64665186,0.534448,0.6078521
0.62354535,0.7248282,0.6310526,0.5420389,0.5881395
0.60649526,0.6836559,0.6008539,0.5519208,0.59927183
0.6024357,0.6584908,0.588256,0.5560902,0.5737729
0.60622466,0.6633133,0.5907057,0.55728334,0.5964381
0.6568335,0.7160153,0.6008063,0.5578618,0.6288312
0.74100137,0.81864315,0.69328123,0.54987,0.69181067
0.7453315,0.81869954,0.74086887,0.5380677,0.70612425
0.72070366,0.78528637,0.6843827,0.5286494,0.67628115
0.6841678,0.7319812,0.6642198,0.5181347,0.60838765
0.6005413,0.67626387,0.598955,0.5136486,0.5529094
0.5098782,0.57765925,0.49712485,0.50836456,0.4324956
0.4465494,0.48121822,0.4310289,0.49963835,0.38595736
0.40811908,0.45732778,0.39897782,0.4909688,0.34121758
0.39188093,0.42514935,0.3790751,0.48805484,0.2875831
0.38755074,0.41285884,0.37980187,0.48496145,0.28313825
0.39269283,0.4276986,0.38762328,0.48350635,0.31691074
0.41921514,0.464639,0.40812254,0.48796955,0.32962555
0.49607578,0.54456127,0.46701726,0.4849226,0.3787049
0.61867386,0.6597364,0.5795748,0.48793924,0.504371
0.6738836,0.7361798,0.6553543,0.49202046,0.5643098
0.6690122,0.7503833,0.66255474,0.49112168,0.56169134
0.6606225,0.726304,0.6537453,0.4957594,0.5872623
0.6516915,0.7308561,0.6488929,0.51307166,0.58226883
0.63572395,0.6986501,0.63771284,0.52837515,0.5855488
0.61326116,0.7057524,0.61619675,0.53738093,0.58075666
0.59972936,0.66526,0.59305626,0.54761124,0.57331663
0.58782136,0.65324074,0.58531976,0.5551839,0.5641412
0.5894452,0.6501489,0.5717442,0.5571673,0.570781
0.6294993,0.69303095,0.58988667,0.5589,0.62232083
0.70554805,0.78313243,0.6619924,0.5542505,0.65625
0.70257103,0.78127414,0.7086392,0.54711604,0.6808349
0.6719892,0.73950374,0.6469535,0.54400593,0.64487606
0.63870096,0.6882662,0.6179861,0.5367193,0.5871614
0.57564276,0.63559735,0.56313634,0.5315863,0.5357482
0.49959403,0.54737353,0.48834264,0.53611517,0.4238578
0.4316644,0.47216815,0.42890275,0.5256791,0.3602403
0.38430312,0.432297,0.38118082,0.51362455,0.32490414
0.35615698,0.39301425,0.3538804,0.5028231,0.28615093
0.33937752,0.3646528,0.3403055,0.4891506,0.2866708
0.33477673,0.37078562,0.33269894,0.47474664,0.30376023
0.3428958,0.37769842,0.3431276,0.4650812,0.3170856
0.37239513,0.4292238,0.3718,0.4493939,0.30664545
0.4284168,0.4701544,0.42715067,0.44056794,0.40407193
0.48930988,0.5340487,0.4687279,0.438708,0.4462031
0.5474966,0.59716433,0.51440346,0.43797052,0.50491846
0.58322054,0.6167503,0.56567407,0.4428273,0.518377
0.5905277,0.6486807,0.5856489,0.46526518,0.53163236
0.5826793,0.61911273,0.57922304,0.4839577,0.52591074
0.565088,0.64069736,0.56413615,0.49466172,0.50585717
0.5466847,0.59777987,0.54400116,0.49566045,0.51595175
0.53125846,0.5840843,0.52624977,0.49471238,0.504819
0.53125846,0.58662295,0.5140393,0.4901705,0.5191477
0.5680649,0.6279431,0.52894,0.48055473,0.5306526
0.62977,0.71269107,0.5918987,0.46705908,0.6141028
0.6140731,0.699218,0.6368448,0.4411548,0.6164256
0.573207,0.63620603,0.565331,0.43474552,0.5940973
0.5342355,0.5844147,0.5276676,0.42569304,0.5403499
0.47225982,0.5312363,0.47283876,0.41054845,0.49285418
0.40568337,0.45278665,0.3974341,0.41931623,0.4036836
0.34857917,0.3775325,0.34395313,0.42253718,0.3604636
0.3052774,0.3535782,0.3041786,0.42583114,0.32472196
0.27875507,0.30927476,0.27619833,0.42942154,0.24250582
0.27334234,0.2822453,0.26517054,0.42706698,0.26213664
0.27280107,0.2978233,0.27860594,0.42377293,0.28292337
0.28633288,0.30992568,0.28724292,0.41924927,0.28827098
0.3158322,0.360299,0.32219556,0.41700217,0.28291696
0.3677943,0.3904184,0.36304593,0.413459,0.34446537
0.42625168,0.4689864,0.41515857,0.40893286,0.40116233
0.4947226,0.55189997,0.46359348,0.41856217,0.475389
0.5393775,0.58062375,0.52081203,0.42909303,0.4810624
0.5491204,0.6051068,0.54330134,0.44325787,0.51056737
0.5526387,0.58178306,0.5341336,0.4580243,0.51493716
0.5488498,0.6119664,0.53460264,0.47184223,0.5000002
0.5342355,0.58555543,0.52783847,0.47843304,0.52379787
0.52828145,0.57542455,0.51010513,0.48583934,0.4874617
0.544249,0.590538,0.51752484,0.49349344,0.5131781
0.6040595,0.64250886,0.55346656,0.49574563,0.5503501
0.69201624,0.75329125,0.6344303,0.4996384,0.6261486
0.68389714,0.75380725,0.6864615,0.4952297,0.6168363
0.6414073,0.6955536,0.61722046,0.49973345,0.59659165
0.5918809,0.644221,0.5777849,0.5003219,0.5339667
0.50771314,0.58110714,0.5149469,0.49727908,0.47591573
0.43139377,0.478539,0.41649604,0.49841312,0.3892145
0.37158322,0.39275968,0.3643346,0.4993801,0.31914783
0.32990527,0.36880618,0.32484448,0.49927866,0.2993342
0.31150204,0.32881173,0.3022535,0.502542,0.23976499
0.30338296,0.31978786,0.3063022,0.5045173,0.26611286
0.30663058,0.33174488,0.30880466,0.5069616,0.30139014
0.32828146,0.3520667,0.3340094,0.50385845,0.3330831
0.40054128,0.43651277,0.3919608,0.49858257,0.357293
0.52963465,0.54291886,0.495744,0.49316868,0.50556165
0.5864682,0.63487256,0.5936233,0.47929898,0.56502765
0.59269285,0.6564477,0.5942613,0.47496238,0.5762795
0.60135317,0.6363848,0.5953448,0.46995324,0.5923046
0.605954,0.65272164,0.60236776,0.46940717,0.58487976
0.6046008,0.6334525,0.60031664,0.47204718,0.5955886
0.5905277,0.6591459,0.59156543,0.47548795,0.5904692
0.58322054,0.61828583,0.5709058,0.47054765,0.5933203
0.5677943,0.61073977,0.570747,0.46349037,0.568776
0.56914747,0.60724515,0.55095106,0.45002457,0.5904865
0.61840326,0.65765476,0.5758649,0.43445122,0.62634504
0.69742894,0.7611956,0.6570388,0.4320361,0.6909324
0.7023004,0.7579052,0.703356,0.42803466,0.70208323
0.6671177,0.7197724,0.6488798,0.42540824,0.6695058
0.6243572,0.66111124,0.60932803,0.41633323,0.5915301
0.54316646,0.60710883,0.55070996,0.41359693,0.541408
0.45466846,0.50587106,0.45430794,0.41315895,0.42051682
0.39133966,0.42239484,0.38203466,0.41612113,0.3717835
0.35074425,0.39100635,0.3468504,0.416438,0.33168256
0.32801083,0.35742098,0.32513228,0.4174135,0.2649789
0.32151556,0.341946,0.31710884,0.42369485,0.2711804
0.32503384,0.3566078,0.32776627,0.42673776,0.2930753
0.3661705,0.38751578,0.34835657,0.4357503,0.3368262
0.45223275,0.49215198,0.44006217,0.4437218,0.37775666
0.585115,0.6148132,0.54858357,0.45454708,0.50094086
0.6346414,0.69946665,0.6308894,0.45924702,0.5691351
0.6338295,0.69866174,0.6269153,0.47163,0.56617945
0.62733424,0.6797145,0.62931335,0.48275703,0.5814076
0.6232747,0.6908892,0.62048596,0.493129,0.5754366
0.5972936,0.66209537,0.6131071,0.50186515,0.58736056
0.57699597,0.66159475,0.57398415,0.5116557,0.5886939
0.57564276,0.62142295,0.5597575,0.51969457,0.57375723
0.5715832,0.6222987,0.5662327,0.52597684,0.5648638
0.57943165,0.6313019,0.55790013,0.5260459,0.57306147
0.6246279,0.685453,0.5848909,0.5175219,0.63040054
0.7136671,0.78053945,0.66040623,0.51111686,0.676156
0.7266576,0.78653675,0.7251369,0.5050479,0.6990598
0.70202976,0.7591724,0.6699385,0.4999877,0.6677068
0.65899867,0.7054905,0.6439403,0.49659398,0.5889097
0.5751015,0.64438176,0.57599604,0.49378005,0.5400761
0.4863329,0.53416216,0.47674406,0.49393842,0.4267465
0.4189445,0.45209873,0.41073507,0.49001536,0.3610276
0.37239513,0.41524607,0.36969805,0.48695794,0.3245837
0.35128552,0.38010812,0.34095398,0.48322996,0.25858754
0.3420839,0.36875874,0.34128255,0.48252276,0.27220047
0.34614342,0.37779158,0.34358793,0.47959065,0.31658474
0.37428957,0.41449568,0.36907208,0.4739417,0.33559644
0.45250338,0.49396425,0.4365326,0.46784058,0.3818151
0.5870095,0.6100369,0.558703,0.46809354,0.52016085
0.63410014,0.7006565,0.6340531,0.4598227,0.5780229
0.6292287,0.69655997,0.6198025,0.45552865,0.58138716
0.6248985,0.67995757,0.62284493,0.46344033,0.6058535
0.6094723,0.6836074,0.6191447,0.47210714,0.5989489
0.58971584,0.6535086,0.59678835,0.4857258,0.6118075
0.56752366,0.6577974,0.5748074,0.49421045,0.5958765
0.55751014,0.6207186,0.55250657,0.5029552,0.6034588
0.5526387,0.6126285,0.54697394,0.50771713,0.5733265
0.5577808,0.6138606,0.54218155,0.5084368,0.59923226
0.6056833,0.6661033,0.5589323,0.5092337,0.6232052
0.70040596,0.76420265,0.6448458,0.50663435,0.68869334
0.71745604,0.77703434,0.718502,0.49537432,0.71180487
0.6947226,0.75154626,0.66313183,0.48912403,0.6748505
0.6516915,0.70228255,0.6401044,0.48503265,0.60825056
0.5718539,0.6351831,0.5664954,0.47391573,0.5502011
0.4828146,0.53138757,0.47373265,0.47491223,0.43519837
0.4165088,0.44698948,0.40425953,0.47121426,0.36519015
0.3753721,0.4152066,0.36605093,0.46381906,0.3233055
0.35399187,0.37768698,0.34559,0.46314904,0.27559313
0.34830853,0.36619896,0.3394317,0.46736255,0.28219196
0.35236806,0.37509722,0.34939477,0.4565826,0.3187241
0.38700947,0.4161873,0.37006304,0.45554465,0.34039468
0.464682,0.49029323,0.44985214,0.45871523,0.38018584
0.5924222,0.6210879,0.56510574,0.45700154,0.5312262
0.64113665,0.702343,0.6334863,0.4614205,0.5795035
0.6284168,0.7074094,0.6242832,0.4557927,0.58482486
0.6159675,0.6804884,0.61672145,0.46149352,0.6070305
0.60135317,0.6674093,0.6066623,0.476454,0.59960884
0.5813261,0.6357107,0.5906334,0.48017636,0.6078521
0.5580514,0.6457058,0.5659168,0.490649,0.5881395
0.5518268,0.6074059,0.542437,0.49810708,0.59927183
0.5393775,0.5985421,0.54458225,0.4986306,0.5737729
0.5558863,0.59646374,0.523736,0.50191796,0.5964381
0.5916103,0.6602128,0.5717844,0.5005683,0.6288312
0.6820027,0.7396362,0.61690986,0.49924144,0.69181067
0.6925575,0.75599426,0.70693594,0.49113095,0.70612425
0.6690122,0.7233858,0.63901603,0.48225877,0.67628115
0.6308525,0.67117554,0.61650234,0.48299885,0.60838765
0.55209744,0.6103743,0.54977274,0.46725947,0.5529094
0.46901217,0.5196146,0.45549983,0.4668447,0.4324956
0.40433016,0.42288032,0.39680916,0.46601728,0.38595736
0.3594046,0.3987303,0.356371,0.44867745,0.34121758
0.329364,0.35696328,0.3279531,0.44223592,0.2875831
0.30933693,0.3322261,0.31070986,0.4482971,0.28313825
0.30581868,0.33407292,0.30123278,0.43188787,0.31691074
0.329364,0.3532579,0.31905577,0.42214268,0.32962555
0.40027064,0.4379425,0.3788967,0.42389512,0.3787049
0.52449256,0.5460942,0.50106615,0.41651833,0.504371
0.5813261,0.62427795,0.58549196,0.43055713,0.5643098
0.57943165,0.63846457,0.56936526,0.4276574,0.56169134
0.57483083,0.61816984,0.5747609,0.42708653,0.5872623
0.5713126,0.628907,0.57012254,0.4513097,0.58226883
0.5493911,0.6036015,0.5654553,0.45964965,0.5855488
0.5288227,0.6003554,0.5324578,0.47287777,0.58075666
0.52124494,0.56680954,0.5146951,0.48298708,0.57331663
0.5155616,0.56232715,0.5117319,0.4801797,0.5641412
0.5150203,0.56523204,0.50529265,0.47889063,0.570781
0.5464141,0.6047988,0.51295996,0.47269386,0.62232083
0.61326116,0.6804219,0.5773481,0.46616325,0.65625
0.61461437,0.6754436,0.63500834,0.45686325,0.6808349
0.58322054,0.635153,0.57393646,0.442804,0.64487606
0.5491204,0.583792,0.53792876,0.43333018,0.5871614
0.49147496,0.5309498,0.48534024,0.4161971,0.5357482
0.4189445,0.45198983,0.41611922,0.41468614,0.4238578
0.35020298,0.37355694,0.35273904,0.41270703,0.3602403
0.3036536,0.33901122,0.3000089,0.41416767,0.32490414
0.27875507,0.2755108,0.27458128,0.41584527,0.25198674
0.26576453,0.2655413,0.2659235,0.40925,0.24939883
0.264682,0.26850846,0.26305103,0.4048465,0.2596392
0.27496618,0.27763712,0.27742583,0.3958191,0.27715713
0.30284166,0.31743944,0.30783078,0.40303653,0.28001708
0.3623816,0.357459,0.36139718,0.40203372,0.36470577
0.42435724,0.43165,0.41131938,0.40661803,0.402005
0.47658998,0.49085116,0.45224237,0.40398932,0.46048874
0.4985115,0.504519,0.49575496,0.40548104,0.47800094
0.4917456,0.5132035,0.50041795,0.42081508,0.494169
0.47658998,0.4785577,0.48048034,0.43582803,0.49299455
0.4562923,0.48028696,0.46144378,0.45022854,0.4797445
0.44032475,0.44584277,0.43878025,0.45931503,0.4781813
0.43788904,0.43088567,0.42443037,0.46560144,0.46425855
0.45358592,0.45001227,0.43100834,0.46567035,0.48232406
0.4930988,0.49378097,0.46364444,0.4652532,0.5019321
0.5645467,0.58164024,0.52276856,0.46189067,0.5626063
0.5585927,0.5941469,0.5845907,0.4585069,0.5757273
0.52286875,0.52232784,0.51452404,0.45623222,0.5503032
0.4871448,0.47821122,0.47799802,0.45306244,0.5047684
0.4284168,0.437105,0.42777133,0.4476407,0.44904023
0.35967523,0.3707235,0.35541582,0.4485757,0.36629808
0.2968877,0.29966682,0.29707915,0.43947738,0.32324147
0.24979702,0.27066466,0.2512966,0.43676475,0.28744963
0.22273342,0.22695276,0.22116557,0.43458498,0.21612799
0.20730717,0.21502566,0.2102458,0.42629814,0.22931209
0.20243572,0.21112925,0.20447464,0.41938663,0.2395533
0.20947225,0.20669323,0.21370082,0.3970609,0.24264221
0.23139377,0.24036612,0.24409689,0.40410268,0.24975604
0.2782138,0.27048492,0.2929498,0.39679804,0.30267328
0.33342355,0.3475281,0.34031188,0.3983405,0.3577429
0.40162382,0.40770882,0.37772864,0.39343086,0.42502117
0.45358592,0.43610656,0.4361217,0.39411876,0.4374966
0.47658998,0.45694858,0.46714342,0.40661377,0.47543955
0.4820027,0.4623837,0.4746412,0.42479765,0.47181398
0.48227334,0.48533997,0.47004324,0.4353053,0.46304828
0.47848445,0.46409455,0.46890104,0.44463482,0.48048472
0.47225982,0.45732468,0.4654636,0.45044693,0.44457173
0.48227334,0.47004616,0.46335486,0.44598293,0.46993446
0.52963465,0.51503295,0.49375072,0.44186187,0.51059544
0.5834912,0.6179873,0.5641686,0.43754315,0.5658012
0.5556157,0.5896323,0.58563536,0.4340974,0.57032984
0.49526387,0.5175515,0.5101235,0.43140787,0.55059755
0.45981055,0.44274974,0.4463625,0.43211132,0.50332785
0.40216509,0.40512913,0.40713692,0.43033636,0.42630354
0.34451962,0.34555912,0.3351087,0.43026608,0.3487119
0.28173208,0.2867449,0.29269022,0.42843848,0.2759322
0.23734777,0.2529022,0.23939955,0.42826027,0.26587945
0.22273342,0.22257102,0.21604435,0.42322028,0.20614815
0.21596752,0.20907664,0.22498167,0.42703834,0.2242386
0.22300406,0.22542676,0.22393058,0.42727554,0.25409293
0.25196213,0.24388203,0.2542868,0.4243129,0.27753997
0.33152908,0.32890874,0.31953916,0.42128375,0.31890184
0.46224627,0.43927467,0.42393202,0.4158309,0.45647526
0.52449256,0.53127784,0.53162795,0.4153268,0.5126505
0.5345061,0.546683,0.539486,0.41593462,0.5247839
0.54479027,0.53702617,0.53743047,0.41443732,0.55436873
0.5564276,0.54508215,0.5439392,0.41834384,0.547001
0.55534506,0.5412975,0.5489239,0.42591748,0.55498636
0.5404601,0.5541332,0.5379658,0.43246245,0.5566319
0.5374831,0.5291697,0.5171154,0.43975765,0.55543935
0.52638704,0.52177,0.52589595,0.4455067,0.53691834
0.5271989,0.5156758,0.5126251,0.44892272,0.5554182
0.55751014,0.5617843,0.54160535,0.44657847,0.58675706
0.6446549,0.6310108,0.5935161,0.44273967,0.6336491
0.65953994,0.6659984,0.6575265,0.4400497,0.664619
0.6300406,0.6188408,0.61047995,0.43678355,0.61955357
0.58592695,0.5718817,0.57741535,0.43654007,0.54380625
0.50284165,0.5179126,0.51934177,0.43958142,0.49471027
0.41705006,0.42264044,0.41933942,0.43646425,0.3834505
0.35372123,0.35008365,0.35009354,0.4358967,0.32816964
0.31637347,0.31461987,0.31291032,0.42978853,0.28303155
0.29661706,0.28909746,0.29784745,0.4325156,0.22805755
0.28795668,0.2802915,0.2915211,0.43233883,0.23438476
0.29228687,0.2892878,0.29607505,0.4323422,0.26064306
0.32638702,0.32010964,0.32385337,0.4331564,0.29745078
0.4143437,0.4089727,0.40398586,0.43503612,0.3447575
0.5464141,0.5310943,0.52692217,0.43773982,0.4606009
0.594046,0.6143633,0.59211224,0.44131503,0.5278507
0.5818674,0.6032567,0.59079516,0.44596758,0.5128606
0.56427604,0.5757637,0.57818335,0.45106575,0.5387174
0.5493911,0.56684434,0.55939627,0.4595542,0.5442872
0.5339648,0.5388664,0.53985,0.4625047,0.54779255
0.5152909,0.5403626,0.5201984,0.46877784,0.55485666
0.50798374,0.51512855,0.49874744,0.46968433,0.53242093
0.50121784,0.5076809,0.49637106,0.47698364,0.5232928
0.5090663,0.50787556,0.4896583,0.47782776,0.5302746
0.54830855,0.5643501,0.5191772,0.47808996,0.5909163
0.6414073,0.6374138,0.5913204,0.47435656,0.61962426
0.6592693,0.67618185,0.6741616,0.46769217,0.65955347
0.62977,0.6288085,0.61436206,0.4610431,0.6151797
0.58755076,0.5782243,0.5765342,0.45772213,0.5587384
0.50581867,0.51577973,0.51263154,0.45494792,0.4864896
0.4156969,0.41650996,0.41588104,0.453154,0.3813308
0.34912044,0.34123394,0.34426433,0.45104852,0.31774795
0.30419487,0.30566853,0.30475268,0.44162297,0.28682303
0.27929634,0.28401685,0.27584267,0.44115004,0.23026794
0.2668471,0.26286173,0.2659531,0.43512464,0.24036941
0.26955345,0.27424014,0.26594338,0.42738053,0.27586925
0.30094722,0.3021199,0.2903274,0.42448375,0.2880419
0.3691475,0.3755679,0.36699075,0.42141703,0.33828402
0.46441138,0.477476,0.48133013,0.41925684,0.47225946
0.5255751,0.5317113,0.50799924,0.4101975,0.529706
0.565088,0.54458576,0.5335154,0.40461782,0.5330316
0.5972936,0.57087666,0.57226723,0.41297495,0.5713739
0.617862,0.59774756,0.5988959,0.4238004,0.5565641
0.6281462,0.60168314,0.6117556,0.43321294,0.5774453
0.6216509,0.630087,0.61473715,0.4402614,0.56537926
0.61163735,0.6043295,0.6026728,0.4449144,0.57255536
0.597023,0.5940271,0.5943135,0.45202103,0.5514739
0.5872801,0.58475035,0.58133537,0.4532214,0.57114136
0.60866034,0.63003963,0.58494127,0.45573476,0.5842673
0.68362653,0.68168086,0.6397708,0.4547319,0.6304833
0.6828146,0.7118317,0.70642257,0.45219964,0.67274946
0.63897157,0.6495852,0.6266088,0.44858316,0.6248983
0.5867388,0.59294546,0.5776155,0.4504369,0.56586576
0.5082544,0.5200821,0.5134129,0.44933733,0.50974345
0.42733425,0.43220055,0.42764646,0.4509353,0.39954862
0.35805142,0.36512703,0.36519772,0.45095298,0.32424247
0.31962112,0.33420813,0.31447047,0.45133543,0.27802187
0.29391068,0.3033712,0.30192742,0.45122162,0.24388337
0.29418132,0.28186676,0.28651473,0.45259574,0.24406472
0.3001353,0.30554235,0.31166217,0.44812754,0.27449453
0.3301759,0.33903462,0.33023492,0.44920933,0.28932726
0.4181326,0.40343028,0.39156547,0.44856945,0.34477067
0.54993236,0.5372053,0.5089534,0.45407894,0.4849
0.5894452,0.62862325,0.60831094,0.45623943,0.5316021
0.58159673,0.61620075,0.5882933,0.4628115,0.5357764
0.57401896,0.6028744,0.5813881,0.47265074,0.5695524
0.5686062,0.59318095,0.5699372,0.47595575,0.55926746
0.5564276,0.5642891,0.558231,0.48264083,0.5665211
0.5404601,0.57546794,0.5375004,0.48362258,0.55233353
0.5269283,0.54152685,0.51855665,0.48724765,0.56152534
0.5152909,0.5250182,0.50608575,0.49234226,0.5469236
0.51989174,0.5221947,0.49835077,0.49322042,0.56150424
0.5510149,0.569137,0.5259533,0.49340883,0.5884438
0.6470907,0.64003813,0.5883259,0.4913366,0.63368684
0.6700947,0.6886069,0.6772573,0.48559734,0.6670689
0.64546686,0.6516726,0.6197256,0.47667256,0.62632895
0.61001354,0.60210246,0.5890975,0.4762428,0.5652433
0.5410014,0.55175817,0.53834516,0.4726927,0.5070103
0.45304465,0.46531522,0.455391,0.47748598,0.3977713
0.38863328,0.39327577,0.37743682,0.47987363,0.34234345
0.34749663,0.35933483,0.34352916,0.48015806,0.29502887
0.3328823,0.33326143,0.32089564,0.48013654,0.25585064
0.32584575,0.32456434,0.32635167,0.47877982,0.25156993
0.3309878,0.33402327,0.3269028,0.47762206,0.28559119
0.36211097,0.36600912,0.35130447,0.4751791,0.29877144
0.4405954,0.44307888,0.4231062,0.4751551,0.35575348
0.56887686,0.5606005,0.5390896,0.47308987,0.4693851
0.6143437,0.63911414,0.60949486,0.47265133,0.5256259
0.6124492,0.6290765,0.5980047,0.4724608,0.51611763
0.59512854,0.6199672,0.6054134,0.48071373,0.54685956
0.5848444,0.6009538,0.58410287,0.49343446,0.5538057
0.57618403,0.5765734,0.57562995,0.5066681,0.5542083
0.5548038,0.5805309,0.5637782,0.5130619,0.54269606
0.54316646,0.5537898,0.53563374,0.51224303,0.53920573
0.5274696,0.54184216,0.5309462,0.51420003,0.52719915
0.52286875,0.5308361,0.5120774,0.51323605,0.5359038
0.54993236,0.5740901,0.52694523,0.5092652,0.58283657
0.6270636,0.63780195,0.58888423,0.5049223,0.59900784
0.64113665,0.66377336,0.6540138,0.49458936,0.6378858
0.61163735,0.6136409,0.59925646,0.47150925,0.5895539
0.58457375,0.5717552,0.5641961,0.4627786,0.5571247
0.5269283,0.52294505,0.5232207,0.4422201,0.4814847
0.45818675,0.44890597,0.44655588,0.4338303,0.37746406
0.388092,0.3825853,0.39353603,0.42652074,0.32423627
0.34181327,0.34341258,0.33770654,0.4267889,0.2924832
0.31529093,0.31573883,0.31497866,0.42067325,0.25198674
0.3060893,0.3061061,0.3020752,0.40985772,0.24939883
0.30879566,0.31233948,0.30538064,0.41430888,0.2596392
0.32503384,0.32951775,0.32276368,0.3974803,0.27715713
0.3623816,0.3743939,0.36177453,0.39954457,0.28001708
0.42056835,0.42512596,0.42683107,0.3933559,0.36470577
0.48335588,0.49478582,0.45908305,0.3910601,0.402005
0.5271989,0.54621446,0.50722384,0.38936916,0.46048874
0.5458728,0.5560595,0.53726506,0.4049222,0.47800094
0.5393775,0.56500995,0.5449737,0.43226022,0.494169
0.5225981,0.5325653,0.52644014,0.45001677,0.49299455
0.4930988,0.5351161,0.5039741,0.4645163,0.4797445
0.47740188,0.48755828,0.469468,0.47274244,0.4781813
0.45899865,0.4782952,0.46226323,0.48156828,0.46425855
0.46657646,0.47544518,0.4408045,0.48209754,0.48232406
0.50040597,0.51842916,0.47679776,0.4873285,0.5019321
0.58755076,0.5957749,0.52923054,0.4834688,0.5626063
0.5962111,0.6341741,0.61898243,0.4777235,0.5757273
0.56589985,0.5750856,0.54990095,0.47504017,0.5503032
0.52828145,0.5322414,0.5220002,0.4713582,0.5047684
0.46738836,0.484222,0.4656256,0.47146997,0.44904023
0.40541273,0.4178756,0.39010477,0.46584153,0.36629808
0.35155615,0.35420159,0.34388813,0.4620909,0.32324147
0.31096077,0.33727232,0.30676493,0.4601477,0.28744963
0.28768605,0.28744864,0.28132218,0.4554945,0.21612799
0.27604872,0.280404,0.2737981,0.4491243,0.22931209
0.27090663,0.2822935,0.27282584,0.4478518,0.2395533
0.27794316,0.28128254,0.2781877,0.44397777,0.24264221
0.29986468,0.31789076,0.30664688,0.4398373,0.24975604
0.34857917,0.3390022,0.34847203,0.43777674,0.30267328
0.40054128,0.41943395,0.39970958,0.43376583,0.3577429
0.45845738,0.4821782,0.43208435,0.42849758,0.42502117
0.4849797,0.4978702,0.48328933,0.4258829,0.4374966
0.4849797,0.49998727,0.48674387,0.44364643,0.47543955
0.48254398,0.48136964,0.47506884,0.45916966,0.47181398
0.47198918,0.49842855,0.47033766,0.46691653,0.46304828
0.4562923,0.46867085,0.45613277,0.4755257,0.48048472
0.45656294,0.45517895,0.4389407,0.48017117,0.44457173
0.47469553,0.47112203,0.45476162,0.48194507,0.46993446
0.5304465,0.52558255,0.48754513,0.48294607,0.51059544
0.61867386,0.63611376,0.56727886,0.48209292,0.5658012
0.6173207,0.64060473,0.6291888,0.47699174,0.57032984
0.57591337,0.5849459,0.55777514,0.47404182,0.55059755
0.52665764,0.53001577,0.519847,0.4715461,0.50332785
0.45845738,0.46841687,0.45570055,0.4711451,0.42630354
0.3813261,0.3985031,0.37962374,0.4680377,0.3487119
0.32530448,0.32129425,0.3126293,0.46401855,0.2759322
0.28768605,0.30493757,0.28083587,0.46087864,0.26587945
0.27469555,0.2698619,0.2603639,0.4571174,0.20614815
0.27388364,0.26102635,0.26817566,0.45256972,0.2242386
0.2790257,0.27608803,0.28011394,0.44922242,0.25409293
0.3074425,0.30357975,0.30200484,0.44367212,0.27753997
0.3840325,0.38525784,0.37200418,0.4424132,0.31890184
0.5139378,0.4916118,0.4807467,0.44016168,0.45647526
0.5623816,0.5833304,0.57288903,0.43613583,0.5126505
0.5653586,0.5827664,0.5614461,0.43271816,0.5247839
0.565088,0.5706848,0.5648272,0.4356144,0.55436873
0.5648173,0.57064354,0.56180185,0.4445811,0.547001
0.5618403,0.5603188,0.55825543,0.4524656,0.55498636
0.5556157,0.5735307,0.54968613,0.46307066,0.5566319
0.54830855,0.55630684,0.54176867,0.46727917,0.55543935
0.53856564,0.54408824,0.5360793,0.46920136,0.53691834
0.5426252,0.54251933,0.52945906,0.47048834,0.5554182
0.5699594,0.5916548,0.5550308,0.47137365,0.58675706
0.65818673,0.65590245,0.6024228,0.47156182,0.6336491
0.6790257,0.6953091,0.6742048,0.46943045,0.664619
0.65142083,0.6478533,0.6261295,0.4632497,0.61955357
0.6110961,0.60277426,0.5930959,0.45721373,0.54380625
0.52990526,0.5518875,0.53848743,0.44434765,0.49471027
0.44167796,0.46152386,0.43851542,0.44244155,0.3834505
0.37943166,0.38599038,0.36997914,0.447037,0.32816964
0.3480379,0.35313496,0.33712727,0.45305803,0.28303155
0.33585927,0.3319884,0.32847488,0.463248,0.22805755
0.33504736,0.32861727,0.33068419,0.47139332,0.23438476
0.3404601,0.3415749,0.34330192,0.48255137,0.26064306
0.37077132,0.37096524,0.3667584,0.48674342,0.29745078
0.45142084,0.45895594,0.43988347,0.49035087,0.3447575
0.5837618,0.5726898,0.5472497,0.5000943,0.4606009
0.6202977,0.6626789,0.62644064,0.50924593,0.5278507
0.6140731,0.635159,0.60764325,0.5182353,0.5128606
0.597023,0.6262547,0.60927427,0.5252919,0.5387174
0.5848444,0.6098101,0.5880713,0.5375252,0.5442872
0.57699597,0.58223504,0.57522005,0.53645635,0.54779255
0.5596752,0.5908289,0.56516796,0.53881824,0.55485666
0.5477673,0.5614589,0.540685,0.53310347,0.53242093
0.53721243,0.5475207,0.5325559,0.53537047,0.5232928
0.5361299,0.54781336,0.5237405,0.53283966,0.5302746
0.57699597,0.59680367,0.5398147,0.5323274,0.5909163
0.67036533,0.6733925,0.6241998,0.5322677,0.61962426
0.7012179,0.7162319,0.6899732,0.5320822,0.65955347
0.67794317,0.68285984,0.6532924,0.52881277,0.6151797
0.6397835,0.6330323,0.61983407,0.5279892,0.5587384
0.56373477,0.57711166,0.5586064,0.50725937,0.4864896
0.47983763,0.47677106,0.46906835,0.49351457,0.3813308
0.42002708,0.40781483,0.4068731,0.49571076,0.31774795
0.37943166,0.38081753,0.37605178,0.4837144,0.28682303
0.35751015,0.3640021,0.34991857,0.4843091,0.23026794
0.35128552,0.3519934,0.34323728,0.47954807,0.24036941
0.35994586,0.35859767,0.35259128,0.47927895,0.27586925
0.39052776,0.40030384,0.38182825,0.48282748,0.2880419
0.47171855,0.47412685,0.4480037,0.47279474,0.33828402
0.6046008,0.59208477,0.5728831,0.47071666,0.47225946
0.6397835,0.6848942,0.6436533,0.4687244,0.529706
0.62381595,0.653273,0.61445403,0.47375676,0.5330316
0.60622466,0.6436977,0.6118443,0.47721156,0.5713739
0.5886333,0.6158403,0.59611547,0.50533456,0.5565641
0.5667118,0.5897497,0.5778742,0.5227555,0.5774453
0.5410014,0.5829543,0.5502815,0.5389954,0.56537926
0.5261164,0.54942983,0.5233556,0.5359583,0.57255536
0.5158322,0.53232646,0.5136149,0.5338962,0.5514739
0.51989174,0.5294856,0.5046205,0.5301558,0.57114136
0.55751014,0.5862178,0.52743083,0.5242076,0.5842673
0.6449256,0.6541475,0.5986811,0.5154716,0.6304833
0.67469555,0.69198996,0.670367,0.5026132,0.67274946
0.6565629,0.66020364,0.63486594,0.48131403,0.6248983
0.6243572,0.61613023,0.60671556,0.47405204,0.56586576
0.5556157,0.5646219,0.5459352,0.46569577,0.50974345
0.46901217,0.4703553,0.4645118,0.45681527,0.39954862
0.39972937,0.4004109,0.39461917,0.4521093,0.32424247
0.35994586,0.36306244,0.35134658,0.44198653,0.27802187
0.34397835,0.34015518,0.33354393,0.42827237,0.24388337
0.32963464,0.32366964,0.33307272,0.41841188,0.24406472
0.33504736,0.3263206,0.32084513,0.41189384,0.27449453
0.3548038,0.35905898,0.354411,0.3985011,0.28932726
0.4257104,0.41146606,0.3974128,0.3826074,0.34477067
0.5461434,0.5297937,0.526111,0.369847,0.4849
0.60351825,0.61043143,0.59790486,0.36340714,0.5316021
0.6162382,0.6071901,0.58638895,0.3625847,0.5357764
0.6270636,0.61552984,0.60960245,0.38481545,0.5695524
0.63572395,0.6295031,0.6189973,0.44127843,0.55926746
0.63951284,0.61555046,0.62592614,0.45878556,0.5665211
0.6300406,0.6508792,0.6246379,0.47469696,0.55233353
0.6300406,0.6125913,0.61100453,0.48786086,0.56152534
0.6173207,0.6087703,0.61918616,0.49085382,0.5469236
0.61001354,0.5956125,0.59748733,0.49079683,0.56150424
0.63031125,0.64500433,0.6068408,0.4892485,0.5884438
0.67469555,0.7108679,0.65437436,0.48592785,0.63368684
0.6744249,0.6934572,0.6819423,0.48417082,0.6670689
0.63355887,0.65163803,0.62799394,0.47587422,0.62632895
0.58294994,0.5802871,0.5744839,0.47326073,0.5652433
0.50121784,0.51581573,0.5123687,0.46664137,0.5070103
0.40920162,0.41988426,0.4177028,0.44920337,0.3977713
0.34100136,0.34431884,0.34064656,0.43207964,0.34234345
0.30094722,0.30946565,0.30149043,0.4233319,0.29502887
0.27875507,0.28478628,0.2817103,0.416031,0.25585064
0.27009472,0.26231065,0.27093038,0.41716918,0.25156993
0.27388364,0.26953846,0.2772294,0.42670143,0.28559119
0.2960758,0.3026694,0.2988994,0.43018138,0.29877144
0.34316644,0.3650532,0.3474996,0.43120804,0.35575348
0.42192152,0.45675033,0.40964115,0.42675748,0.4693851
0.47496617,0.49891126,0.4734994,0.42806542,0.5256259
0.5133965,0.5104178,0.49770948,0.4259132,0.51611763
0.5396482,0.53166956,0.5292507,0.42748177,0.54685956
0.5510149,0.554818,0.5437038,0.43102974,0.5538057
0.55886334,0.5457508,0.5414586,0.43440837,0.5542083
0.55047363,0.5653544,0.5436095,0.4362844,0.54269606
0.54343706,0.54585713,0.52594155,0.44048056,0.53920573
0.54154265,0.5365571,0.52176416,0.44133252,0.52719915
0.5361299,0.53378206,0.5262235,0.43974677,0.5359038
0.54857916,0.5725865,0.5285397,0.44114408,0.58283657
0.60784847,0.6204524,0.57275504,0.437711,0.59900784
0.6202977,0.6261747,0.62734365,0.43630642,0.6378858
0.58430314,0.58891404,0.574793,0.4329383,0.5895539
0.5488498,0.53676516,0.51988494,0.4322609,0.5571247
0.4930988,0.48670024,0.482441,0.4327929,0.4814847
0.41596752,0.41859245,0.42132336,0.43738627,0.37746406
0.35453317,0.34100002,0.351021,0.43626136,0.32423627
0.30554804,0.3138677,0.3146764,0.42734063,0.2924832
0.27550745,0.27599096,0.27900845,0.4270295,0.25198674
0.2630582,0.26280057,0.2649456,0.4200071,0.24939883
0.2579161,0.2666044,0.2683087,0.42328474,0.2596392
0.26359946,0.26866168,0.27395296,0.42209694,0.27715713
0.29878214,0.30481735,0.29936153,0.42198128,0.28001708
0.35507444,0.35228026,0.35926124,0.42835653,0.36470577
0.41705006,0.425154,0.40361106,0.42877614,0.402005
0.47658998,0.49520683,0.45686457,0.42550325,0.46048874
0.5060893,0.5135604,0.5035132,0.4335691,0.47800094
0.50581867,0.52401817,0.5129724,0.44283125,0.494169
0.49499324,0.4938032,0.4969651,0.4546419,0.49299455
0.4828146,0.5003813,0.4783434,0.46291974,0.4797445
0.47063598,0.46994883,0.46499956,0.4596934,0.4781813
0.46657646,0.45981404,0.4519055,0.4627867,0.46425855
0.47225982,0.47398347,0.45451972,0.4619359,0.48232406
0.5050068,0.50859874,0.47316355,0.4616396,0.5019321
0.5799729,0.58785295,0.53590643,0.46081784,0.5626063
0.5837618,0.61103684,0.6085577,0.4567767,0.5757273
0.5512855,0.5520401,0.5429203,0.4536443,0.5503032
0.5133965,0.50594676,0.5057848,0.45075333,0.5047684
0.44790256,0.46189928,0.4521313,0.44827,0.44904023
0.38240865,0.39111614,0.3699488,0.4484431,0.36629808
0.32286873,0.32262936,0.32163215,0.44699898,0.32324147
0.2790257,0.3010563,0.27644062,0.44268844,0.28744963
0.26576453,0.25319558,0.2498722,0.43968996,0.21612799
0.25845736,0.25420287,0.26248887,0.43139258,0.22931209
0.2579161,0.25984198,0.25993946,0.42820516,0.2395533
0.26522326,0.26259732,0.27532,0.42105502,0.24264221
0.28633288,0.30018267,0.3065817,0.41447473,0.24975604
0.33558863,0.32297847,0.34248,0.41327697,0.30267328
0.3932341,0.4053237,0.38910466,0.41239154,0.3577429
0.45439783,0.47317815,0.434483,0.4036563,0.42502117
0.4849797,0.49337095,0.4818005,0.41117346,0.4374966
0.49147496,0.49753213,0.49062097,0.42269528,0.47543955
0.48741543,0.48566326,0.48439714,0.43578354,0.47181398
0.47658998,0.4986742,0.4738273,0.44788226,0.46304828
0.4600812,0.4699873,0.45958456,0.45262188,0.48048472
0.44790256,0.4529519,0.44173828,0.45831844,0.44457173
0.4592693,0.45913655,0.4379513,0.46264315,0.46993446
0.50392425,0.5064781,0.47454634,0.46409583,0.51059544
0.60135317,0.6071495,0.5411524,0.46682096,0.5658012
0.6316644,0.62798727,0.6262273,0.46297154,0.57032984
0.5956698,0.60513794,0.5848381,0.45893058,0.55059755
0.55399185,0.5477441,0.5351165,0.45300823,0.50332785
0.48470905,0.49725297,0.4848544,0.44736096,0.42630354
0.41677943,0.41909194,0.4019426,0.45487085,0.3487119
0.35778078,0.3499261,0.35110378,0.45167157,0.2759322
0.3209743,0.3329212,0.30901596,0.45065853,0.26587945
0.3052774,0.30052835,0.29423335,0.44943523,0.20614815
0.30175912,0.29550266,0.29599923,0.445284,0.2242386
0.30690122,0.30638754,0.3040912,0.4506823,0.25409293
0.33207035,0.33672774,0.3277898,0.45175004,0.27753997
0.3983762,0.41349918,0.38747,0.4610912,0.31890184
0.5006766,0.5105636,0.48748502,0.46083912,0.45647526
0.565088,0.5814116,0.5526808,0.4667301,0.5126505
0.5905277,0.604479,0.5758343,0.46735135,0.5247839
0.597023,0.6062225,0.59350836,0.4760953,0.55436873
0.5956698,0.6075732,0.59209454,0.48589873,0.547001
0.5805142,0.5893799,0.5856724,0.49173495,0.55498636
0.5631935,0.58963346,0.56209594,0.49730146,0.5566319
0.54695535,0.5628988,0.5456918,0.5027779,0.55543935
0.5345061,0.5424988,0.53180003,0.5059806,0.53691834
0.53802437,0.53946257,0.52608263,0.50777936,0.5554182
0.5721245,0.59062713,0.549484,0.5099684,0.58675706
0.6603518,0.6620655,0.61090714,0.50910306,0.6336491
0.68173206,0.7021683,0.6842025,0.5035839,0.664619
0.6552097,0.65507114,0.63158375,0.4951578,0.61955357
0.617862,0.6068714,0.6038213,0.488416,0.54380625
0.5404601,0.56153786,0.5487393,0.47607908,0.49471027
0.45602164,0.4689735,0.44969326,0.4892497,0.3834505
0.39296347,0.4014836,0.3836855,0.48632988,0.32816964
0.35751015,0.3658115,0.34749934,0.4857448,0.28303155
0.34073073,0.34364316,0.33346003,0.49007824,0.22805755
0.33829498,0.33569103,0.33069155,0.48886198,0.23438476
0.3437077,0.3462756,0.3433963,0.49520096,0.26064306
0.36887687,0.37570632,0.36488068,0.48886445,0.29745078
0.44546685,0.45483604,0.4252042,0.49346104,0.3447575
0.5631935,0.5626792,0.5425226,0.48239926,0.4606009
0.6129905,0.6326572,0.60967,0.4751299,0.5278507
0.62543976,0.6301075,0.60905707,0.46305373,0.5128606
0.6292287,0.62738746,0.62247336,0.46714252,0.5387174
0.63058186,0.6339192,0.6216979,0.49127042,0.5442872
0.6265223,0.61233705,0.618279,0.5088028,0.54779255
0.6165088,0.62917054,0.60963446,0.51077664,0.55485666
0.6135318,0.60245883,0.5977167,0.51204634,0.53242093
0.6081191,0.5979377,0.60024714,0.5168498,0.5232928
0.59972936,0.60412735,0.5936341,0.5175779,0.5302746
0.6156969,0.6497051,0.5928067,0.5207021,0.5909163
0.68146145,0.6976445,0.6446477,0.52137434,0.61962426
0.6928281,0.7100261,0.698015,0.5152695,0.65955347
0.6533153,0.66582483,0.6409522,0.5028807,0.6151797
0.6043302,0.6021745,0.5922407,0.48741803,0.5587384
0.51935047,0.5369581,0.5314154,0.45816165,0.4864896
0.43031123,0.43144128,0.43168557,0.45165113,0.3813308
0.36184034,0.3569262,0.36279726,0.42914355,0.31774795
0.31935048,0.31924558,0.31955004,0.3974278,0.28682303
0.2968877,0.30278546,0.29647657,0.3714671,0.23026794
0.28552097,0.28721946,0.28849426,0.36218357,0.24036941
0.28687415,0.29947507,0.28745773,0.37481415,0.27586925
0.31772667,0.32755968,0.30706742,0.37992013,0.2880419
0.39215156,0.40010977,0.3774771,0.39839065,0.33828402
0.50040597,0.5088891,0.4785807,0.4124501,0.47225946
0.5445196,0.5749714,0.5498675,0.4263258,0.529706
0.55372125,0.565621,0.5494743,0.43222845,0.5330316
0.55669826,0.5656373,0.55717456,0.44608942,0.5713739
0.5599459,0.5635289,0.55526614,0.4566858,0.5565641
0.5564276,0.5567605,0.55216235,0.47121212,0.5774453
0.55507445,0.56611526,0.5409601,0.4793832,0.56537926
0.5599459,0.5510953,0.5396031,0.48156664,0.57255536
0.55723953,0.54836756,0.5453625,0.47704715,0.5514739
0.5534506,0.5482381,0.53786135,0.47117403,0.57114136
0.5669824,0.5952245,0.5467276,0.46267748,0.5842673
0.62733424,0.6372657,0.5907743,0.46297708,0.6304833
0.6484438,0.65195274,0.64892936,0.45705572,0.67274946
0.6135318,0.6189057,0.60238695,0.45316324,0.6248983
0.56941813,0.55957526,0.5478231,0.44915473,0.56586576
0.48903924,0.4979729,0.496486,0.4441226,0.50974345
0.39350474,0.4015319,0.4039338,0.44246036,0.39954862
0.32665765,0.32254893,0.32152852,0.4420668,0.32424247
0.28362653,0.29495716,0.28650376,0.43459114,0.27802187
0.25899863,0.26072899,0.26097068,0.41408265,0.24388337
0.24925575,0.2408577,0.24925716,0.391344,0.24406472
0.2525034,0.25817817,0.254194,0.3905223,0.27449453
0.2811908,0.2781868,0.27589977,0.37307847,0.28932726
0.35534507,0.3528041,0.3415957,0.39584127,0.34477067
0.46576455,0.46370006,0.4481679,0.39841557,0.4849
0.51447904,0.5328338,0.51531076,0.4019173,0.5316021
0.5158322,0.5299269,0.5219128,0.39716977,0.5357764
0.5104195,0.5267169,0.51944304,0.40916047,0.5695524
0.5014885,0.5136666,0.5117716,0.43239573,0.55926746
0.48389715,0.49120536,0.49567676,0.44710213,0.5665211
0.46738836,0.49137154,0.4699854,0.46118855,0.55233353
0.461705,0.4649251,0.45137778,0.46633217,0.56152534
0.4571042,0.45693427,0.44819486,0.46772447,0.5469236
0.46495265,0.46097445,0.44322193,0.46632314,0.56150424
0.49797022,0.50440496,0.4711595,0.4578428,0.5884438
0.5667118,0.5699059,0.5354144,0.45014858,0.63368684
0.5937754,0.5963584,0.5980824,0.44476506,0.6670689
0.56752366,0.5706129,0.56267995,0.43611634,0.62632895
0.5290934,0.5094613,0.5129609,0.4322734,0.5652433
0.45899865,0.45576143,0.45979515,0.42953598,0.5070103
0.36806494,0.37290365,0.37773958,0.42665148,0.3977713
0.30067658,0.29235587,0.2971503,0.41992664,0.34234345
0.2541272,0.260363,0.25864488,0.41970426,0.29502887
0.2316644,0.23493412,0.22779906,0.41192392,0.25585064
0.22516915,0.21349666,0.22210763,0.4009369,0.25156993
0.22435723,0.22475119,0.22855596,0.3973067,0.28559119
0.24871448,0.24772632,0.23780721,0.38826972,0.29877144
0.31826794,0.31665653,0.30471778,0.39979538,0.35575348
0.42625168,0.4283247,0.42706677,0.401874,0.4693851
0.4879567,0.49206603,0.48637152,0.40063658,0.5256259
0.51772666,0.5053133,0.4941332,0.39407393,0.51611763
0.53883624,0.5152898,0.5258017,0.39389837,0.54685956
0.55074424,0.53456336,0.5402149,0.4169369,0.5538057
0.55318,0.5287169,0.54515845,0.4271617,0.5542083
0.5374831,0.54229146,0.54066765,0.43714157,0.54269606
0.5301759,0.5218507,0.5178342,0.441332,0.53920573
0.51447904,0.5140978,0.51799667,0.44822565,0.52719915
0.50960755,0.5014008,0.49914265,0.45285472,0.5359038
0.5301759,0.54063284,0.5159719,0.4530447,0.58283657
0.5734777,0.59904873,0.5639543,0.45244324,0.59900784
0.5699594,0.5897393,0.59670687,0.4534922,0.6378858
0.535318,0.53860027,0.5381084,0.44557747,0.5895539
0.49661705,0.49147683,0.48627073,0.44057012,0.5571247
0.43193504,0.43852466,0.4377991,0.43803576,0.4814847
0.36292288,0.37002805,0.363172,0.4358437,0.37746406
0.29418132,0.29747552,0.31040075,0.43069905,0.32423627
0.2465494,0.26073587,0.25371423,0.42745733,0.2924832
0.21948579,0.22715266,0.22603449,0.42185715,0.25198674
0.20866035,0.2107108,0.2145937,0.42418957,0.24939883
0.20351827,0.21126473,0.21481088,0.4175945,0.2596392
0.21786198,0.21057305,0.22032984,0.420734,0.27715713
0.24844384,0.25141713,0.26362747,0.4200216,0.28001708
0.30284166,0.29780355,0.30822057,0.4232593,0.36470577
0.3623816,0.36640227,0.3568663,0.42420062,0.402005
0.40947226,0.43222636,0.40370107,0.4237889,0.46048874
0.42787552,0.43889534,0.43319547,0.43174997,0.47800094
0.4265223,0.43508092,0.4327888,0.4450436,0.494169
0.41542625,0.41071856,0.41737512,0.45869088,0.49299455
0.3932341,0.421237,0.39827466,0.46411303,0.4797445
0.3772666,0.38319656,0.37064683,0.46450004,0.4781813
0.3669824,0.37142915,0.35954064,0.46626678,0.46425855
0.37077132,0.3736983,0.3570252,0.4643722,0.48232406
0.39566982,0.41093922,0.38333985,0.4637539,0.5019321
0.46630582,0.47573173,0.43339115,0.45480564,0.5626063
0.5052774,0.498891,0.5065154,0.4520292,0.5757273
0.47658998,0.47811067,0.48986033,0.44320777,0.5503032
0.44465494,0.42875856,0.42875838,0.43639302,0.5047684
0.38430312,0.39476,0.39176983,0.43039393,0.44904023
0.31772667,0.3276026,0.31760594,0.41877288,0.36629808
0.26197565,0.26281524,0.26147974,0.40597266,0.32324147
0.2202977,0.2300058,0.22460501,0.40338266,0.28744963
0.2,0.19929019,0.19679652,0.40053326,0.21612799
0.19161029,0.19196816,0.19303714,0.39470488,0.22931209
0.19188093,0.19627202,0.19365142,0.38641068,0.2395533
0.20027064,0.19343448,0.20530894,0.38678905,0.24264221
0.22110961,0.23032744,0.23352936,0.3832003,0.24975604
0.26062247,0.25709897,0.28067812,0.3898458,0.30267328
0.3142084,0.32712826,0.32059085,0.3890102,0.3577429
0.382138,0.38808846,0.35871294,0.3872775,0.42502117
0.41515562,0.4142065,0.41813287,0.39972848,0.4374966
0.42056835,0.41345644,0.42585656,0.42243287,0.47543955
0.41975644,0.41047806,0.41763377,0.43931547,0.47181398
0.41082543,0.42211068,0.4112226,0.44483587,0.46304828
0.38998646,0.39558643,0.39808512,0.451648,0.48048472
0.37861976,0.37114257,0.37327817,0.4567862,0.44457173
0.3805142,0.38218987,0.37615564,0.45782748,0.46993446
0.41786197,0.42853123,0.39697543,0.45966947,0.51059544
0.49364007,0.5075299,0.4656536,0.45676824,0.5658012
0.52990526,0.5261721,0.5277949,0.45283034,0.57032984
0.49445197,0.512161,0.50416344,0.45021686,0.55059755
0.4511502,0.43723345,0.4411313,0.44677353,0.50332785
0.38024357,0.39114285,0.39425927,0.43768683,0.42630354
0.3098782,0.31724212,0.30852208,0.4304173,0.3487119
0.25764546,0.2523135,0.25350857,0.4195602,0.2759322
0.22625169,0.22772914,0.22211818,0.41319412,0.26587945
0.20920162,0.21149927,0.20741825,0.4115697,0.20614815
0.20460081,0.19645698,0.20334306,0.4004275,0.2242386
0.21028417,0.2125777,0.2110296,0.39347276,0.25409293
0.24032477,0.22630954,0.23342805,0.39770842,0.27753997
0.3201624,0.3129701,0.30228934,0.39022568,0.31890184
0.43193504,0.4236612,0.42625308,0.39447504,0.45647526
0.4787551,0.4938182,0.4936163,0.38811833,0.5126505
0.4917456,0.50491565,0.49057692,0.38397643,0.5247839
0.50094724,0.49669957,0.49916553,0.39364964,0.55436873
0.5074425,0.4981542,0.5020818,0.4142729,0.547001
0.50284165,0.49433297,0.5015751,0.42413858,0.55498636
0.49120432,0.5071346,0.4877262,0.43020272,0.5566319
0.48903924,0.4884814,0.47304952,0.43570694,0.55543935
0.48768607,0.48240766,0.48086113,0.44242528,0.53691834
0.48416778,0.48851043,0.4851765,0.4432046,0.5554182
0.50933695,0.52421707,0.4964419,0.44492206,0.58675706
0.5886333,0.58847845,0.5564791,0.4462094,0.6336491
0.62868744,0.6245406,0.614918,0.4433495,0.664619
0.5989175,0.6014163,0.59039223,0.44294515,0.61955357
0.5548038,0.5389601,0.5373681,0.44342685,0.54380625
0.48308524,0.4872029,0.48693666,0.4350102,0.49471027
0.402977,0.40693104,0.40484184,0.4345448,0.3834505
0.34397835,0.33749044,0.33816838,0.43647155,0.32816964
0.30554804,0.30733013,0.30489713,0.4339351,0.28303155
0.28849798,0.27873576,0.28295156,0.43310532,0.22805755
0.2811908,0.27037176,0.28419575,0.43251884,0.23438476
0.2849797,0.28095555,0.289087,0.43369254,0.26064306
0.31637347,0.30905977,0.31423646,0.4433499,0.29745078
0.3907984,0.39703712,0.3910776,0.444802,0.3447575
0.49066305,0.5031106,0.4919004,0.44861752,0.4606009
0.53883624,0.5574224,0.52897394,0.44817397,0.5278507
0.5458728,0.5605446,0.54895973,0.44867906,0.5128606
0.5480379,0.55062395,0.54942685,0.45597008,0.5387174
0.54695535,0.5587013,0.5487969,0.46447128,0.5442872
0.5407307,0.5434119,0.5402732,0.46480435,0.54779255
0.5307172,0.55248946,0.52827346,0.46912053,0.55485666
0.53152907,0.5333314,0.5157291,0.47024423,0.53242093
0.5301759,0.5305609,0.52231,0.47512838,0.5232928
0.5274696,0.5366487,0.5186465,0.4757175,0.5302746
0.5496617,0.57838666,0.52798945,0.4794381,0.5909163
0.61326116,0.6369368,0.5874706,0.48164418,0.61962426
0.6603518,0.6510875,0.6396251,0.47993043,0.65955347
0.62868744,0.64404863,0.6258795,0.47730997,0.6151797
0.58755076,0.57586706,0.5649103,0.4735223,0.5587384
0.5120433,0.52443373,0.51789165,0.47104254,0.4864896
0.43355885,0.43052018,0.42660296,0.46617043,0.3813308
0.37428957,0.36725995,0.36619532,0.46004522,0.31774795
0.33477673,0.33797368,0.3315147,0.4576515,0.28682303
0.30933693,0.31897128,0.30828938,0.45387715,0.23026794
0.30473614,0.30038935,0.29599294,0.450147,0.24036941
0.3098782,0.31672612,0.31231728,0.44725722,0.27586925
0.3377537,0.34890556,0.33236158,0.44754836,0.2880419
0.41867387,0.419581,0.39637637,0.45177144,0.33828402
0.52530444,0.5332413,0.51426804,0.45614204,0.47225946
0.57483083,0.5962695,0.5623925,0.46237937,0.529706
0.58917457,0.5959621,0.57744646,0.46394166,0.5330316
0.58592695,0.59873414,0.59001994,0.4710044,0.5713739
0.58105546,0.5915972,0.5804132,0.48010466,0.5565641
0.5629229,0.57588387,0.5718672,0.48698437,0.5774453
0.54857916,0.5704864,0.5449883,0.49318048,0.56537926
0.54343706,0.55088335,0.5334561,0.4946997,0.57255536
0.532341,0.54114413,0.53062147,0.49663332,0.5514739
0.5269283,0.5361167,0.5143125,0.4929615,0.57114136
0.5496617,0.5806495,0.5259332,0.4954361,0.5842673
0.620839,0.63612795,0.5840394,0.49278978,0.6304833
0.6641407,0.6637992,0.65017647,0.48969617,0.67274946
0.63924223,0.6558415,0.6276107,0.4846282,0.6248983
0.6027064,0.59584814,0.5804304,0.48155335,0.56586576
0.5301759,0.5469096,0.53422487,0.47974363,0.50974345
0.45304465,0.45347658,0.44304514,0.4772335,0.39954862
0.39377537,0.39278656,0.38443285,0.47192344,0.32424247
0.35101488,0.363807,0.34895608,0.46783978,0.27802187
0.3309878,0.3367585,0.320887,0.46887812,0.24388337
0.31935048,0.31570375,0.3212697,0.4681383,0.24406472
0.3242219,0.3273161,0.3176308,0.46671182,0.27449453
0.3556157,0.36043146,0.34366906,0.46548447,0.28932726
0.43572396,0.4252623,0.4105487,0.4604842,0.34477067
0.5428958,0.5513406,0.5282236,0.45851406,0.4849
0.5870095,0.61467105,0.5817244,0.46330068,0.5316021
0.58836263,0.6122432,0.58170664,0.4667729,0.5357764
0.57943165,0.6046005,0.5827888,0.47555968,0.5695524
0.5772666,0.5927721,0.5716572,0.4912509,0.55926746
0.56725305,0.56935847,0.56875706,0.50487435,0.5665211
0.5496617,0.5838653,0.5520914,0.5128455,0.55233353
0.5445196,0.5482981,0.53074026,0.51864666,0.56152534
0.535318,0.5396531,0.53224766,0.51989543,0.5469236
0.53721243,0.5362549,0.5184676,0.5182737,0.56150424
0.5526387,0.5847645,0.5400271,0.5184757,0.5884438
0.6092016,0.63928926,0.5761906,0.51536083,0.63368684
0.64952636,0.64912534,0.6358638,0.5104378,0.6670689
0.62516916,0.6456243,0.6177456,0.49579296,0.62632895
0.5921516,0.5802597,0.567439,0.49247333,0.5652433
0.5242219,0.53708255,0.52597725,0.49198112,0.5070103
0.45006767,0.44622225,0.4399281,0.47860798,0.3977713
0.38971582,0.39130786,0.3828793,0.47554,0.34234345
0.3504736,0.35917258,0.3441256,0.45903155,0.29502887
0.33504736,0.3333338,0.32366556,0.44961178,0.25585064
0.32746956,0.32183462,0.32716882,0.44493058,0.25156993
0.32963464,0.32953483,0.3271217,0.44103256,0.28559119
0.35751015,0.3621428,0.34591505,0.44730085,0.29877144
0.42516914,0.4366929,0.40683842,0.44472346,0.35575348
0.5277402,0.54262656,0.49911454,0.44494328,0.4693851
0.5805142,0.59940916,0.5682632,0.4446433,0.5256259
0.5886333,0.6077311,0.5786561,0.44792292,0.51611763
0.5834912,0.5996339,0.58236307,0.4582829,0.54685956
0.5797023,0.59707177,0.57491076,0.47197813,0.5538057
0.5664411,0.57886314,0.56854653,0.49003848,0.5542083
0.5428958,0.5788635,0.54782414,0.49393678,0.54269606
0.5285521,0.5515388,0.5202038,0.5021746,0.53920573
0.5155616,0.53782344,0.511748,0.50507677,0.52719915
0.51285523,0.52719426,0.49866045,0.51041764,0.5359038
0.53315294,0.5679667,0.51275843,0.5106177,0.58283657
0.5924222,0.6230544,0.5616376,0.5096151,0.59900784
0.6384303,0.6367197,0.6162008,0.5051209,0.6378858
0.6113667,0.6325849,0.6116498,0.49507976,0.5895539
0.58294994,0.5752577,0.55323017,0.48995128,0.5571247
0.53315294,0.5354517,0.5222974,0.48954818,0.4814847
0.46630582,0.4692144,0.4581899,0.48659885,0.37746406
0.40649527,0.40679854,0.39854267,0.48864147,0.32423627
0.3661705,0.37598628,0.35982466,0.48964915,0.2924832
0.34181327,0.33510977,0.33879092,0.49089277,0.20817225
0.33504736,0.31695974,0.32659376,0.49167296,0.19662939
0.3345061,0.3335717,0.33518305,0.49063608,0.19419754
0.34641406,0.35334438,0.34396192,0.49092746,0.20706797
0.37943166,0.3905325,0.3769073,0.48924413,0.21840107
0.4232747,0.4562075,0.43146902,0.48766127,0.2912988
0.47631934,0.4957603,0.45271158,0.48735794,0.33589584
0.52151555,0.54069746,0.49929076,0.4864649,0.3741172
0.5399188,0.5496807,0.5341597,0.49979088,0.4149596
0.54316646,0.55585164,0.5374722,0.5096074,0.44797593
0.5304465,0.53023136,0.5325669,0.5188279,0.44109106
0.50635993,0.5311472,0.51105374,0.51685673,0.4444356
0.4828146,0.4918451,0.48334736,0.51234984,0.41271934
0.46414074,0.4777493,0.4616896,0.50919986,0.41349888
0.46955344,0.45808324,0.44763553,0.5073751,0.41550767
0.48768607,0.4977758,0.4757625,0.50260466,0.46339047
0.5391069,0.5411293,0.504637,0.49685323,0.47399747
0.56725305,0.56801873,0.56529415,0.47851437,0.49790215
0.53667116,0.55895436,0.54218745,0.45726612,0.49713308
0.5031123,0.4913277,0.48701382,0.4402794,0.4698888
0.44465494,0.44862273,0.45197922,0.41428274,0.39283174
0.3772666,0.38204315,0.37415546,0.3881772,0.3393404
0.31610283,0.3038688,0.31712383,0.37019134,0.27734464
0.27415428,0.27421224,0.27249366,0.3484758,0.23553312
0.2503383,0.24160185,0.24692427,0.33211243,0.1908123
0.23815967,0.22483885,0.23616804,0.31228143,0.17496154
0.23247632,0.22842953,0.23202746,0.3037918,0.17358333
0.2376184,0.2275326,0.23512834,0.29872602,0.1802831
0.25981057,0.25621518,0.25895825,0.29736212,0.19428593
0.30500677,0.29823774,0.30311006,0.30167067,0.24311766
0.36833557,0.35691294,0.35634887,0.31736887,0.29901475
0.4359946,0.42181537,0.41141766,0.33408958,0.35076106
0.47117728,0.46060452,0.46364605,0.37538683,0.39242756
0.47848445,0.47102433,0.47492325,0.40123612,0.42971724
0.47902572,0.46781963,0.468452,0.4159434,0.42494002
0.46792963,0.47168034,0.46442845,0.42752075,0.43001187
0.45277402,0.4502478,0.44812655,0.4310419,0.41828394
0.4324763,0.44250458,0.43432498,0.43462962,0.39619076
0.4351827,0.42051673,0.41710046,0.43593144,0.41028553
0.473613,0.4625214,0.4447934,0.4382007,0.47557622
0.5445196,0.5377391,0.50519156,0.43942448,0.48566836
0.582138,0.5638442,0.5654472,0.43925193,0.48880005
0.55507445,0.5641362,0.5506068,0.4373423,0.4941262
0.511502,0.49967837,0.4971444,0.4354177,0.46675217
0.44546685,0.44822612,0.4472742,0.43314812,0.38909718
0.37239513,0.3774442,0.36961457,0.42955703,0.32290518
0.32151556,0.30501136,0.3068688,0.43004823,0.23967102
0.2901218,0.2790281,0.28171268,0.42895713,0.20096129
0.27415428,0.26849115,0.2668276,0.4301533,0.19501808
0.2698241,0.2657124,0.26488224,0.43097153,0.18855663
0.28146145,0.27616918,0.2743578,0.44013715,0.2024483
0.31853858,0.29859185,0.3077394,0.44923344,0.22907211
0.39729363,0.39344594,0.3798681,0.45709434,0.27904814
0.51258457,0.51433986,0.4854381,0.4631618,0.41857082
0.56075776,0.5761069,0.565161,0.47305325,0.47071838
0.56887686,0.58065957,0.5623279,0.48040357,0.45533746
0.5648173,0.5760845,0.56792194,0.48963466,0.49099296
0.5686062,0.5711835,0.55754983,0.4915525,0.47819632
0.56400543,0.56362236,0.56079894,0.49613526,0.5040342
0.5510149,0.56560904,0.54753417,0.5001951,0.5161927
0.53883624,0.54443705,0.5309894,0.5024696,0.4959435
0.52584577,0.52674043,0.52254903,0.5039612,0.48326498
0.5290934,0.52045166,0.5154661,0.5026321,0.48838514
0.5491204,0.56368816,0.54480565,0.50358415,0.5392124
0.6165088,0.6070092,0.5823511,0.500898,0.5552238
0.67334235,0.6515919,0.6411532,0.49967316,0.5871212
0.64790255,0.6656268,0.6421748,0.4953392,0.5431743
0.61001354,0.59274,0.5851446,0.49045873,0.5018445
0.5404601,0.54930794,0.5430153,0.49004874,0.44325334
0.4549391,0.458138,0.45683748,0.48648217,0.34652835
0.39756426,0.39311448,0.38205254,0.48518315,0.26444322
0.36211097,0.35651594,0.35806692,0.48303765,0.22084782
0.34397835,0.33243054,0.33794874,0.48199496,0.22516921
0.33640054,0.33237973,0.33476555,0.4867183,0.20336005
0.34479025,0.33769923,0.34125674,0.4889082,0.22630398
0.37753722,0.36708403,0.37207034,0.48905453,0.24757925
0.46197563,0.45845735,0.43899953,0.4921362,0.30259103
0.5713126,0.58259684,0.56022567,0.49356273,0.42714772
0.6105548,0.6398003,0.6032107,0.49321792,0.4870302
0.608931,0.6304343,0.6036595,0.49965432,0.46409416
0.588092,0.6210341,0.6030753,0.52322567,0.49086684
0.58105546,0.59787935,0.57724905,0.53414273,0.497032
0.5548038,0.57694364,0.57265353,0.5308142,0.51617503
0.5396482,0.5600431,0.5332748,0.52855384,0.5101589
0.52638704,0.5369179,0.52546597,0.5269431,0.49995118
0.51231396,0.5209299,0.5096576,0.52591026,0.50052154
0.51637346,0.51257,0.49731266,0.5217904,0.49221528
0.54397833,0.5547122,0.52422047,0.5153315,0.52558035
0.60784847,0.6059884,0.57841104,0.5054709,0.554965
0.64627874,0.64285153,0.6382672,0.4968424,0.5781393
0.61867386,0.6411535,0.61727536,0.4806107,0.5406938
0.5745602,0.5627481,0.5633681,0.46171814,0.5212329
0.5001353,0.5080707,0.5028383,0.45045796,0.4366564
0.4067659,0.41084734,0.4154153,0.43024385,0.3561281
0.3548038,0.335699,0.33455822,0.41416073,0.2719959
0.31474966,0.30669308,0.3223697,0.4040084,0.23567158
0.29634643,0.28995407,0.28685296,0.3864613,0.22934856
0.28552097,0.27951723,0.28526142,0.3797605,0.19045113
0.2901218,0.28231835,0.28271523,0.37442875,0.2311658
0.3242219,0.30954024,0.30664185,0.36755276,0.23863819
0.40487143,0.38769662,0.38147163,0.35369575,0.29294538
0.52286875,0.5191096,0.5016464,0.3528679,0.39501387
0.57428956,0.5764442,0.5670984,0.34086156,0.4674102
0.58105546,0.57413715,0.5663138,0.3483769,0.47384542
0.58078486,0.5814406,0.573849,0.4016405,0.51127213
0.5786198,0.58353716,0.5729717,0.42449558,0.49066597
0.5721245,0.57229644,0.56599545,0.43912023,0.5190193
0.55913395,0.5746207,0.5563802,0.45166805,0.5212417
0.5534506,0.556934,0.54019177,0.45800725,0.5066802
0.5393775,0.5461309,0.5399659,0.4651002,0.48905182
0.5336942,0.5354501,0.5221211,0.47218972,0.4989094
0.55318,0.568271,0.53667396,0.4764258,0.53731304
0.61515564,0.60836744,0.5838974,0.47966516,0.56155425
0.6554804,0.64317244,0.6349655,0.48033735,0.60070497
0.63897157,0.6513434,0.617463,0.47343865,0.5758388
0.6027064,0.59232974,0.57890266,0.4714633,0.51064086
0.5358593,0.54195386,0.5326785,0.4674356,0.45668817
0.44573748,0.4556417,0.4528682,0.46194246,0.36547044
0.38755074,0.3803168,0.37140554,0.46079683,0.25888675
0.35426253,0.3489608,0.3479722,0.45713726,0.22872466
0.34181327,0.3325865,0.33199418,0.45399544,0.21792495
0.34235454,0.3225612,0.33556476,0.45635137,0.20119779
0.34857917,0.32523188,0.35043624,0.4614984,0.21236773
0.38078484,0.3796271,0.36898065,0.47119355,0.23632059
0.46738836,0.43582016,0.4369859,0.47981134,0.2967636
0.58105546,0.58828807,0.55633616,0.48855534,0.43966419
0.6189445,0.64650416,0.6129247,0.50138223,0.48546892
0.60784847,0.6444866,0.6075824,0.5074519,0.4736678
0.5905277,0.6226425,0.59670556,0.52041095,0.5063175
0.57239515,0.6018428,0.57962525,0.5231241,0.49589598
0.55399185,0.5627062,0.5581547,0.5270616,0.5190796
0.5290934,0.56208324,0.5369438,0.5274556,0.51323193
0.51231396,0.5311004,0.50754863,0.5220484,0.50096494
0.49824086,0.5138991,0.4948447,0.5192114,0.491342
0.4925575,0.50012046,0.48259252,0.5148617,0.4934066
0.5133965,0.5324615,0.49513018,0.5058279,0.5411261
0.57239515,0.5758909,0.55289435,0.49709323,0.5605417
0.63274693,0.6212094,0.60212713,0.48532215,0.59165853
0.6194858,0.6421006,0.61868393,0.46935576,0.5538076
0.5867388,0.5757406,0.5684484,0.4636027,0.51393944
0.5223275,0.5326349,0.5183018,0.45589554,0.4523753
0.4392422,0.4492853,0.43980134,0.45024896,0.35468057
0.37997293,0.37505233,0.3708514,0.449679,0.27990475
0.34506088,0.33814487,0.34239495,0.44304666,0.23410243
0.33152908,0.32053933,0.3236763,0.43575233,0.23794508
0.32638702,0.31904146,0.3234438,0.4263203,0.21188489
0.3301759,0.32414234,0.32452494,0.41230178,0.23304857
0.35805142,0.34670007,0.34296134,0.4148015,0.24965504
0.44411367,0.42388278,0.4054473,0.40152577,0.29066727
0.5577808,0.55974615,0.53938055,0.3888585,0.43295437
0.5991881,0.6067973,0.5936683,0.39303273,0.48851687
0.5921516,0.6042423,0.57739925,0.3962425,0.47469568
0.57266575,0.5929873,0.57748365,0.4282342,0.5021085
0.55886334,0.5757495,0.5565746,0.45545846,0.5033159
0.5410014,0.5442723,0.5449898,0.4808658,0.5170114
0.51231396,0.53167295,0.52223516,0.4823725,0.49900192
0.49580514,0.505682,0.4890365,0.48242882,0.50122744
0.47307172,0.48789376,0.4812989,0.48414913,0.49360716
0.46711773,0.46900755,0.45379043,0.48864126,0.48903322
0.48768607,0.49148926,0.4756652,0.48741695,0.5154009
0.5396482,0.53711927,0.52404344,0.47970918,0.5388675
0.5894452,0.5705519,0.5682603,0.46572313,0.56055415
0.573207,0.5857714,0.578066,0.4375377,0.523545
0.5420839,0.523258,0.52484107,0.41480246,0.5054364
0.48092017,0.48369005,0.48276258,0.40172607,0.43189824
0.4051421,0.40261853,0.40577936,0.38814154,0.34756523
0.33640054,0.33056214,0.34442252,0.37837583,0.27700636
0.2976996,0.28772497,0.2956751,0.3686905,0.23893104
0.26820028,0.26484787,0.2790087,0.36782983,0.20817225
0.25953993,0.23967469,0.25150535,0.35821766,0.19662939
0.2638701,0.25087863,0.2576779,0.33331254,0.19419754
0.2744249,0.26359013,0.27465972,0.3370509,0.20706797
0.31150204,0.3028285,0.3007198,0.33404928,0.21840107
0.3526387,0.37163472,0.37829214,0.32574818,0.2912988
0.405954,0.40460914,0.39063674,0.32642725,0.33589584
0.45358592,0.45188487,0.43444058,0.3431188,0.3741172
0.47821382,0.47288513,0.47054678,0.38053572,0.4149596
0.47198918,0.48587885,0.48091474,0.4055512,0.44797593
0.44844383,0.45396915,0.46044144,0.4364398,0.44109106
0.41867387,0.43783104,0.4290675,0.45239663,0.4444356
0.40568337,0.40492472,0.39814794,0.4662396,0.41271934
0.39106902,0.40084186,0.39392248,0.4722245,0.41349888
0.39188093,0.3845343,0.37824076,0.47778794,0.41550767
0.41677943,0.41357002,0.4001568,0.47699332,0.46339047
0.47415426,0.47068647,0.44856524,0.47386327,0.47399747
0.5171854,0.501135,0.50817144,0.46675524,0.49790215
0.49580514,0.51413995,0.5048728,0.45445845,0.49713308
0.4638701,0.44636402,0.4463634,0.436097,0.4698888
0.40866035,0.4032998,0.41069317,0.42481297,0.39283174
0.3369418,0.34225404,0.34154016,0.41814756,0.3393404
0.28281462,0.27087474,0.2759411,0.41274875,0.27734464
0.24871448,0.23694335,0.24683076,0.41495657,0.23553312
0.24208389,0.21863487,0.22711302,0.40785322,0.1908123
0.23545332,0.21777055,0.23925656,0.41382194,0.17496154
0.23031123,0.22201967,0.23329376,0.40037364,0.17358333
0.23788904,0.22127804,0.2351594,0.39554873,0.1802831
0.255751,0.2543626,0.2659117,0.39147806,0.19428593
0.29228687,0.28855225,0.29839128,0.3885969,0.24311766
0.33748308,0.33824098,0.3400324,0.3867485,0.29901475
0.388092,0.39659566,0.37403312,0.37867728,0.35076106
0.42381597,0.41694212,0.41500473,0.38077214,0.39242756
0.44221923,0.43120557,0.4322347,0.39946878,0.42971724
0.4519621,0.44017875,0.43845248,0.4186424,0.42494002
0.44167796,0.4444608,0.44243222,0.43458754,0.43001187
0.42516914,0.42434448,0.42367932,0.44750568,0.41828394
0.40730718,0.41527194,0.4086671,0.45807764,0.39619076
0.40351826,0.393368,0.39770943,0.46590117,0.41028553
0.41759133,0.42965978,0.41566682,0.4701269,0.47557622
0.45845738,0.4777416,0.44538182,0.47204813,0.48566836
0.5150203,0.48644143,0.4806366,0.47151572,0.48880005
0.5529093,0.5152303,0.50667566,0.46836063,0.4941262
0.5255751,0.5018827,0.5207709,0.45914415,0.46675217
0.4571042,0.45368493,0.4576487,0.451667,0.38909718
0.3772666,0.37716785,0.37949067,0.4455416,0.32290518
0.3082544,0.29720598,0.3119715,0.44108406,0.23967102
0.2730717,0.25780112,0.2606106,0.44456756,0.20096129
0.25845736,0.24142385,0.25100166,0.43756938,0.19501808
0.25087956,0.24022953,0.2473849,0.4420336,0.18855663
0.25169146,0.24117109,0.24590746,0.43987054,0.2024483
0.28146145,0.25182918,0.26389363,0.4377688,0.22907211
0.35453317,0.34424785,0.32979086,0.4359502,0.27904814
0.48470905,0.4678691,0.44628337,0.429908,0.41857082
0.54560214,0.54108477,0.5695982,0.4289359,0.47071838
0.5496617,0.5489496,0.5375216,0.4198609,0.45533746
0.55399185,0.54316264,0.55124414,0.41855907,0.49099296
0.5542625,0.5490107,0.55308044,0.42729852,0.47819632
0.5396482,0.535558,0.54700077,0.43867585,0.5040342
0.51935047,0.529127,0.52041954,0.44689,0.5161927
0.5104195,0.50515795,0.49858734,0.45184913,0.4959435
0.49039242,0.48789713,0.49820277,0.45931944,0.48326498
0.4828146,0.47674873,0.4727008,0.46422285,0.48838514
0.49201623,0.506181,0.49103963,0.4658976,0.5392124
0.5261164,0.53843147,0.5246251,0.4669529,0.5552238
0.5667118,0.5576093,0.56861204,0.4669539,0.5871212
0.58917457,0.5702232,0.5690259,0.4642963,0.5431743
0.5556157,0.53880805,0.5586933,0.4538349,0.5018445
0.47740188,0.4760263,0.49114177,0.44762257,0.44325334
0.38782138,0.38592067,0.39721704,0.43885025,0.34652835
0.31447902,0.31230092,0.3208052,0.43154272,0.26444322
0.26657647,0.2591408,0.27178302,0.43242902,0.22084782
0.24627875,0.23259434,0.24284574,0.4312408,0.22516921
0.23410013,0.22809687,0.2384942,0.42830113,0.20336005
0.23599459,0.22770044,0.23037301,0.43230057,0.22630398
0.26116374,0.24681287,0.25089258,0.43009502,0.24757925
0.33044654,0.33007264,0.30972454,0.42972687,0.30259103
0.45385656,0.44766688,0.4326418,0.42894268,0.42714772
0.5120433,0.517064,0.53564376,0.42332453,0.4870302
0.50960755,0.5120901,0.50712794,0.41927817,0.46409416
0.51096076,0.5019572,0.50979877,0.41775596,0.49086684
0.50798374,0.5096841,0.5108304,0.42131424,0.497032
0.49526387,0.49359834,0.49951947,0.4277934,0.51617503
0.47740188,0.4916135,0.47874507,0.43698573,0.5101589
0.47117728,0.46879,0.45842624,0.45242873,0.49995118
0.4562923,0.4583592,0.4576641,0.4614965,0.50052154
0.45006767,0.44561964,0.43844655,0.45895854,0.49221528
0.455751,0.47203422,0.45209557,0.45429558,0.52558035
0.47198918,0.50005203,0.481786,0.45481908,0.554965
0.5074425,0.49898395,0.50860214,0.4550635,0.5781393
0.5464141,0.51797885,0.5161016,0.44911948,0.5406938
0.5150203,0.5026535,0.52032465,0.43628544,0.5212329
0.4473613,0.43704957,0.44760352,0.42836326,0.4366564
0.35832205,0.3599666,0.37604892,0.41657814,0.3561281
0.28985116,0.280316,0.29239574,0.40541053,0.2719959
0.25142083,0.23726696,0.24968424,0.40100193,0.23567158
0.23437077,0.22444418,0.23416105,0.4030742,0.22934856
0.22435723,0.21572582,0.22811207,0.4060043,0.19045113
0.22652233,0.21803044,0.22325872,0.40671188,0.2311658
0.25304466,0.24281788,0.24042937,0.40664208,0.23863819
0.32368064,0.31432483,0.29635236,0.40846413,0.29294538
0.4541272,0.44268698,0.41271904,0.41015938,0.39501387
0.51610285,0.51375043,0.5312113,0.40838757,0.4674102
0.52665764,0.5088271,0.5064117,0.40687215,0.47384542
0.52963465,0.5111061,0.52569234,0.4078571,0.51127213
0.5391069,0.5196657,0.5244901,0.41003674,0.49066597
0.5461434,0.51716065,0.5314636,0.4131434,0.5190193
0.5374831,0.5312053,0.5326891,0.4215486,0.5212417
0.53477675,0.51521796,0.51664346,0.43390167,0.5066802
0.52665764,0.5094066,0.5195979,0.44152042,0.48905182
0.5277402,0.5042919,0.5112081,0.44238177,0.4989094
0.5526387,0.5423873,0.53176653,0.44332024,0.53731304
0.5826793,0.58706445,0.5828158,0.44714132,0.56155425
0.59972936,0.5897868,0.60250634,0.4512649,0.60070497
0.58836263,0.5873022,0.5836844,0.45318484,0.5758388
0.54722595,0.5351938,0.5347461,0.4534378,0.51064086
0.4714479,0.46830583,0.4766519,0.44724545,0.45668817
0.3805142,0.3864312,0.3934582,0.44139984,0.36547044
0.32124493,0.30683196,0.31315255,0.43275797,0.25888675
0.28037888,0.27416784,0.28841284,0.4246493,0.22872466
0.25981057,0.2516127,0.26054084,0.41704404,0.21792495
0.25466847,0.233609,0.25488415,0.4177547,0.20119779
0.25953993,0.24351668,0.26644564,0.41376698,0.21236773
0.28741542,0.28015628,0.2875209,0.41178903,0.23632059
0.35453317,0.3421076,0.3519286,0.41558766,0.2967636
0.4495264,0.47551253,0.443264,0.41889328,0.43966419
0.51772666,0.5175573,0.49631694,0.42944974,0.48546892
0.561299,0.5459055,0.5375284,0.43644437,0.4736678
0.58755076,0.5759066,0.5713331,0.44343358,0.5063175
0.6043302,0.59664863,0.5880567,0.44995978,0.49589598
0.6124492,0.58773404,0.5943161,0.45738897,0.5190796
0.6037889,0.6128186,0.59513247,0.46623763,0.51323193
0.58755076,0.58860445,0.579141,0.4721863,0.50096494
0.56752366,0.57049835,0.562822,0.4758884,0.491342
0.5556157,0.54873466,0.54728246,0.48092052,0.4934066
0.5661705,0.5794691,0.55375934,0.48192352,0.5411261
0.58592695,0.6122578,0.5948092,0.48521373,0.5605417
0.6143437,0.6115713,0.6069812,0.48358455,0.59165853
0.64086604,0.6123991,0.5944075,0.48397544,0.5538076
0.6127199,0.6007227,0.59715515,0.4856735,0.51393944
0.5391069,0.5495262,0.5438882,0.48582104,0.4523753
0.45060894,0.4601333,0.4617004,0.48721805,0.35468057
0.3813261,0.3827626,0.38506153,0.4852337,0.27990475
0.34939107,0.33649358,0.3386788,0.48443767,0.23410243
0.3225981,0.3253494,0.33446205,0.4777123,0.23794508
0.31637347,0.31679863,0.31050813,0.47551224,0.21188489
0.31447902,0.32074124,0.32535842,0.47361487,0.23304857
0.33748308,0.34081528,0.33066574,0.47275236,0.24965504
0.4105548,0.4165308,0.38114804,0.4748936,0.29066727
0.5326116,0.5379155,0.49207836,0.4768305,0.43295437
0.5818674,0.6003591,0.60120475,0.483925,0.48851687
0.582138,0.6085962,0.5785807,0.4884344,0.47469568
0.5805142,0.60193,0.5806974,0.49282005,0.5021085
0.5753721,0.5956255,0.57665366,0.5063696,0.5033159
0.5545331,0.5655131,0.5634316,0.5104067,0.5170114
0.5326116,0.54892236,0.53083044,0.51000094,0.49900192
0.51989174,0.52795446,0.50920165,0.5082855,0.50122744
0.5023004,0.5098479,0.5008635,0.50424635,0.49360716
0.4909337,0.49125773,0.48015168,0.5062076,0.48903322
0.49445197,0.509123,0.4844545,0.4694173,0.5154009
0.50933695,0.5356457,0.51541644,0.47570777,0.5388675
0.5301759,0.5331014,0.54378986,0.46130762,0.56055415
0.5596752,0.53197414,0.5356959,0.445524,0.523545
0.53477675,0.52657455,0.53686124,0.42360908,0.5054364
0.48092017,0.4704311,0.47529048,0.40850404,0.43189824
0.40351826,0.39929938,0.41659382,0.39572024,0.34756523
0.32963464,0.3201352,0.34133616,0.37238532,0.27700636
0.2798376,0.2714086,0.28445995,0.35454154,0.23893104
0.2541272,0.24570957,0.2551422,0.33320054,0.20817225
0.23951286,0.22141245,0.2441105,0.32203144,0.19662939
0.23058186,0.22734593,0.23445086,0.30245814,0.19419754
0.24032477,0.23197278,0.22986983,0.28882474,0.20706797
0.26332882,0.26341492,0.26217297,0.28127044,0.21840107
0.3150203,0.31957608,0.30089313,0.2715066,0.2912988
0.37483084,0.37494606,0.3667606,0.2791174,0.33589584
0.4324763,0.41201907,0.40579495,0.28288668,0.3741172
0.4625169,0.4478252,0.45629936,0.2974004,0.4149596
0.46576455,0.46025893,0.46618348,0.35691816,0.44797593
0.45764548,0.4392315,0.45655727,0.40603992,0.44109106
0.43464142,0.44188076,0.4422236,0.41899788,0.4444356
0.40703654,0.41477063,0.41265824,0.4361894,0.41271934
0.39350474,0.39402488,0.38394699,0.43547708,0.41349888
0.39215156,0.3825533,0.38150772,0.45096943,0.41550767
0.40189445,0.40717497,0.39161164,0.43358892,0.46339047
0.4173207,0.44844067,0.4177991,0.43739045,0.47399747
0.4443843,0.43876565,0.4402277,0.43491197,0.49790215
0.47171855,0.4579237,0.45645043,0.4297744,0.49713308
0.45277402,0.44299376,0.4525016,0.42211276,0.4698888
0.40216509,0.39034042,0.39990968,0.41861853,0.39283174
0.3377537,0.3365024,0.34145147,0.41433346,0.3393404
0.27794316,0.26692298,0.28222394,0.4150996,0.27734464
0.24194857,0.22720778,0.23794432,0.4105423,0.23553312
0.22138025,0.20606303,0.22293884,0.40705615,0.1908123
0.21299052,0.20022264,0.21191853,0.40438187,0.17496154
0.21190798,0.19819899,0.2122825,0.40141952,0.17358333
0.21867388,0.20479372,0.22036237,0.397192,0.1802831
0.24005413,0.23767827,0.23817107,0.3967398,0.19428593
0.28741542,0.27233502,0.27854115,0.39843008,0.24311766
0.34397835,0.33796528,0.34203947,0.3990683,0.29901475
0.41109607,0.40268105,0.3820702,0.40092844,0.35076106
0.45656294,0.4372659,0.44126683,0.4087599,0.39242756
0.46738836,0.4599251,0.46356136,0.41849917,0.42971724
0.46738836,0.45753723,0.45693517,0.4288224,0.42494002
0.4608931,0.45673603,0.4512498,0.43717492,0.43001187
0.4414073,0.4414807,0.44270438,0.454955,0.41828394
0.4248985,0.42786738,0.42016447,0.46258238,0.39619076
0.42138025,0.41159314,0.41351599,0.47226447,0.41028553
0.43815967,0.44485754,0.42586637,0.47263327,0.47557622
0.47090665,0.49772984,0.46089506,0.4767412,0.48566836
0.51096076,0.49503255,0.49373865,0.48181626,0.48880005
0.56346416,0.5163875,0.51184183,0.47782394,0.4941262
0.5426252,0.527287,0.54347324,0.47078386,0.46675217
0.47388363,0.47298628,0.4747681,0.46727207,0.38909718
0.39512855,0.40068847,0.3960945,0.46421012,0.32290518
0.33585927,0.3186884,0.3284337,0.46646854,0.23967102
0.30500677,0.28513533,0.29154322,0.46688494,0.20096129
0.29201624,0.28102887,0.28285816,0.47144017,0.19501808
0.2909337,0.28176337,0.2820389,0.47382805,0.18855663
0.2976996,0.29478145,0.29373276,0.47662345,0.2024483
0.32449254,0.31337893,0.31458157,0.48009723,0.22907211
0.40433016,0.39885923,0.370116,0.48457584,0.27904814
0.5361299,0.5194355,0.49633083,0.48812506,0.41857082
0.5905277,0.5996671,0.60645914,0.48999345,0.47071838
0.5972936,0.6049251,0.5777265,0.4912255,0.45533746
0.5935047,0.6035474,0.59379333,0.49448186,0.49099296
0.582138,0.5985572,0.5827657,0.49998024,0.47819632
0.56265223,0.5714693,0.56688666,0.5057276,0.5040342
0.5410014,0.5601506,0.54099435,0.5085403,0.5161927
0.52584577,0.5340301,0.51917166,0.50902194,0.4959435
0.50284165,0.5129699,0.50968355,0.5136389,0.48326498
0.4895805,0.49769676,0.48439598,0.5168814,0.48838514
0.49661705,0.51991075,0.49500546,0.51984775,0.5392124
0.52124494,0.5517306,0.532203,0.51914716,0.5552238
0.55074424,0.56058484,0.559778,0.5155283,0.5871212
0.5953992,0.563237,0.5596138,0.5121962,0.5431743
0.57916105,0.56680673,0.5832306,0.4963868,0.5018445
0.5047361,0.51388794,0.52171236,0.48926875,0.44325334
0.41705006,0.4225523,0.42405322,0.48291844,0.34652835
0.3594046,0.35319036,0.3530379,0.46615404,0.26444322
0.32665765,0.3135032,0.32799447,0.46413296,0.22084782
0.3142084,0.29634738,0.31124538,0.45393553,0.22516921
0.30960757,0.29839134,0.31093308,0.44776645,0.20336005
0.31231394,0.30708855,0.31197196,0.44332758,0.22630398
0.3404601,0.32688507,0.32526433,0.4385247,0.24757925
0.42002708,0.4158846,0.38699114,0.43860492,0.30259103
0.5542625,0.5353644,0.5106407,0.44057706,0.42714772
0.59431666,0.61710775,0.6239327,0.4407873,0.4870302
0.58322054,0.5977564,0.5607922,0.44091335,0.46409416
0.56400543,0.5839932,0.57056534,0.44449458,0.49086684
0.55074424,0.5642976,0.5469638,0.45541793,0.497032
0.53342354,0.539688,0.5345027,0.46887305,0.51617503
0.5136671,0.5329176,0.5121733,0.4788821,0.5101589
0.4955345,0.5074747,0.49165374,0.47953317,0.49995118
0.47334236,0.48701957,0.47423303,0.48386005,0.50052154
0.46062246,0.4689571,0.45308098,0.48574522,0.49221528
0.4638701,0.4899535,0.46176437,0.48842874,0.52558035
0.4895805,0.51773185,0.4913381,0.4897648,0.554965
0.52449256,0.5264863,0.5221879,0.48198622,0.5781393
0.57699597,0.5420588,0.5303808,0.4718824,0.5406938
0.5583221,0.54665595,0.56757575,0.44561666,0.5212329
0.48227334,0.48741975,0.49215603,0.4342655,0.4366564
0.39431664,0.3927733,0.40062502,0.43500718,0.3561281
0.32286873,0.31907016,0.33295515,0.4091972,0.2719959
0.28470907,0.2686834,0.28396595,0.40551525,0.23567158
0.27469555,0.2607745,0.26864374,0.39547625,0.22934856
0.27009472,0.25834978,0.2723687,0.38269502,0.19045113
0.27469555,0.26728883,0.26729316,0.3753028,0.2311658
0.30257103,0.29266727,0.28506336,0.36797297,0.23863819
0.3797023,0.36647588,0.34412384,0.36448592,0.29294538
0.5074425,0.4939127,0.4690439,0.3564964,0.39501387
0.556157,0.5643795,0.5764619,0.35640907,0.4674102
0.5423545,0.5506775,0.5295226,0.3592016,0.47384542
0.5242219,0.53484046,0.5296473,0.39571887,0.51127213
0.5207037,0.51898086,0.5128304,0.4274342,0.49066597
0.51772666,0.5072752,0.51126486,0.44399676,0.5190193
0.50933695,0.5111994,0.503375,0.45537147,0.5212417
0.50121784,0.49976587,0.49092907,0.45969582,0.5066802
0.49039242,0.48330703,0.48384592,0.46285465,0.48905182
0.49147496,0.47746885,0.47556928,0.46534267,0.4989094
0.5101488,0.5149499,0.49695534,0.4678916,0.53731304
0.5339648,0.5508194,0.53707904,0.46717656,0.56155425
0.56373477,0.5553686,0.55371916,0.46993724,0.60070497
0.5786198,0.56279755,0.55923736,0.46320203,0.5758388
0.5464141,0.5344228,0.5386397,0.448128,0.51064086
0.47225982,0.4662493,0.47254425,0.4278179,0.45668817
0.37943166,0.38021085,0.39133164,0.41862154,0.36547044
0.3098782,0.30145434,0.30957514,0.40496624,0.25888675
0.26359946,0.25734165,0.26990098,0.39698237,0.22872466
0.24573748,0.2313853,0.24064317,0.3856266,0.21792495
0.2376184,0.21153584,0.23920864,0.37852153,0.20119779
0.23870094,0.21955806,0.23720004,0.37269267,0.21236773
0.26035184,0.24312447,0.2528524,0.36252022,0.23632059
0.32882273,0.30347624,0.30930576,0.3643809,0.2967636
0.45439783,0.44056338,0.4270365,0.36573836,0.43966419
0.5139378,0.5107869,0.520538,0.36637303,0.48546892
0.53342354,0.5145901,0.51085734,0.3792819,0.4736678
0.5391069,0.52957,0.53649294,0.40220028,0.5063175
0.54018945,0.53275526,0.53685755,0.420848,0.49589598
0.5339648,0.5148133,0.5319288,0.42579448,0.5190796
0.5155616,0.52371556,0.51826227,0.43335485,0.51323193
0.50257105,0.49979332,0.49384165,0.4400962,0.50096494
0.48741543,0.4837771,0.4854352,0.4548454,0.491342
0.47550744,0.47267997,0.47131145,0.4618146,0.4934066
0.48064953,0.49727446,0.47316882,0.46150503,0.5411261
0.4939107,0.51768684,0.50713235,0.4566323,0.5605417
0.5158322,0.5200957,0.5223512,0.45703056,0.59165853
0.55236804,0.52029574,0.5152912,0.44945022,0.5538076
0.529364,0.5151231,0.5258878,0.4441635,0.51393944
0.4579161,0.46068415,0.46731576,0.43980867,0.4523753
0.36508796,0.37241477,0.3843642,0.43501514,0.35468057
0.2955345,0.2805442,0.29967824,0.4306126,0.27990475
0.2533153,0.23897818,0.25709328,0.4266169,0.23410243
0.23734777,0.227117,0.2349422,0.42117596,0.23794508
0.22571042,0.22374392,0.23395535,0.4185536,0.21188489
0.22543979,0.22223869,0.22410405,0.41761565,0.23304857
0.2503383,0.23745203,0.23761706,0.41352952,0.24965504
0.32205683,0.3167971,0.29235113,0.41363326,0.29066727
0.44600812,0.44039673,0.4094553,0.413,0.43295437
0.4985115,0.50150067,0.52243376,0.4147271,0.48851687
0.50798374,0.49994755,0.49210382,0.4153061,0.47469568
0.5101488,0.5048286,0.51001424,0.41869092,0.5021085
0.5142084,0.5052217,0.5068874,0.4247083,0.5033159
0.5033829,0.49736875,0.5055838,0.4221614,0.5170114
0.48064953,0.4900161,0.48382822,0.42691076,0.49900192
0.4692828,0.4716596,0.4566046,0.4321224,0.50122744
0.45250338,0.45614028,0.45310232,0.44229132,0.49360716
0.44600812,0.43970686,0.43434313,0.4486707,0.48903322
0.44546685,0.4588293,0.4490427,0.45338827,0.5154009
0.4541272,0.47881314,0.46814334,0.45288962,0.5388675
0.4700947,0.4733439,0.488894,0.45423737,0.56055415
0.5101488,0.4781196,0.47880498,0.45006356,0.523545
0.49878213,0.48293117,0.49213904,0.4445679,0.5054364
0.44546685,0.43295723,0.44488367,0.43934086,0.43189824
0.37645468,0.37445384,0.38274574,0.43003795,0.34756523
0.3082544,0.30300367,0.3232279,0.42233488,0.27700636
0.26062247,0.26156387,0.26751423,0.4150832,0.23893104
0.24194857,0.22554576,0.23948523,0.41192633,0.20817225
0.23112313,0.22617336,0.239235,0.40847892,0.19662939
0.22868742,0.22224037,0.23122664,0.41115767,0.19419754
0.23653586,0.2254248,0.23865566,0.41143632,0.20706797
0.26820028,0.26863587,0.26103604,0.4128361,0.21840107
0.31853858,0.3203015,0.3184778,0.41243505,0.2912988
0.3840325,0.3730458,0.36423117,0.41892457,0.33589584
0.4481732,0.43085834,0.4189377,0.42338932,0.3741172
0.4849797,0.46310592,0.47182435,0.43030965,0.4149596
0.49797022,0.48433,0.4885126,0.4406059,0.44797593
0.49336943,0.46765152,0.48782825,0.44868836,0.44109106
0.47902572,0.47177267,0.47395745,0.45311663,0.4444356
0.46441138,0.44623625,0.4571339,0.45972303,0.41271934
0.4405954,0.44017124,0.44434246,0.46209344,0.41349888
0.4270636,0.41436118,0.41933036,0.45955092,0.41550767
0.42625168,0.4310086,0.42486453,0.4675277,0.46339047
0.4351827,0.46216688,0.44294092,0.47188956,0.47399747
0.4473613,0.45041662,0.46089733,0.46954408,0.49790215
0.48173207,0.457156,0.45608783,0.46731865,0.49713308
0.4638701,0.45388436,0.46867007,0.46140143,0.4698888
0.4135318,0.39928487,0.41109914,0.45582733,0.39283174
0.34614342,0.34442323,0.35729808,0.4438056,0.3393404
0.28687415,0.2722405,0.29298335,0.43351623,0.27734464
0.24303113,0.23420101,0.24965635,0.42205608,0.23553312
0.2202977,0.20692974,0.22236471,0.411104,0.1908123
0.20703654,0.19865374,0.21312597,0.40959173,0.17496154
0.20757781,0.19482262,0.20586608,0.40537962,0.17358333
0.2135318,0.20387141,0.21924424,0.4032225,0.1802831
0.2368065,0.23052895,0.23260747,0.39409435,0.19428593
0.28010824,0.2713622,0.27580926,0.3880903,0.24311766
0.3345061,0.32951987,0.33157274,0.3928084,0.29901475
0.39891747,0.38990286,0.37722832,0.39360058,0.35076106
0.43788904,0.42507225,0.43122795,0.3936783,0.39242756
0.44384304,0.4372813,0.44479853,0.40971065,0.42971724
0.4392422,0.436322,0.43273285,0.41903716,0.42494002
0.42760488,0.4270949,0.4222105,0.4208206,0.43001187
0.41109607,0.41032064,0.40717256,0.43122494,0.41828394
0.3924222,0.40037617,0.3897031,0.4348874,0.39619076
0.39296347,0.37671477,0.3762628,0.4341203,0.41028553
0.40838972,0.41854692,0.40028185,0.44081232,0.47557622
0.44709066,0.46461916,0.43043792,0.44644985,0.48566836
0.48254398,0.4727282,0.4789367,0.44653648,0.48880005
0.538295,0.49252135,0.48721862,0.44416317,0.4941262
0.5269283,0.5066405,0.5249054,0.43794966,0.46675217
0.4533153,0.4576751,0.46360362,0.43357354,0.38909718
0.37564275,0.37810653,0.37058643,0.42818362,0.32290518
0.3209743,0.29911932,0.3113965,0.4265095,0.23967102
0.28308526,0.2712158,0.27916762,0.42444623,0.20096129
0.27496618,0.25631407,0.25564766,0.42376247,0.19501808
0.27875507,0.26347625,0.27015933,0.43547755,0.18855663
0.28606224,0.2802092,0.28392455,0.44303882,0.2024483
0.31393775,0.29749215,0.300651,0.4525914,0.22907211
0.39756426,0.38387522,0.35998738,0.4585307,0.27904814
0.52963465,0.5109139,0.49186093,0.46754935,0.41857082
0.57916105,0.586655,0.59690666,0.4741324,0.47071838
0.5753721,0.58626026,0.560116,0.47979048,0.45533746
0.565088,0.57340825,0.56792414,0.48429266,0.49099296
0.5585927,0.5636674,0.5534594,0.49593982,0.47819632
0.54695535,0.5449072,0.5469103,0.5002314,0.5040342
0.5271989,0.54310745,0.5289705,0.49893072,0.5161927
0.51285523,0.5181979,0.50551146,0.50462854,0.4959435
0.49120432,0.49835193,0.49761122,0.50522304,0.48326498
0.47983763,0.48399293,0.47536445,0.5066923,0.48838514
0.48741543,0.50952506,0.48936352,0.50774586,0.5392124
0.51258457,0.5406542,0.52440685,0.5072298,0.5552238
0.541272,0.5514711,0.5489672,0.5034007,0.5871212
0.58836263,0.55226,0.54957867,0.49878743,0.5431743
0.57104194,0.5582146,0.57859427,0.4904714,0.5018445
0.5020298,0.5023954,0.5088482,0.48232314,0.44325334
0.4135318,0.41771656,0.42435694,0.47674882,0.34652835
0.34641406,0.34856105,0.34850132,0.46609226,0.26444322
0.3090663,0.30108675,0.30949768,0.45795283,0.22084782
0.29526386,0.28249335,0.2944593,0.45469245,0.22516921
0.2901218,0.2839667,0.2925417,0.44606224,0.20336005
0.2976996,0.29273766,0.29108718,0.43987283,0.22630398
0.33125845,0.31525177,0.31542668,0.44122684,0.24757925
0.41380244,0.4080414,0.38310152,0.43825677,0.30259103
0.54018945,0.52820635,0.509639,0.43479216,0.42714772
0.5864682,0.5985676,0.60179496,0.43513554,0.4870302
0.57780784,0.5848489,0.56217027,0.43310535,0.46409416
0.55669826,0.5725039,0.56623197,0.44167486,0.49086684
0.54343706,0.55334044,0.5422339,0.45838168,0.497032
0.52665764,0.52884775,0.52947646,0.4705289,0.51617503
0.508525,0.52269965,0.5071227,0.4750789,0.5101589
0.49039242,0.4982598,0.4881484,0.47606674,0.49995118
0.47117728,0.47945294,0.46954042,0.47741315,0.50052154
0.46278754,0.46578276,0.45370907,0.4819482,0.49221528
0.4744249,0.49138543,0.46596062,0.48301437,0.52558035
0.5006766,0.5270924,0.5061448,0.48219994,0.554965
0.52828145,0.53405535,0.5318298,0.47745293,0.5781393
0.5751015,0.54144734,0.5326954,0.47203007,0.5406938
0.55723953,0.5421412,0.5625525,0.4611735,0.5212329
0.48173207,0.48282248,0.49212533,0.44549537,0.4366564
0.38863328,0.3899773,0.39837486,0.43416622,0.3561281
0.31447902,0.30989686,0.32197785,0.4132403,0.2719959
0.2782138,0.25841954,0.27426282,0.3965104,0.23567158
0.26278755,0.25082126,0.26361293,0.3871718,0.22934856
0.25277403,0.2416448,0.25633144,0.3800357,0.19045113
0.2571042,0.24471082,0.24810767,0.36281997,0.2311658
0.28443843,0.271022,0.27046898,0.3565479,0.23863819
0.35967523,0.3438359,0.3265564,0.35190207,0.29294538
0.49282816,0.47437423,0.45329335,0.35304427,0.39501387
0.5466847,0.5473389,0.57077956,0.36627916,0.4674102
0.5577808,0.5365525,0.5234502,0.3866938,0.47384542
0.5667118,0.54786587,0.5537603,0.39595535,0.51127213
0.5745602,0.5581196,0.55960023,0.41089794,0.49066597
0.57023007,0.5558209,0.56344616,0.42545748,0.5190193
0.55886334,0.5586165,0.55052334,0.43457413,0.5212417
0.5529093,0.5395721,0.5374926,0.44301674,0.5066802
0.54181325,0.5281476,0.5367421,0.44775066,0.48905182
0.53477675,0.52237546,0.52548516,0.45248583,0.4989094
0.53883624,0.5524509,0.5339412,0.45579258,0.53731304
0.5596752,0.5751783,0.5601278,0.45953,0.56155425
0.5734777,0.5747695,0.5846352,0.45780542,0.60070497
0.6073072,0.5694543,0.5620208,0.45487455,0.5758388
0.585115,0.57311547,0.57499844,0.44611657,0.51064086
0.5158322,0.51138484,0.5153859,0.44109407,0.45668817
0.43031123,0.42630064,0.43772876,0.43789327,0.36547044
0.3602165,0.35486746,0.3643977,0.43386996,0.25888675
0.31826794,0.309524,0.31778052,0.43057597,0.22872466
0.30094722,0.28658536,0.29828453,0.43037745,0.21792495
0.29742897,0.27146852,0.296409,0.43140107,0.20119779
0.30338296,0.27579203,0.3047707,0.42827097,0.21236773
0.33071718,0.3240298,0.32366067,0.4288703,0.23632059
0.40622464,0.37529773,0.37818187,0.42681295,0.2967636
0.5326116,0.52114785,0.49269566,0.42717677,0.43966419
0.5715832,0.5950742,0.5928713,0.42892396,0.48546892
0.5629229,0.5830002,0.5565823,0.43421808,0.4736678
0.5529093,0.5711192,0.5584479,0.44087622,0.5063175
0.5423545,0.5582825,0.5465241,0.45047912,0.49589598
0.5225981,0.5277203,0.53041697,0.45397225,0.5190796
0.5020298,0.52146757,0.50281525,0.46087477,0.51323193
0.48389715,0.49933743,0.4815644,0.46929392,0.50096494
0.46820027,0.48018968,0.46293837,0.47360098,0.491342
0.461705,0.46744388,0.45003,0.47973663,0.4934066
0.46278754,0.49625337,0.45940572,0.4831256,0.5411261
0.4879567,0.51134396,0.4842528,0.4880525,0.5605417
0.51312584,0.5294455,0.5275648,0.48463795,0.59165853
0.5542625,0.52622306,0.5185663,0.47592235,0.5538076
0.54018945,0.5279582,0.5404238,0.4579982,0.51393944
0.46711773,0.47555873,0.48266524,0.44385508,0.4523753
0.37699595,0.3837592,0.38732892,0.43327644,0.35468057
0.3036536,0.29436648,0.31168765,0.42431864,0.27990475
0.26062247,0.24742682,0.26279187,0.41234297,0.23410243
0.2443843,0.2324449,0.24140103,0.39957735,0.23794508
0.2316644,0.22538862,0.2388162,0.39063022,0.21188489
0.23220569,0.22202554,0.22409455,0.38235328,0.23304857
0.25304466,0.23830748,0.23910806,0.3729595,0.24965504
0.32395127,0.3120584,0.28578103,0.36255682,0.29066727
0.4503383,0.43903112,0.41044232,0.3569897,0.43295437
0.51258457,0.5013498,0.53156793,0.36023256,0.48851687
0.5223275,0.50562346,0.49900413,0.36652502,0.47469568
0.53125846,0.514467,0.5196849,0.38658124,0.5021085
0.5339648,0.5229318,0.52669305,0.40434688,0.5033159
0.52665764,0.5110239,0.52300256,0.4181501,0.5170114
0.508525,0.5086788,0.5085122,0.42797595,0.49900192
0.49878213,0.4934671,0.48642853,0.43526876,0.50122744
0.48146144,0.4781458,0.48346728,0.43764007,0.49360716
0.4684709,0.46339634,0.4633963,0.44408703,0.48903322
0.47063598,0.47631228,0.46591297,0.44873357,0.5154009
0.4760487,0.4992947,0.49406224,0.45214656,0.5388675
0.4768606,0.4917518,0.4999493,0.45416632,0.56055415
0.49066305,0.47930163,0.47685915,0.45238915,0.523545
0.4744249,0.46044576,0.4651751,0.44768235,0.5054364
0.41488498,0.41186598,0.42244923,0.44200587,0.43189824
0.34235454,0.34834638,0.35273445,0.43974596,0.34756523
0.26711774,0.27400944,0.2922975,0.44021782,0.27700636
0.24221921,0.2216232,0.22723472,0.44025823,0.23893104
0.22273342,0.21140712,0.23981495,0.43710074,0.20817225
0.21299052,0.20482641,0.21836822,0.43353677,0.19662939
0.21028417,0.19947182,0.2162995,0.43382624,0.19419754
0.21488498,0.21336533,0.2245328,0.42611957,0.20706797
0.2270636,0.23840185,0.2374518,0.41087484,0.21840107
0.2798376,0.27453744,0.26109675,0.4084085,0.2912988
0.34100136,0.33719593,0.33125442,0.40646568,0.33589584
0.39729363,0.38769168,0.37361002,0.41086537,0.3741172
0.42679295,0.4123589,0.41982284,0.41779372,0.4149596
0.4232747,0.42731172,0.4289979,0.4266362,0.44797593
0.4127199,0.40237677,0.40799257,0.43350726,0.44109106
0.39052776,0.39535952,0.39423567,0.43779057,0.4444356
0.37239513,0.3756727,0.3673258,0.44479153,0.41271934
0.3602165,0.36314422,0.35400537,0.44095686,0.41349888
0.36346415,0.35289225,0.35036892,0.44038233,0.41550767
0.37645468,0.37870157,0.37427357,0.43813455,0.46339047
0.40324762,0.4184238,0.4000513,0.43729645,0.47399747
0.4248985,0.4220757,0.4286784,0.4370753,0.49790215
0.45087957,0.4370755,0.42589772,0.43387538,0.49713308
0.4338295,0.42201018,0.4319505,0.4284314,0.4698888
0.38159674,0.3733573,0.38046357,0.4241101,0.39283174
0.31962112,0.3129353,0.3200035,0.42638364,0.3393404
0.258728,0.2522353,0.26905522,0.42604917,0.27734464
0.21705006,0.21127169,0.2216304,0.4276505,0.23553312
0.2,0.18539341,0.1959735,0.42760274,0.1908123
0.1902571,0.18059266,0.19368032,0.42674604,0.17496154
0.18755074,0.18003133,0.18878317,0.428478,0.17358333
0.19296347,0.18553825,0.19506955,0.4252576,0.1802831
0.21759135,0.20605537,0.21563612,0.41510904,0.19428593
0.26062247,0.24782488,0.2681325,0.41438103,0.24311766
0.3217862,0.30942386,0.31887716,0.41646826,0.29901475
0.40108255,0.37021428,0.3673606,0.41832083,0.35076106
0.45737484,0.4182309,0.43739757,0.424316,0.39242756
0.4879567,0.44613805,0.46722454,0.43157962,0.42971724
0.49445197,0.46153638,0.48361444,0.43597302,0.42494002
0.4917456,0.4680196,0.47798195,0.44031903,0.43001187
0.47388363,0.4511118,0.47381467,0.4447771,0.41828394
0.4633288,0.44059592,0.45262158,0.44746456,0.39619076
0.46305817,0.4323675,0.45607847,0.4475672,0.41028553
0.4760487,0.4705426,0.46899918,0.44606987,0.47557622
0.49878213,0.51943505,0.4973717,0.44462195,0.48566836
0.50960755,0.50504667,0.5178446,0.44654843,0.48880005
0.52638704,0.49974173,0.50106645,0.44284508,0.4941262
0.50581867,0.4814757,0.4985436,0.43419215,0.46675217
0.43031123,0.43154988,0.44863328,0.4287001,0.38909718
0.34857917,0.34952316,0.35521936,0.42985237,0.32290518
0.27496618,0.26991296,0.2886779,0.42603204,0.23967102
0.23734777,0.22594923,0.23023562,0.42690676,0.20096129
0.22056833,0.20958148,0.22103383,0.4275675,0.19501808
0.21569689,0.2097925,0.21654208,0.42682743,0.18855663
0.22246279,0.21430686,0.22119208,0.42695045,0.2024483
0.25087956,0.2301157,0.24805175,0.4280951,0.22907211
0.33504736,0.31789562,0.3084092,0.42903596,0.27904814
0.45548037,0.4566172,0.43638545,0.42890903,0.41857082
0.5133965,0.51913226,0.5263038,0.430549,0.47071838
0.53125846,0.5243833,0.52817625,0.43092698,0.45533746
0.54533154,0.5315542,0.53899306,0.43099394,0.49099296
0.55886334,0.5409986,0.5463344,0.4321866,0.47819632
0.5599459,0.53911626,0.5505846,0.43248764,0.5040342
0.54343706,0.5451671,0.5412649,0.43660462,0.5161927
0.52963465,0.52111053,0.51654774,0.44233152,0.4959435
0.5152909,0.49674627,0.5101974,0.44909886,0.48326498
0.5047361,0.49420214,0.50016606,0.45081016,0.48838514
0.51799726,0.5169513,0.5048599,0.45577994,0.5392124
0.5328823,0.5542206,0.553383,0.45226115,0.5552238
0.5545331,0.5496143,0.56161016,0.45579758,0.5871212
0.57401896,0.550227,0.55620706,0.45304728,0.5431743
0.5374831,0.52532846,0.5417644,0.4458919,0.5018445
0.47063598,0.46105635,0.4715361,0.44299588,0.44325334
0.3848444,0.38189256,0.4042953,0.4413664,0.34652835
0.30879566,0.31068248,0.32347852,0.4361022,0.26444322
0.27523682,0.25388938,0.26689076,0.43478724,0.22084782
0.25656292,0.23998076,0.26577672,0.43128097,0.15170208
0.24411367,0.2327719,0.25224212,0.42946094,0.14215511
0.23924223,0.23430014,0.24666727,0.4264168,0.15206087
0.26359946,0.24750255,0.25586253,0.42539203,0.1805995
0.3369418,0.33138508,0.31444344,0.42018303,0.21416795
0.45656294,0.451491,0.42700803,0.41910276,0.31978953
0.5036536,0.5087848,0.5232545,0.4187102,0.40667194
0.49526387,0.5021051,0.50331,0.4179123,0.40925825
0.48822734,0.48404488,0.49445194,0.4237821,0.44506592
0.48443842,0.48373967,0.48682615,0.4303096,0.43860638
0.4714479,0.46582448,0.4761406,0.4361989,0.46363032
0.45277402,0.46631658,0.45353884,0.44398773,0.44135588
0.4419486,0.4448318,0.43146437,0.45313057,0.4406535
0.42598104,0.4383705,0.4253384,0.46246678,0.44508713
0.4156969,0.42570686,0.4079578,0.46740934,0.44086725
0.42138025,0.45257577,0.41659886,0.47310567,0.45148003
0.43788904,0.47449636,0.45175827,0.47027886,0.46212572
0.45737484,0.46116325,0.4743879,0.46890152,0.4939735
0.49878213,0.4697704,0.46638885,0.4545962,0.47874922
0.48687416,0.47028965,0.48373473,0.43386412,0.44891846
0.42949933,0.41762447,0.43461335,0.42581138,0.3829739
0.3404601,0.3500244,0.3633689,0.41682434,0.31006873
0.27117726,0.26369768,0.27592793,0.41131026,0.22882307
0.23058186,0.21848336,0.23472963,0.40869614,0.18603063
0.21461435,0.20791839,0.21331431,0.4052894,0.19104613
0.21596752,0.19735327,0.20839748,0.40256867,0.17489617
0.22165088,0.21280053,0.2211296,0.39904395,0.16878162
0.24979702,0.2313039,0.2325163,0.39754036,0.19029723
0.32341,0.30696458,0.29048896,0.39135534,0.23996198
0.44492558,0.43590766,0.4079609,0.38677472,0.33197135
0.49418133,0.49353927,0.51168215,0.38688523,0.39563516
0.48985115,0.48325458,0.47944725,0.38420743,0.39661986
0.47713125,0.4696097,0.4858992,0.40600872,0.4445929
0.47658998,0.4628243,0.47093105,0.41601545,0.4414003
0.47198918,0.45605746,0.46986255,0.42599577,0.44351107
0.45683357,0.45603207,0.45860842,0.43607765,0.46224147
0.44898513,0.4446755,0.4375724,0.44207618,0.43402445
0.4338295,0.44141275,0.43538392,0.44932702,0.44176465
0.42110962,0.42700404,0.41906327,0.4587454,0.43261048
0.42300406,0.4503066,0.42412487,0.47197452,0.47236562
0.4384303,0.4636695,0.45096242,0.48120806,0.47389567
0.45818675,0.4616505,0.46656722,0.4891072,0.50860715
0.49878213,0.4588221,0.46410084,0.4849436,0.4982853
0.49688768,0.47385406,0.48619556,0.44555712,0.46308678
0.43193504,0.4295406,0.4486869,0.42995104,0.39246434
0.34776726,0.35170177,0.35858774,0.41763273,0.30811152
0.2714479,0.26973492,0.28836867,0.41073155,0.20996864
0.2346414,0.22789751,0.2313404,0.39832756,0.18838805
0.22083898,0.20821053,0.22284193,0.39478087,0.18811187
0.21786198,0.20236471,0.21976207,0.3908515,0.18622935
0.21921515,0.21510914,0.22079997,0.3927284,0.16597462
0.25006765,0.22726724,0.23032504,0.3892799,0.19228657
0.3309878,0.3087641,0.29851776,0.38808373,0.23571739
0.45385656,0.42634964,0.42467883,0.38496804,0.37306786
0.49905276,0.4962368,0.51869744,0.381903,0.42905912
0.49607578,0.48227128,0.4847619,0.37761,0.41584206
0.48389715,0.47455227,0.49345005,0.40772182,0.451308
0.47713125,0.4634811,0.4786468,0.41963667,0.46154082
0.461705,0.44261873,0.46871322,0.4354198,0.46425176
0.44709066,0.43559095,0.4448512,0.44547597,0.44839883
0.43734777,0.42318887,0.42993557,0.45088944,0.44670254
0.4202977,0.41700453,0.4223217,0.45478505,0.4603892
0.40622464,0.40018243,0.4042439,0.45912597,0.44550097
0.41542625,0.42451492,0.40938383,0.46511957,0.45913827
0.43572396,0.45225465,0.4517007,0.4748713,0.47747147
0.45981055,0.45733446,0.4683389,0.47704414,0.49868244
0.5020298,0.4606681,0.47162813,0.46695775,0.47727454
0.4963464,0.4698547,0.49281865,0.4507735,0.4716015
0.43328822,0.42060214,0.44522822,0.43564653,0.38798594
0.347226,0.34158695,0.36123908,0.42552727,0.30783233
0.27577808,0.26109308,0.28543675,0.42051655,0.24247925
0.23870094,0.2176432,0.23871903,0.40276533,0.20820682
0.22138025,0.21612382,0.22585185,0.397268,0.18358992
0.21732071,0.20696145,0.21626377,0.38938147,0.16334325
0.22002706,0.21566245,0.21992114,0.3901293,0.16607319
0.24682003,0.23446518,0.2327859,0.38905302,0.19533266
0.3217862,0.31114805,0.29222044,0.38619438,0.22092442
0.4405954,0.4329924,0.4153123,0.38618457,0.3346133
0.4925575,0.48712054,0.51047647,0.38011366,0.41276026
0.48849797,0.48850363,0.4813797,0.3790991,0.4192813
0.47929636,0.4707814,0.4846717,0.4079922,0.45776922
0.4752368,0.46450806,0.47494805,0.42242962,0.4472468
0.45953992,0.44995242,0.46764076,0.43887374,0.4641754
0.4427605,0.4421598,0.44332373,0.4492133,0.4316048
0.4338295,0.4349388,0.42534405,0.45560464,0.44601446
0.42381597,0.42651555,0.42054078,0.46209255,0.44598484
0.4189445,0.41654247,0.41262555,0.46876022,0.44463533
0.43464142,0.44274873,0.425636,0.46951985,0.441729
0.4608931,0.4754526,0.46960238,0.4655371,0.4558617
0.47415426,0.47580087,0.49112445,0.46137288,0.48310006
0.48443842,0.46936956,0.47752118,0.45373997,0.47188413
0.46630582,0.4541092,0.4607796,0.44273567,0.4484412
0.42002708,0.4014895,0.4137044,0.4335543,0.37565807
0.35155615,0.34835035,0.36010897,0.42681235,0.3087032
0.28552097,0.27587208,0.29618138,0.4224991,0.22754924
0.24303113,0.23171976,0.24707441,0.41266763,0.18862441
0.2202977,0.21060506,0.2253985,0.4113438,0.16697587
0.21244925,0.20223613,0.21370281,0.40370473,0.14509541
0.20757781,0.19678456,0.2152592,0.39786953,0.12641327
0.21569689,0.20291051,0.21612352,0.398142,0.13268691
0.24600811,0.23618302,0.24773824,0.39480767,0.14723316
0.29445195,0.2898358,0.30575964,0.39281487,0.22025596
0.35913396,0.33865932,0.34099364,0.38561773,0.26104853
0.4265223,0.39541125,0.39573175,0.38814262,0.3136533
0.46495265,0.42707533,0.45229462,0.40562737,0.371005
0.46955344,0.45131934,0.4699788,0.4199109,0.37816143
0.45656294,0.43355763,0.45817333,0.43141854,0.38957614
0.43897158,0.4275062,0.43799776,0.4439168,0.3921321
0.41244927,0.39833608,0.42007804,0.45770922,0.34967747
0.3962111,0.3811493,0.39033598,0.47644627,0.34264052
0.3932341,0.37661335,0.38675576,0.48545823,0.352633
0.39945874,0.4064424,0.4004202,0.48437208,0.40668994
0.41759133,0.44149572,0.42112994,0.4642748,0.39060605
0.42787552,0.4290387,0.44245094,0.4536457,0.42337897
0.4562923,0.41747,0.42805514,0.44289574,0.42810154
0.44303113,0.41830224,0.44496006,0.43413517,0.3923097
0.3916103,0.37834668,0.39727524,0.42864057,0.34660286
0.32828146,0.32257932,0.33295444,0.4244141,0.28465483
0.27550745,0.26007843,0.2779241,0.42120087,0.21663071
0.22895806,0.22645849,0.24200661,0.419222,0.17424153
0.20162381,0.19971699,0.20444101,0.4181226,0.14148991
0.1924222,0.18778145,0.19175446,0.41588005,0.14041357
0.18998647,0.18317673,0.19451785,0.41532165,0.10738373
0.19810554,0.1843025,0.19693717,0.41516817,0.12652186
0.22002706,0.2189275,0.2199999,0.41341275,0.1460741
0.25548038,0.25801668,0.26072723,0.41167507,0.1772521
0.31366712,0.30692235,0.30656543,0.4097775,0.2255032
0.37185386,0.36655322,0.3644782,0.41262332,0.27177656
0.40135318,0.38994855,0.4021401,0.41765857,0.33830056
0.40405953,0.38837898,0.40791553,0.42346206,0.35758013
0.39729363,0.39426303,0.39654875,0.43339184,0.36348498
0.38186738,0.38249126,0.38383174,0.44308847,0.35438943
0.3610284,0.3568755,0.36372218,0.45891058,0.32458687
0.34560215,0.33589226,0.3430823,0.47943053,0.32299048
0.34018946,0.34164295,0.33697632,0.49527067,0.31596458
0.35426253,0.37473738,0.34611598,0.50383013,0.3968958
0.38376185,0.40618294,0.38225958,0.49643302,0.38973838
0.40649527,0.40653935,0.41499484,0.4945951,0.40229058
0.44763193,0.41361344,0.41623527,0.47813186,0.4113956
0.44925576,0.41802162,0.44336587,0.45078903,0.38521212
0.38782138,0.37634987,0.40619433,0.42906025,0.31858334
0.30852503,0.30693585,0.3189261,0.4125106,0.2548488
0.23545332,0.23907325,0.2502197,0.399112,0.18401575
0.21217862,0.19091189,0.19116312,0.392347,0.15389864
0.1953992,0.18527713,0.20190236,0.39092,0.15552616
0.19431664,0.17983794,0.18660812,0.38335884,0.16026373
0.20135318,0.18974105,0.1969816,0.38409954,0.15294224
0.22598106,0.20805287,0.21651636,0.3830546,0.1669533
0.30960757,0.2904671,0.2638178,0.37791148,0.21435827
0.4338295,0.4224192,0.40748522,0.37270865,0.33785897
0.47631934,0.48239517,0.5139854,0.37524113,0.40287918
0.4638701,0.4787509,0.46566695,0.3765748,0.39733994
0.45845738,0.44735578,0.46378618,0.40091443,0.4339978
0.4600812,0.4443137,0.45780104,0.42028874,0.44254017
0.455751,0.4303966,0.45542893,0.4356307,0.4499287
0.4473613,0.4396965,0.44278276,0.45683727,0.45005774
0.44573748,0.430016,0.43149436,0.4673655,0.4370314
0.43734777,0.42758012,0.4367531,0.46978095,0.44366634
0.42895806,0.42607933,0.42902708,0.46869874,0.43582976
0.44167796,0.45226094,0.43769175,0.47106156,0.4601819
0.47117728,0.4802662,0.4787125,0.46589005,0.46108443
0.47983763,0.49407429,0.5007168,0.45972565,0.4934197
0.5006766,0.47987878,0.47795576,0.45528087,0.45624226
0.4803789,0.4605884,0.48252964,0.4411029,0.44487727
0.4051421,0.40475845,0.4227454,0.41771892,0.37404484
0.31339648,0.31955248,0.3290531,0.38695705,0.29029498
0.24492557,0.23840316,0.2525569,0.36094078,0.22887704
0.20514208,0.19620079,0.21175784,0.33662915,0.18947741
0.1834912,0.18073012,0.18910895,0.33804724,0.15170208
0.17834912,0.16576932,0.17519788,0.3312497,0.14215511
0.18213803,0.17415798,0.18362841,0.33097667,0.15206087
0.20811908,0.1973123,0.1998366,0.330837,0.1805995
0.28200272,0.27166864,0.26548806,0.32575458,0.21416795
0.40730718,0.3967271,0.38970858,0.3246756,0.31978953
0.46224627,0.45910752,0.4742431,0.34153438,0.40667194
0.47631934,0.4530804,0.4648191,0.35345086,0.40925825
0.4811908,0.4554226,0.4822268,0.37371367,0.44506592
0.48308524,0.46672773,0.4815445,0.40082458,0.43860638
0.47577807,0.45074847,0.4758298,0.4338376,0.46363032
0.46305817,0.45740852,0.46054947,0.45891556,0.44135588
0.45602164,0.44033086,0.44482824,0.48375311,0.4406535
0.43870094,0.43739128,0.44171727,0.49415463,0.44508713
0.43491206,0.42366028,0.422319,0.49922958,0.44086725
0.4481732,0.45895302,0.44704586,0.5113292,0.45148003
0.4728011,0.48990017,0.48343587,0.5084653,0.46212572
0.48416778,0.4844789,0.5032425,0.4931238,0.4939735
0.4976996,0.47585797,0.48126662,0.4879785,0.47874922
0.47577807,0.45777392,0.46896285,0.45982552,0.44891846
0.4075778,0.4011962,0.418438,0.4459019,0.3829739
0.3209743,0.3228272,0.3382809,0.44292673,0.31006873
0.25196213,0.24156775,0.2626782,0.43066964,0.22882307
0.21028417,0.20057648,0.2166683,0.4131403,0.18603063
0.18917456,0.18761605,0.19445479,0.40257114,0.19104613
0.1826793,0.17689107,0.18487696,0.39955118,0.17489617
0.1924222,0.18707979,0.18830056,0.40485212,0.16878162
0.21732071,0.21045841,0.21530506,0.40547207,0.19029723
0.30040595,0.28206277,0.26581535,0.4031736,0.23996198
0.42787552,0.41783908,0.40834072,0.39768696,0.33197135
0.47496617,0.48244148,0.49309215,0.39667487,0.39563516
0.4728011,0.46681342,0.47250432,0.3955301,0.39661986
0.47631934,0.45650768,0.473935,0.40684995,0.4445929
0.47577807,0.46167177,0.47671533,0.41737187,0.4414003
0.47063598,0.4525462,0.4675174,0.42754966,0.44351107
0.4592693,0.4522777,0.45602107,0.44303563,0.46224147
0.45439783,0.4444378,0.44096667,0.46025848,0.43402445
0.43815967,0.44341567,0.4405908,0.451915,0.44176465
0.4270636,0.42661345,0.42247725,0.47069576,0.43261048
0.42949933,0.45335975,0.43470168,0.47647133,0.47236562
0.44682002,0.4660893,0.46301973,0.4785542,0.47389567
0.45656294,0.46489084,0.4813121,0.47531372,0.50860715
0.49336943,0.45063362,0.45741343,0.4687337,0.4982853
0.4963464,0.4652447,0.47738892,0.44154137,0.46308678
0.43355885,0.43040386,0.45127523,0.4302489,0.39246434
0.3466847,0.35259587,0.36360282,0.42544752,0.30811152
0.27659,0.2694189,0.28675398,0.41754985,0.20996864
0.2346414,0.23155689,0.24013394,0.40929973,0.18838805
0.21542625,0.20788233,0.2183847,0.39937133,0.18811187
0.2135318,0.19714846,0.21241081,0.39861798,0.18622935
0.21867388,0.21302259,0.22200271,0.40083134,0.16597462
0.24600811,0.2324673,0.23457329,0.3980552,0.19228657
0.3277402,0.30957007,0.29178584,0.39728317,0.23571739
0.44682002,0.42805305,0.42474,0.39548033,0.37306786
0.48903924,0.49163917,0.5062738,0.39505458,0.42905912
0.4803789,0.47352433,0.47920626,0.39524534,0.41584206
0.47253045,0.46085787,0.47936773,0.4226576,0.451308
0.46224627,0.45299906,0.470802,0.44012865,0.46154082
0.45223275,0.42757192,0.45392132,0.45489404,0.46425176
0.4384303,0.42740187,0.43917477,0.4733986,0.44839883
0.43139377,0.41566446,0.42147374,0.49137846,0.44670254
0.4165088,0.4090277,0.4172985,0.48193553,0.4603892
0.40866035,0.39376986,0.40076202,0.49715197,0.44550097
0.4121786,0.4267881,0.41477352,0.4886294,0.45913827
0.4257104,0.44664547,0.44209814,0.4811025,0.47747147
0.4392422,0.44863105,0.4602904,0.4641187,0.49868244
0.47388363,0.44066185,0.45218104,0.4433447,0.47727454
0.47983763,0.44215703,0.465724,0.40926272,0.4716015
0.41705006,0.40636653,0.43807396,0.37349376,0.38798594
0.33044654,0.32168138,0.34487334,0.35574973,0.30783233
0.25439784,0.2416049,0.2706703,0.33677214,0.24247925
0.20866035,0.19222388,0.21560608,0.3174837,0.20820682
0.18592693,0.1786995,0.19128267,0.30090553,0.18358992
0.17753722,0.16790989,0.17981288,0.29841703,0.16334325
0.17483085,0.17495126,0.17705059,0.29869378,0.16607319
0.20405954,0.18607594,0.18052198,0.29083407,0.19533266
0.27767253,0.26428914,0.24921958,0.28719187,0.22092442
0.3948579,0.39011222,0.36767715,0.30185467,0.3346133
0.45466846,0.44231713,0.471861,0.3187044,0.41276026
0.45602164,0.4516375,0.45207047,0.3462704,0.4192813
0.4481732,0.43949777,0.45718446,0.37010816,0.45776922
0.4443843,0.4336184,0.4472162,0.42299074,0.4472468
0.43355885,0.41951773,0.43984568,0.47142383,0.4641754
0.4232747,0.42011982,0.421113,0.5167738,0.4316048
0.41461435,0.41847026,0.40910447,0.53503513,0.44601446
0.3983762,0.40981382,0.40044117,0.5456028,0.44598484
0.3872801,0.387937,0.38376516,0.56730795,0.44463533
0.38836265,0.40811896,0.39086235,0.5730202,0.441729
0.39945874,0.42119676,0.4154771,0.56439656,0.4558617
0.40730718,0.4178558,0.43349525,0.50994766,0.48310006
0.42598104,0.41797218,0.42063004,0.49313435,0.47188413
0.42138025,0.40700555,0.4145591,0.4691788,0.4484412
0.36968878,0.36861455,0.38066545,0.43771148,0.37565807
0.2933694,0.30358326,0.31128705,0.41804254,0.3087032
0.22516915,0.22729784,0.24139757,0.4200591,0.22754924
0.18024357,0.18282366,0.1920396,0.38711792,0.18862441
0.15480378,0.15634306,0.16526008,0.3791325,0.16697587
0.14560217,0.14390756,0.14940952,0.37465745,0.14509541
0.14614344,0.1402679,0.14796303,0.36877418,0.12641327
0.15751015,0.15598944,0.15656629,0.36887956,0.13268691
0.19052774,0.18357301,0.18431394,0.3624026,0.14723316
0.23924223,0.23676768,0.24603923,0.35496786,0.22025596
0.30284166,0.28806862,0.29065892,0.35816267,0.26104853
0.35778078,0.34681094,0.34365502,0.36294097,0.3136533
0.3840325,0.36429882,0.38343063,0.38221663,0.371005
0.3797023,0.36791286,0.39155996,0.4070989,0.37816143
0.36481732,0.34890264,0.37220734,0.45193043,0.38957614
0.35128552,0.3389272,0.35109597,0.4969057,0.3921321
0.33152908,0.32373556,0.33716795,0.5241739,0.34967747
0.31826794,0.307716,0.3145113,0.543941,0.34264052
0.31637347,0.31233484,0.31170702,0.55151355,0.352633
0.32341,0.32720724,0.32841823,0.5598756,0.40668994
0.33315292,0.35264757,0.35172105,0.5620006,0.39060605
0.34018946,0.3453086,0.36233306,0.5371071,0.42337897
0.37401894,0.33884043,0.35218683,0.52529407,0.42810154
0.38349122,0.34537834,0.37340477,0.49566123,0.3923097
0.3301759,0.32896215,0.35210666,0.45861253,0.34660286
0.2638701,0.26280606,0.27069253,0.42410558,0.28465483
0.20595399,0.19851677,0.21928056,0.41709453,0.21663071
0.16319351,0.16213705,0.17743441,0.38230675,0.17424153
0.13964817,0.14064518,0.14700858,0.37730694,0.14148991
0.13071719,0.12924586,0.13595633,0.37028378,0.14041357
0.13207036,0.13400331,0.13438155,0.3594151,0.10738373
0.13450609,0.14096534,0.14266962,0.3555548,0.12652186
0.15913397,0.15750256,0.15100093,0.35354018,0.1460741
0.19675237,0.19857895,0.20615101,0.34762874,0.1772521
0.26224628,0.24771631,0.2546686,0.34463996,0.2255032
0.34316644,0.31377685,0.31964904,0.34361768,0.27177656
0.4046008,0.35783923,0.3837664,0.36841244,0.33830056
0.43058187,0.3830803,0.41866758,0.3824649,0.35758013
0.43788904,0.40308303,0.42635837,0.3920488,0.36348498
0.43464142,0.40371314,0.42487058,0.403968,0.35438943
0.41705006,0.38280964,0.4181251,0.42160922,0.32458687
0.40135318,0.36528808,0.3986837,0.44268566,0.32299048
0.39350474,0.36525562,0.394755,0.46396577,0.31596458
0.39945874,0.4064658,0.40243703,0.48270068,0.3968958
0.40622464,0.4362867,0.42500764,0.5041217,0.38973838
0.41515562,0.4079436,0.42808986,0.5107743,0.40229058
0.44465494,0.40851736,0.42393,0.51594055,0.4113956
0.4427605,0.40774345,0.4339586,0.5032022,0.38521212
0.3737483,0.36525196,0.39772055,0.47962525,0.31858334
0.29201624,0.2876328,0.3051941,0.46836838,0.2548488
0.22300406,0.2181979,0.23887558,0.4572058,0.18401575
0.18511502,0.17389514,0.18624571,0.4449923,0.15389864
0.16238159,0.16450074,0.17106487,0.43963113,0.15552616
0.1564276,0.1483515,0.15774377,0.4243108,0.16026373
0.15399188,0.15520987,0.16330308,0.41989082,0.15294224
0.17943166,0.17711619,0.16858633,0.41852832,0.1669533
0.2608931,0.246901,0.22880729,0.4171674,0.21435827
0.37050068,0.38283503,0.3609801,0.4177666,0.33785897
0.43058187,0.43206492,0.44986925,0.4431045,0.40287918
0.43951285,0.44763312,0.45361373,0.4383773,0.39733994
0.43355885,0.43660486,0.44928983,0.44448873,0.4339978
0.4443843,0.42938885,0.43482408,0.47243965,0.44254017
0.44221923,0.42220175,0.44251895,0.50621164,0.4499287
0.4324763,0.4318084,0.42781794,0.5507244,0.45005774
0.42895806,0.4324939,0.4123873,0.6043968,0.4370314
0.41677943,0.42454427,0.4152691,0.5981186,0.44366634
0.40784845,0.40787035,0.40331686,0.57642937,0.43582976
0.408931,0.43227938,0.41443336,0.5540006,0.4601819
0.4189445,0.44727716,0.44096893,0.5571414,0.46108443
0.42679295,0.43901402,0.45980448,0.53127325,0.4934197
0.4608931,0.43774214,0.44464463,0.4870485,0.45624226
0.4625169,0.43529934,0.45218933,0.4373687,0.44487727
0.3840325,0.39746624,0.41962722,0.39567608,0.37404484
0.2947226,0.30296737,0.31077805,0.38094258,0.29029498
0.21732071,0.22397006,0.24059713,0.35572517,0.22887704
0.17239513,0.17928812,0.18073066,0.3534978,0.18947741
0.14776725,0.15105896,0.15648305,0.3577534,0.15170208
0.138295,0.13688946,0.14193934,0.3494929,0.14215511
0.1428958,0.14170049,0.1397008,0.34803355,0.15206087
0.16454668,0.17244022,0.15961935,0.35193866,0.1805995
0.23545332,0.23773575,0.20917529,0.35647315,0.21416795
0.34749663,0.35523224,0.33557513,0.36273825,0.31978953
0.41380244,0.40922475,0.4246387,0.39557475,0.40667194
0.4392422,0.4203567,0.42852265,0.3997938,0.40925825
0.45953992,0.42635024,0.44988945,0.4107601,0.44506592
0.47767252,0.44735348,0.46566027,0.4321867,0.43860638
0.47821382,0.44404775,0.47369525,0.4574084,0.46363032
0.47469553,0.4532835,0.4622147,0.48104838,0.44135588
0.4752368,0.4421853,0.45680133,0.5018023,0.4406535
0.46305817,0.44464117,0.46088153,0.52379966,0.44508713
0.4625169,0.4345096,0.446633,0.50181663,0.44086725
0.473613,0.47555012,0.47220886,0.48796913,0.45148003
0.48849797,0.5026219,0.5031607,0.496358,0.46212572
0.4879567,0.4878937,0.5195679,0.49314043,0.4939735
0.49066305,0.4727115,0.4900915,0.48712555,0.47874922
0.461705,0.4464866,0.46053523,0.47238812,0.44891846
0.39052776,0.38658994,0.39996302,0.44356158,0.3829739
0.3044655,0.30636984,0.32184082,0.43234366,0.31006873
0.2397835,0.22773519,0.24909392,0.40005428,0.22882307
0.2,0.19137762,0.20957582,0.39518425,0.18603063
0.18078485,0.17966732,0.18887207,0.38851368,0.19104613
0.17483085,0.17295054,0.18172234,0.38943344,0.17489617
0.18132612,0.18474014,0.18746683,0.3891712,0.16878162
0.2037889,0.20569275,0.21253963,0.39629757,0.19029723
0.27929634,0.27774253,0.2632101,0.4075172,0.23996198
0.39864683,0.40371773,0.37635761,0.4205233,0.33197135
0.461705,0.464727,0.4646235,0.42829683,0.39563516
0.47577807,0.4709652,0.4765705,0.43878433,0.39661986
0.47253045,0.46934718,0.4808705,0.4485355,0.4445929
0.47658998,0.46771815,0.46951646,0.45536605,0.4414003
0.473613,0.46248418,0.46883148,0.45993093,0.44351107
0.45872802,0.4612003,0.4583559,0.46264917,0.46224147
0.4533153,0.44756505,0.436688,0.47002092,0.43402445
0.43626523,0.44507962,0.4389678,0.48103046,0.44176465
0.42760488,0.4250457,0.41957593,0.47596464,0.43261048
0.4324763,0.45337647,0.4383453,0.4711209,0.47236562
0.44925576,0.46813464,0.4682768,0.47428563,0.47389567
0.46414074,0.46526682,0.48424244,0.46997792,0.50860715
0.49715832,0.45599312,0.46570116,0.46953425,0.4982853
0.51231396,0.4676488,0.47670472,0.4651831,0.46308678
0.44492558,0.44575977,0.47289795,0.4548723,0.39246434
0.35832205,0.36160833,0.37133563,0.45060673,0.30811152
0.28443843,0.28077823,0.2989736,0.44494903,0.20996864
0.24492557,0.23932669,0.24562849,0.44705188,0.18838805
0.22598106,0.2159217,0.22944476,0.43707803,0.18811187
0.22273342,0.20684674,0.2225004,0.4284143,0.18622935
0.23139377,0.2207503,0.22967578,0.42527747,0.16597462
0.2600812,0.24367549,0.25166747,0.41740295,0.19228657
0.32584575,0.32059303,0.3070065,0.4164792,0.23571739
0.4419486,0.42642203,0.41127297,0.41478446,0.37306786
0.4917456,0.4905906,0.5123645,0.411499,0.42905912
0.49147496,0.48641884,0.48588097,0.4180202,0.41584206
0.48849797,0.47559333,0.49162132,0.4277965,0.451308
0.485521,0.47224152,0.4877563,0.43634763,0.46154082
0.46982408,0.45403144,0.4784541,0.44199088,0.46425176
0.44492558,0.4460861,0.452778,0.45010892,0.44839883
0.4376184,0.42178684,0.4235474,0.45812908,0.44670254
0.41975644,0.41898596,0.42605874,0.46063393,0.4603892
0.408931,0.400333,0.40191835,0.4672542,0.44550097
0.40784845,0.43004858,0.41357338,0.46788827,0.45913827
0.42516914,0.44395715,0.43623924,0.4687362,0.47747147
0.43978348,0.448633,0.4671264,0.46487454,0.49868244
0.47496617,0.44333464,0.45551866,0.45416358,0.47727454
0.4976996,0.44809917,0.47040084,0.44468942,0.4716015
0.43870094,0.43087757,0.46569872,0.42751858,0.38798594
0.34695536,0.34463125,0.3645571,0.41518322,0.30783233
0.27604872,0.25990665,0.28259474,0.409944,0.24247925
0.23274696,0.21672505,0.2411917,0.40052772,0.20820682
0.21001354,0.20914024,0.21586652,0.39812934,0.18358992
0.20514208,0.19653086,0.20325792,0.38889503,0.16334325
0.21163735,0.20508695,0.20838286,0.3869023,0.16607319
0.2316644,0.22798014,0.22335191,0.38252228,0.19533266
0.30311233,0.2979954,0.2623008,0.37698397,0.22092442
0.39891747,0.4140622,0.39098257,0.3735468,0.3346133
0.44682002,0.4519294,0.4628948,0.37021065,0.41276026
0.4571042,0.45586425,0.44563234,0.3851254,0.4192813
0.4592693,0.44889683,0.46272573,0.41376638,0.45776922
0.45656294,0.4500261,0.45891955,0.42949933,0.4472468
0.4451962,0.43479514,0.4487855,0.4395108,0.4641754
0.42381597,0.4311301,0.43003064,0.44726494,0.4316048
0.40838972,0.41819656,0.4042438,0.4585245,0.44601446
0.39296347,0.40590033,0.39241531,0.45781097,0.44598484
0.394046,0.38625735,0.3798738,0.4626189,0.44463533
0.394046,0.42164052,0.40367746,0.46222705,0.441729
0.40568337,0.42892194,0.41294068,0.46477315,0.4558617
0.4113667,0.42636728,0.43961135,0.45901817,0.48310006
0.4270636,0.42463815,0.4224316,0.4524156,0.47188413
0.44221923,0.41110831,0.41749316,0.44464037,0.4484412
0.39188093,0.3913975,0.41155207,0.43345505,0.37565807
0.317456,0.322529,0.3259734,0.4224488,0.3087032
0.24627875,0.24771024,0.26460797,0.4163165,0.22754924
0.202977,0.19904312,0.21027152,0.40843135,0.18862441
0.17861976,0.17586252,0.18741243,0.40389907,0.16697587
0.17699593,0.16613881,0.17334984,0.39210367,0.14509541
0.17699593,0.16817637,0.18359585,0.38650578,0.12641327
0.18592693,0.1795317,0.18345727,0.38766745,0.13268691
0.21299052,0.20752934,0.20867904,0.3811528,0.14723316
0.25981057,0.2544756,0.26041377,0.3794777,0.22025596
0.32990527,0.30190587,0.30877697,0.37794143,0.26104853
0.3856563,0.37222853,0.3742317,0.38422698,0.3136533
0.40433016,0.3909138,0.40809703,0.41316223,0.371005
0.40324762,0.38983077,0.4067291,0.43269804,0.37816143
0.3894452,0.37413675,0.39560372,0.4575274,0.38957614
0.36887687,0.3661301,0.37419784,0.46770728,0.3921321
0.34857917,0.3402816,0.35096118,0.48219094,0.34967747
0.3369418,0.32496372,0.33285102,0.49766174,0.34264052
0.33125845,0.33165777,0.33144915,0.50006115,0.352633
0.33721244,0.34559608,0.3369823,0.48980492,0.40668994
0.35020298,0.36956906,0.36123675,0.48678663,0.39060605
0.35805142,0.3651736,0.37694588,0.47326496,0.42337897
0.38240865,0.3591109,0.36768237,0.4565335,0.42810154
0.4037889,0.35376614,0.3803199,0.43559584,0.3923097
0.35778078,0.351745,0.37946257,0.41650003,0.34660286
0.29228687,0.28803602,0.29649085,0.40960997,0.28465483
0.2308525,0.2260064,0.24415599,0.3945481,0.21663071
0.18619756,0.18187442,0.19878955,0.39286423,0.17424153
0.16265224,0.16160423,0.1679844,0.3841862,0.14148991
0.15805142,0.154394,0.1581347,0.37283853,0.14041357
0.15723951,0.1589606,0.16242003,0.37047425,0.10738373
0.16860622,0.15808403,0.16273636,0.36543235,0.12652186
0.19837618,0.1940566,0.1906562,0.36778635,0.1460741
0.23437077,0.23627618,0.24482062,0.36667132,0.1772521
0.28985116,0.28498855,0.28624383,0.3706988,0.2255032
0.3488498,0.34269834,0.33825225,0.3771507,0.27177656
0.37753722,0.36274865,0.3802881,0.39848945,0.33830056
0.3721245,0.36392444,0.38593042,0.421289,0.35758013
0.36129904,0.35939804,0.36504564,0.43936905,0.36348498
0.3369418,0.34731144,0.35061848,0.45339322,0.35438943
0.30202976,0.31806913,0.31994307,0.47136837,0.32458687
0.27550745,0.28701437,0.28278726,0.4903659,0.32299048
0.26792964,0.28429964,0.26808968,0.49740365,0.31596458
0.27604872,0.30153453,0.2804173,0.49882075,0.3968958
0.27550745,0.32208776,0.30500758,0.4999723,0.38973838
0.29282814,0.29791155,0.29995582,0.4938359,0.40229058
0.33504736,0.3267662,0.3237419,0.47393468,0.4113956
0.36833557,0.33367658,0.3524037,0.45190528,0.38521212
0.31718537,0.32134467,0.358728,0.42073792,0.31858334
0.2503383,0.25453305,0.26075396,0.4070943,0.2548488
0.19783491,0.19093028,0.21079278,0.3888508,0.18401575
0.16400541,0.16240793,0.17746691,0.37387955,0.15389864
0.14857917,0.14831966,0.15480393,0.35873756,0.15552616
0.14830853,0.13437638,0.14935425,0.34655684,0.16026373
0.15372124,0.1457011,0.15469734,0.34129542,0.15294224
0.17834912,0.17110406,0.16255711,0.3339622,0.1669533
0.2405954,0.24084637,0.20722893,0.3422841,0.21435827
0.33558863,0.35213023,0.30502418,0.33424243,0.33785897
0.40784845,0.39047983,0.41445115,0.34644526,0.40287918
0.4300406,0.42291912,0.43031245,0.3626296,0.39733994
0.44113666,0.4195067,0.42841962,0.38975766,0.4339978
0.45358592,0.42533088,0.4373241,0.42263952,0.44254017
0.46116373,0.41914377,0.44472373,0.45593253,0.4499287
0.46792963,0.43663752,0.44549018,0.4857358,0.45005774
0.4633288,0.43715698,0.452545,0.5075083,0.4370314
0.455751,0.4300051,0.44706082,0.536402,0.44366634
0.4495264,0.42988455,0.44971108,0.53646845,0.43582976
0.44600812,0.45888874,0.45526254,0.552166,0.4601819
0.4189445,0.4672075,0.45928282,0.54095984,0.46108443
0.42787552,0.423985,0.4216939,0.528194,0.4934197
0.45358592,0.4356854,0.43918762,0.5005735,0.45624226
0.46062246,0.4249634,0.44048083,0.4682856,0.44487727
0.39106902,0.3965113,0.4228689,0.4321589,0.37404484
0.29878214,0.30628067,0.32314926,0.41615516,0.29029498
0.22652233,0.22382917,0.24531408,0.39704692,0.22887704
0.18619756,0.18490312,0.19627689,0.3735974,0.18947741
0.16238159,0.16005449,0.17533201,0.35878074,0.15170208
0.15480378,0.14519167,0.15942517,0.35879728,0.14215511
0.15480378,0.15193674,0.16222991,0.34679806,0.15206087
0.18376184,0.18040642,0.17163825,0.34853798,0.1805995
0.2384303,0.25015467,0.23490438,0.3472484,0.21416795
0.3277402,0.3548479,0.31033018,0.34119004,0.31978953
0.40324762,0.389937,0.39639813,0.3471361,0.40667194
0.4240866,0.41978654,0.43411797,0.35735187,0.40925825
0.42760488,0.4170936,0.43028405,0.38720828,0.44506592
0.43464142,0.42213446,0.42899635,0.4342633,0.43860638
0.43112314,0.41088977,0.43038052,0.4642112,0.46363032
0.42598104,0.42036843,0.41653794,0.50369775,0.44135588
0.42543977,0.41232276,0.40817565,0.5125266,0.4406535
0.41407308,0.41240323,0.41108692,0.5380758,0.44508713
0.40433016,0.40086216,0.39807412,0.5349599,0.44086725
0.405954,0.4246212,0.40748715,0.5487046,0.45148003
0.42219216,0.43842632,0.43365848,0.5315694,0.46212572
0.4343708,0.43067884,0.46126336,0.5244471,0.4939735
0.45223275,0.4434443,0.44553065,0.5179285,0.47874922
0.43788904,0.42158926,0.43228018,0.49362567,0.44891846
0.36589986,0.3720133,0.38631582,0.48393932,0.3829739
0.28606224,0.28540847,0.2953661,0.47010046,0.31006873
0.21299052,0.21093567,0.23523574,0.45165166,0.22882307
0.1729364,0.1771403,0.17731434,0.43502986,0.18603063
0.15317997,0.153724,0.15988873,0.42419764,0.19104613
0.14614344,0.1467261,0.15150698,0.4123897,0.17489617
0.15317997,0.15633431,0.15123032,0.39198512,0.16878162
0.17428958,0.18207113,0.17522909,0.39102915,0.19029723
0.23815967,0.24750623,0.21941827,0.37764943,0.23996198
0.33477673,0.35074055,0.3271022,0.3653862,0.33197135
0.41244927,0.39875382,0.40271637,0.372226,0.39563516
0.44086602,0.42674673,0.4397906,0.37895632,0.39661986
0.4414073,0.42947447,0.44898143,0.39618033,0.4445929
0.44546685,0.42750818,0.44079167,0.42526436,0.4414003
0.4495264,0.4199944,0.4394997,0.44543737,0.44351107
0.4451962,0.42790157,0.43867087,0.4682484,0.46224147
0.4465494,0.42723665,0.4282503,0.4667085,0.43402445
0.42868742,0.43064013,0.43404835,0.47739324,0.44176465
0.42219216,0.4084714,0.41059083,0.4852395,0.43261048
0.43572396,0.4395585,0.4347855,0.487394,0.47236562
0.45277402,0.46446824,0.47259682,0.4826088,0.47389567
0.4633288,0.4622774,0.48075777,0.47606647,0.50860715
0.47171855,0.44927338,0.46327925,0.47623047,0.4982853
0.46143436,0.43716398,0.44257638,0.46718386,0.46308678
0.38863328,0.3953449,0.4119946,0.46474883,0.39246434
0.30392423,0.30948156,0.3172944,0.4618895,0.30811152
0.2346414,0.23273548,0.24834077,0.45395818,0.20996864
0.194046,0.19359536,0.20124094,0.44688118,0.18838805
0.17645466,0.16846891,0.1807315,0.441908,0.18811187
0.17320703,0.16113745,0.17646341,0.43192452,0.18622935
0.1797023,0.17570227,0.18313625,0.41703984,0.16597462
0.20622464,0.19321796,0.20355015,0.4154849,0.19228657
0.27388364,0.27225316,0.26175395,0.4090686,0.23571739
0.3686062,0.37862572,0.3663633,0.40632245,0.37306786
0.4343708,0.42019513,0.42787954,0.40143955,0.42905912
0.45683357,0.4394331,0.45717663,0.40439835,0.41584206
0.4592693,0.44475377,0.4638412,0.41615534,0.451308
0.461705,0.43865186,0.4592298,0.4265751,0.46154082
0.45304465,0.4281916,0.45524085,0.44583386,0.46425176
0.43653587,0.42449975,0.43726462,0.464752,0.44839883
0.42273343,0.41031292,0.41614997,0.48203936,0.44670254
0.40487143,0.3960982,0.40504938,0.4904636,0.4603892
0.39296347,0.37802392,0.3914897,0.5031258,0.44550097
0.39052776,0.4041201,0.4027697,0.50289154,0.45913827
0.40838972,0.42082024,0.42494246,0.50052077,0.47747147
0.4097429,0.42740342,0.450396,0.49061286,0.49868244
0.43328822,0.40596533,0.41426897,0.47683463,0.47727454
0.4541272,0.40157792,0.42118037,0.4608991,0.4716015
0.39269283,0.38895118,0.42519528,0.449222,0.38798594
0.30554804,0.30490148,0.3256808,0.4425656,0.30783233
0.2405954,0.22747253,0.25034314,0.43363392,0.24247925
0.19783491,0.18613023,0.2118798,0.42700014,0.20820682
0.17347768,0.1749048,0.1829499,0.41814423,0.18358992
0.16562922,0.16374241,0.16853495,0.41167337,0.16334325
0.16887686,0.16968843,0.169878,0.4021793,0.16607319
0.19783491,0.18674074,0.18095128,0.39640585,0.19533266
0.25953993,0.26530266,0.23753376,0.39175883,0.22092442
0.34641406,0.36970896,0.33171934,0.38392398,0.3346133
0.40405953,0.40076742,0.41137847,0.3822812,0.41276026
0.4232747,0.4225755,0.42066813,0.39306134,0.4192813
0.42733425,0.4185167,0.4310301,0.40522403,0.45776922
0.43139377,0.41604742,0.42840564,0.416501,0.4472468
0.41840324,0.41098088,0.42563134,0.4417046,0.4641754
0.40162382,0.4049313,0.40144145,0.46159822,0.4316048
0.39539918,0.3959229,0.38283432,0.48684528,0.44601446
0.37618405,0.38877928,0.38355285,0.49643192,0.44598484
0.36427605,0.36370516,0.3604916,0.5033476,0.44463533
0.3602165,0.38274902,0.37178695,0.49867705,0.441729
0.3585927,0.38743317,0.38766217,0.5112742,0.4558617
0.3631935,0.37957594,0.38785952,0.4997463,0.48310006
0.3864682,0.3821553,0.3795696,0.48423433,0.47188413
0.4097429,0.37515154,0.3832432,0.4669816,0.4484412
0.35778078,0.36622655,0.3857152,0.45543924,0.37565807
0.2849797,0.29187816,0.29708356,0.43938038,0.3087032
0.21921515,0.21992365,0.23949033,0.43147454,0.22754924
0.1729364,0.17827728,0.18981774,0.42269683,0.18862441
0.14830853,0.14649414,0.15725316,0.40839133,0.16697587
0.141272,0.1351541,0.14609659,0.39579865,0.14509541
0.14046007,0.13398072,0.14658046,0.38757735,0.12641327
0.14695534,0.1501812,0.14830554,0.3775922,0.13268691
0.1759134,0.1708799,0.16483147,0.37282732,0.14723316
0.22056833,0.21871698,0.21943134,0.36454177,0.22025596
0.2866035,0.26513094,0.26998934,0.36427733,0.26104853
0.34912044,0.3339941,0.33379042,0.37768966,0.3136533
0.3902571,0.3610042,0.3786152,0.39140064,0.371005
0.40838972,0.37628382,0.40085328,0.40093753,0.37816143
0.4156969,0.376106,0.40412468,0.4117351,0.38957614
0.4135318,0.38423628,0.40412986,0.4207044,0.3921321
0.40054128,0.3703169,0.39788306,0.4298002,0.34967747
0.38998646,0.36147794,0.3818551,0.43544626,0.34264052
0.3840325,0.36127847,0.3814094,0.43974808,0.352633
0.38755074,0.38404107,0.38902822,0.44205007,0.40668994
0.397023,0.41045722,0.40811822,0.46068525,0.39060605
0.39783493,0.3969995,0.41943744,0.4605975,0.42337897
0.39945874,0.38408393,0.4012976,0.45968655,0.42810154
0.39431664,0.3596447,0.38178474,0.45345172,0.3923097
0.34506088,0.33683163,0.35470662,0.45107576,0.34660286
0.27794316,0.2763451,0.28694668,0.44034567,0.28465483
0.21867388,0.21162237,0.2304074,0.43834066,0.21663071
0.17726658,0.1683929,0.18797383,0.43419048,0.17424153
0.15317997,0.14948149,0.16272561,0.42877603,0.14148991
0.14370771,0.142225,0.1514174,0.42611906,0.14041357
0.13856563,0.14375576,0.15166037,0.42811552,0.10738373
0.14722598,0.14308113,0.15328243,0.42391977,0.12652186
0.16941813,0.17146388,0.18187316,0.42356735,0.1460741
0.20135318,0.20862086,0.21930201,0.42398694,0.1772521
0.2608931,0.25344294,0.2538884,0.42392164,0.2255032
0.32801083,0.32046792,0.31927863,0.42691267,0.27177656
0.37401894,0.3528912,0.36680424,0.4279957,0.33830056
0.39269283,0.36891308,0.3889612,0.43280673,0.35758013
0.39052776,0.38298845,0.3894388,0.4376445,0.36348498
0.38511503,0.37174964,0.3750894,0.4445422,0.35438943
0.36806494,0.3539574,0.36883983,0.4568195,0.32458687
0.35290933,0.33415958,0.34923708,0.4594302,0.32299048
0.3496617,0.33774674,0.3456509,0.46412298,0.31596458
0.3691475,0.37261516,0.36316112,0.46951684,0.3968958
0.3924222,0.4098591,0.40511933,0.4694114,0.38973838
0.39864683,0.40181023,0.41927975,0.47767377,0.40229058
0.41082543,0.39597914,0.40150714,0.47120768,0.4113956
0.4232747,0.3770293,0.3970763,0.4623466,0.38521212
0.35588634,0.35435942,0.3922482,0.4446469,0.31858334
0.27117726,0.27774605,0.28449184,0.43430996,0.2548488
0.20974289,0.20315517,0.21452911,0.4310066,0.18401575
0.17158322,0.16561864,0.17849474,0.4272163,0.15389864
0.15588634,0.15694462,0.15472168,0.42362165,0.15552616
0.15155616,0.14421105,0.15454528,0.4207453,0.16026373
0.15994588,0.15179047,0.15788582,0.42084414,0.15294224
0.18511502,0.17936596,0.18123533,0.41624933,0.1669533
0.26116374,0.25325146,0.23345406,0.40919527,0.21435827
0.37077132,0.37784508,0.3582156,0.40812483,0.33785897
0.4265223,0.42762008,0.44730625,0.4097394,0.40287918
0.43653587,0.44180208,0.44516534,0.417441,0.39733994
0.43707713,0.43028182,0.44704285,0.42910576,0.4339978
0.44627875,0.43018514,0.43969333,0.4418113,0.44254017
0.43951285,0.4228876,0.443472,0.46377,0.4499287
0.4338295,0.42467648,0.42485583,0.4789084,0.45005774
0.4338295,0.4196763,0.4183553,0.48356542,0.4370314
0.41705006,0.4179737,0.42411125,0.48964515,0.44366634
0.40947226,0.4030523,0.40387505,0.48961166,0.43582976
0.4189445,0.4311215,0.42527795,0.49686697,0.4601819
0.43545333,0.4533201,0.45550284,0.4768835,0.46108443
0.44790256,0.4520532,0.46572477,0.48271248,0.4934197
0.45818675,0.45066527,0.45534065,0.46551636,0.45624226
0.45602164,0.42416516,0.43953228,0.45569327,0.44487727
0.38294992,0.3927751,0.4140929,0.44164672,0.37404484
0.29309878,0.30025327,0.31039256,0.4305469,0.29029498
0.22489852,0.22282419,0.23774382,0.4199763,0.22887704
0.18024357,0.1851274,0.19384496,0.41090047,0.18947741
0.16292287,0.15866596,0.1632881,0.397936,0.15170208
0.15669824,0.14955314,0.16250624,0.395697,0.14215511
0.15507442,0.15630367,0.16172037,0.39537966,0.15206087
0.17239513,0.18155947,0.16889827,0.39082155,0.1805995
0.2443843,0.24288616,0.22037551,0.38254392,0.21416795
0.35155615,0.36239952,0.34678262,0.37923598,0.31978953
0.4165088,0.41140926,0.41917452,0.38302934,0.40667194
0.4300406,0.42429286,0.43516582,0.39159217,0.40925825
0.43220568,0.42155817,0.4372493,0.40408677,0.44506592
0.42895806,0.42558265,0.43495965,0.4214642,0.43860638
0.42083898,0.4080444,0.4222131,0.44488093,0.46363032
0.408931,0.41021502,0.40783498,0.46107617,0.44135588
0.40568337,0.39908934,0.39226073,0.48672256,0.4406535
0.38863328,0.39883384,0.39351794,0.49487403,0.44508713
0.37861976,0.38035896,0.37328333,0.48824415,0.44086725
0.38078484,0.4056823,0.389337,0.49739024,0.45148003
0.3962111,0.41878206,0.41534767,0.49254638,0.46212572
0.41407308,0.4115808,0.43484324,0.4864203,0.4939735
0.4419486,0.42759436,0.42553914,0.47311357,0.47874922
0.45087957,0.41798574,0.42816073,0.45506677,0.44891846
0.3788904,0.389044,0.4119814,0.44084492,0.3829739
0.28470907,0.2982295,0.30517787,0.42896742,0.31006873
0.20974289,0.21174616,0.22636206,0.421212,0.22882307
0.16589986,0.17541529,0.17537765,0.4204018,0.18603063
0.14560217,0.1479223,0.15060699,0.417144,0.19104613
0.13721246,0.14458933,0.14161403,0.41625974,0.17489617
0.13721246,0.15103486,0.13727939,0.41612166,0.16878162
0.16400541,0.17287439,0.14715008,0.4142521,0.19029723
0.2368065,0.24027923,0.20981382,0.41229963,0.23996198
0.34912044,0.35416138,0.33527222,0.40828788,0.33197135
0.4270636,0.41118154,0.43100524,0.4102529,0.39563516
0.44979703,0.43382177,0.44245052,0.41122687,0.39661986
0.45764548,0.43614447,0.4557985,0.41496232,0.4445929
0.4684709,0.44134474,0.45859343,0.41935962,0.4414003
0.46522328,0.44129533,0.4637636,0.42378595,0.44351107
0.45602164,0.44036308,0.45053333,0.4302136,0.46224147
0.45277402,0.43500343,0.4382894,0.44929305,0.43402445
0.44032475,0.43504798,0.43945146,0.4610342,0.44176465
0.4392422,0.4198273,0.4272365,0.464258,0.43261048
0.45087957,0.45671028,0.45160738,0.46217233,0.47236562
0.47090665,0.47815564,0.4843579,0.46444967,0.47389567
0.47929636,0.47758067,0.5057556,0.45864823,0.50860715
0.4887686,0.46250767,0.48329997,0.4543444,0.4982853
0.47794315,0.45168066,0.46290535,0.44370914,0.46308678
0.40487143,0.40973404,0.42482832,0.43805167,0.39246434
0.31637347,0.3198697,0.3298239,0.43236843,0.30811152
0.24330176,0.24060117,0.25861222,0.4293567,0.20996864
0.20162381,0.19910237,0.20782351,0.42993867,0.18838805
0.18078485,0.19985017,0.18816249,0.43010747,0.19037437
0.17212449,0.18420412,0.17903124,0.43048787,0.18881777
0.17510149,0.19692133,0.17854038,0.4306736,0.17299528
0.19864681,0.2151259,0.19856006,0.4306783,0.19815531
0.27009472,0.28003916,0.25471735,0.42947063,0.24555868
0.38024357,0.39925605,0.37321842,0.42938405,0.38733643
0.4481732,0.45660895,0.44907522,0.43031144,0.4487601
0.4608931,0.47718972,0.4654376,0.42943636,0.43537822
0.46576455,0.47916186,0.46625614,0.4323106,0.45687574
0.4700947,0.47859594,0.4678672,0.44727027,0.47609752
0.46630582,0.46348548,0.46387118,0.45731476,0.48242098
0.45142084,0.46821004,0.4520606,0.4736838,0.46300048
0.4427605,0.45629045,0.43117508,0.48651388,0.46378702
0.42300406,0.43537572,0.42752165,0.50324667,0.47266746
0.41190797,0.4186714,0.40576905,0.51107836,0.46258545
0.4156969,0.43818888,0.4193837,0.50681317,0.48131216
0.41542625,0.46484512,0.45040306,0.51046634,0.49306452
0.4143437,0.4491124,0.44990423,0.49206123,0.51905376
0.43031123,0.42111474,0.42806646,0.49313816,0.49244124
0.4473613,0.4291306,0.4151202,0.45973548,0.48345345
0.38592693,0.40919402,0.4159546,0.43764672,0.400477
0.29986468,0.32999945,0.32120743,0.4204416,0.31793714
0.22381596,0.24138173,0.2461475,0.41524887,0.25256872
0.17320703,0.20407742,0.18973969,0.40693498,0.21374483
0.15453315,0.18483317,0.15575203,0.40238884,0.18457794
0.14451963,0.1641473,0.15475436,0.39729086,0.16591473
0.14533153,0.17199276,0.14578226,0.39908016,0.17926528
0.16833559,0.1994017,0.15619461,0.39620987,0.19977835
0.23626523,0.25224894,0.20561421,0.3966672,0.23595054
0.33423546,0.3686198,0.3162271,0.38538525,0.35784632
0.3813261,0.41102242,0.4029854,0.3813978,0.43134034
0.39458728,0.41245043,0.39046678,0.39057449,0.4369924
0.40216509,0.41361395,0.40597948,0.41882735,0.46442705
0.41082543,0.4247273,0.40737736,0.44900182,0.4590761
0.40866035,0.41435128,0.40794095,0.47414958,0.4814238
0.39756426,0.42751887,0.39549875,0.4941843,0.44592237
0.38863328,0.40415436,0.37933287,0.5017171,0.46291876
0.37104195,0.39370537,0.3729766,0.50546813,0.45511276
0.3610284,0.3756921,0.35669917,0.5308045,0.46153963
0.35399187,0.39667198,0.3686661,0.52851576,0.4583413
0.3564276,0.40803072,0.37752914,0.53698754,0.47537458
0.35209742,0.3855074,0.39031383,0.5300647,0.49871296
0.35913396,0.37775314,0.36503464,0.526834,0.47517163
0.39052776,0.36836225,0.35045794,0.50302434,0.45631683
0.35615698,0.3631775,0.37299898,0.4755593,0.38813764
0.2866035,0.30394137,0.30409467,0.4585824,0.31425655
0.21542625,0.24028975,0.23919503,0.4407824,0.23704594
0.17077132,0.19449717,0.18376817,0.42159027,0.20430559
0.1428958,0.17271619,0.15957434,0.40194345,0.17394216
0.132341,0.15607937,0.14017151,0.3969592,0.15014367
0.13207036,0.15546206,0.13727875,0.39138106,0.14348339
0.14018944,0.16509041,0.14430842,0.38346544,0.14518008
0.16319351,0.18396989,0.16098672,0.38169467,0.15996349
0.21163735,0.23020805,0.19995558,0.37197042,0.22583498
0.28092015,0.28711328,0.26082256,0.36448562,0.2823528
0.3336942,0.3446596,0.32761526,0.3805147,0.3333403
0.3518268,0.37293783,0.36041057,0.41946006,0.374881
0.35399187,0.36951607,0.3597733,0.44731757,0.3813873
0.34695536,0.34153557,0.35220212,0.480057,0.40475982
0.33477673,0.35519484,0.3373816,0.49740645,0.41211376
0.3201624,0.33043462,0.32138807,0.51446486,0.3668431
0.30933693,0.31658253,0.3066511,0.5174602,0.35413605
0.30960757,0.3235804,0.3040687,0.529051,0.37204015
0.3179973,0.34291613,0.32102817,0.5308174,0.42379832
0.33504736,0.37421978,0.34267917,0.5220655,0.40172604
0.33883625,0.3668331,0.36446884,0.507548,0.44242752
0.3534506,0.34686902,0.3496631,0.5094273,0.42705452
0.36725304,0.35124686,0.35380423,0.4853302,0.39236197
0.3188092,0.33792967,0.34360516,0.46102643,0.3573899
0.25006765,0.2706478,0.25868845,0.45174685,0.29770768
0.18971583,0.21189289,0.20183581,0.436513,0.22861022
0.14614344,0.16966219,0.15994051,0.41909772,0.18017529
0.11826793,0.15612078,0.12902665,0.40856522,0.15307048
0.11150203,0.12861364,0.111730605,0.40122357,0.1434285
0.11150203,0.1375655,0.1177036,0.39100486,0.12064068
0.11637348,0.1453735,0.12187891,0.3787719,0.12636119
0.135318,0.15643162,0.1383356,0.38235176,0.15349352
0.16400541,0.19370827,0.18504651,0.37408066,0.18916266
0.22381596,0.24034481,0.22308509,0.3703856,0.24575955
0.29418132,0.30331057,0.28587496,0.38930658,0.28216317
0.3391069,0.34100288,0.33835134,0.4208334,0.34028327
0.35805142,0.34995818,0.3575083,0.4426765,0.36264038
0.36265224,0.35056973,0.36050603,0.4689006,0.37677538
0.3602165,0.36464918,0.35556364,0.4862478,0.37499657
0.3504736,0.34278566,0.34921944,0.4990146,0.35033244
0.3437077,0.3322582,0.33916375,0.49758685,0.33562475
0.34235454,0.34882587,0.3427504,0.4966896,0.34056824
0.3594046,0.37973067,0.35580805,0.51801676,0.41784263
0.38538566,0.41884828,0.3927432,0.48860842,0.40130973
0.39215156,0.41053146,0.4133469,0.4880702,0.4189837
0.39350474,0.38965768,0.39517647,0.48252636,0.41769233
0.39864683,0.38024256,0.37733436,0.4665688,0.39250004
0.335318,0.3478224,0.36509132,0.45687085,0.33442208
0.2571042,0.2733182,0.26660553,0.45223364,0.2732317
0.1932341,0.2125598,0.20419201,0.4459547,0.19327544
0.15399188,0.16871966,0.16062403,0.44019318,0.16698244
0.13775373,0.16689529,0.1385681,0.4405415,0.15686324
0.1361299,0.14687064,0.13944386,0.44139373,0.16401358
0.14100136,0.16016747,0.14672528,0.43278286,0.1609724
0.16779432,0.19392875,0.16152053,0.42094153,0.17992727
0.2397835,0.2535486,0.22345075,0.42387882,0.22341773
0.3518268,0.3731991,0.33908623,0.41452438,0.35496545
0.41759133,0.4279121,0.43263578,0.4157572,0.42496023
0.43301758,0.4497848,0.44392028,0.43757105,0.41440928
0.44248986,0.4447921,0.44415557,0.46286863,0.4379661
0.44330177,0.46385616,0.44720164,0.47634175,0.45872062
0.44248986,0.4323939,0.43754277,0.48342368,0.46737558
0.42949933,0.4541847,0.43070322,0.496379,0.46645504
0.42273343,0.4262539,0.41085422,0.50597763,0.45411587
0.4051421,0.4147929,0.41180867,0.51176953,0.45229262
0.3924222,0.4068133,0.39470342,0.50974405,0.4529143
0.3962111,0.4257263,0.40694702,0.521111,0.48252636
0.4051421,0.45824176,0.43725795,0.5117004,0.48132718
0.40811908,0.43687394,0.4394635,0.50318766,0.51537555
0.4181326,0.4255573,0.41871473,0.49416682,0.47829103
0.4419486,0.4123019,0.40679717,0.47180542,0.45934826
0.3813261,0.39954394,0.41946945,0.45037505,0.387847
0.28985116,0.3145646,0.3166768,0.44140413,0.3015501
0.21569689,0.24082315,0.23430412,0.43406814,0.23896651
0.17564276,0.19693993,0.18472537,0.42070752,0.19739553
0.15101488,0.18543881,0.16497892,0.4168489,0.15504906
0.14479026,0.16184856,0.14640959,0.41080895,0.14957455
0.15074424,0.1705285,0.15054737,0.39269444,0.16393523
0.17212449,0.20753574,0.16845886,0.39100283,0.18885727
0.24167794,0.25989082,0.21247979,0.38959953,0.2291801
0.34695536,0.372263,0.33311397,0.38716048,0.34059244
0.39648172,0.42350012,0.41979152,0.3855884,0.42807043
0.40866035,0.42180285,0.40483698,0.4014454,0.42592502
0.4127199,0.41933894,0.41870117,0.43358257,0.45230848
0.4143437,0.4407174,0.4157495,0.45509136,0.45097178
0.4189445,0.4099539,0.409239,0.47117183,0.47983742
0.40784845,0.43808824,0.40874895,0.485885,0.45890522
0.40351826,0.40936098,0.38873446,0.50023603,0.4575578
0.40027064,0.4026829,0.39024466,0.5086938,0.45703596
0.39133966,0.40242952,0.39349544,0.50528204,0.45569354
0.39431664,0.4244385,0.39646322,0.50631773,0.47497648
0.40135318,0.456249,0.42770278,0.5110142,0.4845556
0.40405953,0.42562217,0.4318397,0.5074452,0.51240385
0.41786197,0.42608356,0.4136165,0.49767518,0.48883927
0.44627875,0.41488844,0.40589327,0.4838255,0.46166402
0.3907984,0.40045303,0.41850173,0.45465505,0.39198261
0.29499322,0.3155897,0.3203876,0.43843842,0.31597638
0.21677943,0.2376802,0.23251067,0.42730537,0.23841015
0.17537212,0.19749399,0.1821806,0.4087588,0.1978176
0.15480378,0.1734931,0.16271618,0.3849652,0.19193654
0.14695534,0.15712218,0.15211295,0.38412616,0.17186758
0.15507442,0.1686981,0.15133989,0.3653127,0.17655091
0.18186739,0.20532586,0.17488052,0.3656175,0.1869824
0.24979702,0.26387167,0.22714917,0.3618716,0.23842156
0.35534507,0.3851321,0.33807912,0.35424167,0.34421754
0.40162382,0.434158,0.4237913,0.35249147,0.41650468
0.40730718,0.4286934,0.41070735,0.38044468,0.4174298
0.40135318,0.42156598,0.41823393,0.41268966,0.45936084
0.4008119,0.43559623,0.40611142,0.44909394,0.45359802
0.39594045,0.40578154,0.40022153,0.47471902,0.46423453
0.38890392,0.4197215,0.386552,0.49230582,0.47417253
0.39269283,0.404486,0.37581605,0.5102761,0.45425338
0.38700947,0.398624,0.38502088,0.52828777,0.45485884
0.38267928,0.396532,0.3760905,0.5290818,0.45283943
0.38078484,0.4155948,0.39000082,0.5305661,0.48757535
0.38782138,0.44541246,0.4074189,0.5265753,0.49052918
0.39133966,0.42042983,0.42273208,0.5179868,0.5317435
0.40189445,0.4015316,0.4051674,0.5059526,0.5154806
0.43626523,0.40506527,0.39179042,0.48493162,0.4720499
0.3797023,0.40177533,0.41373312,0.45323285,0.4071205
0.28687415,0.31350148,0.30625653,0.42095387,0.31658477
0.21028417,0.2264975,0.22576003,0.39607853,0.21993534
0.16617051,0.1932922,0.17725162,0.3772014,0.19191347
0.1466847,0.16993584,0.15164639,0.3558272,0.19037437
0.138295,0.15700631,0.14470944,0.35501373,0.18881777
0.14154263,0.16973363,0.14114934,0.34200168,0.17299528
0.16968876,0.18740344,0.15618427,0.3425859,0.19815531
0.2384303,0.2533155,0.21564266,0.34315273,0.24555868
0.34912044,0.36937648,0.32636485,0.33050048,0.38733643
0.39512855,0.42636958,0.42194855,0.3322624,0.4487601
0.40189445,0.42447507,0.4004923,0.362862,0.43537822
0.405954,0.42664915,0.41290355,0.40113384,0.45687574
0.40811908,0.4244618,0.41294184,0.44799554,0.47609752
0.40947226,0.40461984,0.40707457,0.49050453,0.48242098
0.40243572,0.41498628,0.40206024,0.50939226,0.46300048
0.40189445,0.419944,0.38880426,0.52449346,0.46378702
0.39215156,0.40371096,0.3916759,0.5393449,0.47266746
0.38457376,0.39422864,0.3805932,0.54560745,0.46258545
0.38240865,0.41113177,0.3912063,0.5524686,0.48131216
0.37997293,0.43480247,0.40904033,0.5478548,0.49306452
0.38159674,0.41697538,0.4092518,0.52872217,0.51905376
0.39864683,0.39776084,0.3961575,0.51699245,0.49244124
0.43112314,0.4030688,0.39208108,0.481622,0.48345345
0.37050068,0.40059116,0.4076943,0.4494987,0.400477
0.29228687,0.30863234,0.29732203,0.41014528,0.31793714
0.21867388,0.22952454,0.24210909,0.38137633,0.25256872
0.16968876,0.19507086,0.18534528,0.36198792,0.21374483
0.14343707,0.17791386,0.15245232,0.34794447,0.18457794
0.12746955,0.15067962,0.14020856,0.33266526,0.16591473
0.12692828,0.15554686,0.12667255,0.3257025,0.17926528
0.14614344,0.18574291,0.13971673,0.32345212,0.19977835
0.20081191,0.23341608,0.18159227,0.3296119,0.23595054
0.31177267,0.33169195,0.27294737,0.33075437,0.35784632
0.38592693,0.39411002,0.39818066,0.3336866,0.43134034
0.40541273,0.4141943,0.4042886,0.36298478,0.4369924
0.41867387,0.41833183,0.41504973,0.40270162,0.46442705
0.4248985,0.43315858,0.42551324,0.4287866,0.4590761
0.41867387,0.41820934,0.4225475,0.45593795,0.4814238
0.41190797,0.42953002,0.40579325,0.46955624,0.44592237
0.40784845,0.40995032,0.3974964,0.48062688,0.46291876
0.3983762,0.40502912,0.3947624,0.49242923,0.45511276
0.39269283,0.39707237,0.3867658,0.4995081,0.46153963
0.39648172,0.42067426,0.3980617,0.5056828,0.4583413
0.402977,0.44588232,0.42286068,0.5087071,0.47537458
0.40189445,0.42208433,0.4338873,0.50933397,0.49871296
0.40487143,0.4142618,0.41536775,0.50940645,0.47517163
0.40487143,0.40384603,0.39325887,0.5058315,0.45631683
0.35209742,0.3690821,0.36778402,0.4968225,0.38813764
0.27659,0.29453355,0.29206216,0.48644826,0.31425655
0.20433018,0.2323452,0.22610565,0.4824524,0.23704594
0.15317997,0.1846246,0.16891986,0.4813573,0.20430559
0.12530446,0.16117857,0.13540795,0.47656512,0.17394216
0.11096076,0.13540363,0.12120582,0.4679989,0.15014367
0.10500677,0.13517271,0.11297956,0.4683067,0.14348339
0.110690124,0.14519083,0.11601554,0.47563586,0.14518008
0.13856563,0.16260879,0.14160766,0.46605158,0.15996349
0.18809202,0.20899664,0.20113598,0.46615776,0.22583498
0.26603517,0.2714125,0.25248823,0.4655653,0.2823528
0.33558863,0.33886153,0.32354093,0.47597247,0.3333403
0.37483084,0.37604433,0.36988527,0.48305684,0.374881
0.3856563,0.3917589,0.38686758,0.48813838,0.3813873
0.37699595,0.3664941,0.38172948,0.5074581,0.40475982
0.3585927,0.37812984,0.3626685,0.5218042,0.41211376
0.34235454,0.3468457,0.34026948,0.5484059,0.3668431
0.32395127,0.3379642,0.32733828,0.60219634,0.35413605
0.32070366,0.3361012,0.31368518,0.6702093,0.37204015
0.32286873,0.35269123,0.33391577,0.6921996,0.42379832
0.33396482,0.37179357,0.35098055,0.6725378,0.40172604
0.33315292,0.35087642,0.37072104,0.6163329,0.44242752
0.34397835,0.3373179,0.34778866,0.60854053,0.42705452
0.3721245,0.35397035,0.33998182,0.5725739,0.39236197
0.3309878,0.348113,0.3555749,0.521333,0.3573899
0.25953993,0.28630018,0.2771237,0.48202273,0.29770768
0.18809202,0.22036615,0.21078247,0.49251518,0.22861022
0.13694182,0.16237967,0.1548066,0.47886077,0.18017529
0.10554804,0.14678799,0.11983433,0.45985726,0.15307048
0.08822733,0.11775402,0.10037655,0.44989336,0.1434285
0.080108255,0.122030154,0.08813283,0.44211945,0.12064068
0.08281461,0.12284169,0.085397765,0.44701862,0.12636119
0.09418133,0.13510042,0.10072205,0.4326186,0.15349352
0.1255751,0.16139793,0.13024826,0.43311885,0.18916266
0.19729364,0.20738019,0.19201465,0.4242098,0.24575955
0.26738837,0.28624284,0.27486348,0.4269886,0.28216317
0.29959404,0.3225265,0.31478283,0.4470296,0.34028327
0.30338296,0.32493877,0.31976256,0.46548256,0.36264038
0.2976996,0.30527255,0.30860174,0.4890131,0.37677538
0.28552097,0.31672043,0.29431033,0.52222836,0.37499657
0.2714479,0.29929426,0.27677757,0.5838333,0.35033244
0.26495263,0.28826284,0.26197338,0.6268475,0.33562475
0.26928282,0.3001665,0.26447475,0.6808777,0.34056824
0.28362653,0.31782365,0.28413025,0.7123145,0.41784263
0.30473614,0.33614612,0.31563276,0.726073,0.40130973
0.3188092,0.3330713,0.34419292,0.70652485,0.4189837
0.335318,0.33343348,0.34511858,0.68606603,0.41769233
0.3737483,0.349135,0.34172714,0.64056885,0.39250004
0.32232746,0.33936027,0.3618394,0.5608094,0.33442208
0.2368065,0.2667101,0.25721124,0.53635085,0.2732317
0.16427605,0.19599344,0.17993528,0.50896245,0.19327544
0.121515565,0.14366719,0.13112774,0.47344193,0.16698244
0.102841675,0.13882147,0.10651347,0.4511938,0.15686324
0.096346416,0.11497472,0.10265128,0.43136168,0.16401358
0.096346416,0.12147738,0.10228798,0.40833494,0.1609724
0.12070365,0.16314444,0.10893275,0.39528447,0.17992727
0.18376184,0.2142936,0.16220783,0.39329445,0.22341773
0.29878214,0.31914032,0.27559257,0.38535517,0.35496545
0.37428957,0.38544613,0.41462323,0.37906647,0.42496023
0.4,0.41344333,0.3976447,0.40853205,0.41440928
0.4216509,0.41357666,0.4170016,0.4587361,0.4379661
0.43707713,0.4450917,0.43144798,0.5105891,0.45872062
0.44303113,0.42887482,0.4376217,0.5687374,0.46737558
0.44303113,0.46029794,0.43426785,0.6190624,0.46645504
0.44844383,0.446971,0.43086725,0.67326546,0.45411587
0.4427605,0.4481927,0.4428472,0.6920264,0.45229262
0.4392422,0.4474698,0.43758878,0.71174693,0.4529143
0.4376184,0.4743646,0.4532583,0.6927409,0.48252636
0.4338295,0.49924934,0.46721825,0.7304524,0.48132718
0.43220568,0.4463007,0.46632197,0.7247969,0.51537555
0.43653587,0.4454261,0.44888496,0.687656,0.47829103
0.45602164,0.4373563,0.42534995,0.63651335,0.45934826
0.38998646,0.41823867,0.42543545,0.5663689,0.387847
0.28876862,0.31463355,0.31750834,0.46079096,0.3015501
0.20595399,0.23415934,0.22789885,0.4475014,0.23896651
0.14830853,0.18777043,0.17215557,0.4168554,0.19739553
0.123139374,0.16228117,0.12895526,0.37416282,0.15504906
0.10960758,0.13452975,0.12146631,0.35834134,0.14957455
0.105818674,0.13708742,0.1115005,0.34530115,0.16393523
0.13125846,0.1799859,0.12179375,0.32859018,0.18885727
0.19485791,0.22515571,0.1912078,0.3290696,0.2291801
0.3036536,0.33573362,0.296055,0.3178374,0.34059244
0.37050068,0.39632767,0.39334667,0.31783342,0.42807043
0.38511503,0.4037256,0.39646137,0.3505569,0.42592502
0.3962111,0.39986283,0.401295,0.38437438,0.45230848
0.4067659,0.4246513,0.40736625,0.4091171,0.45097178
0.4097429,0.39912453,0.40770113,0.4290972,0.47983742
0.405954,0.42520714,0.40019667,0.44249275,0.45890522
0.40649527,0.40278244,0.3903641,0.46690014,0.4575578
0.3924222,0.40048933,0.39266038,0.4844794,0.45703596
0.38376185,0.39301628,0.37439087,0.4945881,0.45569354
0.38700947,0.4103321,0.3873793,0.5026821,0.47497648
0.39566982,0.44108173,0.4173362,0.5210248,0.4845556
0.39810556,0.41785854,0.43839344,0.53366435,0.51240385
0.40270635,0.4181374,0.4227025,0.52853614,0.48883927
0.4270636,0.3998524,0.3943863,0.52590656,0.46166402
0.36671177,0.38135073,0.39825648,0.51650786,0.39198261
0.27009472,0.29619914,0.2987801,0.49382347,0.31597638
0.19566983,0.21779051,0.21115148,0.49033728,0.23841015
0.15047361,0.18606278,0.16510677,0.48542333,0.1978176
0.12530446,0.15445054,0.13840295,0.4656515,0.19193654
0.11231394,0.1321834,0.123154685,0.4638742,0.17186758
0.112584576,0.13702674,0.115435496,0.47220436,0.17655091
0.13802436,0.17419252,0.12962419,0.4710211,0.1869824
0.2037889,0.22679225,0.1864807,0.4651533,0.23842156
0.31610283,0.3430943,0.2942903,0.46132857,0.34421754
0.38294992,0.40602934,0.3989038,0.4553284,0.41650468
0.39539918,0.42134058,0.40197212,0.45500284,0.4174298
0.4046008,0.41270563,0.40785623,0.45949623,0.45936084
0.41407308,0.44069022,0.4134672,0.46744576,0.45359802
0.4156969,0.41929334,0.4141946,0.49548602,0.46423453
0.40351826,0.4340791,0.40590906,0.51060915,0.47417253
0.40784845,0.4118415,0.38557962,0.5320128,0.45425338
0.39972937,0.40762445,0.3989824,0.559767,0.45485884
0.394046,0.40301794,0.38742554,0.566418,0.45283943
0.40054128,0.42611527,0.40266114,0.5826721,0.48757535
0.405954,0.4645419,0.43446654,0.5910563,0.49052918
0.4051421,0.42939204,0.43905157,0.58356524,0.5317435
0.40866035,0.40717575,0.4198801,0.5121021,0.5154806
0.43193504,0.4048188,0.39635646,0.4889355,0.4720499
0.3813261,0.3954733,0.40321803,0.47028026,0.4071205
0.28552097,0.31500453,0.31627128,0.459259,0.31658477
0.20730717,0.2238757,0.2242718,0.45099065,0.21993534
0.15994588,0.18955949,0.17387614,0.4439868,0.19191347
0.13504736,0.16280746,0.14555997,0.43976393,0.19037437
0.12286874,0.14603461,0.13187203,0.4403499,0.18881777
0.12476319,0.1546284,0.12662126,0.44231644,0.17299528
0.14857917,0.17789939,0.14301167,0.44396284,0.19815531
0.21299052,0.23801652,0.19631241,0.44102985,0.24555868
0.32070366,0.3480128,0.30475825,0.44602105,0.38733643
0.39215156,0.40808463,0.4004907,0.44428867,0.4487601
0.41244927,0.4294002,0.41372696,0.45746338,0.43537822
0.42598104,0.43759564,0.42426807,0.47075117,0.45687574
0.44113666,0.44390282,0.4331862,0.4903927,0.47609752
0.4443843,0.43728328,0.44013235,0.5165349,0.48242098
0.44221923,0.44674242,0.43243012,0.5445852,0.46300048
0.44790256,0.454448,0.42705563,0.6115084,0.46378702
0.43707713,0.44924304,0.4371662,0.65677154,0.47266746
0.43112314,0.44530785,0.42103028,0.68887746,0.46258545
0.42814615,0.46230337,0.43829995,0.7034681,0.48131216
0.4270636,0.47606987,0.45283848,0.68130946,0.49306452
0.42543977,0.45115054,0.45965922,0.66395646,0.51905376
0.43193504,0.42420453,0.4393394,0.6150745,0.49244124
0.45277402,0.43085173,0.4186015,0.5526736,0.48345345
0.39106902,0.42088905,0.42134196,0.5357177,0.400477
0.29634643,0.33160397,0.31928417,0.51446164,0.31793714
0.21569689,0.23612067,0.23655446,0.49640992,0.25256872
0.16779432,0.19343254,0.18089199,0.48426253,0.21374483
0.1428958,0.18025279,0.15334262,0.48149285,0.18457794
0.1315291,0.15662833,0.14070293,0.47769752,0.16591473
0.12963465,0.16269927,0.1363531,0.47167286,0.17926528
0.15074424,0.1898067,0.14640923,0.47268686,0.19977835
0.21217862,0.24107468,0.19833094,0.47271714,0.23595054
0.32043302,0.34504282,0.29941908,0.47691897,0.35784632
0.39566982,0.4053827,0.4016909,0.47613397,0.43134034
0.4232747,0.43053412,0.4206852,0.49222797,0.4369924
0.44871446,0.4369918,0.435549,0.49856198,0.46442705
0.46549392,0.46617398,0.45704356,0.5208993,0.4590761
0.46197563,0.46403754,0.46171427,0.55429745,0.4814238
0.45087957,0.47030246,0.44501346,0.57326525,0.44592237
0.44492558,0.45218647,0.43059993,0.60873806,0.46291876
0.42516914,0.4423573,0.42829606,0.6132147,0.45511276
0.4181326,0.42074293,0.40547627,0.61376476,0.46153963
0.4189445,0.44642112,0.42540485,0.6207901,0.4583413
0.41705006,0.47177303,0.44600308,0.60679924,0.47537458
0.41488498,0.43333718,0.45246592,0.59176135,0.49871296
0.4156969,0.42249936,0.43371516,0.5602884,0.47517163
0.42083898,0.4134137,0.4021665,0.544976,0.45631683
0.37239513,0.38484436,0.38509682,0.5436243,0.38813764
0.2955345,0.31415072,0.31395984,0.5319593,0.31425655
0.22192152,0.24718918,0.24531166,0.5320293,0.23704594
0.16860622,0.20054525,0.18896869,0.53160655,0.20430559
0.13883626,0.17244476,0.15179175,0.53770816,0.17394216
0.12124492,0.15066883,0.13558173,0.48445293,0.15014367
0.11691475,0.14510722,0.123088285,0.47763392,0.14348339
0.12124492,0.15505457,0.13075039,0.47327182,0.14518008
0.14316644,0.17105106,0.14923544,0.47685972,0.15996349
0.1924222,0.21622342,0.19297682,0.47410336,0.22583498
0.26657647,0.277822,0.25396016,0.4755517,0.2823528
0.33640054,0.3401748,0.32172233,0.4719369,0.3333403
0.37564275,0.37944764,0.37178206,0.46960446,0.374881
0.3916103,0.39149374,0.387178,0.4785392,0.3813873
0.39052776,0.3715539,0.38761273,0.48042735,0.40475982
0.3737483,0.3876417,0.37612408,0.4970586,0.41211376
0.35669824,0.35589677,0.3528154,0.5200772,0.3668431
0.34506088,0.342542,0.33858177,0.5541139,0.35413605
0.33721244,0.3456859,0.3368574,0.5800142,0.37204015
0.34506088,0.36248899,0.34305128,0.59133774,0.42379832
0.35317996,0.39871553,0.3753819,0.6091337,0.40172604
0.34912044,0.3733675,0.38430926,0.5997405,0.44242752
0.3428958,0.3488563,0.36314338,0.5586834,0.42705452
0.36048713,0.3409014,0.3328499,0.5225806,0.39236197
0.32638702,0.33086935,0.3401944,0.49911794,0.3573899
0.25629228,0.28052208,0.27689585,0.48099497,0.29770768
0.18890393,0.21602312,0.20630866,0.47004363,0.22861022
0.14073072,0.16717815,0.15724537,0.45674366,0.18017529
0.11447903,0.1512104,0.12529667,0.45522037,0.15307048
0.09932341,0.12410593,0.112623304,0.41519755,0.1434285
0.09120433,0.1268819,0.10249296,0.41103542,0.12064068
0.090933695,0.13050541,0.099719614,0.40443748,0.12636119
0.10365359,0.13831852,0.11134516,0.39062077,0.15349352
0.13748309,0.1688192,0.14376444,0.3901852,0.18916266
0.20162381,0.22116137,0.19810054,0.39051405,0.24575955
0.26657647,0.28950626,0.2677337,0.41614646,0.28216317
0.30419487,0.32054284,0.3107043,0.4319088,0.34028327
0.31637347,0.32552797,0.32362312,0.4532492,0.36264038
0.31935048,0.31481084,0.31975657,0.46461013,0.37677538
0.31447902,0.33024067,0.31391943,0.49675682,0.37499657
0.30419487,0.31147343,0.30415192,0.5185187,0.35033244
0.30067658,0.3008507,0.2936247,0.5383123,0.33562475
0.30392423,0.32247126,0.3005934,0.5577762,0.34056824
0.32530448,0.34651595,0.31824994,0.56545496,0.41784263
0.35588634,0.38321033,0.3596381,0.59309614,0.40130973
0.36833557,0.3839274,0.38792297,0.55095327,0.4189837
0.3677943,0.3686005,0.37817538,0.53814065,0.41769233
0.3805142,0.3600866,0.35799026,0.5082811,0.39250004
0.32611638,0.33503956,0.35582504,0.4786084,0.33442208
0.23897158,0.2646808,0.26140672,0.4525592,0.2732317
0.16481732,0.1972132,0.17948125,0.43543315,0.19327544
0.12286874,0.14622934,0.12939614,0.418041,0.16698244
0.10257104,0.14155267,0.1087957,0.4048128,0.15686324
0.09607578,0.116899386,0.10182366,0.38167503,0.16401358
0.09607578,0.12247068,0.102993265,0.37378594,0.1609724
0.119079836,0.16382194,0.11110805,0.35868746,0.17992727
0.18322057,0.21436879,0.16675282,0.34931704,0.22341773
0.29797024,0.31971,0.28840435,0.35013962,0.35496545
0.37618405,0.38671172,0.40659136,0.34647027,0.42496023
0.40027064,0.41797727,0.40714863,0.3839843,0.41440928
0.41542625,0.41579846,0.4191418,0.42295974,0.4379661
0.42760488,0.4378848,0.42587686,0.45367804,0.45872062
0.4343708,0.4150512,0.42926955,0.48292997,0.46737558
0.42949933,0.4435348,0.42691296,0.5105221,0.46645504
0.4257104,0.42128795,0.41508618,0.5165945,0.45411587
0.41488498,0.4117834,0.41557708,0.5280831,0.45229262
0.4067659,0.40894657,0.40857345,0.5246035,0.4529143
0.41461435,0.4313022,0.4203381,0.5230026,0.48252636
0.4284168,0.4673126,0.45506197,0.5288874,0.48132718
0.42516914,0.4517057,0.46489093,0.5206827,0.51537555
0.42381597,0.4308526,0.43549114,0.5070454,0.47829103
0.4240866,0.40650362,0.41085637,0.49254906,0.45934826
0.35778078,0.37691823,0.38887912,0.47213402,0.387847
0.26224628,0.291663,0.29137948,0.4525291,0.3015501
0.1843031,0.21484265,0.20556659,0.43969777,0.23896651
0.14018944,0.17824417,0.152869,0.42597273,0.19739553
0.1150203,0.1582895,0.1291298,0.41482314,0.15504906
0.105818674,0.13105762,0.11124909,0.40530464,0.14957455
0.10690122,0.13385215,0.11107221,0.39649403,0.16393523
0.13125846,0.18007809,0.12817037,0.37580615,0.18885727
0.1932341,0.22704402,0.19125852,0.3676859,0.2291801
0.3098782,0.33072257,0.29452634,0.3654881,0.34059244
0.3848444,0.39848077,0.39853966,0.36076134,0.42807043
0.394046,0.41644597,0.4095413,0.40920937,0.42592502
0.40622464,0.40437186,0.4033131,0.45762727,0.45230848
0.41677943,0.4328422,0.41400796,0.5006182,0.45097178
0.4156969,0.4092444,0.41445947,0.5304221,0.47983742
0.41163734,0.4322626,0.40206212,0.55316967,0.45890522
0.40947226,0.41533214,0.39522284,0.59477377,0.4575578
0.40189445,0.40968063,0.3955539,0.6036787,0.45703596
0.39810556,0.407429,0.39184305,0.6273625,0.45569354
0.39945874,0.432424,0.40946814,0.62154686,0.47497648
0.39864683,0.46094608,0.43312797,0.6210984,0.4845556
0.39972937,0.41135526,0.4336302,0.6004454,0.51240385
0.40108255,0.41802055,0.41428578,0.57532644,0.48883927
0.42273343,0.40224415,0.38418713,0.53826225,0.46166402
0.36427605,0.3782788,0.3945634,0.45975146,0.39198261
0.26901218,0.29781032,0.30035636,0.4290364,0.31597638
0.1932341,0.21845871,0.21237648,0.3972604,0.23841015
0.1450609,0.18537107,0.16437146,0.38835138,0.1978176
0.11556157,0.15158503,0.13229266,0.38043296,0.19193654
0.09797023,0.1226828,0.11127955,0.37425518,0.17186758
0.10067659,0.12701753,0.09894498,0.36498022,0.17655091
0.12341002,0.16577688,0.11950651,0.3523018,0.1869824
0.18403247,0.21276934,0.16924319,0.34646985,0.23842156
0.30067658,0.32295704,0.27288455,0.34347224,0.34421754
0.3686062,0.39689082,0.39139554,0.34297073,0.41650468
0.38267928,0.40853268,0.38739115,0.38622776,0.4174298
0.40270635,0.40003246,0.39634252,0.4287206,0.45936084
0.41840324,0.4369024,0.4136127,0.46389917,0.45359802
0.41786197,0.42013198,0.4183134,0.5033276,0.46423453
0.4232747,0.43772072,0.40550452,0.5578631,0.47417253
0.42679295,0.43320718,0.4113936,0.58898914,0.45425338
0.4248985,0.42493516,0.4139558,0.6072618,0.45485884
0.41461435,0.4335272,0.41515422,0.6423013,0.45283943
0.4097429,0.44637528,0.41578826,0.65710515,0.48757535
0.40811908,0.4685682,0.4372454,0.644624,0.49052918
0.40405953,0.4265239,0.44250518,0.62695277,0.5317435
0.40351826,0.40685827,0.41853702,0.5927458,0.5154806
0.4257104,0.40062618,0.39005798,0.5487232,0.4720499
0.36806494,0.39068586,0.3971544,0.5021559,0.4071205
0.27090663,0.30494773,0.3014722,0.4736978,0.31658477
0.18998647,0.21296874,0.21255356,0.43091586,0.21993534
0.14262517,0.17597876,0.15758416,0.41972005,0.19191347
0.11935047,0.15067138,0.1302812,0.4134357,0.19037437
0.10690122,0.13479061,0.11936234,0.41326496,0.18881777
0.10446549,0.14197944,0.11198059,0.39972314,0.17299528
0.129364,0.16645934,0.12253009,0.38744184,0.19815531
0.19269283,0.22089618,0.18281637,0.380073,0.24555868
0.3082544,0.32665646,0.2828932,0.37837777,0.38733643
0.38538566,0.40076223,0.39248413,0.37495017,0.4487601
0.4105548,0.42371607,0.40996695,0.40019435,0.43537822
0.42733425,0.4339521,0.42301142,0.4227249,0.45687574
0.44113666,0.44058415,0.43397412,0.44661394,0.47609752
0.4473613,0.42871583,0.43808454,0.47043374,0.48242098
0.4405954,0.44020686,0.4359004,0.48361453,0.46300048
0.43978348,0.4389605,0.42131376,0.49772736,0.46378702
0.42625168,0.42212155,0.42558563,0.5092561,0.47266746
0.41759133,0.4109839,0.40950543,0.5176294,0.46258545
0.4202977,0.4276186,0.4236283,0.52062166,0.48131216
0.4308525,0.4564227,0.45218495,0.5284101,0.49306452
0.43572396,0.45276293,0.46854407,0.53665346,0.51905376
0.4324763,0.42892277,0.4494384,0.53119177,0.49244124
0.43870094,0.42105195,0.41562006,0.5140705,0.48345345
0.37943166,0.39987284,0.40226182,0.49874434,0.400477
0.28362653,0.31614777,0.31336054,0.49268714,0.31793714
0.20649527,0.22089005,0.22463466,0.48250335,0.25256872
0.15534507,0.18058527,0.17499515,0.4769542,0.21374483
0.13288227,0.16476595,0.14066073,0.47135642,0.18457794
0.12016238,0.14420256,0.13302125,0.47400126,0.16591473
0.121515565,0.14929244,0.12415886,0.4683784,0.17926528
0.14154263,0.18431747,0.14209981,0.46358112,0.19977835
0.20216508,0.23068386,0.19244075,0.46113285,0.23595054
0.31231394,0.3338522,0.2956412,0.45989206,0.35784632
0.39296347,0.39865345,0.3973184,0.45735615,0.43134034
0.42083898,0.42570996,0.42049086,0.46561655,0.4369924
0.43707713,0.4319649,0.43267596,0.47073096,0.46442705
0.4443843,0.44995627,0.4428202,0.48406813,0.4590761
0.44492558,0.43662757,0.43893254,0.49386957,0.4814238
0.43545333,0.45021427,0.43082193,0.49360585,0.44592237
0.43031123,0.42885238,0.41595757,0.50219834,0.46291876
0.41705006,0.42301086,0.41451368,0.5009707,0.45511276
0.40622464,0.41156584,0.40257928,0.50317633,0.46153963
0.40487143,0.4313327,0.41190353,0.50294685,0.4583413
0.408931,0.45257592,0.43749058,0.5048044,0.47537458
0.4051421,0.4252416,0.44831488,0.50625086,0.49871296
0.3983762,0.4132214,0.41956896,0.49811655,0.47517163
0.40622464,0.39364147,0.38299733,0.48525557,0.45631683
0.35913396,0.37094724,0.37553817,0.4769327,0.38813764
0.28958052,0.30353212,0.30316645,0.47439465,0.31425655
0.21569689,0.2410178,0.24457929,0.47451875,0.23704594
0.16319351,0.19354558,0.18318488,0.4712541,0.20430559
0.135318,0.1669074,0.14783771,0.47156367,0.17394216
0.1217862,0.14585103,0.13473697,0.46930477,0.15014367
0.12016238,0.14483717,0.12680148,0.4705491,0.14348339
0.1255751,0.1563679,0.13660863,0.46818012,0.14518008
0.14993234,0.17321624,0.15500456,0.4680291,0.15996349
0.19566983,0.21890941,0.20225373,0.4680291,0.22583498
0.27009472,0.27764127,0.25244948,0.472849,0.2823528
0.33721244,0.3434829,0.3238923,0.47759935,0.3333403
0.37050068,0.37903106,0.36904362,0.4873014,0.374881
0.37997293,0.3888214,0.37963948,0.5046017,0.3813873
0.37050068,0.36340386,0.37521756,0.5198941,0.40475982
0.3556157,0.37550655,0.3549999,0.5400151,0.41211376
0.34424898,0.3457863,0.33816874,0.5400859,0.3668431
0.33585927,0.3347758,0.33028704,0.52885306,0.35413605
0.33207035,0.3407014,0.32927752,0.5352564,0.37204015
0.34479025,0.3582499,0.34172937,0.53201604,0.42379832
0.35994586,0.40026957,0.37870842,0.5411329,0.40172604
0.3645467,0.3831098,0.390239,0.52306795,0.44242752
0.3653586,0.36284146,0.37519327,0.5208117,0.42705452
0.3797023,0.35508442,0.35447243,0.50512433,0.39236197
0.34181327,0.3441373,0.3553813,0.47721598,0.3573899
0.2714479,0.28934646,0.28836885,0.46089083,0.29770768
0.20811908,0.2262997,0.21870443,0.45465478,0.22861022
0.15399188,0.17957307,0.17579493,0.44877198,0.18017529
0.129364,0.1579856,0.13292028,0.44310027,0.15307048
0.11339648,0.13620302,0.12771961,0.43951294,0.1434285
0.11041949,0.13778491,0.11519848,0.4384243,0.12064068
0.11691475,0.1436034,0.12145577,0.43254846,0.12636119
0.13071719,0.15678164,0.1431271,0.4301546,0.15349352
0.16644114,0.19178286,0.17521487,0.42317405,0.18916266
0.2308525,0.24417529,0.23458156,0.42774877,0.24575955
0.29201624,0.3121978,0.29599726,0.4350504,0.28216317
0.33558863,0.34130007,0.33409512,0.4546032,0.34028327
0.34262517,0.34855878,0.35655963,0.47462836,0.36264038
0.34073073,0.33804193,0.3441962,0.49657324,0.37677538
0.33207035,0.34835568,0.33460885,0.536622,0.37499657
0.317456,0.32668686,0.3215738,0.55295837,0.35033244
0.30798376,0.3165738,0.30520102,0.58763933,0.33562475
0.30933693,0.33213884,0.30484837,0.61600685,0.34056824
0.32232746,0.35703596,0.32377464,0.634997,0.41784263
0.33937752,0.38256374,0.35413277,0.63537484,0.40130973
0.34776726,0.3687652,0.3725904,0.6039413,0.4189837
0.33991882,0.35711572,0.36515766,0.5674887,0.41769233
0.35967523,0.34648395,0.3316663,0.53871953,0.39250004
0.32990527,0.32686806,0.34403777,0.49802765,0.33442208
0.26332882,0.27857623,0.2805492,0.47002825,0.2732317
0.19891746,0.21975264,0.21152718,0.45431468,0.19327544
0.14830853,0.17373697,0.16518442,0.45373634,0.16698244
0.123139374,0.1600673,0.12798682,0.44212717,0.15686324
0.10987821,0.13298583,0.11986405,0.43010396,0.16401358
0.10906631,0.1332065,0.112195686,0.41861367,0.1609724
0.11962111,0.17275517,0.12128481,0.422886,0.17992727
0.13288227,0.21686086,0.14782,0.41085193,0.22341773
0.17131259,0.263099,0.17653076,0.4054453,0.35496545
0.2346414,0.27216893,0.24190296,0.41419744,0.42496023
0.3104195,0.31874782,0.29855245,0.43596172,0.41440928
0.35020298,0.3725317,0.3578026,0.45494798,0.4379661
0.37185386,0.40429094,0.3668809,0.48054978,0.45872062
0.38294992,0.38297266,0.37604618,0.527364,0.46737558
0.37564275,0.41397458,0.37786537,0.5934367,0.46645504
0.35778078,0.3941889,0.36074322,0.6284069,0.45411587
0.34533152,0.35971558,0.34217185,0.64059687,0.45229262
0.34614342,0.36350906,0.34200805,0.65540624,0.4529143
0.36589986,0.3863294,0.361371,0.6840167,0.48252636
0.38592693,0.4360155,0.40007254,0.70201826,0.48132718
0.40027064,0.4123763,0.41348004,0.66902566,0.51537555
0.4097429,0.41701156,0.41269052,0.63122296,0.47829103
0.4143437,0.40435424,0.401923,0.61397326,0.45934826
0.3458728,0.3779123,0.38343102,0.5677577,0.387847
0.26441136,0.2864961,0.27406225,0.5283185,0.3015501
0.1886333,0.2186799,0.20877054,0.49257794,0.23896651
0.14397834,0.1761484,0.14882377,0.47698775,0.19739553
0.12124492,0.15535356,0.12651335,0.47101802,0.15504906
0.11285521,0.13214818,0.11861867,0.46225873,0.14957455
0.11989175,0.13526525,0.11696389,0.43764853,0.16393523
0.14560217,0.1826839,0.14035034,0.4365312,0.18885727
0.20866035,0.23193944,0.19572878,0.42533872,0.2291801
0.32882273,0.3338549,0.31162024,0.42275625,0.34059244
0.405954,0.40578353,0.43414855,0.43042034,0.42807043
0.42219216,0.4367728,0.43362004,0.4327394,0.42592502
0.44248986,0.4299194,0.43548697,0.4582045,0.45230848
0.45060894,0.45886138,0.45211467,0.4864597,0.45097178
0.45439783,0.4299234,0.4475714,0.49651212,0.47983742
0.4473613,0.45593017,0.44196963,0.49409613,0.45890522
0.4465494,0.4305455,0.429043,0.5092112,0.4575578
0.4368065,0.42852572,0.43537283,0.4996237,0.45703596
0.4316644,0.42380717,0.42729163,0.5034945,0.45569354
0.43978348,0.45619893,0.44341236,0.5008434,0.47497648
0.45304465,0.4952733,0.47588366,0.5021075,0.4845556
0.44898513,0.46429378,0.49017802,0.49724236,0.51240385
0.4427605,0.45326507,0.45854673,0.49540997,0.48883927
0.4265223,0.4253877,0.42264095,0.49291128,0.46166402
0.35778078,0.37433216,0.38171262,0.4762314,0.39198261
0.2790257,0.2915656,0.2938661,0.47215375,0.31597638
0.21136671,0.22976571,0.2308477,0.46630934,0.23841015
0.16752368,0.19715688,0.1817329,0.45837602,0.1978176
0.14397834,0.16817364,0.15560338,0.45697305,0.19193654
0.13477673,0.14806433,0.14378943,0.4564117,0.17186758
0.13721246,0.15582588,0.14404091,0.45025092,0.17655091
0.16102841,0.19524801,0.16325696,0.44579875,0.1869824
0.22949933,0.24512923,0.22021928,0.44451967,0.23842156
0.33640054,0.37002224,0.3258053,0.44225624,0.34421754
0.40866035,0.42564267,0.40683156,0.4448846,0.41650468
0.4270636,0.43987933,0.43225634,0.43933168,0.4174298
0.4405954,0.4375155,0.434279,0.45643863,0.45936084
0.45223275,0.46866468,0.4426663,0.4718269,0.45359802
0.455751,0.45020595,0.4459496,0.47525778,0.46423453
0.44844383,0.46738878,0.44090405,0.4823986,0.47417253
0.44627875,0.44602644,0.4284517,0.4871982,0.45425338
0.4316644,0.43559116,0.43233374,0.49479482,0.45485884
0.42002708,0.4290407,0.41713893,0.50266254,0.45283943
0.42435724,0.4472829,0.4301773,0.5030947,0.48757535
0.43355885,0.48510748,0.46166873,0.50170344,0.49052918
0.43301758,0.45541853,0.46283674,0.50311863,0.5317435
0.43058187,0.4323981,0.4326326,0.49310604,0.5154806
0.44925576,0.42216283,0.4051791,0.48779115,0.4720499
0.39972937,0.40945783,0.41989204,0.47497225,0.4071205
0.30338296,0.3349771,0.34086308,0.46464118,0.31658477
0.21948579,0.24711427,0.24186216,0.44334134,0.21993534
0.17104195,0.20095117,0.1824836,0.43575737,0.19191347
0.14479026,0.17451125,0.15744202,0.4287536,0.19037437
0.1331529,0.15809084,0.14103477,0.42210695,0.18881777
0.13640054,0.1683517,0.13674115,0.4121879,0.17299528
0.16265224,0.18712676,0.1547548,0.40988702,0.19815531
0.22652233,0.2525882,0.2097672,0.41297516,0.24555868
0.34154263,0.36285305,0.31241763,0.41122708,0.38733643
0.4037889,0.42559743,0.4250506,0.41484725,0.4487601
0.4143437,0.44140798,0.41755348,0.43413767,0.43537822
0.4165088,0.44089353,0.42427284,0.45720717,0.45687574
0.42435724,0.43765962,0.4219538,0.4781197,0.47609752
0.42462787,0.42366558,0.42286396,0.50055957,0.48242098
0.41299054,0.428253,0.4131985,0.52205527,0.46300048
0.40703654,0.42556652,0.39414236,0.5268314,0.46378702
0.39945874,0.4050542,0.39191088,0.53574705,0.47266746
0.39215156,0.39920512,0.3881053,0.5507791,0.46258545
0.3948579,0.41859722,0.39640126,0.55351037,0.48131216
0.39377537,0.4458323,0.42580593,0.5340226,0.49306452
0.3916103,0.42734152,0.42598116,0.5262563,0.51905376
0.39458728,0.4024372,0.4094016,0.49977395,0.49244124
0.42300406,0.3955731,0.38500845,0.47210497,0.48345345
0.38078484,0.39478052,0.4002365,0.4493397,0.400477
0.28227335,0.3242122,0.31977057,0.4275192,0.31793714
0.20487145,0.22006774,0.21729222,0.40055653,0.25256872
0.1564276,0.18135071,0.17299896,0.38611206,0.21374483
0.13017592,0.16851322,0.14226793,0.3784738,0.18457794
0.11745602,0.14208217,0.12565246,0.37168273,0.16591473
0.11745602,0.14917682,0.12006448,0.3534559,0.17926528
0.13964817,0.18127845,0.13025944,0.35102737,0.19977835
0.19648173,0.22749925,0.1784262,0.3516628,0.23595054
0.31231394,0.3266729,0.2734426,0.34779984,0.35784632
0.38538566,0.39629993,0.40168363,0.34975436,0.43134034
0.4113667,0.41429895,0.4016761,0.38245267,0.4369924
0.4240866,0.42129308,0.4226278,0.42618692,0.46442705
0.4405954,0.43587685,0.42933095,0.45750108,0.4590761
0.44384304,0.43272036,0.43892363,0.50162566,0.4814238
0.4359946,0.44970798,0.4309183,0.52576196,0.44592237
0.42976996,0.42918396,0.41763753,0.532915,0.46291876
0.41244927,0.42325127,0.4148292,0.5510496,0.45511276
0.40433016,0.4060455,0.39702666,0.54396826,0.46153963
0.39891747,0.42810348,0.41184163,0.5499902,0.4583413
0.40108255,0.44459063,0.42195886,0.51892257,0.47537458
0.4008119,0.41807508,0.43509164,0.5140182,0.49871296
0.39133966,0.41110682,0.41537067,0.5210571,0.47517163
0.39512855,0.38847792,0.37705246,0.50110877,0.45631683
0.35886332,0.3612348,0.36469486,0.45857853,0.38813764
0.2811908,0.30334795,0.30638292,0.44553843,0.31425655
0.20730717,0.23037833,0.22939898,0.43513137,0.23704594
0.16752368,0.18675801,0.17581366,0.42254147,0.20430559
0.1391069,0.17178428,0.15966119,0.41120416,0.17394216
0.123951286,0.15078348,0.13578205,0.4066388,0.15014367
0.11989175,0.14579555,0.1291171,0.39307487,0.14348339
0.12909336,0.15680447,0.13697189,0.38694322,0.14518008
0.15236807,0.17489502,0.16168593,0.38105354,0.15996349
0.2,0.22261395,0.2018043,0.37380573,0.22583498
0.26143438,0.2833224,0.25567323,0.37885392,0.2823528
0.3242219,0.33289203,0.30716503,0.40765202,0.3333403
0.35317996,0.36698174,0.35755438,0.43869162,0.374881
0.36292288,0.37164983,0.36271566,0.46350244,0.3813873
0.35805142,0.34912795,0.35903662,0.50525856,0.40475982
0.3428958,0.3633898,0.34449083,0.5132426,0.41211376
0.32801083,0.3342553,0.32466233,0.525344,0.3668431
0.31366712,0.32084733,0.3127513,0.54469144,0.35413605
0.31150204,0.32533813,0.30634636,0.55147076,0.37204015
0.31393775,0.3428554,0.32565054,0.5593747,0.42379832
0.32476318,0.3662064,0.34254146,0.54866457,0.40172604
0.32882273,0.3521934,0.35933816,0.54314184,0.44242752
0.329364,0.33603108,0.34123173,0.54459953,0.42705452
0.3458728,0.33272552,0.3213389,0.53551537,0.39236197
0.32341,0.3220298,0.32888454,0.4883878,0.3573899
0.26414073,0.28096232,0.2808666,0.45627758,0.29770768
0.20243572,0.22251475,0.21840212,0.43047985,0.22861022
0.15236807,0.1775869,0.17319705,0.4128422,0.18017529
0.124492556,0.12092842,0.13441725,0.40200025,0.19782673
0.10933694,0.097446784,0.12042251,0.3948117,0.1691994
0.107713126,0.10461945,0.11220622,0.3899475,0.17414857
0.11150203,0.113124564,0.11885324,0.3869008,0.14952882
0.117997296,0.12823611,0.12997171,0.37877104,0.1772987
0.15696888,0.15580806,0.1472006,0.37737957,0.2073143
0.22110961,0.21576789,0.21968038,0.38227743,0.29721197
0.28985116,0.29042473,0.28221834,0.411226,0.40333205
0.32909337,0.3194166,0.33248383,0.44752637,0.41189343
0.33991882,0.33742,0.34699368,0.4905956,0.446348
0.34343708,0.33439726,0.34219024,0.541425,0.44350404
0.34235454,0.35001314,0.33892137,0.60729396,0.47483265
0.33342355,0.33877027,0.3339762,0.6250229,0.47645825
0.32990527,0.32947487,0.32284316,0.6237463,0.44943017
0.3345061,0.3284389,0.32943815,0.62230563,0.46873015
0.35155615,0.35779512,0.34757808,0.6370094,0.49824023
0.37672532,0.40615648,0.37929454,0.62599814,0.5059747
0.3856563,0.39808792,0.40436167,0.6112377,0.51527095
0.38755074,0.3768196,0.3915471,0.5870509,0.47325552
0.402977,0.36552852,0.3773875,0.5605302,0.4671098
0.36671177,0.3611254,0.3798352,0.48598024,0.4181135
0.27496618,0.30858296,0.3084364,0.42868477,0.35022494
0.20514208,0.20722824,0.20538531,0.40217835,0.25885954
0.16075778,0.16005792,0.16880062,0.38193595,0.20917775
0.13937753,0.1405047,0.14270909,0.37891272,0.2024202
0.12801082,0.12123429,0.1355095,0.37170726,0.20600353
0.13071719,0.12645212,0.13210213,0.3616638,0.19350256
0.1526387,0.16164345,0.1483016,0.35865867,0.22596441
0.21163735,0.2140314,0.19810413,0.35653535,0.2640633
0.32882273,0.31152493,0.30762762,0.35396224,0.39345264
0.41082543,0.4064091,0.43580338,0.3608688,0.47291464
0.4343708,0.4531166,0.43756598,0.39769167,0.50381356
0.45845738,0.4430828,0.44794998,0.45565045,0.5284598
0.4811908,0.46480685,0.46758056,0.5170731,0.5480528
0.48254398,0.47411823,0.48222694,0.60670245,0.5483006
0.48687416,0.48862627,0.46926594,0.6562983,0.5882933
0.49878213,0.4944343,0.47403753,0.6966151,0.5650164
0.49282816,0.49710852,0.49207345,0.73789966,0.5478952
0.49012178,0.48674595,0.4798743,0.75440705,0.557458
0.49445197,0.52007097,0.49867392,0.76277196,0.59557194
0.4955345,0.5546506,0.5205119,0.7595986,0.5933643
0.48903924,0.51543397,0.5226966,0.7451701,0.5952059
0.48010826,0.48504317,0.49737275,0.7237265,0.56680936
0.49120432,0.46203113,0.46029997,0.68163,0.55179554
0.44492558,0.45370737,0.45668477,0.6034899,0.49870014
0.35399187,0.37751475,0.37934732,0.53214514,0.40107858
0.26711774,0.27894425,0.29035032,0.5028852,0.31983852
0.21515562,0.2188346,0.22600313,0.46763238,0.2581073
0.18457375,0.18582028,0.19874106,0.4431194,0.19575675
0.16887686,0.16470724,0.17953815,0.4381278,0.20818624
0.16698241,0.16974503,0.17379183,0.42336774,0.18976885
0.1856563,0.19726518,0.18934055,0.40969,0.24244934
0.24221921,0.2551146,0.23728712,0.4002214,0.2832499
0.34451962,0.3521126,0.33151627,0.3951368,0.38489306
0.42354533,0.42921457,0.42463565,0.3975035,0.4705127
0.45683357,0.4648226,0.45281696,0.43535024,0.51430315
0.4787551,0.468532,0.47093576,0.47947454,0.5222831
0.49905276,0.49675128,0.48621804,0.5597694,0.55385077
0.51610285,0.4997372,0.4967661,0.6199058,0.561482
0.5255751,0.5293305,0.50660384,0.67999184,0.57148296
0.53152907,0.53057253,0.50949955,0.68727744,0.56926745
0.5225981,0.5267309,0.5129605,0.74218583,0.54893374
0.5185386,0.51737815,0.5002558,0.7534274,0.561638
0.5155616,0.54600716,0.51520044,0.75652397,0.5912766
0.5074425,0.57295406,0.52798176,0.74191844,0.59194154
0.49336943,0.51975846,0.53544164,0.68617797,0.58739674
0.4836265,0.47696716,0.50513107,0.604494,0.5572894
0.49120432,0.45281193,0.46339267,0.559145,0.5675234
0.4405954,0.4426651,0.4515853,0.52475953,0.4846843
0.34993234,0.3622394,0.37340996,0.50251806,0.39873034
0.2730717,0.26747942,0.2864547,0.48386398,0.31571308
0.22516915,0.22175182,0.23696217,0.46815905,0.27461538
0.19729364,0.19886537,0.21013743,0.45436,0.20513529
0.18186739,0.17219876,0.19395664,0.45653608,0.18851463
0.17916103,0.1828548,0.18871948,0.44949633,0.19345282
0.1991881,0.21074718,0.20273866,0.44011524,0.21029167
0.25764546,0.2639799,0.24953677,0.4314508,0.24450952
0.35805142,0.3690204,0.33464324,0.43140775,0.38681316
0.42679295,0.43946105,0.42973322,0.42756,0.47544628
0.4473613,0.4644676,0.45258677,0.43174246,0.5106111
0.45899865,0.4567329,0.45692658,0.45038998,0.5447058
0.47983763,0.46257976,0.46434456,0.4745681,0.5409963
0.48525032,0.47029886,0.48010322,0.4880324,0.56333226
0.48443842,0.48545435,0.4709897,0.51351047,0.59461606
0.48741543,0.47841772,0.46493644,0.52419436,0.57033545
0.47848445,0.47339922,0.4697438,0.5405434,0.55931413
0.47415426,0.46401992,0.4570162,0.56061494,0.5626226
0.47631934,0.49960923,0.4712286,0.57477605,0.5987597
0.4744249,0.5332251,0.49292386,0.58201754,0.60525024
0.46738836,0.4870643,0.49879217,0.5741607,0.60149264
0.45953992,0.45684344,0.47413877,0.5664629,0.57691115
0.46441138,0.4385033,0.43716168,0.5493704,0.54981875
0.4097429,0.41934806,0.42584497,0.53444374,0.5124533
0.3242219,0.34284943,0.3427303,0.51693404,0.4065473
0.24492557,0.25563845,0.26481852,0.5063232,0.31141698
0.19566983,0.20796,0.20623669,0.49097016,0.23884708
0.17239513,0.17417105,0.17853452,0.47859406,0.23555452
0.16075778,0.1562282,0.17058964,0.47656783,0.23781127
0.15994588,0.16907671,0.16576895,0.46763498,0.22052911
0.17861976,0.18903437,0.17957282,0.4652581,0.2568453
0.2346414,0.2528137,0.22441582,0.46179605,0.28082427
0.3404601,0.33359167,0.3107357,0.45726898,0.4264648
0.41840324,0.41990876,0.41528863,0.4583298,0.49928844
0.44465494,0.4515115,0.44461718,0.46491572,0.5127672
0.46035182,0.4603242,0.45350665,0.48400176,0.53944415
0.47334236,0.4577457,0.4650531,0.49895206,0.5621502
0.47658998,0.45341703,0.46845454,0.5074614,0.5648569
0.4744249,0.46914327,0.46213287,0.52596116,0.58669835
0.46711773,0.4589379,0.45597214,0.5393125,0.5700378
0.46197563,0.44816974,0.44660863,0.54484403,0.56669897
0.45818675,0.44644105,0.44916525,0.5516614,0.56247944
0.46197563,0.47386986,0.45784485,0.5513902,0.59301996
0.46278754,0.5107569,0.48355556,0.5628904,0.60370547
0.45169148,0.47528568,0.48582587,0.54506606,0.5912641
0.44086602,0.43105826,0.4529568,0.54856443,0.5811813
0.44979703,0.40841502,0.41707927,0.5459399,0.5734229
0.40622464,0.40462324,0.41479445,0.5257926,0.5085222
0.3255751,0.334863,0.34554213,0.50469834,0.39984334
0.24221921,0.251244,0.2675276,0.49515292,0.33308226
0.20433018,0.19517288,0.20161031,0.47431126,0.27653703
0.17510149,0.17922455,0.196644,0.46481127,0.22211502
0.16238159,0.15869534,0.16935991,0.46004164,0.22511138
0.16184032,0.15581349,0.16816841,0.45860645,0.21758941
0.17807849,0.18300164,0.18335868,0.46319762,0.25149143
0.23193505,0.23717009,0.21873961,0.45967314,0.28193468
0.33748308,0.330866,0.305489,0.45265117,0.39063126
0.4189445,0.41982913,0.41425264,0.46088448,0.4733631
0.44221923,0.4553906,0.4453449,0.48198143,0.5151331
0.46197563,0.45231384,0.44736832,0.49720582,0.52388775
0.4660352,0.4633673,0.4661554,0.51787335,0.5551248
0.47117728,0.4586488,0.45701265,0.54721034,0.5650301
0.46116373,0.4735319,0.458095,0.57650244,0.56055117
0.4608931,0.4653756,0.43932378,0.58257127,0.5704386
0.45439783,0.46006608,0.44733974,0.61143935,0.54794425
0.4435724,0.4483786,0.4400716,0.6225269,0.5595725
0.4392422,0.46544334,0.4415223,0.6464122,0.5822188
0.43139377,0.49372953,0.46086746,0.6459621,0.5846626
0.41705006,0.4495039,0.45413294,0.640834,0.5699536
0.4051421,0.4123692,0.42276973,0.628167,0.5356722
0.4143437,0.39178368,0.38765246,0.61664855,0.5565763
0.40405953,0.39137593,0.38598692,0.5606915,0.48351306
0.32665765,0.35609484,0.36415777,0.50189865,0.38903326
0.24627875,0.26008114,0.26695508,0.4764823,0.31900638
0.19052774,0.19246608,0.20904295,0.4612233,0.2735739
0.15372124,0.15999529,0.17366616,0.46121004,0.20311426
0.14154263,0.12698701,0.14519146,0.43476802,0.19037877
0.13396482,0.13136807,0.14963713,0.434855,0.1849604
0.14154263,0.14548221,0.14403933,0.42556262,0.19168295
0.15534507,0.15303615,0.16813292,0.4181469,0.20358898
0.20784844,0.20091285,0.19185907,0.41355574,0.25279564
0.28903925,0.2791066,0.26656148,0.41665834,0.3283075
0.35615698,0.36491954,0.34171486,0.470078,0.43829745
0.3813261,0.38608605,0.38501936,0.51575387,0.45195693
0.3991881,0.3979175,0.38640797,0.58633536,0.46978372
0.40135318,0.3918053,0.3989606,0.6364163,0.4728241
0.40135318,0.41938284,0.38910097,0.68676287,0.50801426
0.39864683,0.4068399,0.38727802,0.72323287,0.48378974
0.3991881,0.4096255,0.38322562,0.75947464,0.4816751
0.40838972,0.400339,0.38964385,0.77051306,0.4872771
0.42083898,0.4234076,0.4129557,0.7529011,0.5042671
0.42976996,0.46550027,0.4365134,0.7708726,0.5207845
0.42543977,0.44060504,0.4478294,0.76085234,0.5367134
0.41759133,0.40707317,0.42974174,0.73873246,0.48155463
0.42300406,0.4040566,0.40239522,0.708673,0.47650194
0.4121786,0.39759392,0.3922672,0.6374569,0.44253767
0.33640054,0.37193066,0.36270452,0.5631571,0.36399007
0.26143438,0.26788008,0.26677513,0.4736793,0.29043987
0.20622464,0.20926264,0.21831246,0.44382462,0.23832807
0.17023005,0.16799676,0.18352951,0.44293728,0.19782673
0.14614344,0.1452734,0.16085744,0.41636968,0.1691994
0.13423546,0.1404522,0.14542347,0.4098784,0.17414857
0.13288227,0.14068612,0.1432931,0.39645326,0.14952882
0.13640054,0.1475369,0.15769206,0.38764408,0.1772987
0.17347768,0.1765353,0.17902346,0.38146016,0.2073143
0.24411367,0.24657613,0.24729045,0.38321066,0.29721197
0.32313937,0.3307114,0.31245425,0.4390702,0.40333205
0.37266576,0.36734343,0.37136927,0.506039,0.41189343
0.40541273,0.38953575,0.39559266,0.5908251,0.446348
0.41759133,0.41379893,0.41442674,0.66846836,0.44350404
0.42381597,0.43888736,0.41287273,0.7323773,0.47483265
0.42192152,0.42804345,0.41306633,0.7523799,0.47645825
0.42083898,0.4314142,0.40742022,0.7912961,0.44943017
0.4308525,0.42068583,0.41077423,0.78891826,0.46873015
0.45385656,0.45954654,0.43394768,0.80362964,0.49824023
0.47415426,0.514838,0.47178447,0.7982062,0.5059747
0.4787551,0.48715118,0.49422228,0.7888242,0.51527095
0.47307172,0.4600132,0.4902307,0.7765883,0.47325552
0.48525032,0.4421398,0.46267337,0.72117186,0.4671098
0.4519621,0.44286934,0.45446357,0.6446486,0.4181135
0.3556157,0.3891404,0.38593292,0.59443676,0.35022494
0.27090663,0.27682114,0.27507934,0.5345155,0.25885954
0.2202977,0.21939224,0.2213512,0.51301384,0.20917775
0.1924222,0.19135082,0.19643524,0.45988163,0.2024202
0.17645466,0.16833356,0.18338436,0.44669342,0.20600353
0.17320703,0.17468145,0.17731765,0.43934566,0.19350256
0.19269283,0.19549948,0.18741961,0.43328977,0.22596441
0.24979702,0.25756755,0.23705181,0.42173967,0.2640633
0.36048713,0.36068946,0.34782135,0.41390955,0.39345264
0.4384303,0.44539523,0.4721133,0.4199581,0.47291464
0.47767252,0.48878714,0.46427697,0.45569625,0.50381356
0.5112314,0.49531,0.4980877,0.5012163,0.5284598
0.5445196,0.5245939,0.52373123,0.56025064,0.5480528
0.56941813,0.5436727,0.5487918,0.63291454,0.5483006
0.57943165,0.5780598,0.56219876,0.6995511,0.5882933
0.591069,0.5815371,0.56275296,0.76004374,0.5650164
0.58782136,0.58123565,0.57765144,0.80655634,0.5478952
0.5805142,0.5776491,0.569245,0.8109211,0.557458
0.57591337,0.6078937,0.5720686,0.82150495,0.59557194
0.56752366,0.6291569,0.582979,0.7802417,0.5933643
0.5510149,0.5811546,0.5923805,0.75158334,0.5952059
0.53883624,0.53986025,0.5709364,0.74003196,0.56680936
0.54018945,0.5119952,0.5238636,0.71284664,0.55179554
0.48930988,0.50044584,0.49850187,0.67654365,0.49870014
0.38836265,0.41893992,0.42025706,0.63321686,0.40107858
0.29986468,0.31440136,0.31876868,0.5756929,0.31983852
0.24492557,0.25497448,0.25869852,0.54043204,0.2581073
0.21434371,0.21577545,0.22729321,0.51017094,0.19575675
0.19296347,0.19666144,0.2096004,0.5008047,0.20818624
0.1894452,0.19816765,0.19529209,0.48566008,0.18976885
0.2067659,0.21890312,0.21460347,0.47301778,0.24244934
0.2668471,0.2834459,0.26040158,0.46445036,0.2832499
0.36562923,0.38336897,0.35448527,0.454882,0.38489306
0.43897158,0.45314983,0.441459,0.45651177,0.4705127
0.4828146,0.48424545,0.47107786,0.47399506,0.51430315
0.5074425,0.4999898,0.5032037,0.48705372,0.5222831
0.52990526,0.52178353,0.515863,0.512368,0.55385077
0.5426252,0.5242133,0.5284722,0.5631925,0.561482
0.5461434,0.55259,0.5289266,0.61958885,0.57148296
0.54830855,0.5411538,0.5255266,0.6442684,0.56926745
0.5377537,0.5311461,0.5261626,0.63371813,0.54893374
0.5274696,0.52468276,0.5110444,0.6660241,0.561638
0.5182679,0.5532387,0.51477253,0.6920459,0.5912766
0.5136671,0.57626957,0.5247432,0.6665977,0.59194154
0.49986467,0.5303564,0.5456243,0.6600127,0.58739674
0.48146144,0.4878613,0.51335245,0.6463591,0.5572894
0.47929636,0.45931166,0.45926547,0.62700397,0.5675234
0.43301758,0.43995494,0.43694362,0.60187733,0.4846843
0.33585927,0.36586112,0.369855,0.5656948,0.39873034
0.25087956,0.26080757,0.27042508,0.53533775,0.31571308
0.19566983,0.20962593,0.21242675,0.52085674,0.27461538
0.16671178,0.17601119,0.17852983,0.5065185,0.20513529
0.15047361,0.15187854,0.16263069,0.5002037,0.18851463
0.14641407,0.15494247,0.15352449,0.47993866,0.19345282
0.16238159,0.18595177,0.16438189,0.45786807,0.21029167
0.21542625,0.22551323,0.2081899,0.44107276,0.24450952
0.3255751,0.32417476,0.29114673,0.4331864,0.38681316
0.40189445,0.4152915,0.40927333,0.43668368,0.47544628
0.4324763,0.44774237,0.43054992,0.47678933,0.5106111
0.45304465,0.45077455,0.4447493,0.50845593,0.5447058
0.47713125,0.46226802,0.45944124,0.5330684,0.5409963
0.4895805,0.4770289,0.47537565,0.57428384,0.56333226
0.48768607,0.4964162,0.47536394,0.6177926,0.59461606
0.49201623,0.49003217,0.46485472,0.6255305,0.57033545
0.47388363,0.48238215,0.4738864,0.61516976,0.55931413
0.46738836,0.45873266,0.44628465,0.5995207,0.5626226
0.46738836,0.49045658,0.46659613,0.5790478,0.5987597
0.4684709,0.5200723,0.48344266,0.54822075,0.60525024
0.46711773,0.4795772,0.49512076,0.54346967,0.60149264
0.45683357,0.452077,0.47373468,0.53056514,0.57691115
0.45737484,0.43037957,0.43278337,0.5218127,0.54981875
0.41407308,0.40717354,0.41816744,0.5057731,0.5124533
0.32530448,0.34403485,0.35310447,0.49839547,0.4065473
0.24113667,0.24989203,0.26360595,0.4885054,0.31141698
0.1924222,0.20020998,0.2024534,0.48025355,0.23884708
0.16833559,0.166038,0.1794873,0.47574016,0.23555452
0.15507442,0.15084961,0.16829637,0.47075978,0.23781127
0.15534507,0.16093129,0.16041496,0.4634329,0.22052911
0.1759134,0.18429652,0.17737001,0.45266291,0.2568453
0.2338295,0.24819231,0.22510031,0.44588044,0.28082427
0.34235454,0.33408034,0.31404263,0.44566134,0.4264648
0.42354533,0.42506084,0.41990417,0.45044598,0.49928844
0.45006767,0.4546402,0.4504742,0.47331834,0.5127672
0.46549392,0.46296474,0.4590339,0.49292383,0.53944415
0.47902572,0.4603036,0.47016916,0.5058503,0.5621502
0.49066305,0.45599413,0.47425354,0.5201597,0.5648569
0.48930988,0.4823289,0.4782015,0.5412954,0.58669835
0.4871448,0.46759963,0.46876502,0.5524359,0.5700378
0.4744249,0.46338898,0.46734226,0.55964077,0.56669897
0.46738836,0.4523508,0.45517978,0.56364524,0.56247944
0.47307172,0.48096034,0.4687462,0.5643176,0.59301996
0.479567,0.5189901,0.49818456,0.5561271,0.60370547
0.47794315,0.49016058,0.507998,0.54814994,0.5912641
0.47415426,0.45444533,0.48249108,0.5345434,0.5811813
0.46738836,0.43562752,0.45110893,0.52568364,0.5734229
0.4127199,0.4137566,0.42476237,0.51400566,0.5085222
0.32530448,0.33885682,0.3477111,0.5098865,0.39984334
0.2465494,0.24886346,0.26479048,0.5113554,0.33308226
0.19972937,0.19960606,0.20957409,0.5059162,0.27653703
0.17347768,0.17468134,0.18609478,0.5028361,0.22211502
0.1594046,0.15793698,0.17014845,0.50699615,0.22511138
0.15994588,0.15413657,0.16418871,0.5066246,0.21758941
0.18132612,0.1821157,0.18246266,0.5021347,0.25149143
0.2346414,0.24275494,0.23127386,0.5045097,0.28193468
0.33179972,0.334983,0.31405875,0.50684667,0.39063126
0.41677943,0.41537982,0.4059953,0.5062938,0.4733631
0.44763193,0.45705956,0.4494654,0.51283646,0.5151331
0.47225982,0.46049368,0.4570987,0.51767397,0.52388775
0.4895805,0.47573316,0.47835067,0.52261317,0.5551248
0.4849797,0.47802097,0.4846005,0.5217664,0.5650301
0.47794315,0.47923777,0.4653998,0.52349913,0.56055117
0.4714479,0.4715203,0.4575312,0.52317595,0.5704386
0.45899865,0.45958263,0.45231915,0.5218197,0.54794425
0.45304465,0.44447714,0.44205534,0.52634025,0.5595725
0.45304465,0.472857,0.45605782,0.52503896,0.5822188
0.45060894,0.5040369,0.47644058,0.52997476,0.5846626
0.44248986,0.46293098,0.47984385,0.5336871,0.5699536
0.42679295,0.42886093,0.44993365,0.53019047,0.5356722
0.41975644,0.40280676,0.40217713,0.5218817,0.5565763
0.38024357,0.38233545,0.38174254,0.5164745,0.48351306
0.3036536,0.32929537,0.32819158,0.50925595,0.38903326
0.22598106,0.24242684,0.25034696,0.5074273,0.31900638
0.17428958,0.17849654,0.19009389,0.50338495,0.2735739
0.15426251,0.14259481,0.15912636,0.5022755,0.20311426
0.1399188,0.13067003,0.15679063,0.50176764,0.19037877
0.13937753,0.13226958,0.14414324,0.502092,0.1849604
0.14695534,0.14791408,0.15936321,0.50119966,0.19168295
0.16779432,0.16046706,0.18114384,0.50551844,0.20358898
0.21190798,0.20837066,0.2162747,0.5069418,0.25279564
0.28606224,0.27805978,0.26759046,0.5043347,0.3283075
0.3594046,0.36279067,0.33857846,0.5071337,0.43829745
0.40135318,0.38751015,0.39178956,0.52037627,0.45195693
0.41948578,0.40957767,0.4096126,0.5304585,0.46978372
0.41623816,0.39435032,0.41181076,0.546877,0.4728241
0.40541273,0.41161773,0.39773336,0.5628439,0.50801426
0.39431664,0.39309317,0.3850237,0.6000396,0.48378974
0.38430312,0.38565376,0.3769732,0.62170804,0.4816751
0.3772666,0.3752476,0.374782,0.638569,0.4872771
0.38267928,0.38566488,0.38309035,0.62940216,0.5042671
0.39756426,0.4302115,0.40950954,0.6408391,0.5207845
0.39972937,0.41349185,0.42405695,0.6278484,0.5367134
0.38998646,0.3780597,0.40047282,0.6143738,0.48155463
0.3932341,0.36470622,0.36829093,0.55519,0.47650194
0.37483084,0.36048165,0.36329365,0.5320927,0.44253767
0.30717185,0.32980648,0.33032376,0.50572574,0.36399007
0.23437077,0.24533646,0.25067136,0.49207407,0.29043987
0.18213803,0.1867415,0.19602245,0.481254,0.23832807
0.15290934,0.14654356,0.16456115,0.4768125,0.19782673
0.13667117,0.13032164,0.14824058,0.46837088,0.1691994
0.12719892,0.12981993,0.13919082,0.4663374,0.17414857
0.1285521,0.13526398,0.13615942,0.45391834,0.14952882
0.13667117,0.14091402,0.15168238,0.452846,0.1772987
0.17726658,0.17468554,0.17438698,0.44594288,0.2073143
0.24546684,0.24452075,0.24361886,0.45588037,0.29721197
0.3142084,0.32617253,0.30946535,0.4730316,0.40333205
0.35967523,0.35184276,0.35570014,0.49273232,0.41189343
0.37510148,0.37128505,0.37797755,0.50870967,0.446348
0.3759134,0.37151334,0.3755516,0.54220355,0.44350404
0.3653586,0.3843916,0.36664903,0.56959426,0.47483265
0.3572395,0.35953254,0.35003895,0.60589635,0.47645825
0.35209742,0.35637847,0.3447042,0.65133333,0.44943017
0.35913396,0.35166952,0.3454637,0.6697659,0.46873015
0.37672532,0.38983062,0.36970484,0.6829697,0.49824023
0.394046,0.4396311,0.403176,0.6955656,0.5059747
0.4008119,0.4180709,0.42009288,0.6808969,0.51527095
0.3948579,0.39286724,0.4120219,0.6725519,0.47325552
0.41109607,0.37423778,0.38370457,0.63491446,0.4671098
0.37916103,0.37609494,0.3896088,0.5856488,0.4181135
0.2976996,0.32805023,0.32195306,0.52844214,0.35022494
0.2232747,0.23155542,0.23084079,0.4821197,0.25885954
0.17997293,0.17858738,0.1822946,0.47313932,0.20917775
0.15480378,0.15920419,0.16243687,0.4438863,0.2024202
0.138295,0.13448678,0.14819503,0.43770552,0.20600353
0.13964817,0.13720681,0.13794348,0.41697544,0.19350256
0.16346414,0.1695273,0.15656708,0.40177387,0.22596441
0.21244925,0.22814508,0.20718558,0.39958718,0.2640633
0.3188092,0.31520802,0.29134512,0.39185852,0.39345264
0.40189445,0.39935356,0.42067206,0.39628667,0.47291464
0.4405954,0.44967467,0.43399727,0.42999625,0.50381356
0.47063598,0.45297205,0.45724776,0.47514138,0.5284598
0.4895805,0.4781801,0.4785329,0.525931,0.5480528
0.50094724,0.48009413,0.48699597,0.5826324,0.5483006
0.4976996,0.5052822,0.48953715,0.635901,0.5882933
0.50581867,0.4991632,0.4796039,0.6640253,0.5650164
0.50635993,0.49896342,0.49732262,0.70087326,0.5478952
0.50798374,0.4989195,0.49664694,0.7144166,0.557458
0.5142084,0.53286344,0.5124218,0.70424044,0.59557194
0.51772666,0.5704733,0.53430116,0.72091985,0.5933643
0.50771314,0.53321743,0.5404992,0.7032156,0.5952059
0.4879567,0.4963286,0.510689,0.6846801,0.56680936
0.4871448,0.4619401,0.4652197,0.6509508,0.55179554
0.45818675,0.44255605,0.44972563,0.5641701,0.49870014
0.35805142,0.38374463,0.4023152,0.50970626,0.40107858
0.27009472,0.2785374,0.28407887,0.48391664,0.31983852
0.21623816,0.21818112,0.22880715,0.47596648,0.2581073
0.18971583,0.18703966,0.19961171,0.45387018,0.19575675
0.17510149,0.16832322,0.18602368,0.44783905,0.20818624
0.17347768,0.17491783,0.18157408,0.42043468,0.18976885
0.1924222,0.20302188,0.1975719,0.41572633,0.24244934
0.24682003,0.26237777,0.24670069,0.41381264,0.2832499
0.35588634,0.355074,0.3345347,0.40941286,0.38489306
0.4270636,0.43958488,0.4411531,0.40657675,0.4705127
0.4684709,0.46941102,0.4525817,0.44984478,0.51430315
0.508525,0.48433417,0.48648816,0.522174,0.5222831
0.5410014,0.52707076,0.5189806,0.6012269,0.55385077
0.56211096,0.54019606,0.53905517,0.6582259,0.561482
0.5715832,0.5736942,0.5486233,0.71242857,0.57148296
0.5956698,0.57096523,0.5525525,0.74459004,0.56926745
0.60108256,0.58633316,0.5854433,0.7723409,0.54893374
0.60866034,0.58930016,0.5789449,0.7911912,0.561638
0.620839,0.6354752,0.60432726,0.8050289,0.5912766
0.6135318,0.6708748,0.6299035,0.8050692,0.59194154
0.6040595,0.6161112,0.6262907,0.800146,0.58739674
0.58457375,0.57943666,0.60252327,0.7492752,0.5572894
0.5818674,0.5437153,0.54779005,0.7370155,0.5675234
0.5428958,0.5274548,0.5305072,0.6606205,0.4846843
0.43626523,0.44799465,0.4714312,0.5914091,0.39873034
0.34154263,0.34303522,0.35635382,0.57770145,0.31571308
0.28010824,0.2866538,0.295353,0.57492137,0.27461538
0.25006765,0.25100973,0.25925308,0.5393599,0.20513529
0.22760487,0.22348474,0.24684209,0.52528894,0.18851463
0.21948579,0.23426525,0.22951561,0.51816225,0.19345282
0.2346414,0.25006723,0.24145952,0.50133514,0.21029167
0.2841678,0.3116996,0.29104134,0.50772417,0.24450952
0.38836265,0.40038392,0.3717298,0.5085999,0.38681316
0.49066305,0.47855064,0.47201985,0.4886079,0.47544628
0.54722595,0.53964865,0.53184956,0.5313375,0.5106111
0.57699597,0.57027483,0.5658512,0.5945828,0.5447058
0.6008119,0.59060204,0.5856389,0.63166094,0.5409963
0.61028415,0.5969816,0.5999743,0.65892804,0.56333226
0.61190796,0.61790067,0.59668523,0.6854625,0.59461606
0.62138027,0.60816777,0.593732,0.7146481,0.57033545
0.6165088,0.6143607,0.6049019,0.7602228,0.55931413
0.60703653,0.6066634,0.59034216,0.78280413,0.5626226
0.6073072,0.64021975,0.5884372,0.7745569,0.5987597
0.6005413,0.66520727,0.6075591,0.7955775,0.60525024
0.5826793,0.6106816,0.6203133,0.7968985,0.60149264
0.5623816,0.58230484,0.60353315,0.78889084,0.57691115
0.5580514,0.5419633,0.5388686,0.7622082,0.54981875
0.5188092,0.52075183,0.5103395,0.70321286,0.5124533
0.41677943,0.44865558,0.45137188,0.6641204,0.4065473
0.32476318,0.34214973,0.3419664,0.62806344,0.31141698
0.2638701,0.29125744,0.2791836,0.5950532,0.23884708
0.22868742,0.24449874,0.24241427,0.5612514,0.23555452
0.20487145,0.21148601,0.22066872,0.53760755,0.23781127
0.19783491,0.21819788,0.20394297,0.51605463,0.22052911
0.21001354,0.23294209,0.21624382,0.50377166,0.2568453
0.26359946,0.2920848,0.25338703,0.48573086,0.28082427
0.37050068,0.38201427,0.34331962,0.4873332,0.4264648
0.4533153,0.4651857,0.45773655,0.48293737,0.49928844
0.50257105,0.5005853,0.48358944,0.50120723,0.5127672
0.53802437,0.52894795,0.51923317,0.5672084,0.53944415
0.5618403,0.5568666,0.5456882,0.6045718,0.5621502
0.56914747,0.5547277,0.556859,0.6472293,0.5648569
0.5686062,0.58442986,0.5512526,0.6788001,0.58669835
0.57699597,0.56664455,0.54664624,0.7058792,0.5700378
0.5729364,0.5691532,0.5583843,0.71408844,0.56669897
0.5648173,0.56466305,0.5466323,0.7411392,0.56247944
0.5585927,0.59377325,0.54809254,0.75066805,0.59301996
0.5510149,0.61950743,0.5588522,0.7544247,0.60370547
0.5355886,0.566712,0.5724017,0.74383533,0.5912641
0.5090663,0.52935326,0.54790723,0.7281623,0.5811813
0.49580514,0.4859939,0.48469868,0.6967412,0.5734229
0.46441138,0.46140462,0.45036054,0.633549,0.5085222
0.36941814,0.3983056,0.40589574,0.56976086,0.39984334
0.27577808,0.29512998,0.30035287,0.5325905,0.33308226
0.22246279,0.23247495,0.23134759,0.49955496,0.27653703
0.1953992,0.20205718,0.20743257,0.4725711,0.22211502
0.18159676,0.1779533,0.19316657,0.4501774,0.22511138
0.1759134,0.17993486,0.18673548,0.43759498,0.21758941
0.19350474,0.20067543,0.19483684,0.4228885,0.25149143
0.23139377,0.2567435,0.24423881,0.40784743,0.28193468
0.3225981,0.3383213,0.2973793,0.41041163,0.39063126
0.41461435,0.41425234,0.3991791,0.40907875,0.4733631
0.4638701,0.46217027,0.4572809,0.43998584,0.5151331
0.48335588,0.48266202,0.47903296,0.48333195,0.52388775
0.49742895,0.49029064,0.4851555,0.49563187,0.5551248
0.4993234,0.48886895,0.4904557,0.51978195,0.5650301
0.4939107,0.49714172,0.48209944,0.5348319,0.56055117
0.49066305,0.49335122,0.4723422,0.5770829,0.5704386
0.48092017,0.48633733,0.46989253,0.607935,0.54794425
0.4668471,0.4713723,0.45901874,0.6270549,0.5595725
0.46792963,0.4878235,0.45548347,0.63335717,0.5822188
0.4579161,0.52145576,0.48717162,0.62659895,0.5846626
0.4384303,0.4739345,0.4785341,0.61826056,0.5699536
0.42002708,0.4273103,0.4468465,0.5862436,0.5356722
0.42219216,0.40030402,0.40090233,0.56397253,0.5565763
0.40027064,0.39035317,0.3905629,0.5359749,0.48351306
0.3255751,0.35217625,0.3516909,0.5114323,0.38903326
0.24790257,0.25643396,0.26815316,0.4740915,0.31900638
0.19350474,0.19637859,0.2123699,0.44229558,0.2735739
0.16048715,0.16463876,0.17782594,0.42515492,0.20311426
0.14235453,0.13739361,0.15583386,0.40717018,0.19037877
0.13288227,0.13376504,0.14615667,0.39325103,0.1849604
0.1391069,0.14348206,0.14547315,0.38050738,0.19168295
0.1526387,0.1517004,0.16883364,0.36587042,0.20358898
0.20920162,0.19747235,0.1911583,0.36551216,0.25279564
0.27496618,0.2824517,0.27249232,0.36490086,0.3283075
0.34100136,0.3542119,0.3196236,0.40327945,0.43829745
0.3737483,0.3707094,0.3727237,0.45724636,0.45195693
0.3894452,0.3803515,0.38247094,0.49211296,0.46978372
0.3872801,0.36653292,0.38660908,0.5247277,0.4728241
0.38105547,0.39055467,0.37323707,0.55820715,0.50801426
0.37158322,0.37452105,0.36462748,0.6048081,0.48378974
0.36184034,0.36741462,0.35423434,0.6204319,0.4816751
0.3585927,0.35655183,0.34936506,0.6337154,0.4872771
0.3661705,0.36957777,0.36140564,0.638085,0.5042671
0.37645468,0.41541958,0.38596094,0.62258315,0.5207845
0.38024357,0.39365634,0.398676,0.5982786,0.5367134
0.36833557,0.35977405,0.3904099,0.5846349,0.48155463
0.37104195,0.34605342,0.35450307,0.5487863,0.47650194
0.3572395,0.34202266,0.34620127,0.5212958,0.44253767
0.2909337,0.31789848,0.31543458,0.5018847,0.36399007
0.21840325,0.23087725,0.23359789,0.4632158,0.29043987
0.16698241,0.1737482,0.17930155,0.41623247,0.23832807
0.13748309,0.13326603,0.14845936,0.3982352,0.19782673
0.12232747,0.11192859,0.13230245,0.3863226,0.1691994
0.11529093,0.117417485,0.1256655,0.37081876,0.17414857
0.11637348,0.123309806,0.12539871,0.36106682,0.14952882
0.121515565,0.13176385,0.13892893,0.35227787,0.1772987
0.15913397,0.16054687,0.15857986,0.3475542,0.2073143
0.22192152,0.22580868,0.2242812,0.3507157,0.29721197
0.29147497,0.29506817,0.28405622,0.3896737,0.40333205
0.33937752,0.32538915,0.33699048,0.44841793,0.41189343
0.36427605,0.35185236,0.36132702,0.4992167,0.446348
0.3686062,0.3625309,0.36983174,0.5519669,0.44350404
0.3745602,0.37836605,0.36161596,0.5979966,0.47483265
0.36725304,0.3697312,0.3657345,0.64419067,0.47645825
0.36373478,0.36216936,0.35278267,0.6594466,0.44943017
0.36941814,0.3574226,0.35841456,0.6789259,0.46873015
0.3894452,0.39691186,0.37934205,0.6836952,0.49824023
0.41677943,0.44874406,0.41601902,0.67107475,0.5059747
0.42138025,0.4357884,0.44310132,0.6286572,0.51527095
0.408931,0.40593407,0.4235561,0.6376225,0.47325552
0.41109607,0.37802577,0.3925789,0.581519,0.4671098
0.3856563,0.36749196,0.3830374,0.54906756,0.4181135
0.30311233,0.33030725,0.33233243,0.51465595,0.35022494
0.22598106,0.23297405,0.23354073,0.47556528,0.25885954
0.17753722,0.17775166,0.18328895,0.43795538,0.20917775
0.14939107,0.15381925,0.15875357,0.4100629,0.2024202
0.13883626,0.1275583,0.14278674,0.3987009,0.20600353
0.13775373,0.1360349,0.14463833,0.388548,0.19350256
0.15534507,0.16748644,0.15312634,0.37087095,0.22596441
0.20243572,0.21714011,0.19851743,0.36649746,0.2640633
0.3014885,0.30326602,0.28983957,0.36048186,0.39345264
0.3902571,0.38551375,0.4025115,0.3636476,0.47291464
0.4465494,0.44372004,0.4326352,0.40807423,0.50381356
0.4820027,0.46302813,0.4698864,0.46221715,0.5284598
0.517456,0.48941305,0.49129832,0.5410948,0.5480528
0.535318,0.51046723,0.5188489,0.61773145,0.5483006
0.54343706,0.5364062,0.5237987,0.67477024,0.5882933
0.55723953,0.5392321,0.52598214,0.6983024,0.5650164
0.5556157,0.5376134,0.5467129,0.71769047,0.5478952
0.55074424,0.5358255,0.54081315,0.7233565,0.557458
0.54993236,0.56643987,0.55083746,0.71279705,0.59557194
0.5529093,0.59763753,0.5681932,0.7195282,0.5933643
0.5407307,0.5627874,0.57949,0.6883111,0.5952059
0.51285523,0.52068233,0.543643,0.6743945,0.56680936
0.50581867,0.47645605,0.4883088,0.61335456,0.55179554
0.467659,0.4562369,0.46684468,0.5712012,0.49870014
0.3699594,0.3948759,0.40762413,0.5433278,0.40107858
0.2790257,0.29050565,0.29982325,0.50083435,0.31983852
0.22462788,0.22686642,0.23717251,0.47562835,0.2581073
0.19756427,0.19319153,0.20941019,0.45313844,0.19575675
0.18213803,0.17604119,0.19607677,0.4396764,0.20818624
0.1805142,0.18455943,0.18848892,0.43797642,0.18976885
0.1962111,0.20889254,0.2075917,0.42551172,0.24244934
0.24248984,0.26744884,0.25406522,0.4291145,0.2832499
0.3391069,0.3518839,0.32713875,0.42471707,0.38489306
0.43058187,0.42865962,0.42336953,0.42693442,0.4705127
0.48227334,0.48293778,0.47401667,0.4576503,0.51430315
0.5158322,0.49998868,0.5011853,0.50506985,0.5222831
0.5474966,0.5314302,0.52476364,0.57724535,0.55385077
0.5664411,0.5423353,0.54579085,0.6139251,0.561482
0.57023007,0.5703092,0.55246496,0.64111197,0.57148296
0.57943165,0.5626785,0.54777026,0.6899203,0.56926745
0.57266575,0.5579551,0.5613274,0.67225707,0.54893374
0.55913395,0.554126,0.5469365,0.698457,0.561638
0.5510149,0.57909995,0.5463223,0.70317316,0.5912766
0.55155617,0.60140383,0.5637684,0.68983996,0.59194154
0.5423545,0.5628296,0.58401537,0.6943501,0.58739674
0.5236806,0.52373064,0.5476452,0.6865598,0.5572894
0.5225981,0.4920934,0.49667737,0.66592133,0.5675234
0.48525032,0.4802821,0.47937676,0.6467049,0.4846843
0.38890392,0.41000813,0.42256275,0.61729753,0.39873034
0.30338296,0.3085668,0.32002953,0.60100555,0.31571308
0.24194857,0.25775498,0.26359752,0.58633435,0.27461538
0.2135318,0.22135748,0.22167692,0.556916,0.20513529
0.19783491,0.19632727,0.21164134,0.54997563,0.18851463
0.19350474,0.20595324,0.20316008,0.5329776,0.19345282
0.21380244,0.22564052,0.21359204,0.51383805,0.21029167
0.26441136,0.28606042,0.26591045,0.508764,0.24450952
0.35913396,0.3769273,0.33947444,0.50772417,0.38681316
0.45683357,0.44736028,0.43623865,0.5106083,0.47544628
0.5142084,0.51036,0.49940217,0.5458224,0.5106111
0.5615697,0.53265554,0.5297261,0.5803299,0.5447058
0.6021651,0.57387674,0.5708168,0.63451755,0.5409963
0.6262517,0.59520394,0.59831786,0.6655556,0.56333226
0.64411366,0.6320723,0.6086004,0.7327064,0.59461606
0.6625169,0.63125044,0.6233628,0.7383727,0.57033545
0.65737486,0.6409121,0.64172614,0.7505113,0.55931413
0.65142083,0.6284629,0.62625694,0.7457174,0.5626226
0.65087956,0.66953295,0.6381494,0.75114965,0.5987597
0.649797,0.6952169,0.65574354,0.7328646,0.60525024
0.6422192,0.640148,0.67195034,0.6153172,0.60149264
0.617862,0.60771346,0.63983476,0.60183406,0.57691115
0.59810555,0.56394404,0.5786451,0.5898667,0.54981875
0.5342355,0.5314821,0.54063004,0.59390855,0.5124533
0.4343708,0.43830854,0.45701918,0.58257866,0.4065473
0.34857917,0.3452731,0.36435825,0.5587568,0.31141698
0.29282814,0.30134907,0.30669236,0.5515615,0.23884708
0.2630582,0.26227003,0.27499172,0.55076706,0.23555452
0.2405954,0.23723173,0.26092947,0.53846943,0.23781127
0.2300406,0.24733786,0.24288602,0.534919,0.22052911
0.24871448,0.26105797,0.25210336,0.5202997,0.2568453
0.3036536,0.3243826,0.3099831,0.51822674,0.28082427
0.39539918,0.42418665,0.3907359,0.51855505,0.4264648
0.47983763,0.48615646,0.47078502,0.51475847,0.49928844
0.5361299,0.5286053,0.5209573,0.5281849,0.5127672
0.5699594,0.5600022,0.5597576,0.5559052,0.53944415
0.5916103,0.5882813,0.5801255,0.5883558,0.5621502
0.59269285,0.57651937,0.58771443,0.58377135,0.5648569
0.5886333,0.6026348,0.5738835,0.6265358,0.58669835
0.59269285,0.57705116,0.5664507,0.6432215,0.5700378
0.58294994,0.5778591,0.57226586,0.6735443,0.56669897
0.56752366,0.56869775,0.55382496,0.6971055,0.56247944
0.56075776,0.59475136,0.54826224,0.7065505,0.59301996
0.55020297,0.6228378,0.5661537,0.6960541,0.60370547
0.5393775,0.56862026,0.577422,0.6693888,0.5912641
0.5171854,0.5334882,0.5545761,0.64811945,0.5811813
0.5087957,0.49348587,0.4874307,0.63092947,0.5734229
0.47767252,0.47421074,0.46198338,0.6081921,0.5085222
0.38430312,0.40988034,0.42168215,0.5705508,0.39984334
0.28741542,0.31364307,0.3175923,0.5245626,0.33308226
0.22652233,0.24734643,0.24009913,0.51001585,0.27653703
0.19161029,0.2090562,0.20635937,0.5006721,0.22211502
0.17347768,0.17777053,0.18360652,0.48170826,0.22511138
0.16860622,0.17319179,0.17389157,0.473963,0.21758941
0.18294993,0.1948995,0.18395767,0.4653705,0.25149143
0.22571042,0.24895093,0.22178173,0.46418798,0.28193468
0.3179973,0.3318897,0.2888274,0.45245466,0.39063126
0.41028416,0.41003287,0.3968824,0.4476653,0.4733631
0.46305817,0.461812,0.45268795,0.471989,0.5151331
0.4963464,0.4850541,0.47783664,0.50701034,0.52388775
0.52584577,0.5084882,0.5014057,0.57351625,0.5551248
0.5391069,0.52792305,0.5211646,0.6243427,0.5650301
0.54316646,0.54520524,0.52176803,0.6778959,0.56055117
0.54533154,0.5502528,0.5209375,0.71825683,0.5704386
0.54560214,0.5440432,0.52229154,0.7491883,0.54794425
0.54479027,0.53763074,0.5248489,0.76190555,0.5595725
0.54695535,0.567724,0.5329478,0.78075624,0.5822188
0.5423545,0.59757006,0.55281234,0.77811253,0.5846626
0.52476317,0.5496337,0.5584457,0.73258686,0.5699536
0.5006766,0.5115752,0.52643585,0.7252697,0.5356722
0.48579162,0.4779709,0.47321403,0.68991065,0.5565763
0.46116373,0.4489098,0.44028845,0.62746835,0.48351306
0.37780786,0.40124476,0.405241,0.54831517,0.38903326
0.28985116,0.29951227,0.3109619,0.49640727,0.31900638
0.23355886,0.2329571,0.246787,0.45954007,0.2735739
0.19945873,0.19928563,0.21758656,0.4399942,0.20311426
0.1805142,0.17633821,0.19568484,0.41821104,0.19037877
0.16779432,0.17318043,0.18582077,0.40562278,0.1849604
0.17158322,0.17539327,0.18267739,0.3978536,0.19168295
0.17861976,0.18563539,0.21183036,0.3979488,0.20358898
0.22976996,0.22554019,0.22799501,0.3804968,0.25279564
0.30960757,0.30838883,0.2996427,0.38284096,0.3283075
0.3864682,0.39648736,0.36890256,0.42573607,0.43829745
0.4435724,0.42472333,0.42411068,0.4778904,0.45195693
0.479567,0.46787983,0.46162343,0.57994294,0.46978372
0.49878213,0.47529984,0.47996742,0.6634244,0.4728241
0.5036536,0.51591015,0.48631167,0.72729754,0.50801426
0.5033829,0.5028939,0.48334298,0.7809514,0.48378974
0.50284165,0.50466555,0.482597,0.79011166,0.4816751
0.5101488,0.49734506,0.4860908,0.78328013,0.4872771
0.5209743,0.53579974,0.5062154,0.78225994,0.5042671
0.5326116,0.570125,0.529185,0.7941725,0.5207845
0.5269283,0.5429991,0.550984,0.7642162,0.5367134
0.5023004,0.50394845,0.52747995,0.7576649,0.48155463
0.48849797,0.47061855,0.47459593,0.69805205,0.47650194
0.46657646,0.44925368,0.44439894,0.63355225,0.44253767
0.38592693,0.41336542,0.40930498,0.5608531,0.36399007
0.30284166,0.31097442,0.31386188,0.5162927,0.29043987
0.24248984,0.26050895,0.25532278,0.45214292,0.23832807
0.20243572,0.20471565,0.21784513,0.43042615,0.19782673
0.1797023,0.18116854,0.19135915,0.41512522,0.1691994
0.16968876,0.17571142,0.18028185,0.3987158,0.17414857
0.16698241,0.17305821,0.18076923,0.3899833,0.14952882
0.16562922,0.1854263,0.19422103,0.38862246,0.1772987
0.20703654,0.20448844,0.21373358,0.38151366,0.2073143
0.28037888,0.287399,0.28715995,0.38662797,0.29721197
0.35778078,0.3756724,0.35018012,0.4339435,0.40333205
0.4232747,0.40850252,0.4057957,0.52448714,0.41189343
0.47225982,0.44938236,0.44988197,0.6047746,0.446348
0.50094724,0.4780091,0.48199046,0.6931057,0.44350404
0.51989174,0.52254725,0.49394864,0.75628793,0.47483265
0.5223275,0.5190968,0.50539845,0.7987219,0.47645825
0.5309878,0.5213475,0.5004423,0.82505655,0.44943017
0.541272,0.5276672,0.51861364,0.8356937,0.46873015
0.5564276,0.57047635,0.53324723,0.8259511,0.49824023
0.56725305,0.6239003,0.5616353,0.81331587,0.5059747
0.5680649,0.5689601,0.57937163,0.80936563,0.51527095
0.5458728,0.54288024,0.57563186,0.79179454,0.47325552
0.54154265,0.50713176,0.52351034,0.7505257,0.4671098
0.52638704,0.49928454,0.50004905,0.6942935,0.4181135
0.4248985,0.45747048,0.4659208,0.6211828,0.35022494
0.3277402,0.33696163,0.33731672,0.59493244,0.25885954
0.26738837,0.28134334,0.27167854,0.5571171,0.20917775
0.2330176,0.23277572,0.24102293,0.5349151,0.2024202
0.20920162,0.20925249,0.22269572,0.5124306,0.20600353
0.20433018,0.21373078,0.20678146,0.48856118,0.19350256
0.22138025,0.2235046,0.21670456,0.47451422,0.22596441
0.264682,0.29237545,0.26048222,0.46013275,0.2640633
0.36211097,0.38144994,0.35045835,0.4482734,0.39345264
0.4633288,0.45783576,0.47324187,0.45276287,0.47291464
0.5304465,0.52846974,0.50841707,0.50972164,0.50381356
0.58430314,0.5625175,0.554556,0.5873214,0.5284598
0.63031125,0.6100093,0.59920263,0.66860497,0.5480528
0.6622463,0.6353213,0.6351612,0.7442144,0.5483006
0.68822736,0.67454886,0.6523833,0.7549764,0.5882933
0.711502,0.67846423,0.6725355,0.79677796,0.5650164
0.72286874,0.6922913,0.6953714,0.83412147,0.5478952
0.72801083,0.70231783,0.70177996,0.87550414,0.557458
0.73504734,0.74934506,0.7111443,0.88636243,0.59557194
0.73937756,0.78811634,0.72739387,0.8756287,0.5933643
0.7290934,0.7373247,0.74912167,0.8495592,0.5952059
0.7023004,0.7055083,0.7444631,0.83979285,0.56680936
0.6917456,0.65335625,0.6719941,0.8082577,0.55179554
0.65142083,0.63926995,0.63564986,0.75135493,0.49870014
0.535318,0.55312276,0.5731401,0.6931311,0.40107858
0.43193504,0.4389556,0.4468606,0.66714156,0.31983852
0.36048713,0.37047553,0.37864935,0.6737931,0.2581073
0.3158322,0.33843324,0.3320679,0.6527269,0.27045053
0.28958052,0.3080924,0.30449623,0.62255645,0.27168858
0.27686062,0.29749516,0.2919384,0.59896326,0.24470925
0.28876862,0.32765383,0.29410005,0.57852376,0.2908148
0.32746956,0.39247316,0.34108916,0.5519322,0.339603
0.42733425,0.4844597,0.41242442,0.54355836,0.42246193
0.52801085,0.55361986,0.5264135,0.54703134,0.5030713
0.6110961,0.61641276,0.5726982,0.58473516,0.57654756
0.6728011,0.6735997,0.64391756,0.66190386,0.6000812
0.72151554,0.73949474,0.6918145,0.73230493,0.60600364
0.7575101,0.7505868,0.7283627,0.7808914,0.61658776
0.7788904,0.8163691,0.7492082,0.811309,0.62744194
0.79810554,0.806494,0.76086783,0.8483273,0.5996637
0.8056834,0.80376774,0.7773981,0.89017785,0.59769243
0.8105548,0.8085143,0.77711004,0.9076042,0.6087991
0.8121786,0.8589079,0.7858257,0.92121124,0.6491774
0.81001353,0.90798014,0.7876401,0.9123926,0.66947895
0.7953992,0.83477724,0.8059302,0.90026164,0.70494723
0.768065,0.80034786,0.81825256,0.8787354,0.6584543
0.7610284,0.7374293,0.72963494,0.8104973,0.59613895
0.72070366,0.7303249,0.69285315,0.7704359,0.5733072
0.6054127,0.65280056,0.6382742,0.74378157,0.4698732
0.49607578,0.5332104,0.5191298,0.72168314,0.3786019
0.42219216,0.4490788,0.4392929,0.7010491,0.33808446
0.38294992,0.40226346,0.39255872,0.68634105,0.27548033
0.35426253,0.37638205,0.37541258,0.65328753,0.2909433
0.33558863,0.36145166,0.3538846,0.62650836,0.27137926
0.34560215,0.39137697,0.34947935,0.61032534,0.29557374
0.38700947,0.45200837,0.39599285,0.6366993,0.34175128
0.4849797,0.5489038,0.46310586,0.61773014,0.46777523
0.58998644,0.61275005,0.5745673,0.5809169,0.52014905
0.6692828,0.682949,0.63997287,0.6256131,0.58827484
0.73937756,0.732724,0.6996139,0.6788943,0.620068
0.79106903,0.802002,0.7619114,0.74818707,0.6183449
0.83031124,0.81973714,0.79593164,0.8102987,0.63120353
0.85520977,0.8929234,0.82042766,0.8464371,0.6363129
0.87280107,0.8823244,0.8355796,0.9014379,0.6268817
0.8635995,0.8780147,0.8473834,0.90029514,0.6178063
0.8346414,0.8624467,0.82266736,0.91507995,0.6226551
0.79566985,0.88095754,0.7924641,0.9046,0.6505934
0.7707713,0.8829617,0.7564782,0.81037736,0.6957097
0.7420839,0.7950596,0.76994157,0.7526511,0.7019036
0.7066306,0.7473938,0.7810639,0.712185,0.66517407
0.6841678,0.68885875,0.68545425,0.6914787,0.6276465
0.62895805,0.6584597,0.62501705,0.6695037,0.57511014
0.5274696,0.5768172,0.5528312,0.66090584,0.47278482
0.4257104,0.47107604,0.45588517,0.6349528,0.39280528
0.3623816,0.39506894,0.3770929,0.61150825,0.33640173
0.32313937,0.35441488,0.34141284,0.59598374,0.27808496
0.2976996,0.33133417,0.31468567,0.5891411,0.30341554
0.2866035,0.31650487,0.29657152,0.57693815,0.28048176
0.29526386,0.3428626,0.30298188,0.5626724,0.31074244
0.33640054,0.38951445,0.3399095,0.56342983,0.34617758
0.43707713,0.49433738,0.40607768,0.5478064,0.4715404
0.5342355,0.5630311,0.5243228,0.5341917,0.53386164
0.6043302,0.63044375,0.5824982,0.58098865,0.5940547
0.6568335,0.66808945,0.63196933,0.6205019,0.61517495
0.70419484,0.7099759,0.66888934,0.64600897,0.6200888
0.7361299,0.72883844,0.70459354,0.714437,0.6269518
0.74993235,0.78984684,0.7184907,0.7553803,0.62857586
0.7623816,0.77712923,0.7202155,0.80708754,0.6251783
0.76535857,0.7680648,0.73052764,0.82849264,0.62117034
0.75967526,0.7579253,0.7271224,0.82191825,0.62234455
0.73775375,0.80175215,0.7247691,0.812407,0.6489455
0.71772665,0.82245934,0.7098062,0.812544,0.698418
0.70175916,0.74954075,0.7294017,0.7631062,0.69943565
0.6579161,0.71126956,0.70699847,0.70680034,0.66985834
0.6397835,0.62836945,0.61287266,0.6530758,0.6281882
0.5907984,0.60519075,0.581768,0.61687946,0.57630926
0.49066305,0.5357689,0.5198879,0.59964883,0.46608007
0.39539918,0.4249714,0.4211039,0.5570301,0.39429396
0.32503384,0.36306304,0.352794,0.5700222,0.35753965
0.28389716,0.3180255,0.30273548,0.555835,0.28029525
0.25981057,0.27919853,0.27821726,0.5503721,0.2817444
0.24682003,0.27115276,0.26205155,0.54882693,0.26303592
0.25223276,0.30192578,0.2566185,0.53505945,0.2838873
0.26359946,0.349657,0.28916138,0.53365195,0.3367871
0.30635995,0.42183164,0.31815246,0.52527845,0.42508906
0.36968878,0.4325428,0.36920196,0.5346242,0.49953437
0.44248986,0.47031006,0.42308438,0.5539161,0.56227976
0.49959403,0.51822037,0.4848338,0.5762353,0.59264946
0.5239513,0.56287813,0.52174836,0.58412397,0.59955835
0.53152907,0.5519003,0.52195823,0.59744275,0.6123862
0.52801085,0.57657015,0.5161479,0.61811197,0.6186689
0.5112314,0.5545432,0.5047354,0.6400008,0.5986398
0.49012178,0.52227896,0.4793594,0.6208273,0.59603596
0.47550744,0.5049848,0.45916653,0.6402669,0.6047201
0.47469553,0.52291733,0.45488188,0.6470952,0.64798176
0.48254398,0.5673506,0.4761919,0.62569416,0.6526506
0.4803789,0.5372858,0.50604355,0.6128504,0.67678326
0.4571042,0.5023664,0.49461263,0.6077914,0.62817204
0.44005412,0.4470395,0.43941703,0.5932611,0.58594257
0.40135318,0.42267653,0.39858985,0.5753304,0.5664287
0.34018946,0.37327576,0.34181774,0.5589403,0.45978916
0.27280107,0.2979977,0.2855138,0.5410171,0.37758088
0.21975642,0.25022307,0.23233458,0.53972715,0.33135372
0.1843031,0.21528125,0.19671382,0.5236045,0.27927014
0.16589986,0.18391772,0.17506306,0.5119989,0.27366734
0.15317997,0.18015528,0.16686223,0.5164392,0.25780973
0.15155616,0.1926904,0.15892301,0.51512283,0.26030347
0.16589986,0.20398751,0.17047665,0.5075866,0.2614246
0.2,0.24249153,0.2045876,0.50170374,0.3460664
0.25899863,0.29573888,0.2505579,0.508041,0.3952824
0.3328823,0.36055046,0.31274334,0.5138254,0.50865465
0.3848444,0.3973074,0.37443608,0.53244495,0.53782666
0.39891747,0.4149534,0.4009472,0.5505638,0.54938215
0.39891747,0.40101406,0.39544004,0.5646919,0.5410008
0.3872801,0.4231483,0.38624686,0.5844835,0.5337293
0.37185386,0.4057082,0.36775786,0.64616877,0.54096115
0.36481732,0.38261876,0.35214445,0.64841735,0.5395445
0.37050068,0.38596117,0.35441762,0.68003917,0.5474713
0.3894452,0.42890176,0.3747004,0.7420627,0.5433415
0.40866035,0.4897789,0.4085931,0.752622,0.60188586
0.41028416,0.4533056,0.4247775,0.7470298,0.60813653
0.39566982,0.43935254,0.40691513,0.7457769,0.5686598
0.39377537,0.3973979,0.37391567,0.72083235,0.54605275
0.37645468,0.37891707,0.36451864,0.67507577,0.52230906
0.32963464,0.35821044,0.33287412,0.6146705,0.43295395
0.2638701,0.28926206,0.27940652,0.59515536,0.3608353
0.21163735,0.24336697,0.21936361,0.5691974,0.31202716
0.17916103,0.19819444,0.18669419,0.5512744,0.23462704
0.15778078,0.17635672,0.17037083,0.54035413,0.25421157
0.14614344,0.176393,0.15618044,0.49835798,0.24257004
0.14695534,0.17663643,0.1539064,0.50577116,0.23696047
0.15209743,0.19311816,0.1702796,0.46940485,0.24251711
0.18294993,0.22314955,0.1868745,0.47024757,0.28255415
0.24330176,0.27542505,0.24214216,0.47785702,0.35323578
0.3179973,0.347251,0.30625963,0.4909663,0.4647857
0.38240865,0.38608256,0.36570132,0.53637254,0.4757157
0.42219216,0.42092746,0.40691423,0.6040989,0.50043905
0.43788904,0.44949102,0.42867172,0.6691961,0.5221145
0.44709066,0.47192514,0.43018147,0.6994765,0.5263588
0.45169148,0.47637987,0.43537298,0.76655734,0.5402327
0.45872802,0.47044146,0.43970022,0.7830678,0.509329
0.47658998,0.47818482,0.452871,0.8045279,0.5263079
0.5006766,0.5335456,0.4833931,0.84441125,0.55696875
0.52584577,0.6040597,0.5139709,0.85707414,0.5847642
0.53152907,0.5685874,0.53806484,0.8541585,0.5961504
0.5152909,0.54355025,0.52555335,0.8267555,0.5470118
0.5090663,0.4942362,0.49041387,0.7841033,0.511932
0.48092017,0.47441494,0.47118324,0.7241441,0.4975863
0.39377537,0.43335408,0.42188403,0.63751805,0.41761595
0.30852503,0.3324104,0.31446102,0.56094384,0.31501532
0.255751,0.2766176,0.25439402,0.5185858,0.29129538
0.22219215,0.22990017,0.23061892,0.5070052,0.25133747
0.20514208,0.20883542,0.20927939,0.49642307,0.28004885
0.20243572,0.20759082,0.20624802,0.48235753,0.26492083
0.21759135,0.23181032,0.21901436,0.48338905,0.29830694
0.26197565,0.29802078,0.26128605,0.47859362,0.33370635
0.35155615,0.4068542,0.35294738,0.47961083,0.44560415
0.44844383,0.45931,0.45151332,0.486164,0.52013683
0.52476317,0.5224149,0.4951429,0.51460296,0.58181274
0.57753724,0.5698202,0.55247265,0.5628611,0.6038492
0.62516916,0.613922,0.58949345,0.6192074,0.6057618
0.6565629,0.63845515,0.62894356,0.69087124,0.61498463
0.6757781,0.68917936,0.6466709,0.7129607,0.6303693
0.69742894,0.68052477,0.65942085,0.7180443,0.61922675
0.70392424,0.6883059,0.68517995,0.7565918,0.6093491
0.70419484,0.6937211,0.6849098,0.7493788,0.61639297
0.7023004,0.73495394,0.69161546,0.7796949,0.6457836
0.69580513,0.7732895,0.69750375,0.75565314,0.68691665
0.68308526,0.71621156,0.7117596,0.719561,0.7042382
0.66468203,0.67406493,0.6974218,0.7249881,0.6630829
0.65277404,0.6297631,0.63511574,0.73235214,0.60214424
0.5975643,0.6118289,0.5994053,0.69509304,0.5670498
0.48849797,0.53007656,0.52134925,0.65259385,0.46848154
0.39945874,0.4190418,0.40856743,0.63325745,0.38475895
0.34018946,0.3545481,0.35376462,0.61354804,0.34270257
0.30284166,0.3202285,0.31705368,0.60579705,0.27045053
0.27956697,0.2936769,0.29427588,0.58570004,0.27168858
0.27117726,0.28742507,0.28372657,0.5912458,0.24470925
0.28606224,0.32024658,0.2948842,0.5926031,0.2908148
0.33071718,0.3886111,0.34260544,0.5842186,0.339603
0.42516914,0.48368275,0.4123263,0.55897707,0.42246193
0.5345061,0.54392743,0.51082885,0.5678228,0.5030713
0.6127199,0.620474,0.58839124,0.6123276,0.57654756
0.6741543,0.6672381,0.6390976,0.6545688,0.6000812
0.7285521,0.733566,0.69121325,0.72752285,0.60600364
0.75886333,0.75161535,0.73143464,0.7876518,0.61658776
0.77239513,0.81008166,0.74306357,0.8322425,0.62744194
0.7964817,0.7931972,0.7488253,0.83933437,0.5996637
0.80487144,0.7956734,0.77838486,0.8610761,0.59769243
0.80947226,0.7998174,0.77330387,0.86716187,0.6087991
0.802977,0.8530522,0.78538895,0.89246416,0.6491774
0.7991881,0.8909896,0.77782416,0.86898875,0.66947895
0.7870095,0.81927,0.8136245,0.80641365,0.70494723
0.7526387,0.7858061,0.79789805,0.7931961,0.6584543
0.74154264,0.7171051,0.7008228,0.7507049,0.59613895
0.68335587,0.7078264,0.67388594,0.73313,0.5733072
0.5564276,0.6124331,0.6005993,0.70369804,0.4698732
0.43951285,0.48437235,0.47202176,0.63980544,0.3786019
0.3713126,0.39292347,0.38422477,0.6074759,0.33808446
0.33585927,0.35359305,0.3481832,0.60688233,0.27548033
0.30581868,0.33576715,0.33104616,0.5966716,0.2909433
0.29364005,0.31806073,0.30277854,0.57269126,0.27137926
0.30500677,0.34876597,0.31096336,0.54965246,0.29557374
0.34641406,0.39995503,0.3552998,0.5255401,0.34175128
0.44898513,0.5040127,0.43002868,0.502681,0.46777523
0.5602165,0.57686144,0.5474665,0.5416126,0.52014905
0.6248985,0.6508731,0.6100386,0.58540845,0.58827484
0.6722598,0.680246,0.6479792,0.6423555,0.620068
0.70338297,0.7302993,0.68973225,0.68343174,0.6183449
0.7236807,0.7271188,0.70416045,0.7213099,0.63120353
0.7336942,0.77980024,0.71177965,0.7583833,0.6363129
0.74830854,0.7622979,0.71434116,0.7969022,0.6268817
0.7504736,0.7624244,0.7279515,0.8136033,0.6178063
0.7504736,0.7580184,0.7189824,0.8297423,0.6226551
0.7539919,0.8065355,0.7231433,0.8484324,0.6505934
0.7512855,0.8534824,0.73321664,0.8293618,0.6957097
0.72746956,0.78390086,0.7493962,0.80360997,0.7019036
0.691475,0.7380067,0.74672973,0.7899233,0.66517407
0.67171854,0.67222977,0.65476036,0.75185776,0.6276465
0.6159675,0.63660234,0.60614866,0.65853614,0.57511014
0.5033829,0.5509216,0.5352599,0.63888896,0.47278482
0.40027064,0.43644294,0.4259196,0.5957937,0.39280528
0.33125845,0.36123186,0.35325566,0.56773186,0.33640173
0.29039243,0.32332593,0.30873275,0.56255436,0.27808496
0.26738837,0.29385886,0.28223634,0.53388727,0.30341554
0.25385657,0.28361714,0.2686411,0.5016333,0.28048176
0.26359946,0.30543444,0.26354876,0.49334785,0.31074244
0.30500677,0.35404718,0.30560714,0.4745855,0.34617758
0.3932341,0.45865119,0.38575047,0.46088246,0.4715404
0.48687416,0.5131549,0.4772936,0.48081917,0.53386164
0.5458728,0.5760849,0.53041434,0.5092814,0.5940547
0.5818674,0.5986385,0.56788504,0.5457405,0.61517495
0.60649526,0.63114226,0.59296817,0.58009064,0.6200888
0.6202977,0.6266964,0.606514,0.6209589,0.6269518
0.6243572,0.67059034,0.607283,0.65756774,0.62857586
0.6338295,0.654873,0.6040132,0.7056854,0.6251783
0.6308525,0.6474522,0.61376476,0.72644997,0.62117034
0.62868744,0.63912475,0.601171,0.74765146,0.62234455
0.63058186,0.6821646,0.6074486,0.7520683,0.6489455
0.62977,0.7238983,0.6189964,0.7624335,0.698418
0.6173207,0.675332,0.6382413,0.7664907,0.69943565
0.58782136,0.6363161,0.62771463,0.77113974,0.66985834
0.5669824,0.572283,0.5555327,0.7370968,0.6281882
0.5342355,0.53957725,0.5101224,0.6676757,0.57630926
0.43193504,0.489822,0.46780396,0.60380244,0.46608007
0.33179972,0.36604697,0.35446942,0.5226551,0.39429396
0.2638701,0.29889345,0.28112614,0.49315152,0.35753965
0.2232747,0.25507995,0.23973303,0.47910088,0.28029525
0.202977,0.21951507,0.2144318,0.45998126,0.2817444
0.1953992,0.21470766,0.2037722,0.4465758,0.26303592
0.20757781,0.240166,0.20563298,0.44003782,0.2838873
0.2473613,0.29718465,0.2452396,0.42761582,0.3367871
0.32638702,0.39633876,0.32178795,0.42025855,0.42508906
0.4135318,0.4371891,0.40629894,0.4221346,0.49953437
0.479567,0.48882335,0.4582131,0.4478753,0.56227976
0.5150203,0.52365696,0.50429213,0.48187777,0.59264946
0.5461434,0.5527322,0.52401865,0.54731596,0.59955835
0.55913395,0.5629014,0.5473031,0.620811,0.6123862
0.5721245,0.5951073,0.54490846,0.65329397,0.6186689
0.5813261,0.593868,0.5555968,0.6949756,0.5986398
0.5786198,0.58690584,0.5599445,0.7093117,0.59603596
0.5780785,0.5836406,0.55275667,0.7297112,0.6047201
0.5797023,0.61796117,0.56286395,0.71821415,0.64798176
0.57483083,0.6616828,0.57638,0.7154455,0.6526506
0.5577808,0.60960686,0.58777726,0.7343576,0.67678326
0.5277402,0.5583552,0.5659302,0.71326375,0.62817204
0.5150203,0.5068798,0.5010158,0.69740605,0.58594257
0.49039242,0.48385608,0.46908918,0.62588227,0.5664287
0.40487143,0.4401856,0.4298778,0.5630102,0.45978916
0.31258458,0.33674952,0.33386236,0.4944874,0.37758088
0.24519621,0.2682893,0.2647819,0.47261688,0.33135372
0.2037889,0.22978172,0.22142348,0.45394522,0.27927014
0.17916103,0.19765413,0.19626853,0.43865064,0.27366734
0.16833559,0.19260548,0.17996228,0.42426938,0.25780973
0.17023005,0.20711233,0.17990641,0.4164191,0.26030347
0.17861976,0.22539406,0.20311587,0.40199172,0.2614246
0.2278755,0.2638608,0.2292312,0.3958962,0.3460664
0.30473614,0.33053827,0.30077845,0.39687762,0.3952824
0.38105547,0.40732613,0.36672843,0.43510664,0.50865465
0.43653587,0.44257182,0.42167577,0.48449904,0.53782666
0.47225982,0.4702717,0.45717442,0.5804241,0.54938215
0.49418133,0.49041083,0.476502,0.67067665,0.5410008
0.5006766,0.5375159,0.48589706,0.7199123,0.5337293
0.508525,0.5243786,0.48159027,0.7533598,0.54096115
0.5139378,0.5239818,0.4901394,0.77685785,0.5395445
0.5285521,0.528703,0.4955527,0.7854978,0.5474713
0.5458728,0.5760503,0.52246726,0.7670597,0.5433415
0.565088,0.63691086,0.54805446,0.76237047,0.60188586
0.55913395,0.6083158,0.5797868,0.7736088,0.60813653
0.5345061,0.5588733,0.55859107,0.7421645,0.5686598
0.5269283,0.50743943,0.5096935,0.712368,0.54605275
0.50419486,0.4927218,0.48204795,0.66346407,0.52230906
0.42814615,0.45755517,0.439861,0.5980773,0.43295395
0.34343708,0.362051,0.3532142,0.5715705,0.3608353
0.27956697,0.304565,0.28977126,0.53779566,0.31202716
0.24194857,0.25512674,0.25044206,0.5078652,0.23462704
0.21705006,0.22969297,0.23247023,0.5047984,0.25421157
0.20433018,0.22370975,0.21667801,0.48314995,0.24257004
0.2,0.23019949,0.21425818,0.48248684,0.23696047
0.20135318,0.25251502,0.22552083,0.4797498,0.24251711
0.23626523,0.27348125,0.25148222,0.4666703,0.28255415
0.3052774,0.3348794,0.31345382,0.47084913,0.35323578
0.38836265,0.42024344,0.37225097,0.5206076,0.4647857
0.45899865,0.46431988,0.4391337,0.57622993,0.4757157
0.50257105,0.50070536,0.48750803,0.64351463,0.50043905
0.53477675,0.52426463,0.5126588,0.6995599,0.5221145
0.5599459,0.57794,0.5322568,0.73708785,0.5263588
0.5696888,0.5801288,0.54992944,0.7598245,0.5402327
0.56752366,0.5802971,0.55061054,0.78424144,0.509329
0.57699597,0.57725346,0.54632115,0.78077364,0.5263079
0.5894452,0.62441087,0.569798,0.75556266,0.55696875
0.60784847,0.68462497,0.5860323,0.75137246,0.5847642
0.60784847,0.6441966,0.6203448,0.7437594,0.5961504
0.59675235,0.59764826,0.61415195,0.71233094,0.5470118
0.5886333,0.5661514,0.58170414,0.70872736,0.511932
0.5399188,0.55212426,0.5428347,0.67373705,0.4975863
0.44844383,0.483373,0.46523535,0.6471565,0.41761595
0.35778078,0.38060197,0.36874932,0.6339165,0.31501532
0.30419487,0.32684714,0.29985487,0.59407735,0.29129538
0.27631935,0.28280938,0.27697226,0.5819824,0.25133747
0.25981057,0.26511988,0.26612926,0.57149374,0.28004885
0.25818673,0.26118037,0.2580685,0.56265795,0.26492083
0.2730717,0.29516572,0.27319735,0.55227566,0.29830694
0.32530448,0.35964698,0.31529418,0.5648335,0.33370635
0.42300406,0.47130084,0.41926536,0.54587185,0.44560415
0.52828145,0.53270817,0.5141948,0.53567183,0.52013683
0.61515564,0.60509855,0.5720357,0.5747659,0.58181274
0.68335587,0.6644843,0.6408002,0.64659184,0.6038492
0.73098785,0.731045,0.6963692,0.7008431,0.6057618
0.7545332,0.7424039,0.7301576,0.76224136,0.61498463
0.76589984,0.7965427,0.736664,0.8224846,0.6303693
0.7843031,0.77813774,0.7431984,0.8350986,0.61922675
0.785115,0.779699,0.7674926,0.86087704,0.6093491
0.7924222,0.77993375,0.7586579,0.8749906,0.61639297
0.7902571,0.833885,0.7809862,0.86590886,0.6457836
0.77537215,0.8709557,0.77217793,0.8228179,0.68691665
0.75669825,0.79512435,0.78855646,0.7507037,0.7042382
0.7345061,0.7487059,0.7732803,0.6993203,0.6630829
0.7152909,0.70012397,0.69171715,0.68843555,0.60214424
0.6538566,0.67588884,0.6513946,0.6597778,0.5670498
0.5374831,0.5851333,0.5749789,0.63369966,0.46848154
0.43707713,0.47002786,0.45573637,0.6190127,0.38475895
0.36968878,0.39136422,0.3880104,0.58594215,0.34270257
0.3301759,0.3475775,0.34637755,0.5730928,0.27045053
0.30771312,0.31930113,0.32301438,0.5652339,0.27168858
0.30581868,0.31261066,0.31282607,0.55293596,0.24470925
0.32205683,0.3523073,0.334677,0.5344292,0.2908148
0.37428957,0.42158467,0.37838653,0.53758895,0.339603
0.46359947,0.527539,0.4604098,0.5282558,0.42246193
0.55047363,0.5846408,0.543043,0.5259737,0.5030713
0.61001354,0.63334036,0.597666,0.55021703,0.57654756
0.65953994,0.665016,0.6371826,0.593721,0.6000812
0.7023004,0.7188606,0.67686605,0.6574193,0.60600364
0.74018943,0.7245771,0.7042477,0.70758355,0.61658776
0.75669825,0.7940869,0.73179513,0.7412636,0.62744194
0.7767253,0.78059185,0.7336402,0.7794057,0.5996637
0.7745602,0.7808134,0.755655,0.79163885,0.59769243
0.75534505,0.7748907,0.7373047,0.8166989,0.6087991
0.7304466,0.7990945,0.71848655,0.7644627,0.6491774
0.7171854,0.8158089,0.70378417,0.7506815,0.66947895
0.70392424,0.74852216,0.7355879,0.7061533,0.70494723
0.6776725,0.7082495,0.7224982,0.68709373,0.6584543
0.6654939,0.65272325,0.6328255,0.6970202,0.59613895
0.6113667,0.6373394,0.6022496,0.6691979,0.5733072
0.50933695,0.5502964,0.53481764,0.64211774,0.4698732
0.41542625,0.4492432,0.4380443,0.6401923,0.3786019
0.34912044,0.38036552,0.36992684,0.618492,0.33808446
0.31014884,0.33845997,0.32555342,0.6058968,0.27548033
0.28525034,0.31295267,0.30345482,0.5945773,0.2909433
0.28389716,0.30073023,0.2866444,0.5815319,0.27137926
0.29742897,0.33959877,0.3071166,0.55637634,0.29557374
0.3466847,0.39442384,0.34367487,0.5731994,0.34175128
0.43815967,0.5010257,0.41860276,0.5499301,0.46777523
0.529364,0.55468094,0.51040155,0.5559075,0.52014905
0.5837618,0.6068805,0.5729109,0.5704007,0.58827484
0.61542624,0.6286096,0.6039026,0.5709411,0.620068
0.6359946,0.6628609,0.6244534,0.6092306,0.6183449
0.6416779,0.6509567,0.6318271,0.5959424,0.63120353
0.6449256,0.68357,0.62278783,0.6190505,0.6363129
0.649797,0.66235596,0.6229594,0.6623341,0.6268817
0.6194858,0.6570358,0.62345123,0.69423914,0.6178063
0.6054127,0.6188992,0.571838,0.6890341,0.6226551
0.62381595,0.65895855,0.5867146,0.6950519,0.6505934
0.6313938,0.72741234,0.62798834,0.72470737,0.6957097
0.62895805,0.6826099,0.6419618,0.7186985,0.7019036
0.6081191,0.65194386,0.63581413,0.7160835,0.66517407
0.6002706,0.593644,0.57040775,0.6764876,0.6276465
0.55913395,0.57215846,0.5453542,0.6455302,0.57511014
0.45520973,0.5026943,0.4881912,0.6233878,0.47278482
0.3602165,0.39287508,0.37462318,0.5994277,0.39280528
0.30311233,0.3248275,0.3079767,0.5793443,0.33640173
0.26711774,0.2945171,0.28035873,0.5363572,0.27808496
0.24194857,0.26542228,0.2567572,0.5323881,0.30341554
0.23707713,0.25863254,0.23946844,0.5162488,0.28048176
0.25087956,0.28372723,0.25437167,0.5006938,0.31074244
0.2960758,0.3376023,0.29019505,0.49984184,0.34617758
0.37916103,0.44114256,0.36403513,0.49170062,0.4715404
0.46549392,0.48242927,0.44987935,0.48718125,0.53386164
0.5158322,0.5400382,0.5038607,0.49919412,0.5940547
0.5518268,0.5576168,0.53142095,0.5283426,0.61517495
0.5864682,0.5920497,0.5598663,0.5708014,0.6200888
0.60703653,0.6007756,0.5857491,0.5924425,0.6269518
0.6124492,0.6492414,0.59281826,0.6366142,0.62857586
0.62760484,0.6361749,0.5889292,0.67486537,0.6251783
0.6281462,0.63299,0.60862637,0.6966466,0.62117034
0.6262517,0.6259803,0.60232705,0.693406,0.62234455
0.6175913,0.6754965,0.6110324,0.72911155,0.6489455
0.61028415,0.70240027,0.6066631,0.7216344,0.698418
0.5975643,0.64818794,0.62446976,0.7100413,0.69943565
0.5667118,0.60837734,0.60100245,0.69877255,0.66985834
0.55913395,0.5442157,0.53158617,0.667958,0.6281882
0.52476317,0.5261716,0.508935,0.6259469,0.57630926
0.42354533,0.47462252,0.45663184,0.5715653,0.46608007
0.32990527,0.3560898,0.34488478,0.5236746,0.39429396
0.26576453,0.2965617,0.28232765,0.50271803,0.35753965
0.22571042,0.25684857,0.24135585,0.48156914,0.28029525
0.20595399,0.21941121,0.21516128,0.46067476,0.2817444
0.1991881,0.21404988,0.20897184,0.4406928,0.26303592
0.21542625,0.24327174,0.21501134,0.4332561,0.2838873
0.25169146,0.30154753,0.2615079,0.422694,0.3367871
0.3345061,0.3988957,0.31884366,0.41874006,0.42508906
0.4240866,0.44117004,0.4124442,0.41793483,0.49953437
0.48443842,0.49647498,0.4712805,0.4386029,0.56227976
0.5269283,0.5260377,0.5081998,0.49241993,0.59264946
0.5558863,0.5660429,0.53957105,0.55242026,0.59955835
0.56400543,0.5689121,0.55434954,0.60763156,0.6123862
0.5696888,0.5976104,0.54680735,0.6587485,0.6186689
0.58971584,0.5899272,0.5507752,0.703683,0.5986398
0.59431666,0.5993761,0.57512385,0.7397846,0.59603596
0.5905277,0.59927195,0.56780887,0.7492354,0.6047201
0.58755076,0.6298604,0.5703728,0.7434492,0.64798176
0.5786198,0.668076,0.58424675,0.74633574,0.6526506
0.55751014,0.61341107,0.5935856,0.7372787,0.67678326
0.5290934,0.56028104,0.5651843,0.7223418,0.62817204
0.517456,0.5093261,0.5034126,0.6831765,0.58594257
0.4820027,0.48808265,0.47073042,0.6053412,0.5664287
0.4,0.42923886,0.4173637,0.5260324,0.45978916
0.31096077,0.33418024,0.33370322,0.4840638,0.37758088
0.24790257,0.26779562,0.26463825,0.4617066,0.33135372
0.20703654,0.23385376,0.22553529,0.45568404,0.27927014
0.18403247,0.20064776,0.19944288,0.4300613,0.27366734
0.16941813,0.19782378,0.1859736,0.41854176,0.25780973
0.17158322,0.20824058,0.18034638,0.41195023,0.26030347
0.18619756,0.22797188,0.20773129,0.4051258,0.2614246
0.22868742,0.27132043,0.2417225,0.40389165,0.3460664
0.30581868,0.33220106,0.29410127,0.40165594,0.3952824
0.3805142,0.40828744,0.3689044,0.4338962,0.50865465
0.4359946,0.44106692,0.4202817,0.4795143,0.53782666
0.46116373,0.46960127,0.45564386,0.5609157,0.54938215
0.4768606,0.4726106,0.4605497,0.62671804,0.5410008
0.47929636,0.51679444,0.4677716,0.6851586,0.5337293
0.47577807,0.49907714,0.46142852,0.7093147,0.54096115
0.46657646,0.48898706,0.45375004,0.7331544,0.5395445
0.46549392,0.48089582,0.44392025,0.74129057,0.5474713
0.4700947,0.5092205,0.45695478,0.722345,0.5433415
0.4803789,0.5688876,0.4758823,0.7074766,0.60188586
0.47550744,0.5260898,0.50266194,0.6907532,0.60813653
0.4608931,0.48779237,0.48515522,0.6731751,0.5686598
0.46657646,0.44401407,0.44523045,0.6477282,0.54605275
0.43653587,0.43907538,0.43213832,0.61093545,0.52230906
0.37050068,0.39997557,0.37654164,0.5776738,0.43295395
0.29878214,0.32103202,0.30828682,0.54864615,0.3608353
0.23734777,0.27060214,0.2539082,0.51158595,0.31202716
0.20324764,0.22082624,0.2086471,0.5067413,0.23462704
0.18294993,0.19712567,0.1954249,0.48409924,0.25421157
0.1759134,0.19801581,0.18405335,0.45644388,0.24257004
0.17564276,0.20426151,0.1880274,0.44903788,0.23696047
0.1826793,0.22133599,0.20170915,0.44388214,0.24251711
0.20514208,0.25392103,0.22576497,0.4353906,0.28255415
0.26738837,0.29935932,0.26060763,0.43165922,0.35323578
0.34235454,0.371051,0.3322443,0.46545127,0.4647857
0.397023,0.4097549,0.38981003,0.5166395,0.4757157
0.42895806,0.430528,0.41962814,0.56669414,0.50043905
0.4511502,0.44982398,0.43534744,0.61279535,0.5221145
0.4600812,0.48169973,0.44611695,0.6441971,0.5263588
0.46035182,0.4775375,0.44512576,0.6856003,0.5402327
0.4592693,0.4722861,0.4415495,0.7235429,0.509329
0.46955344,0.4756072,0.44458476,0.7363086,0.5263079
0.48822734,0.5272902,0.46911782,0.7388965,0.55696875
0.51231396,0.59502745,0.49986666,0.74077165,0.5847642
0.5060893,0.56231004,0.53168875,0.7246603,0.5961504
0.4879567,0.51737314,0.50518125,0.6806402,0.5470118
0.48389715,0.47067308,0.4712674,0.6590847,0.511932
0.44790256,0.45033827,0.44575936,0.61247003,0.4975863
0.3594046,0.39844435,0.38515025,0.5543258,0.41761595
0.2774019,0.30388758,0.2846963,0.5200969,0.31501532
0.2232747,0.25375825,0.22712839,0.50429326,0.29129538
0.19269283,0.2057777,0.19864394,0.4902651,0.25133747
0.17780785,0.18622993,0.18382473,0.4814985,0.28004885
0.17618403,0.18662794,0.17949475,0.45447615,0.26492083
0.20027064,0.21133189,0.19060403,0.44488022,0.29830694
0.24519621,0.27681237,0.2478536,0.43975422,0.33370635
0.33504736,0.38763207,0.33009118,0.42624155,0.44560415
0.42949933,0.43607962,0.4285937,0.43056738,0.52013683
0.4895805,0.49471784,0.4768175,0.45917544,0.58181274
0.5345061,0.5242464,0.51204056,0.49569103,0.6038492
0.57266575,0.5591173,0.54623795,0.5563835,0.6057618
0.59296346,0.57705986,0.57441026,0.61307156,0.61498463
0.61163735,0.62301624,0.5797346,0.66403484,0.6303693
0.6265223,0.6238811,0.5962543,0.72743654,0.61922675
0.6313938,0.62425077,0.61018956,0.7550831,0.6093491
0.63437074,0.62970906,0.61420745,0.78410685,0.61639297
0.6430311,0.6728788,0.6263323,0.79435194,0.6457836
0.6503383,0.7242375,0.6501267,0.7821156,0.68691665
0.6332882,0.6845199,0.6670735,0.7762563,0.7042382
0.59972936,0.62853396,0.6302621,0.73054135,0.6630829
0.59133965,0.56552166,0.5659607,0.69000006,0.60214424
0.5466847,0.5502779,0.54121834,0.6327181,0.5670498
0.44167796,0.48180965,0.47572494,0.579108,0.46848154
0.34154263,0.37217957,0.36333847,0.549101,0.38475895
0.2798376,0.29462078,0.29135498,0.51872945,0.34270257
0.2435724,0.2600279,0.25952405,0.49295303,0.27045053
0.21705006,0.23640724,0.23707731,0.47550985,0.27168858
0.21732071,0.22359902,0.21641378,0.46133184,0.24470925
0.23437077,0.25787967,0.24569127,0.45094064,0.2908148
0.28092015,0.32645914,0.29092735,0.44992027,0.339603
0.37428957,0.42991427,0.37129843,0.43625197,0.42246193
0.47550744,0.48816526,0.46126056,0.44091102,0.5030713
0.54560214,0.5485815,0.52315426,0.4775123,0.57654756
0.605954,0.5873801,0.5699549,0.5501375,0.6000812
0.6549391,0.65392846,0.62259233,0.63329476,0.60600364
0.69039243,0.67489535,0.6565019,0.7104037,0.61658776
0.69905275,0.74225384,0.6789813,0.79589844,0.62744194
0.73261166,0.7230721,0.6730469,0.8406174,0.5996637
0.7480379,0.7357269,0.7232029,0.84099555,0.59769243
0.7523681,0.74293876,0.720601,0.8438418,0.6087991
0.7564276,0.79159606,0.7319313,0.8440652,0.6491774
0.75859267,0.8421088,0.74552387,0.8649428,0.66947895
0.7504736,0.7777239,0.7703172,0.83033085,0.70494723
0.72584575,0.74524826,0.75404394,0.80809176,0.6584543
0.71935046,0.69121367,0.67949015,0.79314387,0.59613895
0.6638701,0.6816769,0.65350187,0.7353053,0.5733072
0.56427604,0.5866658,0.5788979,0.68944514,0.4698732
0.46035182,0.48428524,0.48639438,0.6299183,0.3786019
0.39215156,0.40262896,0.40533626,0.61806965,0.33808446
0.35453317,0.36222228,0.36567846,0.5758971,0.27548033
0.32990527,0.34590787,0.3482049,0.61046886,0.2909433
0.32665765,0.3380434,0.33338246,0.62201047,0.27137926
0.3404601,0.38330784,0.35281345,0.60017824,0.29557374
0.3713126,0.43960315,0.3939781,0.6010952,0.34175128
0.4660352,0.5249741,0.4428491,0.5729836,0.46777523
0.57077134,0.5865619,0.55406696,0.5690596,0.52014905
0.6449256,0.66244614,0.61903894,0.6269269,0.58827484
0.7096076,0.7049984,0.6737726,0.6824625,0.620068
0.776184,0.77400243,0.73095065,0.75123703,0.6183449
0.8127199,0.8076146,0.78714865,0.83375597,0.63120353
0.8254398,0.8725545,0.79917175,0.8779112,0.6363129
0.84682006,0.8488838,0.80349207,0.8954115,0.6268817
0.8435724,0.8550592,0.82808965,0.90648603,0.6178063
0.8451962,0.8376251,0.8055918,0.88583636,0.6226551
0.83572394,0.88899773,0.8215103,0.8475423,0.6505934
0.8205683,0.9221931,0.80052465,0.84671223,0.6957097
0.80487144,0.8394739,0.82015145,0.82312536,0.7019036
0.7694181,0.80856436,0.8320131,0.802794,0.66517407
0.7374831,0.7421686,0.7231368,0.760252,0.6276465
0.6489851,0.7007478,0.66738266,0.7060183,0.57511014
0.52828145,0.576383,0.5616876,0.6106448,0.47278482
0.43139377,0.4655813,0.4502617,0.59255624,0.39280528
0.36373478,0.39236325,0.38543254,0.5777024,0.33640173
0.32313937,0.3528947,0.339771,0.5692389,0.27808496
0.30040595,0.32958287,0.31484994,0.576352,0.30341554
0.2968877,0.31764904,0.3024643,0.56640446,0.28048176
0.30798376,0.35310638,0.3160619,0.5507448,0.31074244
0.35751015,0.39755312,0.35595307,0.5390434,0.34617758
0.4351827,0.5119469,0.44922838,0.51688063,0.4715404
0.50717187,0.5577477,0.50981545,0.49000284,0.53386164
0.55372125,0.5966762,0.5520976,0.49810144,0.5940547
0.585115,0.6127198,0.58356035,0.50132215,0.61517495
0.6113667,0.63725036,0.6036316,0.5375124,0.6200888
0.6246279,0.63437176,0.6144742,0.5630495,0.6269518
0.6292287,0.6756819,0.61144793,0.6303409,0.62857586
0.6368065,0.66196996,0.6085491,0.67719114,0.6251783
0.63058186,0.6513612,0.61325866,0.6893083,0.62117034
0.6257104,0.6402276,0.5970429,0.7137568,0.62234455
0.6246279,0.6854502,0.60150886,0.7339312,0.6489455
0.6232747,0.71938795,0.6120423,0.71348405,0.698418
0.6054127,0.67347085,0.6381224,0.7088394,0.69943565
0.57023007,0.62382305,0.61267066,0.69243896,0.66985834
0.56211096,0.55436903,0.5298813,0.6661054,0.6281882
0.520433,0.5338466,0.5046995,0.6221068,0.57630926
0.41786197,0.4728939,0.45126563,0.55932176,0.46608007
0.32584575,0.35907125,0.3452755,0.5215336,0.39429396
0.25764546,0.30022746,0.28029743,0.50949407,0.35753965
0.21650879,0.25330907,0.23270297,0.49645716,0.28029525
0.19729364,0.21609193,0.20729107,0.4858437,0.2817444
0.19161029,0.21285993,0.19854623,0.46152717,0.26303592
0.20270637,0.23895752,0.20027608,0.45238635,0.2838873
0.24627875,0.29362458,0.23418279,0.43907037,0.3367871
0.32801083,0.39488918,0.31669503,0.4328777,0.42508906
0.4127199,0.43498275,0.4039427,0.42691305,0.49953437
0.4692828,0.4831437,0.45228478,0.44665682,0.56227976
0.517456,0.51179373,0.49003822,0.47437963,0.59264946
0.5545331,0.55479485,0.5296577,0.5333589,0.59955835
0.57564276,0.56692004,0.55476993,0.59509385,0.6123862
0.5818674,0.6097636,0.56171834,0.6590637,0.6186689
0.5978349,0.5993948,0.55917454,0.7031028,0.5986398
0.5986468,0.6036461,0.579871,0.7353611,0.59603596
0.59810555,0.6018373,0.5717543,0.75491595,0.6047201
0.60108256,0.6380929,0.5819442,0.7551539,0.64798176
0.5991881,0.68278486,0.5980827,0.74947536,0.6526506
0.57645464,0.6326645,0.6079579,0.747185,0.67678326
0.5529093,0.57744354,0.5727885,0.72610044,0.62817204
0.55236804,0.5322932,0.5234417,0.690012,0.58594257
0.5158322,0.52253985,0.5038915,0.63337064,0.5664287
0.42273343,0.45902553,0.445655,0.56963575,0.45978916
0.33125845,0.35160795,0.34916893,0.49358174,0.37758088
0.26441136,0.28346622,0.28319535,0.47894007,0.33135372
0.22219215,0.24595419,0.2399273,0.4463914,0.27927014
0.20135318,0.21153218,0.21471016,0.4311351,0.27366734
0.19215156,0.21468066,0.2053415,0.42038924,0.25780973
0.1924222,0.22501853,0.20542587,0.41347572,0.26030347
0.20622464,0.25005955,0.22624718,0.40487802,0.2614246
0.2414073,0.29212713,0.26438433,0.40385646,0.3460664
0.3158322,0.34380782,0.30438215,0.3931157,0.3952824
0.38511503,0.41900784,0.3811812,0.42882425,0.50865465
0.44871446,0.4486559,0.42692098,0.47277236,0.53782666
0.47983763,0.4900698,0.47510755,0.56660104,0.54938215
0.4985115,0.49520868,0.48315167,0.6236625,0.5410008
0.50284165,0.5435835,0.48981783,0.6926235,0.5337293
0.5036536,0.52550817,0.48467994,0.7334708,0.54096115
0.49742895,0.52183694,0.48262957,0.76773715,0.5395445
0.5044655,0.5127013,0.4743667,0.75460315,0.5474713
0.51610285,0.5534586,0.49789825,0.7551204,0.5433415
0.529364,0.61441904,0.51859426,0.76789546,0.60188586
0.52584577,0.5759334,0.54796267,0.75220764,0.60813653
0.50094724,0.5315931,0.5368178,0.739478,0.5686598
0.50257105,0.48383844,0.48221087,0.7229948,0.54605275
0.4752368,0.4754004,0.46155214,0.6572591,0.52230906
0.39594045,0.43150717,0.4103577,0.5886842,0.43295395
0.3142084,0.3363347,0.32310173,0.5219379,0.3608353
0.25277403,0.28194177,0.26344603,0.4945021,0.31202716
0.21650879,0.23427266,0.22411902,0.47589055,0.23462704
0.19512855,0.20831327,0.20683737,0.4673808,0.25421157
0.1864682,0.21019319,0.19492845,0.46772367,0.24257004
0.18836266,0.21490481,0.19625585,0.45764768,0.23696047
0.19431664,0.23615074,0.2159584,0.44534805,0.24251711
0.22381596,0.2676648,0.24167867,0.45121834,0.28255415
0.28903925,0.3183183,0.29022986,0.43790656,0.35323578
0.36427605,0.39561182,0.3552391,0.4720697,0.4647857
0.43707713,0.43189657,0.41283387,0.50770223,0.4757157
0.47794315,0.46775672,0.46528822,0.56362784,0.50043905
0.49742895,0.48905116,0.48480213,0.590024,0.5221145
0.49959403,0.5239569,0.4886068,0.6316161,0.5263588
0.4887686,0.5034445,0.48081356,0.6290847,0.5402327
0.48822734,0.4883858,0.46510455,0.6493397,0.509329
0.49607578,0.49919635,0.47562286,0.6487392,0.5263079
0.5158322,0.54957956,0.49112457,0.68791705,0.55696875
0.5369418,0.6217203,0.52620214,0.68081033,0.5847642
0.5336942,0.587348,0.55355734,0.6919005,0.5961504
0.51772666,0.5384073,0.5377133,0.670349,0.5470118
0.5185386,0.4922374,0.5023695,0.64712805,0.511932
0.46874154,0.48446536,0.47929734,0.6196985,0.4975863
0.38592693,0.4155739,0.39527515,0.5897521,0.41761595
0.3098782,0.33003202,0.31428093,0.5850698,0.31501532
0.258728,0.28848788,0.2612558,0.5621047,0.29129538
0.23220569,0.23960212,0.23274422,0.5546398,0.25133747
0.22138025,0.22485608,0.22477487,0.56035423,0.28004885
0.22435723,0.2282308,0.22506529,0.5494878,0.26492083
0.24248984,0.25863665,0.24292131,0.5402229,0.29830694
0.29797024,0.32471004,0.28760892,0.52775395,0.33370635
0.38890392,0.44152582,0.38704842,0.52488863,0.44560415
0.4836265,0.4914735,0.4668523,0.52858746,0.52013683
0.54722595,0.55076087,0.5271335,0.53836405,0.58181274
0.5894452,0.5812161,0.5675274,0.54514253,0.6038492
0.61867386,0.614063,0.5961022,0.55446005,0.6057618
0.6376184,0.61151695,0.6131215,0.57658625,0.61498463
0.64384305,0.6562566,0.6217277,0.5833833,0.6303693
0.64952636,0.6393069,0.6219479,0.6176152,0.61922675
0.6451962,0.6371165,0.63180876,0.6576903,0.6093491
0.6435724,0.63912517,0.62512225,0.6723521,0.61639297
0.6484438,0.6780081,0.6356716,0.6851244,0.6457836
0.6430311,0.72971344,0.65464866,0.68862677,0.68691665
0.6108254,0.6771917,0.6595384,0.6847271,0.7042382
0.57239515,0.6057348,0.6090574,0.63910115,0.6630829
0.54857916,0.5362382,0.540782,0.56871295,0.60214424
0.4828146,0.50978166,0.49736908,0.57177186,0.5670498
0.39458728,0.42523843,0.4128741,0.5429293,0.46848154
0.31474966,0.33989614,0.3346438,0.5334239,0.38475895
0.25899863,0.28423995,0.27632183,0.52780974,0.34270257
0.22516915,0.24890158,0.24102154,0.5240709,0.27045053
0.20703654,0.22379708,0.22088449,0.5228685,0.27168858
0.20649527,0.2178681,0.21410637,0.5177748,0.24470925
0.22300406,0.2490905,0.2375274,0.51670384,0.2908148
0.26792964,0.3120578,0.28172764,0.5072315,0.339603
0.3526387,0.4174046,0.3445899,0.5007899,0.42246193
0.43897158,0.46208632,0.42775416,0.4968246,0.5030713
0.48606226,0.50775206,0.48481274,0.5026332,0.57654756
0.51285523,0.5214286,0.50374764,0.5179833,0.6000812
0.5358593,0.546276,0.5180566,0.5464351,0.60600364
0.5461434,0.5428126,0.5310281,0.5758115,0.61658776
0.54993236,0.58325696,0.5290919,0.5964292,0.62744194
0.5610284,0.5639555,0.5285314,0.6186724,0.5996637
0.5615697,0.56311435,0.5436218,0.6472184,0.59769243
0.5545331,0.56592655,0.5385983,0.65071,0.6087991
0.55236804,0.59605026,0.5411634,0.66734767,0.6491774
0.5518268,0.64230835,0.5617173,0.6784587,0.66947895
0.5404601,0.5974088,0.5703446,0.67739224,0.70494723
0.5201624,0.5496981,0.53182495,0.6484227,0.6584543
0.5269283,0.49556234,0.4826334,0.60390675,0.59613895
0.47469553,0.4906757,0.48226076,0.5621364,0.5733072
0.37916103,0.40658763,0.40612668,0.51009023,0.4698732
0.2909337,0.311818,0.3123425,0.49376157,0.3786019
0.23112313,0.25268716,0.24760659,0.48500547,0.33808446
0.2,0.2124027,0.21041286,0.46816513,0.27548033
0.18322057,0.19539535,0.19653413,0.46119824,0.2909433
0.1797023,0.19673014,0.18665119,0.456279,0.27137926
0.19566983,0.2249317,0.19660898,0.45271376,0.29557374
0.24600811,0.28339636,0.24118467,0.45033148,0.34175128
0.3277402,0.3896641,0.32505155,0.44941565,0.46777523
0.4165088,0.43050006,0.39859012,0.44276056,0.52014905
0.4660352,0.47596452,0.45986193,0.4533238,0.58827484
0.49364007,0.49516648,0.4835525,0.4725644,0.620068
0.5136671,0.513884,0.50168717,0.50386715,0.6183449
0.53179973,0.5169425,0.510983,0.53887916,0.63120353
0.5393775,0.5614013,0.5214822,0.5874587,0.6363129
0.5548038,0.54986936,0.52094984,0.62910175,0.6268817
0.5529093,0.55935466,0.53938675,0.6812317,0.6178063
0.55074424,0.55158275,0.5275205,0.6835711,0.6226551
0.5458728,0.5919901,0.540193,0.6906978,0.6505934
0.54722595,0.62676,0.5491106,0.6819724,0.6957097
0.5410014,0.5891464,0.572447,0.68657136,0.7019036
0.520433,0.5448667,0.54451454,0.6515118,0.66517407
0.52341,0.49698418,0.49091095,0.6184221,0.6276465
0.47415426,0.4847846,0.47759283,0.56306624,0.57511014
0.37510148,0.40904617,0.4025949,0.50016785,0.47278482
0.28876862,0.3083411,0.3032995,0.48953032,0.39280528
0.22868742,0.24648325,0.24604547,0.47419378,0.33640173
0.19837618,0.21943624,0.20765366,0.45787847,0.27808496
0.1843031,0.20185593,0.19497351,0.45563114,0.30341554
0.1843031,0.20391373,0.18977828,0.4398273,0.28048176
0.20351827,0.2275033,0.20584346,0.43720165,0.31074244
0.25439784,0.2936751,0.2559583,0.43440402,0.34617758
0.3345061,0.39655125,0.33658046,0.44020027,0.4715404
0.4232747,0.43156585,0.40455633,0.4290661,0.53386164
0.4768606,0.4926443,0.46819323,0.4427994,0.5940547
0.51772666,0.5100981,0.49584508,0.4653663,0.61517495
0.55074424,0.542995,0.52888536,0.49522713,0.6200888
0.5677943,0.5554199,0.5500899,0.55780876,0.6269518
0.5705007,0.5983047,0.5534154,0.61089814,0.62857586
0.58240867,0.58382165,0.5484197,0.6576973,0.6251783
0.56914747,0.57805526,0.5654795,0.66334975,0.62117034
0.5648173,0.5584146,0.5382054,0.59680414,0.62234455
0.5664411,0.5978858,0.5581331,0.65116537,0.6489455
0.5653586,0.63795614,0.5745858,0.673529,0.698418
0.5556157,0.6022037,0.5909099,0.66007805,0.69943565
0.5358593,0.55794764,0.5607073,0.60834247,0.66985834
0.5410014,0.5066563,0.5060711,0.6052219,0.6281882
0.49147496,0.50061715,0.49542385,0.58422375,0.57630926
0.3983762,0.43336642,0.41974312,0.5336634,0.46608007
0.31312585,0.33142912,0.33019742,0.51588845,0.39429396
0.25277403,0.27758282,0.27023032,0.5074978,0.35753965
0.21921515,0.2255133,0.2312373,0.50255775,0.26806152
0.19594046,0.20062931,0.21479632,0.50776327,0.257679
0.19350474,0.19543631,0.19677338,0.4898115,0.26093435
0.20866035,0.22171764,0.21589062,0.47689658,0.2808563
0.2571042,0.2749104,0.25547034,0.47320887,0.33569434
0.33640054,0.37862682,0.33295918,0.4667106,0.42959988
0.42354533,0.41720903,0.40879154,0.45762995,0.481713
0.48903924,0.45809692,0.47069165,0.4739362,0.5229273
0.535318,0.49872738,0.51370823,0.5070597,0.5423088
0.5664411,0.5354743,0.5463514,0.55398816,0.575787
0.58457375,0.5471405,0.56241834,0.6236509,0.5939902
0.6005413,0.5685009,0.56880116,0.6601209,0.59118545
0.6156969,0.5786952,0.58264637,0.7002653,0.58194774
0.6135318,0.5845121,0.59522295,0.7695997,0.57658935
0.6056833,0.5708692,0.5871399,0.7477604,0.572819
0.5953992,0.59541905,0.58990955,0.72844076,0.6123376
0.5856563,0.6188109,0.594719,0.7490407,0.6047597
0.56725305,0.57515126,0.6095591,0.7365916,0.6177159
0.5426252,0.5271529,0.5754737,0.67231464,0.57447696
0.5493911,0.49347478,0.51516163,0.6543892,0.58333945
0.50933695,0.4863536,0.5047234,0.62859905,0.5014724
0.42300406,0.4208433,0.4418376,0.6024653,0.41896182
0.33504736,0.33238554,0.35673022,0.5797334,0.32872996
0.27469555,0.27275407,0.28920162,0.5613767,0.2909201
0.23897158,0.24050435,0.25299442,0.5446898,0.2462978
0.21867388,0.22392328,0.23320617,0.53134537,0.22719324
0.21326116,0.21966814,0.22300966,0.5322637,0.21781793
0.21786198,0.2154713,0.23519263,0.5206479,0.2314353
0.2376184,0.25295776,0.2574665,0.50426227,0.2546321
0.27550745,0.30167037,0.29167482,0.490069,0.30979738
0.34993234,0.35311678,0.33181775,0.47905612,0.35728413
0.42381597,0.4165883,0.41075587,0.49798813,0.46460265
0.4803789,0.4582436,0.46167487,0.5384811,0.4945433
0.5066306,0.48823416,0.4991393,0.582708,0.5034781
0.5087957,0.48738062,0.5038411,0.62647754,0.5091821
0.5098782,0.5018734,0.49161512,0.6666386,0.52545923
0.5036536,0.4849132,0.49131823,0.69604945,0.50887764
0.49499324,0.46724015,0.47829893,0.7445693,0.5249308
0.49282816,0.46029347,0.47175616,0.73353374,0.50658333
0.49661705,0.48618793,0.48179007,0.7481787,0.5191428
0.5047361,0.541309,0.5025421,0.72202456,0.56567115
0.49012178,0.5168456,0.5287472,0.7342596,0.5610892
0.46549392,0.44680998,0.4987259,0.67236364,0.5318183
0.47388363,0.4156954,0.44859898,0.6322856,0.519163
0.4384303,0.4175706,0.43861935,0.5834837,0.48738718
0.36346415,0.3667629,0.3747813,0.560107,0.40447462
0.28443843,0.28670484,0.29899943,0.53212976,0.3160568
0.22435723,0.23639198,0.23836003,0.51799655,0.26455447
0.1932341,0.20782605,0.19785787,0.5034784,0.2300762
0.1759134,0.1863926,0.18652672,0.49145117,0.20958166
0.16968876,0.17919433,0.17685953,0.48362294,0.20040473
0.16995941,0.18496557,0.18098304,0.47574225,0.19707339
0.17726658,0.20008445,0.19622067,0.46517196,0.22569688
0.20324764,0.23210849,0.21851937,0.45900783,0.2582243
0.264682,0.28295788,0.2585969,0.4515848,0.30759653
0.3396482,0.3385955,0.32781124,0.4627047,0.44025958
0.397023,0.38675448,0.38500556,0.48753443,0.45687133
0.4300406,0.39370847,0.41755098,0.51480734,0.47533548
0.4533153,0.4149785,0.43236703,0.56643224,0.48294872
0.45764548,0.44749695,0.44600952,0.6360282,0.5100033
0.46062246,0.43542707,0.43867946,0.65521955,0.5136109
0.4592693,0.42260975,0.44338396,0.69940114,0.4887941
0.46657646,0.42860496,0.44371116,0.69760275,0.50582486
0.4828146,0.46449542,0.46551603,0.73588455,0.53537345
0.5082544,0.54164803,0.49493855,0.71282077,0.5648728
0.51231396,0.5188229,0.52628857,0.6985787,0.5613172
0.5044655,0.47017,0.50827855,0.67183053,0.531316
0.5155616,0.44064277,0.48184693,0.6340889,0.51060617
0.46495265,0.44581443,0.4753234,0.6069268,0.4710769
0.3772666,0.37591875,0.38756204,0.56736815,0.39445868
0.29959404,0.2974272,0.3029433,0.5391484,0.2805289
0.2465494,0.24534291,0.25100887,0.5235652,0.24329248
0.21488498,0.22227752,0.22059159,0.49721956,0.24893755
0.20514208,0.19471748,0.20543702,0.4863526,0.22812551
0.20703654,0.20177619,0.21040283,0.47559956,0.22358996
0.22516915,0.22546813,0.2232986,0.47140765,0.2624785
0.2774019,0.28922203,0.26713133,0.462126,0.30035987
0.35832205,0.39658463,0.3684544,0.46209255,0.4031468
0.45087957,0.4387133,0.44154185,0.4607214,0.4773082
0.51610285,0.48123863,0.49592495,0.47483972,0.53064144
0.5696888,0.52021706,0.5393392,0.49110603,0.55267894
0.6105548,0.559248,0.5821092,0.5363362,0.56419647
0.6300406,0.5808249,0.6113901,0.6114011,0.58562607
0.6405954,0.61197364,0.6149896,0.66802585,0.61741614
0.6541272,0.6105165,0.6219425,0.72706807,0.594764
0.65818673,0.6111397,0.6391585,0.7682266,0.5758727
0.6571042,0.6027439,0.6405096,0.7771138,0.588386
0.65981054,0.6525381,0.6463562,0.8056326,0.63114876
0.6625169,0.6878521,0.66498023,0.75571537,0.6335367
0.65304464,0.647901,0.683156,0.7285733,0.63639706
0.6313938,0.6049396,0.65650815,0.7354125,0.60201156
0.6311231,0.56365645,0.59758115,0.6812072,0.5770946
0.5667118,0.54807794,0.5778401,0.6488906,0.5337837
0.4728011,0.45469245,0.48571137,0.5835841,0.44162816
0.3753721,0.37123987,0.40269524,0.54593205,0.3449933
0.31231394,0.29915875,0.3221797,0.52758425,0.279673
0.27631935,0.26253888,0.28841227,0.49653387,0.2510711
0.255751,0.24483082,0.27077785,0.48371026,0.24542598
0.24871448,0.2451096,0.25920883,0.47555766,0.23347345
0.26332882,0.2616271,0.27119553,0.4652116,0.27555966
0.30717185,0.32881725,0.31680506,0.46867463,0.32709464
0.38836265,0.42310822,0.3866347,0.468767,0.41991654
0.48687416,0.4693694,0.46632248,0.4666207,0.4851076
0.54479027,0.5223015,0.54074496,0.48240057,0.521929
0.6005413,0.551105,0.5669118,0.5251193,0.5381796
0.6473613,0.60779256,0.61914015,0.5974519,0.57421726
0.6755074,0.62875926,0.6494575,0.6897342,0.58751416
0.69039243,0.6743601,0.66228175,0.7494317,0.60603136
0.70554805,0.66587394,0.6696348,0.7759274,0.584821
0.71420836,0.6601357,0.68490136,0.79974353,0.57855475
0.7136671,0.6568074,0.6895199,0.80685675,0.57726264
0.70419484,0.700809,0.689639,0.7527579,0.62489104
0.69905275,0.72975177,0.68850064,0.7294682,0.61590374
0.6803789,0.67392194,0.71697813,0.7254915,0.6319908
0.6600812,0.62735504,0.6898548,0.71677923,0.58679384
0.6511502,0.5886997,0.6222863,0.67958987,0.5937066
0.5802436,0.56204915,0.58876693,0.6343787,0.51474977
0.47550744,0.46053547,0.49684545,0.57662225,0.43292773
0.3813261,0.37026775,0.40096515,0.5702228,0.330187
0.31556156,0.30456513,0.33272907,0.55487704,0.28903532
0.27929634,0.2851262,0.290938,0.5319822,0.25560412
0.2608931,0.26005602,0.27272186,0.51807094,0.23078439
0.2571042,0.2607638,0.2642491,0.5054743,0.23961642
0.27009472,0.2890374,0.27696267,0.5013114,0.2531671
0.3201624,0.338143,0.3203895,0.500896,0.30883092
0.3991881,0.4459597,0.40624976,0.49101517,0.42147028
0.485521,0.48664248,0.4709043,0.496165,0.49574047
0.54316646,0.5187634,0.5327696,0.5033233,0.53705955
0.58457375,0.550669,0.5691544,0.54092956,0.57248026
0.61542624,0.58948284,0.5999033,0.5873321,0.57538444
0.63247633,0.5949756,0.6158362,0.64773405,0.60808504
0.6384303,0.62644196,0.618932,0.6872604,0.62373894
0.6473613,0.61813986,0.61707854,0.72634923,0.6008563
0.6427605,0.61557573,0.6260334,0.7486944,0.5806537
0.6368065,0.6006896,0.6114526,0.76359653,0.5930855
0.6362652,0.6411242,0.613977,0.7608378,0.63470155
0.63545334,0.66659087,0.6289053,0.6925181,0.6414352
0.6175913,0.627391,0.6528456,0.7004367,0.6451267
0.59810555,0.5826609,0.6272612,0.70484436,0.6184206
0.5953992,0.54867184,0.5638649,0.67057085,0.5891419
0.5355886,0.5219277,0.53841364,0.6158477,0.5432065
0.43328822,0.4279786,0.4579447,0.55961406,0.44631064
0.341272,0.34418887,0.3603137,0.5339794,0.34728846
0.2790257,0.28311545,0.29393888,0.51580226,0.2734599
0.2376184,0.24892777,0.25614607,0.50664616,0.27568704
0.21623816,0.21657524,0.22743489,0.48481837,0.24617584
0.20703654,0.2221295,0.21699224,0.4682506,0.24973111
0.2232747,0.2338409,0.21947347,0.45866397,0.27770445
0.2654939,0.29155964,0.26857165,0.4486853,0.32317883
0.34614342,0.3930151,0.33850533,0.44541302,0.43544137
0.43301758,0.43761483,0.42222822,0.43923044,0.49288458
0.48930988,0.46930164,0.47906843,0.4567568,0.53417796
0.5223275,0.50854695,0.5117261,0.4813216,0.56726515
0.54695535,0.51715297,0.5325795,0.51985145,0.5732708
0.55913395,0.5183967,0.5460433,0.574262,0.59826344
0.561299,0.54738736,0.54521286,0.6203463,0.6157464
0.5715832,0.53376734,0.54026747,0.6506896,0.5962003
0.5542625,0.5337674,0.5532582,0.6849834,0.5831157
0.5445196,0.5126638,0.5195097,0.62622,0.58982235
0.5393775,0.54006517,0.5308226,0.64520156,0.6271036
0.5458728,0.5606156,0.53722835,0.6127225,0.64052284
0.5345061,0.5550653,0.571787,0.60050607,0.63770336
0.51231396,0.48937824,0.5439819,0.55582356,0.61573535
0.51989174,0.45378247,0.48834434,0.54808176,0.59393936
0.4579161,0.4449829,0.47626567,0.5413406,0.5358749
0.37266576,0.36415368,0.38141632,0.5215547,0.4363739
0.2849797,0.29254666,0.3099069,0.5063058,0.35196006
0.22083898,0.23986053,0.23929107,0.490908,0.2876972
0.18998647,0.20018414,0.1955092,0.47879198,0.26806152
0.17618403,0.17301433,0.1867039,0.4653671,0.257679
0.17266576,0.17685547,0.18006054,0.45171657,0.26093435
0.18755074,0.20272747,0.18734208,0.43700537,0.2808563
0.2368065,0.25564873,0.23011361,0.4329151,0.33569434
0.31393775,0.36083704,0.312472,0.42295188,0.42959988
0.39972937,0.39834154,0.38378605,0.42079782,0.481713
0.46576455,0.43442002,0.44528735,0.4479629,0.5229273
0.5101488,0.47623214,0.4886081,0.49772772,0.5423088
0.5407307,0.5085037,0.5190492,0.56955314,0.575787
0.5585927,0.5241134,0.53633523,0.6408644,0.5939902
0.561299,0.5452616,0.54261345,0.68519616,0.59118545
0.57104194,0.54300904,0.5373562,0.70891225,0.58194774
0.57591337,0.54287916,0.55119425,0.7477199,0.57658935
0.5686062,0.53918034,0.5560393,0.7473668,0.572819
0.56941813,0.5641942,0.5528501,0.762743,0.6123376
0.5699594,0.5978315,0.5806807,0.7484318,0.6047597
0.5534506,0.5655341,0.58895564,0.72701836,0.6177159
0.529364,0.5169729,0.5517642,0.6772243,0.57447696
0.5288227,0.48310864,0.49921152,0.64194155,0.58333945
0.47983763,0.4658054,0.48069322,0.58440757,0.5014724
0.39215156,0.39036602,0.4111012,0.5378842,0.41896182
0.3023004,0.3055206,0.32701167,0.50176275,0.32872996
0.24167794,0.2364611,0.25646904,0.45852008,0.2909201
0.20703654,0.2109372,0.22269274,0.43938255,0.2462978
0.18592693,0.1945987,0.20357306,0.43069082,0.22719324
0.17537212,0.19056106,0.18797892,0.42035967,0.21781793
0.17699593,0.18412113,0.19125013,0.4062394,0.2314353
0.194046,0.21119177,0.21682473,0.40449506,0.2546321
0.23518267,0.25764644,0.25454253,0.3946607,0.30979738
0.3104195,0.31902432,0.30135217,0.3960484,0.35728413
0.3894452,0.37693775,0.37517992,0.41935098,0.46460265
0.4473613,0.4262209,0.43156964,0.47933003,0.4945433
0.4768606,0.4504956,0.467538,0.5695703,0.5034781
0.4895805,0.45822155,0.4769121,0.6460836,0.5091821
0.49364007,0.48511192,0.4767416,0.71646416,0.52545923
0.49147496,0.47092348,0.47561336,0.7459296,0.50887764
0.48470905,0.45863664,0.4698075,0.7763748,0.5249308
0.4930988,0.45109722,0.46358702,0.77664936,0.50658333
0.5082544,0.48523277,0.4911333,0.77675545,0.5191428
0.5223275,0.55140615,0.51836866,0.7637241,0.56567115
0.520433,0.5263196,0.5433154,0.7691939,0.5610892
0.49959403,0.47379977,0.52747655,0.76035523,0.5318183
0.5090663,0.44412023,0.47538757,0.73058736,0.519163
0.46359947,0.44344068,0.4676687,0.65300596,0.48738718
0.38159674,0.3800109,0.39149284,0.5571506,0.40447462
0.29445195,0.2926881,0.31209934,0.49112096,0.3160568
0.2384303,0.2347698,0.24387057,0.46966752,0.26455447
0.20162381,0.21415105,0.21483622,0.44561088,0.2300762
0.17997293,0.18944328,0.19196093,0.44211975,0.20958166
0.16427605,0.17874643,0.17935291,0.429548,0.20040473
0.16075778,0.1778332,0.1705903,0.4224466,0.19707339
0.17158322,0.1907079,0.1858493,0.41275436,0.22569688
0.1953992,0.22874492,0.2264215,0.4049225,0.2582243
0.261705,0.27914092,0.26330614,0.4031638,0.30759653
0.34397835,0.33932152,0.33512002,0.42498344,0.44025958
0.41082543,0.39538524,0.39686823,0.47376388,0.45687133
0.45087957,0.41365513,0.43780985,0.56636536,0.47533548
0.4768606,0.4420554,0.45929006,0.6654178,0.48294872
0.49201623,0.47856438,0.47205758,0.739362,0.5100033
0.4963464,0.47391292,0.47827393,0.7592777,0.5136109
0.4993234,0.46118194,0.4775623,0.7862592,0.4887941
0.50771314,0.46917135,0.4849805,0.7994164,0.50582486
0.5309878,0.5083462,0.50294995,0.7953247,0.53537345
0.55372125,0.5828985,0.5431355,0.78375125,0.5648728
0.55318,0.55631423,0.56883484,0.7641686,0.5613172
0.541272,0.5047852,0.5575864,0.74078965,0.531316
0.5477673,0.47519925,0.52300835,0.70061636,0.51060617
0.49039242,0.47292364,0.5025747,0.6392199,0.4710769
0.39729363,0.39436904,0.40991336,0.5683218,0.39445868
0.3120433,0.30961576,0.3212545,0.51076615,0.2805289
0.25683355,0.25353292,0.26065087,0.47659913,0.24329248
0.22165088,0.22899628,0.23038884,0.47276428,0.24893755
0.20920162,0.19739644,0.21033671,0.4524732,0.22812551
0.20595399,0.20231824,0.21290927,0.439203,0.22358996
0.22110961,0.22457719,0.2186927,0.4338996,0.2624785
0.26901218,0.28527945,0.26036704,0.42665982,0.30035987
0.35101488,0.3921143,0.36081916,0.4101104,0.4031468
0.4481732,0.43639818,0.44948113,0.41131306,0.4773082
0.50554806,0.4830037,0.49751002,0.4334054,0.53064144
0.5602165,0.51391166,0.5285986,0.46616176,0.55267894
0.61001354,0.5591335,0.57697845,0.55459297,0.56419647
0.64113665,0.5889448,0.6167413,0.6530199,0.58562607
0.6608931,0.63223773,0.6314436,0.7331984,0.61741614
0.67496616,0.6367511,0.6436298,0.7868961,0.594764
0.6687415,0.6333528,0.65685487,0.8176218,0.5758727
0.66468203,0.61641026,0.6432508,0.8398274,0.588386
0.67036533,0.66014105,0.65394485,0.8198061,0.63114876
0.67496616,0.7018454,0.67186236,0.8033639,0.6335367
0.66441137,0.6620103,0.69252574,0.8072369,0.63639706
0.6405954,0.6188797,0.67788565,0.7804276,0.60201156
0.63924223,0.5768645,0.610111,0.7420945,0.5770946
0.56914747,0.5560276,0.5841839,0.66332126,0.5337837
0.45737484,0.4564157,0.48692036,0.58216226,0.44162816
0.35967523,0.35813794,0.38071758,0.5373193,0.3449933
0.29445195,0.28582534,0.31046712,0.50199866,0.279673
0.25818673,0.2511989,0.27004844,0.48854268,0.2510711
0.24086604,0.23229903,0.25182953,0.46793523,0.24542598
0.23247632,0.23679978,0.2446336,0.4893048,0.23347345
0.24682003,0.25230658,0.249464,0.47996655,0.27555966
0.30094722,0.3168037,0.3022007,0.46329668,0.32709464
0.38294992,0.41974694,0.39753735,0.44419077,0.41991654
0.47225982,0.46646345,0.46120757,0.43960163,0.4851076
0.5255751,0.50801957,0.5211293,0.45439523,0.521929
0.5661705,0.53229165,0.5507934,0.4811231,0.5381796
0.6024357,0.571566,0.583841,0.54851127,0.57421726
0.6224628,0.58416265,0.60647464,0.60502577,0.58751416
0.62895805,0.6185204,0.6101471,0.6681295,0.60603136
0.6443843,0.6036474,0.6070793,0.6793491,0.584821
0.6430311,0.60449606,0.62624395,0.7440746,0.57855475
0.6359946,0.5919192,0.6137034,0.7334428,0.57726264
0.6311231,0.63445055,0.61564666,0.73906577,0.62489104
0.62598103,0.6678924,0.62451756,0.73822916,0.61590374
0.6092016,0.61638236,0.64550126,0.71484244,0.6319908
0.59296346,0.5655202,0.62640506,0.6755414,0.58679384
0.597023,0.53389335,0.56343603,0.65863085,0.5937066
0.53640056,0.5190973,0.54145163,0.6225482,0.51474977
0.44032475,0.428181,0.45733815,0.61018753,0.43292773
0.34939107,0.3430049,0.3716019,0.6012917,0.330187
0.2993234,0.2833232,0.30313635,0.5880667,0.28903532
0.27604872,0.27819347,0.2826937,0.5789052,0.25560412
0.26143438,0.26141,0.27539983,0.57667,0.23078439
0.258728,0.26243225,0.265331,0.572608,0.23961642
0.27631935,0.2898826,0.2824546,0.57719743,0.2531671
0.33071718,0.34611347,0.3298226,0.5733745,0.30883092
0.4189445,0.45373303,0.40480086,0.574167,0.42147028
0.50392425,0.49529555,0.48381555,0.5604874,0.49574047
0.5577808,0.53100026,0.5419905,0.5666971,0.53705955
0.58619756,0.55502665,0.5755979,0.5398216,0.57248026
0.60703653,0.5766895,0.591085,0.54661083,0.57538444
0.6105548,0.57349277,0.6007801,0.55594754,0.60808504
0.60351825,0.5895101,0.5911416,0.57288706,0.62373894
0.59837615,0.5684094,0.5789807,0.5739409,0.6008563
0.5864682,0.5547516,0.5738704,0.58246887,0.5806537
0.5780785,0.534472,0.55858475,0.5707435,0.5930855
0.5826793,0.5780417,0.562176,0.58155423,0.63470155
0.5840325,0.6148572,0.5901549,0.5691059,0.6414352
0.56914747,0.58483446,0.60536706,0.5605387,0.6451267
0.55318,0.5338255,0.57035357,0.5426445,0.6184206
0.5328823,0.5030769,0.5218832,0.5413009,0.5891419
0.47307172,0.4622261,0.47702956,0.53690696,0.5432065
0.38971582,0.3786118,0.40254802,0.54443836,0.44631064
0.30852503,0.31524828,0.32864356,0.5430299,0.34728846
0.2549391,0.26166746,0.26637605,0.537612,0.2734599
0.22165088,0.23558551,0.23556381,0.54395795,0.27568704
0.20649527,0.20846272,0.21343113,0.54540265,0.24617584
0.20757781,0.21893731,0.21107814,0.5384976,0.24973111
0.21948579,0.23540454,0.23095898,0.53557897,0.27770445
0.26874155,0.29057765,0.25846303,0.5286966,0.32317883
0.35020298,0.39280632,0.3380346,0.5263165,0.43544137
0.43410012,0.43656093,0.41582513,0.51440597,0.49288458
0.48741543,0.46596473,0.47451288,0.52569747,0.53417796
0.51799726,0.501881,0.5027036,0.5403328,0.56726515
0.5407307,0.50650305,0.52071035,0.551384,0.5732708
0.54857916,0.50606155,0.5323044,0.56583595,0.59826344
0.54479027,0.5298586,0.52897716,0.610829,0.6157464
0.5493911,0.5157958,0.51995957,0.62778986,0.5962003
0.5423545,0.5089926,0.5309343,0.6428337,0.5831157
0.53802437,0.50601757,0.51859915,0.6270848,0.58982235
0.53504735,0.53541636,0.5303151,0.6446643,0.6271036
0.53179973,0.5594497,0.5418803,0.6421591,0.64052284
0.51962113,0.53884184,0.5493891,0.6216241,0.63770336
0.5074425,0.47797957,0.5137029,0.60088557,0.61573535
0.5166441,0.4552815,0.47336566,0.5788177,0.59393936
0.4533153,0.44187582,0.47467446,0.52677435,0.5358749
0.36075777,0.36072332,0.37918976,0.4995034,0.4363739
0.27523682,0.28114778,0.295885,0.4832848,0.35196006
0.21677943,0.23124789,0.23278,0.46779978,0.2876972
0.18457375,0.19847289,0.19549456,0.4604718,0.26806152
0.17158322,0.16992651,0.17957638,0.4551204,0.257679
0.16887686,0.17359887,0.17685406,0.44704497,0.26093435
0.18592693,0.20050374,0.18519858,0.43897355,0.2808563
0.23518267,0.25296542,0.23086722,0.43680725,0.33569434
0.31312585,0.35982043,0.31028917,0.43634728,0.42959988
0.39458728,0.396183,0.38225067,0.433744,0.481713
0.44790256,0.42801368,0.4385618,0.4448181,0.5229273
0.4820027,0.457147,0.46804076,0.46583492,0.5423088
0.5098782,0.47485614,0.4903736,0.4877565,0.575787
0.5169147,0.4830342,0.50688225,0.5115471,0.5939902
0.5104195,0.49658316,0.49928764,0.52921635,0.59118545
0.50771314,0.4881495,0.48677912,0.5683089,0.58194774
0.49228686,0.47669107,0.48733154,0.5792308,0.57658935
0.47496617,0.45376605,0.46751505,0.56182706,0.572819
0.47253045,0.46968853,0.4637832,0.54841053,0.6123376
0.47253045,0.5019947,0.4901862,0.5631784,0.6047597
0.46278754,0.4799342,0.5007508,0.56622255,0.6177159
0.45764548,0.4385685,0.4741741,0.5715653,0.57447696
0.46414074,0.41917866,0.43954265,0.56123483,0.58333945
0.41380244,0.40422145,0.42402697,0.53552455,0.5014724
0.33856562,0.33302537,0.34932047,0.5121541,0.41896182
0.2592693,0.26089633,0.28454557,0.49481425,0.32872996
0.20162381,0.20553249,0.21924606,0.49146315,0.2909201
0.17131259,0.18040362,0.18163173,0.48113897,0.2462978
0.15399188,0.16353951,0.16907631,0.47397515,0.22719324
0.15155616,0.16115373,0.15692326,0.47223178,0.21781793
0.15615697,0.1666789,0.16876742,0.4629502,0.2314353
0.17699593,0.18943888,0.1863298,0.46207786,0.2546321
0.21542625,0.23615772,0.22449976,0.44982868,0.30979738
0.28768605,0.29598582,0.2695734,0.44662288,0.35728413
0.35832205,0.35084945,0.34623334,0.45615226,0.46460265
0.4051421,0.3881698,0.3940189,0.49741995,0.4945433
0.4224628,0.39983615,0.41948742,0.5323367,0.5034781
0.42895806,0.39162016,0.41733876,0.58462167,0.5091821
0.42110962,0.41404027,0.4150082,0.60394824,0.52545923
0.408931,0.39309195,0.3997457,0.6339598,0.50887764
0.40216509,0.37222213,0.38718605,0.63241565,0.5249308
0.405954,0.36861825,0.3892625,0.6365595,0.50658333
0.4173207,0.39629593,0.4099114,0.6263579,0.5191428
0.4284168,0.46535948,0.4381274,0.631871,0.56567115
0.42733425,0.4374603,0.45348734,0.620523,0.5610892
0.4316644,0.38967124,0.43547225,0.576545,0.5318183
0.43112314,0.37949443,0.41691795,0.5526651,0.519163
0.38105547,0.36563504,0.39063853,0.5236037,0.48738718
0.31258458,0.30640727,0.31689778,0.5109216,0.40447462
0.2427605,0.24537674,0.25752243,0.5059415,0.3160568
0.1932341,0.19377258,0.2020721,0.50430465,0.26455447
0.16481732,0.17835292,0.17321393,0.48897704,0.2300762
0.1496617,0.15655774,0.16018939,0.4871093,0.20958166
0.14451963,0.15142095,0.15288311,0.48220018,0.20040473
0.1466847,0.16136599,0.15806058,0.47639963,0.19707339
0.15859269,0.17362323,0.17546692,0.47576797,0.22569688
0.18484439,0.21183649,0.20811972,0.47157553,0.2582243
0.24411367,0.26046094,0.24509008,0.46050978,0.30759653
0.32205683,0.3163149,0.30946055,0.4674438,0.44025958
0.38159674,0.36557087,0.3706734,0.49029836,0.45687133
0.42083898,0.37558356,0.40367222,0.5280746,0.47533548
0.43788904,0.40163466,0.42618003,0.56477034,0.48294872
0.43707713,0.42577755,0.42799452,0.60618997,0.5100033
0.42516914,0.40854818,0.41864702,0.62510186,0.5136109
0.41515562,0.38265544,0.4057718,0.63466054,0.4887941
0.41840324,0.38412118,0.40492693,0.6513873,0.50582486
0.43193504,0.41773176,0.42599666,0.6703943,0.53537345
0.44979703,0.48875266,0.45425186,0.6798527,0.5648728
0.45169148,0.46521997,0.47582948,0.6659397,0.5613172
0.44682002,0.4191829,0.45711392,0.64558804,0.531316
0.45602164,0.39500913,0.42699406,0.59496784,0.51060617
0.394046,0.38764164,0.4206342,0.5471883,0.4710769
0.3082544,0.31366953,0.3223279,0.51767206,0.39445868
0.23788904,0.24384749,0.24559683,0.5135689,0.2805289
0.18755074,0.1945002,0.1992255,0.4917246,0.24329248
0.16319351,0.17789604,0.16512142,0.47841904,0.24893755
0.15399188,0.15027167,0.15922707,0.47056043,0.22812551
0.15480378,0.15924227,0.1593013,0.4676108,0.22358996
0.17834912,0.19084093,0.17122011,0.4631626,0.2624785
0.23788904,0.24951121,0.22841427,0.45749262,0.30035987
0.32151556,0.36395806,0.33063453,0.4555522,0.4031468
0.40649527,0.4037446,0.39988065,0.44320711,0.4773082
0.46224627,0.4354495,0.45469472,0.45546404,0.53064144
0.50284165,0.4675815,0.48490068,0.48502278,0.55267894
0.52828145,0.4925413,0.51272714,0.51853603,0.56419647
0.53179973,0.49170294,0.5234633,0.54615855,0.58562607
0.52665764,0.5087681,0.51232636,0.576034,0.61741614
0.5304465,0.49692848,0.50413424,0.60229844,0.594764
0.5217862,0.49169517,0.5166691,0.6214334,0.5758727
0.5142084,0.4795316,0.5049941,0.653932,0.588386
0.5158322,0.51776767,0.51496017,0.6673796,0.63114876
0.51799726,0.5533174,0.53893334,0.6550857,0.6335367
0.5098782,0.52771455,0.5476798,0.6539205,0.63639706
0.50121784,0.4805735,0.5167377,0.6374724,0.60201156
0.50581867,0.45228246,0.47797212,0.58394206,0.5770946
0.43491206,0.43297154,0.4640392,0.5270031,0.5337837
0.33829498,0.33647937,0.3611574,0.48932987,0.44162816
0.25304466,0.26082653,0.27765083,0.47306153,0.3449933
0.1991881,0.20444463,0.21366028,0.4433257,0.279673
0.17158322,0.18543468,0.18208604,0.4333953,0.2510711
0.15723951,0.16022119,0.16944374,0.41984046,0.24542598
0.15453315,0.16022,0.16108832,0.41125506,0.23347345
0.17456022,0.19488008,0.17546052,0.40342242,0.27555966
0.22598106,0.25123107,0.22950296,0.39836884,0.32709464
0.30419487,0.35049555,0.30974323,0.38718998,0.41991654
0.38592693,0.38906366,0.37784478,0.38542187,0.4851076
0.4359946,0.41735226,0.43307233,0.40194815,0.521929
0.46955344,0.4407188,0.4568082,0.44216502,0.5381796
0.49418133,0.46634686,0.4781661,0.49105188,0.57421726
0.5066306,0.45980817,0.4894591,0.52986896,0.58751416
0.51231396,0.49377018,0.4912892,0.5764073,0.60603136
0.5217862,0.49297503,0.49303883,0.63062453,0.584821
0.51962113,0.49146068,0.50490266,0.6626079,0.57855475
0.5225981,0.4796973,0.4996066,0.67129874,0.57726264
0.529364,0.52537143,0.5216352,0.6893883,0.62489104
0.5377537,0.5669461,0.54530275,0.6752937,0.61590374
0.5355886,0.5349901,0.5645677,0.6725635,0.6319908
0.51989174,0.49876893,0.53625524,0.65569854,0.58679384
0.52801085,0.46601894,0.48566723,0.6096541,0.5937066
0.45872802,0.44638377,0.47947076,0.5201104,0.51474977
0.3610284,0.34909606,0.379122,0.4742697,0.43292773
0.27659,0.26457727,0.2950678,0.45094004,0.330187
0.22300406,0.21178257,0.23649488,0.42637053,0.28903532
0.20081191,0.19772297,0.20586662,0.4172399,0.25560412
0.18538566,0.17984264,0.20263599,0.40547806,0.23078439
0.17834912,0.18230969,0.18923055,0.3940999,0.23961642
0.19729364,0.21260571,0.19710438,0.3887344,0.2531671
0.24682003,0.2627955,0.254673,0.38369244,0.30883092
0.32963464,0.37585807,0.3337529,0.37202838,0.42147028
0.41380244,0.4131691,0.40379637,0.3681188,0.49574047
0.46657646,0.44060117,0.45770615,0.39181238,0.53705955
0.5090663,0.4649935,0.48835677,0.4451793,0.57248026
0.5428958,0.5007333,0.52175623,0.50189155,0.57538444
0.561299,0.51920795,0.54283065,0.59859395,0.60808504
0.56887686,0.54688,0.54816437,0.6677855,0.62373894
0.5864682,0.54952085,0.5494871,0.71155345,0.6008563
0.591069,0.5571655,0.57294345,0.7385045,0.5806537
0.5924222,0.55170745,0.5706663,0.74242926,0.5930855
0.597023,0.592034,0.58386123,0.73274696,0.63470155
0.5989175,0.6236616,0.60640144,0.73801696,0.6414352
0.585115,0.5860986,0.62166005,0.7175946,0.6451267
0.5734777,0.54482484,0.5840891,0.6871753,0.6184206
0.57428956,0.5154756,0.53937525,0.6307613,0.5891419
0.5001353,0.49205345,0.5184983,0.5477972,0.5432065
0.40189445,0.3861257,0.41622895,0.51344264,0.44631064
0.3142084,0.31292766,0.3348186,0.48263302,0.34728846
0.25548038,0.25293845,0.27059087,0.4540535,0.2734599
0.22462788,0.22633022,0.23491876,0.44021428,0.27568704
0.21082544,0.20472887,0.22054394,0.43026507,0.24617584
0.2067659,0.21563074,0.21610975,0.4195578,0.24973111
0.22435723,0.23039244,0.22856489,0.41405725,0.27770445
0.27848443,0.2906947,0.28203654,0.4095124,0.32317883
0.36400542,0.4003315,0.37026125,0.39865294,0.43544137
0.44465494,0.44780678,0.43721253,0.3950057,0.49288458
0.49526387,0.47283852,0.48645487,0.4124261,0.53417796
0.5309878,0.50741774,0.51814795,0.4441314,0.56726515
0.5596752,0.5198496,0.5437992,0.4853966,0.5732708
0.56914747,0.52248657,0.5598923,0.5277939,0.59826344
0.5715832,0.54901105,0.55435896,0.5818268,0.6157464
0.5718539,0.53381944,0.55264354,0.5920303,0.5962003
0.5580514,0.5203216,0.5502498,0.5910374,0.5831157
0.5445196,0.5128098,0.5304058,0.62197113,0.58982235
0.5407307,0.5358993,0.5299229,0.64155424,0.6271036
0.54154265,0.55993676,0.5491981,0.6264515,0.64052284
0.5396482,0.5484922,0.5726218,0.6191031,0.63770336
0.54154265,0.49641538,0.5555255,0.59212565,0.61573535
0.53152907,0.4807918,0.51623935,0.55657566,0.59393936
0.46414074,0.44773743,0.4765011,0.5348526,0.5358749
0.37428957,0.3648997,0.39039752,0.5265459,0.4363739
0.2925575,0.29301226,0.3122048,0.5168321,0.35196006
0.24113667,0.24645685,0.25038865,0.5050802,0.2876972
0.21326116,0.21931128,0.22308028,0.5018885,0.26806152
0.20162381,0.19460526,0.20922516,0.49682102,0.257679
0.197023,0.19856219,0.20720972,0.49563697,0.26093435
0.21326116,0.22337663,0.21506482,0.49566516,0.2808563
0.26792964,0.2767722,0.2593136,0.4894018,0.33569434
0.35317996,0.387035,0.3437536,0.4817604,0.42959988
0.4359946,0.42884406,0.4206612,0.48458883,0.481713
0.49201623,0.4627189,0.47566316,0.49118367,0.5229273
0.52124494,0.49681088,0.51053834,0.50585073,0.5423088
0.54722595,0.51324975,0.52530134,0.529807,0.575787
0.5556157,0.5188782,0.5415027,0.54623306,0.5939902
0.5496617,0.5320865,0.5367043,0.5741484,0.59118545
0.5466847,0.521888,0.52360207,0.57487535,0.58194774
0.5309878,0.50724876,0.52422285,0.5739744,0.57658935
0.5106901,0.48565075,0.5047112,0.5802908,0.572819
0.5036536,0.504308,0.49776483,0.5973629,0.6123376
0.5014885,0.5344214,0.5215177,0.5788462,0.6047597
0.49607578,0.50691545,0.53205866,0.57840693,0.6177159
0.49607578,0.46829075,0.5036821,0.5732647,0.57447696
0.49120432,0.45463946,0.4693219,0.5516205,0.58333945
0.43897158,0.42454702,0.44366813,0.53400266,0.5014724
0.3623816,0.3576333,0.3759051,0.52882636,0.41896182
0.28173208,0.28350398,0.3075534,0.5177318,0.32872996
0.22625169,0.22706753,0.24061206,0.51231766,0.2909201
0.19485791,0.2020451,0.20703913,0.5079161,0.2462978
0.1805142,0.18630494,0.19032915,0.50501025,0.22719324
0.17374831,0.18689503,0.18549997,0.5034485,0.21781793
0.18105549,0.18301536,0.18852419,0.49330804,0.2314353
0.20514208,0.21495703,0.21373229,0.49717113,0.2546321
0.2427605,0.26568115,0.2526487,0.50167,0.30979738
0.31366712,0.32041788,0.2917034,0.5001396,0.35728413
0.38890392,0.37332213,0.36940002,0.5071049,0.46460265
0.43355885,0.41775694,0.4236535,0.53033745,0.4945433
0.45142084,0.42830533,0.44416076,0.56026185,0.5034781
0.45548037,0.42628944,0.44425142,0.60458004,0.5091821
0.45169148,0.44185475,0.43859285,0.63082767,0.52545923
0.44384304,0.42616993,0.43057483,0.65621066,0.50887764
0.43139377,0.4073132,0.42133167,0.65634394,0.5249308
0.4300406,0.39581472,0.4116273,0.6375636,0.50658333
0.43788904,0.4215253,0.43019065,0.65736103,0.5191428
0.4511502,0.48825306,0.45605814,0.65002394,0.56567115
0.4519621,0.46225196,0.4774552,0.65180004,0.5610892
0.44871446,0.41235608,0.4569616,0.6196686,0.5318183
0.4549391,0.3993681,0.42624342,0.5996171,0.519163
0.39972937,0.38901138,0.41633973,0.52252835,0.48738718
0.3242219,0.32378733,0.33068773,0.5045663,0.40447462
0.25169146,0.2557971,0.26481384,0.48621058,0.3160568
0.20595399,0.20213398,0.21047363,0.4703007,0.26455447
0.17266576,0.1895149,0.18728635,0.4604784,0.2300762
0.16156968,0.16346595,0.16365859,0.45394394,0.20958166
0.15453315,0.16182673,0.16693018,0.44282466,0.20040473
0.1556157,0.17108211,0.16598268,0.43740582,0.19707339
0.16508795,0.18286121,0.18324208,0.4355213,0.22569688
0.1886333,0.21929076,0.21153063,0.43729696,0.2582243
0.25223276,0.2653646,0.24561478,0.43588582,0.30759653
0.32882273,0.32284534,0.31971854,0.44370595,0.44025958
0.3872801,0.37371334,0.3747897,0.48013738,0.45687133
0.41840324,0.38051853,0.4084617,0.5201894,0.47533548
0.4405954,0.40539968,0.42101246,0.62075853,0.48294872
0.44871446,0.43721092,0.43346268,0.6773194,0.5100033
0.45142084,0.4322691,0.4327506,0.73187876,0.5136109
0.45602164,0.41908425,0.43497276,0.75783134,0.4887941
0.4668471,0.42993292,0.44714996,0.7722044,0.50582486
0.49228686,0.4668371,0.4708352,0.76661336,0.53537345
0.52503383,0.54857856,0.51412493,0.7628968,0.5648728
0.53125846,0.5317443,0.54486454,0.75571215,0.5613172
0.5304465,0.48893815,0.5229074,0.7275975,0.531316
0.5369418,0.46689248,0.5005952,0.66121936,0.51060617
0.46035182,0.4572019,0.48671228,0.56949663,0.4710769
0.37050068,0.36283273,0.37077877,0.51344323,0.39445868
0.28876862,0.29075426,0.30132163,0.48199138,0.2805289
0.23788904,0.233827,0.23973963,0.46000558,0.24329248
0.21028417,0.216007,0.21340805,0.44699,0.24893755
0.1932341,0.18765566,0.20429356,0.4358736,0.22812551
0.19485791,0.18995613,0.19336693,0.4242452,0.22358996
0.21244925,0.2160185,0.21306182,0.42443195,0.2624785
0.270636,0.27698612,0.25670254,0.41540033,0.30035987
0.3615697,0.39116398,0.37570474,0.40935436,0.4031468
0.45142084,0.44211274,0.4611134,0.40764368,0.4773082
0.5152909,0.47886992,0.49036878,0.42021737,0.53064144
0.5664411,0.51806813,0.5394991,0.47116625,0.55267894
0.60622466,0.5614402,0.57924366,0.5686254,0.56419647
0.6313938,0.5829737,0.6089786,0.6636498,0.58562607
0.64925575,0.6213366,0.6204848,0.7370192,0.61741614
0.6722598,0.6260686,0.63414335,0.78777933,0.594764
0.68010825,0.63541734,0.6615782,0.830423,0.5758727
0.68525034,0.6287357,0.66249585,0.84623194,0.588386
0.69201624,0.6806533,0.6781614,0.8340303,0.63114876
0.69201624,0.721899,0.6947787,0.8208965,0.6335367
0.6782138,0.67489827,0.7096338,0.8236444,0.63639706
0.6671177,0.6292486,0.6855986,0.79651785,0.60201156
0.6541272,0.5980567,0.62924623,0.73692703,0.5770946
0.5686062,0.5583789,0.5882876,0.6073185,0.5337837
0.45385656,0.44846746,0.4813525,0.5366982,0.44162816
0.35236806,0.35273853,0.37868974,0.5085504,0.3449933
0.28795668,0.27762437,0.30208498,0.4897516,0.279673
0.25087956,0.24660978,0.2659784,0.46096507,0.2510711
0.22625169,0.22614367,0.24370085,0.45037675,0.24542598
0.22138025,0.22020021,0.22548856,0.44425055,0.23347345
0.2346414,0.24255715,0.24381322,0.43784037,0.27555966
0.2909337,0.30464453,0.29143277,0.42545542,0.32709464
0.38105547,0.41252404,0.39960033,0.41956222,0.41991654
0.45656294,0.4656735,0.46772435,0.40762237,0.4851076
0.5158322,0.48867294,0.4967767,0.42409712,0.521929
0.5705007,0.5257828,0.5467789,0.46893287,0.5381796
0.6197564,0.57802546,0.59189516,0.5817789,0.57421726
0.6538566,0.60534,0.62819123,0.670166,0.58751416
0.6752368,0.65565836,0.64574564,0.7416364,0.60603136
0.6982409,0.65602046,0.6582828,0.78537774,0.584821
0.70717186,0.6567555,0.68017423,0.81617737,0.57855475
0.714479,0.650868,0.6801729,0.8260015,0.57726264
0.71772665,0.7080719,0.69552064,0.83093715,0.62489104
0.7133965,0.7481878,0.70367193,0.82351136,0.61590374
0.6909337,0.6867699,0.7245574,0.82675004,0.6319908
0.6774019,0.6356735,0.70376474,0.77658236,0.58679384
0.6684709,0.603112,0.63462627,0.7315675,0.5937066
0.57943165,0.5689537,0.5980578,0.6365297,0.51474977
0.46711773,0.4539478,0.4890088,0.566658,0.43292773
0.37239513,0.35841298,0.39527074,0.5459956,0.330187
0.3098782,0.29405987,0.32800344,0.52819586,0.28903532
0.2782138,0.28093755,0.2893742,0.52617097,0.25560412
0.2600812,0.2605575,0.2757138,0.5331093,0.23078439
0.25439784,0.26141065,0.26406455,0.53153384,0.23961642
0.2714479,0.28902504,0.27099997,0.5229862,0.2531671
0.3369418,0.34236294,0.32382885,0.5180665,0.30883092
0.44005412,0.46313742,0.44443178,0.5068517,0.42147028
0.5117727,0.5209669,0.52046067,0.491482,0.49574047
0.55669826,0.53545153,0.53950703,0.5100323,0.53705955
0.61001354,0.56769496,0.5812598,0.56034887,0.57248026
0.6652233,0.6191719,0.6312599,0.6601217,0.57538444
0.69661707,0.6466079,0.67466176,0.71315753,0.60808504
0.7188092,0.6939601,0.6849538,0.783751,0.62373894
0.7458728,0.69669074,0.7013017,0.822036,0.6008563
0.7520974,0.70799583,0.7280016,0.85733104,0.5806537
0.75372124,0.6979015,0.7199202,0.8949778,0.5930855
0.75696886,0.75157756,0.7296969,0.89992225,0.63470155
0.7539919,0.78305596,0.7411987,0.884084,0.6414352
0.7339648,0.72351426,0.76407504,0.84503114,0.6451267
0.7317997,0.6852594,0.7394316,0.8156918,0.6184206
0.71583223,0.6634957,0.6804065,0.76968205,0.5891419
0.6292287,0.6194607,0.63836604,0.6924428,0.5432065
0.517456,0.5058345,0.5384741,0.6593246,0.44631064
0.4173207,0.414392,0.44405928,0.6264384,0.34728846
0.3534506,0.34420282,0.36795262,0.55922425,0.2734599
0.32205683,0.3149978,0.33178234,0.55652875,0.27568704
0.30392423,0.2901738,0.31918445,0.5369191,0.24617584
0.29201624,0.2885151,0.3078495,0.53179777,0.24973111
0.30284166,0.31286764,0.3092528,0.5086935,0.27770445
0.3623816,0.3537422,0.3574045,0.48876652,0.32317883
0.45304465,0.4831658,0.45839402,0.47900537,0.43544137
0.52151555,0.5371897,0.5213133,0.46650335,0.49288458
0.5615697,0.5440037,0.555175,0.47464594,0.53417796
0.5918809,0.5784307,0.5883062,0.5111193,0.56726515
0.6105548,0.5942843,0.6104567,0.54698527,0.5732708
0.62192154,0.58517504,0.6134681,0.5841525,0.59826344
0.6181326,0.6208263,0.61321336,0.6395125,0.6157464
0.617862,0.59297734,0.59741807,0.6343164,0.5962003
0.60622466,0.58346033,0.5960554,0.6862766,0.5831157
0.5962111,0.5692681,0.5747013,0.71895766,0.58982235
0.5797023,0.6019422,0.573637,0.6789221,0.6271036
0.565088,0.6158039,0.56308407,0.6828493,0.64052284
0.55020297,0.5787438,0.5888216,0.6657866,0.63770336
0.5542625,0.52109146,0.5791119,0.6630846,0.61573535
0.5466847,0.51070225,0.52841365,0.6168339,0.59393936
0.473613,0.4739812,0.4886633,0.57907677,0.5358749
0.37510148,0.38803834,0.3950506,0.5557239,0.4363739
0.28876862,0.3071319,0.30816385,0.54672575,0.35196006
0.2330176,0.25549304,0.24493709,0.52163434,0.2876972
0.20460081,0.22203004,0.21165068,0.5076456,0.26806152
0.19161029,0.19410945,0.19718042,0.49231917,0.257679
0.18782137,0.19496025,0.19148271,0.48585692,0.26093435
0.20216508,0.21762984,0.20032242,0.46443763,0.2808563
0.258728,0.26864302,0.2396336,0.44874677,0.33569434
0.3437077,0.3827628,0.3289811,0.42863744,0.42959988
0.42192152,0.42329335,0.4056644,0.41748148,0.481713
0.47090665,0.44827163,0.45686418,0.44292215,0.5229273
0.5020298,0.47860998,0.4865689,0.47522,0.5423088
0.52124494,0.49730211,0.50690126,0.5066836,0.575787
0.52638704,0.49647862,0.5141462,0.5283693,0.5939902
0.5220568,0.5113301,0.50725514,0.56916356,0.59118545
0.52638704,0.5041617,0.49800473,0.60189134,0.58194774
0.5169147,0.5017252,0.50683993,0.654042,0.57658935
0.5133965,0.48569942,0.4907344,0.66414434,0.572819
0.51258457,0.5144362,0.50431824,0.660729,0.6123376
0.50771314,0.54532593,0.51882035,0.6607815,0.6047597
0.49742895,0.5134294,0.5261002,0.6475941,0.6177159
0.49661705,0.46974555,0.49823013,0.6152656,0.57447696
0.49012178,0.45521742,0.46628273,0.5546429,0.58333945
0.4292287,0.41994172,0.4374748,0.50980973,0.5014724
0.34749663,0.34472874,0.3587183,0.48530564,0.41896182
0.26603517,0.26807085,0.2904205,0.47438917,0.32872996
0.21271989,0.21131404,0.22591996,0.46453014,0.2909201
0.18078485,0.19193852,0.19612218,0.45067236,0.2462978
0.16373478,0.17391568,0.17698465,0.44222358,0.22719324
0.15453315,0.17107707,0.1671525,0.44184265,0.21781793
0.16021651,0.17035452,0.16865627,0.43520564,0.2314353
0.18376184,0.19387467,0.19712181,0.42863452,0.2546321
0.21759135,0.24669158,0.23989476,0.41731986,0.30979738
0.2841678,0.30003434,0.2702247,0.4171831,0.35728413
0.35615698,0.34685403,0.34262726,0.43587592,0.46460265
0.40270635,0.38939464,0.3945886,0.46847782,0.4945433
0.4189445,0.3988998,0.41844517,0.50405324,0.5034781
0.4270636,0.38718146,0.41564915,0.55042493,0.5091821
0.4240866,0.4157073,0.41566813,0.60619545,0.52545923
0.4181326,0.40060782,0.40593448,0.65169156,0.50887764
0.4097429,0.3850751,0.39876002,0.66379666,0.5249308
0.41244927,0.378592,0.39401084,0.6839251,0.50658333
0.42787552,0.40561008,0.41462037,0.688509,0.5191428
0.4451962,0.47690952,0.44869304,0.702932,0.56567115
0.44898513,0.4533056,0.4708532,0.6828253,0.5610892
0.45953992,0.40787658,0.45548013,0.6597116,0.5318183
0.45764548,0.4081244,0.4398661,0.61068654,0.519163
0.40838972,0.38671297,0.41032615,0.5503434,0.48738718
0.33856562,0.3319969,0.3413005,0.5398114,0.40447462
0.26495263,0.2673998,0.27964047,0.5217589,0.3160568
0.21407308,0.21146014,0.21995103,0.52411604,0.26455447
0.1826793,0.19645536,0.19144204,0.50698364,0.2300762
0.17023005,0.17452772,0.17468911,0.48972794,0.20958166
0.16698241,0.17110491,0.17455141,0.48141187,0.20040473
0.17104195,0.17624903,0.18103991,0.4827633,0.19707339
0.18511502,0.19970909,0.20068486,0.48301634,0.22569688
0.21434371,0.2356746,0.23806174,0.4902516,0.2582243
0.27550745,0.2877909,0.27746361,0.48894966,0.30759653
0.35074425,0.34836605,0.33884218,0.49919984,0.44025958
0.4181326,0.39742735,0.39738125,0.55810297,0.45687133
0.46657646,0.41947,0.4424024,0.5964912,0.47533548
0.49661705,0.4536955,0.4744349,0.66126823,0.48294872
0.52151555,0.49260455,0.48962054,0.7226658,0.5100033
0.532341,0.49712974,0.5095541,0.7653774,0.5136109
0.5345061,0.49053007,0.5144986,0.78660583,0.4887941
0.54181325,0.49168485,0.5198379,0.76711416,0.50582486
0.5542625,0.5306475,0.5417804,0.76524055,0.53537345
0.5751015,0.5935695,0.56597036,0.74713874,0.5648728
0.58078486,0.56923646,0.5950351,0.742447,0.5613172
0.5840325,0.5257338,0.5769305,0.72000027,0.531316
0.55696887,0.51387805,0.55200577,0.6761935,0.51060617
0.49580514,0.47002226,0.49338397,0.6547512,0.4710769
0.42056835,0.4042527,0.421421,0.6373793,0.39445868
0.3480379,0.33250248,0.35511944,0.61802614,0.2805289
0.2909337,0.28984648,0.29938248,0.6075076,0.24329248
0.25899863,0.26277477,0.26240605,0.5988424,0.1680977
0.24032477,0.24205676,0.2506352,0.5781653,0.18071064
0.23545332,0.23392192,0.24166997,0.5656798,0.15902443
0.23788904,0.260208,0.2524617,0.55066156,0.19040106
0.2579161,0.31113827,0.2767999,0.5520495,0.239375
0.28985116,0.4037288,0.32891884,0.5488684,0.34446406
0.34018946,0.3950184,0.35471255,0.54315394,0.40244806
0.4351827,0.41387486,0.39995492,0.54554534,0.42724556
0.5182679,0.49468136,0.49336138,0.5836768,0.47283685
0.5718539,0.5599254,0.5494481,0.64990795,0.47947454
0.6081191,0.5852128,0.5805633,0.7124727,0.48308927
0.6227334,0.6395238,0.60171777,0.78968704,0.4984042
0.6240866,0.6289101,0.60289824,0.8128371,0.47157222
0.62381595,0.6119808,0.6001229,0.8470328,0.47563308
0.63437074,0.60687137,0.6047204,0.86589754,0.47037065
0.65304464,0.6667444,0.6273093,0.8804662,0.50852835
0.6755074,0.7155251,0.6552286,0.85959566,0.5049372
0.6673884,0.6977716,0.6905385,0.8432214,0.5429903
0.67036533,0.65253717,0.66615885,0.8115299,0.50143886
0.6465494,0.62438774,0.6347921,0.75854516,0.48167205
0.54857916,0.56905,0.5800829,0.6699023,0.41489798
0.4351827,0.4502645,0.45738336,0.6266259,0.3250569
0.34533152,0.3515669,0.35624325,0.5915308,0.24900948
0.2857916,0.28293702,0.29317918,0.57161653,0.21033713
0.25629228,0.25528014,0.25822654,0.5650775,0.18235876
0.2427605,0.24326038,0.24805309,0.56116724,0.17144313
0.24005413,0.23607805,0.24338774,0.5358955,0.1669579
0.25899863,0.26155987,0.2522738,0.51623535,0.2027959
0.33044654,0.32938483,0.3061568,0.5164095,0.24517241
0.4419486,0.46129552,0.44993913,0.5093881,0.33969057
0.51637346,0.527859,0.5426182,0.50793636,0.42637998
0.5677943,0.5515602,0.5441705,0.5022572,0.43455398
0.6156969,0.59444577,0.5926075,0.5415719,0.47836035
0.667659,0.62576073,0.6317691,0.57749856,0.48597145
0.7014885,0.6495324,0.6750089,0.6378448,0.49916846
0.72286874,0.70896465,0.6896677,0.7026057,0.48970228
0.74100137,0.71097004,0.7039089,0.78012586,0.47520632
0.72828144,0.7124797,0.72165054,0.81552446,0.47277623
0.70906633,0.69531107,0.69426274,0.85811555,0.47725284
0.7198917,0.72018,0.6875988,0.79384494,0.50150174
0.73125845,0.77137506,0.725283,0.8070041,0.50126153
0.72341,0.73722696,0.7446134,0.8007878,0.53420264
0.7317997,0.7022913,0.7343005,0.81091297,0.51318747
0.70202976,0.67835134,0.67985535,0.7664577,0.49413842
0.60514206,0.6207489,0.62128985,0.68086207,0.41038057
0.4955345,0.50019366,0.51494366,0.6279998,0.34530395
0.39783493,0.40351546,0.4254992,0.59153926,0.25948274
0.33991882,0.32861876,0.34959272,0.57718563,0.218598
0.30879566,0.3077776,0.32151502,0.58752465,0.20822492
0.29147497,0.29411203,0.30558848,0.58153784,0.18881072
0.28308526,0.28668568,0.29581705,0.5708127,0.18496028
0.29715833,0.31696475,0.30455685,0.555964,0.19346656
0.35696888,0.37442887,0.35500762,0.5678698,0.24083957
0.45520973,0.5009434,0.4516746,0.53933775,0.35186696
0.5220568,0.549287,0.52723736,0.50806063,0.39510763
0.556157,0.5533978,0.55263627,0.50215626,0.43747306
0.57943165,0.5841845,0.5795952,0.56393766,0.48996395
0.6027064,0.607118,0.59496486,0.6022148,0.47312236
0.61677945,0.6120758,0.60621554,0.65231884,0.49152464
0.62381595,0.6456384,0.606166,0.7081076,0.51058793
0.63897157,0.6332275,0.60504174,0.75164986,0.47974187
0.6381597,0.6365093,0.6202791,0.7817718,0.48760796
0.6403248,0.6264705,0.60828745,0.8089589,0.47832793
0.6403248,0.67842036,0.62539303,0.79817283,0.5207121
0.637889,0.711116,0.6309875,0.8128643,0.51711655
0.62138027,0.6646628,0.65665805,0.78625095,0.5518493
0.6211096,0.61999524,0.6312333,0.78313255,0.52422976
0.594046,0.5880719,0.57691497,0.7119415,0.4838605
0.50419486,0.5279995,0.52145547,0.62007844,0.4333175
0.39783493,0.41768837,0.41769144,0.53022087,0.33586285
0.30879566,0.32279283,0.3278024,0.50935185,0.2557882
0.24925575,0.2602351,0.26474068,0.48223737,0.20348981
0.21705006,0.23648375,0.22721462,0.48106602,0.19484782
0.2,0.20571506,0.20922807,0.46350703,0.20667626
0.1962111,0.20485994,0.19907688,0.44728887,0.18242702
0.21596752,0.2275747,0.21047682,0.44624022,0.21336678
0.28633288,0.2802852,0.26633483,0.44117966,0.26108733
0.38430312,0.4202392,0.3870684,0.4339988,0.38728648
0.4443843,0.4679687,0.45367366,0.42604995,0.4284801
0.48064953,0.47445092,0.46645027,0.43071228,0.43973535
0.51258457,0.50266564,0.50019526,0.47261888,0.4881425
0.54857916,0.5240685,0.5246856,0.527127,0.5001626
0.57564276,0.5438754,0.5522107,0.6144495,0.49813473
0.591069,0.5938164,0.5663022,0.68596447,0.4967453
0.6097429,0.59307253,0.57311475,0.7204387,0.48124337
0.61840326,0.5977798,0.5919028,0.7551756,0.4927317
0.62598103,0.5977223,0.5952969,0.77271307,0.4800418
0.63193506,0.647671,0.61175776,0.7763823,0.50686944
0.63410014,0.67776436,0.6294154,0.77412474,0.5176046
0.6224628,0.6493107,0.6481769,0.7633431,0.54448545
0.6313938,0.60538155,0.61368483,0.7567216,0.51888597
0.6081191,0.58044064,0.585394,0.6880131,0.50782025
0.5207037,0.5275953,0.5326435,0.5986662,0.42769992
0.41515562,0.42888948,0.43193153,0.5369799,0.33358374
0.3242219,0.33255804,0.34488112,0.5333601,0.26421112
0.26414073,0.2666285,0.27912512,0.4985176,0.22849052
0.2338295,0.24597283,0.24438651,0.47462928,0.20403555
0.21434371,0.22219595,0.23176564,0.46649686,0.1831703
0.21001354,0.20911355,0.21673833,0.44664243,0.19496308
0.23734777,0.24368826,0.22933973,0.4524257,0.21558626
0.30554804,0.31481186,0.29971102,0.4469069,0.25198573
0.40730718,0.4497491,0.4134513,0.44218966,0.35870147
0.47821382,0.48776817,0.48174438,0.43132785,0.42532367
0.52584577,0.50640225,0.5029265,0.44042072,0.44175208
0.5718539,0.54770255,0.54819536,0.52219033,0.48803848
0.6227334,0.5912035,0.58813626,0.6040493,0.49440438
0.6608931,0.6210762,0.62997603,0.70148075,0.5023371
0.6844384,0.67629933,0.65278995,0.77540195,0.4799512
0.70392424,0.68163645,0.66688395,0.81674325,0.48102897
0.71393776,0.6801049,0.6839495,0.8329623,0.47991407
0.7285521,0.68564683,0.6904901,0.8777803,0.48123562
0.7250338,0.74128205,0.7151413,0.8560573,0.4927287
0.7098782,0.76011723,0.70788836,0.85877573,0.49164116
0.68903923,0.7048466,0.7285696,0.8345449,0.52202636
0.69364005,0.66332495,0.694816,0.80846035,0.5085633
0.6738836,0.6421444,0.64374495,0.7448945,0.49610335
0.6040595,0.5970337,0.59818375,0.6838273,0.40069926
0.51285523,0.50760186,0.52209604,0.6614437,0.33959013
0.4224628,0.4279912,0.44535357,0.66654575,0.2595154
0.36346415,0.3562333,0.37381795,0.6426511,0.22159377
0.32124493,0.32941964,0.34251922,0.63058585,0.19316636
0.29742897,0.28934813,0.31191644,0.6118958,0.17449617
0.2841678,0.2945758,0.30288646,0.57034576,0.15892194
0.29066306,0.30666816,0.306394,0.5797509,0.16801703
0.31691474,0.3488137,0.34019348,0.5870117,0.17926943
0.3594046,0.41573256,0.38053292,0.58103955,0.24488145
0.4316644,0.45285285,0.41284233,0.5655595,0.2811283
0.52503383,0.5143536,0.4905738,0.57840455,0.36322248
0.59458727,0.5773717,0.57456374,0.6402644,0.40487376
0.6430311,0.63506055,0.6204225,0.71197593,0.4286511
0.66982406,0.65139264,0.6496223,0.7584375,0.42502722
0.6690122,0.70025223,0.65866834,0.8020762,0.41933423
0.6622463,0.66897875,0.6427388,0.82740355,0.38558382
0.6603518,0.650938,0.63543415,0.79847956,0.39211833
0.6619756,0.64458054,0.6368238,0.7898325,0.39337182
0.6403248,0.6872179,0.6395647,0.7586912,0.4378426
0.6140731,0.68895906,0.6128763,0.73418546,0.44420683
0.59269285,0.6302073,0.6316991,0.69990027,0.46902424
0.5751015,0.5744149,0.62168396,0.6815851,0.46926463
0.5361299,0.5385567,0.5471884,0.60871947,0.4427994
0.48064953,0.47973526,0.47485077,0.56560993,0.37443173
0.40054128,0.4216177,0.41533166,0.55206275,0.31046292
0.3209743,0.33061433,0.3380875,0.5417889,0.24430496
0.26495263,0.28987113,0.27568495,0.5379313,0.20324743
0.23193505,0.25100148,0.24106185,0.52483094,0.16539203
0.21163735,0.22157119,0.22267203,0.5150215,0.15414661
0.19945873,0.21966493,0.21008806,0.498471,0.14515336
0.20081191,0.22316596,0.2087218,0.4906138,0.14692263
0.21109608,0.23909451,0.23389353,0.49076012,0.16106921
0.23572396,0.2862656,0.25850242,0.47959405,0.18336071
0.28822732,0.32509673,0.2896795,0.46523532,0.23315209
0.3610284,0.36593354,0.346547,0.4618123,0.3283738
0.40568337,0.41279814,0.4058287,0.4807538,0.3627327
0.42625168,0.40908492,0.42039502,0.5232589,0.3919345
0.43274695,0.41998357,0.42183957,0.54361033,0.39298582
0.43734777,0.43458393,0.41639665,0.5986263,0.3920668
0.4351827,0.42934632,0.4190758,0.64784795,0.36605105
0.43112314,0.4273084,0.41326553,0.6768533,0.3634528
0.44005412,0.4287742,0.41264966,0.6866387,0.36462182
0.4571042,0.47852343,0.43610293,0.71024656,0.4386655
0.48173207,0.5357756,0.46585286,0.7169107,0.43707997
0.4836265,0.52211356,0.5011698,0.6765505,0.4507094
0.4993234,0.4841812,0.47765058,0.644863,0.44148564
0.4752368,0.46559626,0.47500476,0.5843295,0.41218272
0.3962111,0.40780455,0.41726035,0.5217422,0.3416723
0.30663058,0.32504395,0.31782115,0.48769996,0.28412068
0.23112313,0.24386738,0.24214436,0.47622105,0.21213543
0.18673883,0.2031695,0.18846624,0.46085197,0.18074365
0.16481732,0.17912152,0.16855854,0.45008543,0.1680977
0.15372124,0.1576248,0.1618075,0.4377783,0.18071064
0.15669824,0.16263248,0.15755215,0.42608637,0.15902443
0.1843031,0.19522932,0.17300121,0.41819665,0.19040106
0.25602165,0.25330293,0.22779076,0.41395214,0.239375
0.3645467,0.39586222,0.3586435,0.40550143,0.34446406
0.42787552,0.44810832,0.4640459,0.3977667,0.40244806
0.45737484,0.4507209,0.44554406,0.40587035,0.42724556
0.4760487,0.46551776,0.47494316,0.43503505,0.47283685
0.49742895,0.4679946,0.4844362,0.4827991,0.47947454
0.5050068,0.47341916,0.49924728,0.5212344,0.48308927
0.5106901,0.50327045,0.49497956,0.5771536,0.4984042
0.5166441,0.49776646,0.49665576,0.62403536,0.47157222
0.51096076,0.4914625,0.50329256,0.6419153,0.47563308
0.5069012,0.4888824,0.49586993,0.6389828,0.47037065
0.5101488,0.52504313,0.5083802,0.65821815,0.50852835
0.5074425,0.5592734,0.5324882,0.6567165,0.5049372
0.51096076,0.54174906,0.5319606,0.6513703,0.5429903
0.5358593,0.5082944,0.51532954,0.60476077,0.50143886
0.5014885,0.48498732,0.5064219,0.5457927,0.48167205
0.41190797,0.4193467,0.4334017,0.5043119,0.41489798
0.3179973,0.3268818,0.3348261,0.4752213,0.3250569
0.24303113,0.25352645,0.2607278,0.44870287,0.24900948
0.19566983,0.20367107,0.20789371,0.43058196,0.21033713
0.16941813,0.18091327,0.18076944,0.41616306,0.18235876
0.15507442,0.16078694,0.16547523,0.40522164,0.17144313
0.1564276,0.16123807,0.15939899,0.3959915,0.1669579
0.17943166,0.19951761,0.18237881,0.3881348,0.2027959
0.24763194,0.2561645,0.24120575,0.3784912,0.24517241
0.3572395,0.38837546,0.34948444,0.3759421,0.33969057
0.4173207,0.44060066,0.43084413,0.3680799,0.42637998
0.43870094,0.43323913,0.44041538,0.37744895,0.43455398
0.43978348,0.44242194,0.45367995,0.42357412,0.47836035
0.45872802,0.43762964,0.4452035,0.47126785,0.48597145
0.46711773,0.44033033,0.4599328,0.51676697,0.49916846
0.4633288,0.46825582,0.4565684,0.5394087,0.48970228
0.46901217,0.45104027,0.44373572,0.58238363,0.47520632
0.461705,0.44777083,0.45501423,0.5915314,0.47277623
0.45764548,0.44582412,0.44236296,0.6092523,0.47725284
0.45899865,0.4771722,0.45857292,0.6072191,0.50150174
0.47063598,0.5090067,0.48265684,0.59702206,0.50126153
0.47631934,0.50733227,0.50966275,0.59417856,0.53420264
0.5082544,0.47897112,0.48327136,0.5540526,0.51318747
0.47740188,0.46074024,0.48075563,0.5276381,0.49413842
0.4105548,0.3926456,0.41081548,0.49807882,0.41038057
0.3188092,0.32150668,0.34462374,0.48019308,0.34530395
0.24167794,0.24714804,0.25940752,0.4565232,0.25948274
0.19756427,0.19915086,0.20332637,0.44675615,0.218598
0.16995941,0.18232544,0.18436636,0.4313163,0.20822492
0.15805142,0.16195714,0.16410036,0.42876947,0.18881072
0.15913397,0.16163267,0.1632122,0.4323399,0.18496028
0.18376184,0.20065469,0.18005878,0.4308143,0.19346656
0.25629228,0.25844237,0.237026,0.43154907,0.24083957
0.36968878,0.39486003,0.3568771,0.43173608,0.35186696
0.42949933,0.4477247,0.4405151,0.42170706,0.39510763
0.45060894,0.43972242,0.44513416,0.424977,0.43747306
0.4684709,0.4500695,0.46292895,0.46458244,0.48996395
0.4820027,0.45752066,0.47711492,0.49669924,0.47312236
0.48443842,0.45588472,0.479717,0.5248995,0.49152464
0.4820027,0.47543907,0.4713368,0.5510026,0.51058793
0.48849797,0.46530008,0.4652657,0.5791426,0.47974187
0.48741543,0.46498448,0.47582436,0.6128552,0.48760796
0.48903924,0.46561545,0.4728197,0.629931,0.47832793
0.4909337,0.5080593,0.4915166,0.63761365,0.5207121
0.49824086,0.5377446,0.5121026,0.63875854,0.51711655
0.5060893,0.52882487,0.5314545,0.61650467,0.5518493
0.53667116,0.4918518,0.51061535,0.5696808,0.52422976
0.50094724,0.48970538,0.50768924,0.54084337,0.4838605
0.41515562,0.41417557,0.4321478,0.5127187,0.4333175
0.32341,0.33178028,0.33789322,0.49636948,0.33586285
0.25304466,0.24960032,0.26398242,0.491577,0.2557882
0.20324764,0.20493287,0.21816063,0.48363534,0.20348981
0.18078485,0.19066465,0.18435602,0.4726764,0.19484782
0.16725305,0.17269579,0.1789855,0.47880962,0.20667626
0.16860622,0.17675026,0.17186654,0.48837975,0.18242702
0.19566983,0.19835857,0.19254583,0.49015126,0.21336678
0.27036536,0.2657088,0.2593429,0.49472272,0.26108733
0.38592693,0.40008718,0.3767287,0.49796695,0.38728648
0.45277402,0.45953637,0.4546779,0.49502552,0.4284801
0.4849797,0.4711966,0.47132373,0.5007738,0.43973535
0.50798374,0.49287313,0.49742723,0.52549416,0.4881425
0.52341,0.5058598,0.51310414,0.54458207,0.5001626
0.5274696,0.49724135,0.5176042,0.55638456,0.49813473
0.5269283,0.5190498,0.5122544,0.560318,0.4967453
0.5220568,0.5074332,0.50918126,0.5596159,0.48124337
0.517456,0.491288,0.50241697,0.59079623,0.4927317
0.51907986,0.49254018,0.5034562,0.599741,0.4800418
0.5242219,0.53001654,0.5202811,0.6217185,0.50686944
0.53477675,0.56150776,0.5462582,0.62823045,0.5176046
0.5339648,0.5620247,0.56963557,0.6295787,0.54448545
0.54993236,0.52276903,0.5328968,0.6118384,0.51888597
0.5223275,0.5034452,0.5130325,0.58780897,0.50782025
0.4405954,0.4439478,0.4565695,0.57397866,0.42769992
0.34776726,0.36192003,0.36569718,0.55599463,0.33358374
0.2663058,0.27695012,0.28843874,0.5362885,0.26421112
0.21759135,0.2255287,0.22568162,0.51726687,0.22849052
0.17889039,0.2037103,0.20208323,0.4974753,0.20403555
0.16508795,0.17719598,0.16730994,0.4772639,0.1831703
0.16617051,0.17154723,0.17090416,0.4692522,0.19496308
0.19079837,0.20403983,0.18929787,0.46762154,0.21558626
0.25358593,0.2697538,0.2476308,0.46051022,0.25198573
0.3585927,0.39826953,0.3521254,0.45672914,0.35870147
0.41921514,0.4414163,0.43429875,0.44949397,0.42532367
0.4427605,0.44378746,0.4423416,0.44885692,0.44175208
0.4541272,0.4552014,0.45886162,0.45536798,0.48803848
0.46035182,0.4498298,0.46178862,0.46379685,0.49440438
0.4592693,0.4373024,0.45735735,0.47943565,0.5023371
0.45087957,0.4535135,0.44682264,0.49179345,0.4799512
0.4495264,0.43892327,0.43229267,0.5069893,0.48102897
0.4376184,0.42822373,0.4345237,0.51534224,0.47991407
0.42598104,0.42698967,0.4183575,0.5265547,0.48123562
0.42516914,0.4398294,0.4213949,0.5362261,0.4927287
0.42083898,0.46874106,0.44901094,0.5434432,0.49164116
0.4265223,0.45345157,0.45602882,0.54046106,0.52202636
0.45385656,0.4301502,0.44942656,0.5301445,0.5085633
0.4316644,0.41723856,0.43691632,0.5032645,0.49610335
0.36887687,0.36894575,0.37717178,0.49389967,0.40069926
0.29147497,0.30802947,0.3085435,0.4823813,0.33959013
0.2135318,0.23649117,0.24121389,0.46743825,0.2595154
0.16698241,0.18008655,0.17508213,0.44921157,0.22159377
0.1391069,0.16169499,0.15196054,0.43975195,0.19316636
0.12530446,0.13953516,0.13433214,0.4246432,0.17449617
0.122598104,0.1323173,0.12727046,0.4141526,0.15892194
0.13423546,0.16454872,0.13457578,0.4063237,0.16801703
0.16021651,0.17844144,0.16502166,0.39583826,0.17926943
0.20460081,0.23621559,0.21228565,0.38976845,0.24488145
0.27090663,0.28711942,0.26007935,0.39014268,0.2811283
0.33423546,0.33272487,0.32322925,0.39248815,0.36322248
0.37104195,0.3623854,0.36809713,0.42154,0.40487376
0.38267928,0.363315,0.38448167,0.4442186,0.4286511
0.3894452,0.35386688,0.38066453,0.4632049,0.42502722
0.38538566,0.37427413,0.3802084,0.48133045,0.41933423
0.3772666,0.3626918,0.3696757,0.49156287,0.38558382
0.3699594,0.3474212,0.36053786,0.49935642,0.39211833
0.37185386,0.35804152,0.3602775,0.5011884,0.39337182
0.38971582,0.39037523,0.38074362,0.5042068,0.4378426
0.4181326,0.44691485,0.41991392,0.50977015,0.44420683
0.4343708,0.4484796,0.44947508,0.5085306,0.46902424
0.4359946,0.42936108,0.43819493,0.5025518,0.46926463
0.4037889,0.38880605,0.40517533,0.49243298,0.4427994
0.34695536,0.32784304,0.34669697,0.48786953,0.37443173
0.27388364,0.2753796,0.28708658,0.48398232,0.31046292
0.19972937,0.21166001,0.21967591,0.47874695,0.24430496
0.15101488,0.17504786,0.16002682,0.45988286,0.20324743
0.1391069,0.14667858,0.1346725,0.45398006,0.16539203
0.12530446,0.1362592,0.14524627,0.4402642,0.15414661
0.11826793,0.13599157,0.12795366,0.43196753,0.14515336
0.11393775,0.15428923,0.1323688,0.42406663,0.14692263
0.1361299,0.15362932,0.1465704,0.41083542,0.16106921
0.16671178,0.20145237,0.20873065,0.39997563,0.18336071
0.2270636,0.24805517,0.23731506,0.39889216,0.23315209
0.29986468,0.2999813,0.29719692,0.39819694,0.3283738
0.33667117,0.33638257,0.3490765,0.42734855,0.3627327
0.3496617,0.3409666,0.3572962,0.4516544,0.3919345
0.34912044,0.33859146,0.35424802,0.4660094,0.39298582
0.34641406,0.34412187,0.34214047,0.4850115,0.3920668
0.3361299,0.34160936,0.33563024,0.49826762,0.36605105
0.32584575,0.32813329,0.32287627,0.5101364,0.3634528
0.3269283,0.32691056,0.32089058,0.5229049,0.36462182
0.35155615,0.36880147,0.3440324,0.5278331,0.4386655
0.3813261,0.41945094,0.39516938,0.5347297,0.43707997
0.40405953,0.42127818,0.41716242,0.529053,0.4507094
0.43545333,0.4078514,0.4148065,0.5030296,0.44148564
0.4008119,0.39853537,0.4211045,0.47556433,0.41218272
0.32286873,0.3324407,0.34269193,0.45518932,0.3416723
0.23897158,0.25814807,0.25491232,0.4433176,0.28412068
0.17239513,0.18590233,0.1845119,0.4411955,0.21213543
0.13748309,0.15474656,0.13818778,0.42212468,0.18074365
0.11962111,0.14102487,0.12722164,0.40928143,0.1680977
0.1150203,0.12227454,0.117206454,0.39822087,0.18071064
0.12016238,0.13067096,0.12053476,0.3972256,0.15902443
0.14749661,0.1639119,0.13932697,0.39565754,0.19040106
0.22435723,0.22257674,0.20122553,0.39408314,0.239375
0.34560215,0.36669517,0.34247708,0.3921698,0.34446406
0.40541273,0.4255142,0.4400614,0.3918388,0.40244806
0.41921514,0.42513764,0.42578298,0.39073503,0.42724556
0.4224628,0.42354938,0.43455422,0.40455168,0.47283685
0.42760488,0.41346797,0.4296805,0.43576398,0.47947454
0.42516914,0.40854466,0.42724258,0.46150878,0.48308927
0.42598104,0.42139828,0.4159438,0.49217412,0.4984042
0.4248985,0.4153964,0.41530538,0.5077385,0.47157222
0.41677943,0.39449394,0.41495484,0.52900445,0.47563308
0.41488498,0.3991496,0.41162375,0.5315426,0.47037065
0.42354533,0.43565047,0.43388605,0.5404382,0.50852835
0.4443843,0.47523856,0.46401536,0.54078794,0.5049372
0.46792963,0.48514247,0.4844163,0.53982997,0.5429903
0.50040597,0.4710083,0.47583255,0.51710165,0.50143886
0.4571042,0.44642475,0.47523147,0.47140715,0.48167205
0.37320703,0.36913288,0.38859773,0.4468533,0.41489798
0.28308526,0.28989828,0.3040249,0.43199095,0.3250569
0.20189445,0.22365804,0.22896586,0.42075944,0.24900948
0.15480378,0.17681304,0.16282511,0.40599674,0.21033713
0.13775373,0.14844686,0.14021952,0.3852548,0.18235876
0.1315291,0.13071859,0.13793479,0.38235596,0.17144313
0.13125846,0.14450204,0.13578485,0.3845707,0.1669579
0.14939107,0.18152049,0.15038574,0.3824733,0.2027959
0.21867388,0.22935736,0.21129854,0.38469058,0.24517241
0.34695536,0.36108184,0.34494108,0.3795391,0.33969057
0.4127199,0.42945343,0.43350434,0.3773988,0.42637998
0.43464142,0.4225711,0.42906445,0.38293925,0.43455398
0.4495264,0.43032947,0.447822,0.40666878,0.47836035
0.45656294,0.44010836,0.45658898,0.4363089,0.48597145
0.45899865,0.4291004,0.45291585,0.45774788,0.49916846
0.44925576,0.45098764,0.44794315,0.48396716,0.48970228
0.44600812,0.42737573,0.43082744,0.49576017,0.47520632
0.4351827,0.4139836,0.43264803,0.5137484,0.47277623
0.43031123,0.41357303,0.42267835,0.5367502,0.47725284
0.4376184,0.44586393,0.44004416,0.5567832,0.50150174
0.44492558,0.48335856,0.47523546,0.55346024,0.50126153
0.4660352,0.4796791,0.48526317,0.5598998,0.53420264
0.49797022,0.46826747,0.48040977,0.5490793,0.51318747
0.45602164,0.44622764,0.46947414,0.5151387,0.49413842
0.37347767,0.36678544,0.38832822,0.48416862,0.41038057
0.2833559,0.29301488,0.30536494,0.45628628,0.34530395
0.20622464,0.2218062,0.22850719,0.45619056,0.25948274
0.16508795,0.17931983,0.1708036,0.4471843,0.218598
0.1428958,0.15908097,0.15566118,0.4308896,0.20822492
0.13477673,0.14543566,0.13986747,0.42745465,0.18881072
0.13288227,0.1460686,0.138999,0.42235553,0.18496028
0.15723951,0.17960283,0.15010066,0.4217659,0.19346656
0.23220569,0.23955189,0.21576697,0.42008686,0.24083957
0.3526387,0.37433502,0.34596652,0.40952852,0.35186696
0.41190797,0.4352279,0.43009037,0.40258744,0.39510763
0.42625168,0.4241166,0.42689967,0.40104464,0.43747306
0.4300406,0.42617363,0.4378365,0.4299792,0.48996395
0.43734777,0.42247126,0.43472224,0.4523256,0.47312236
0.43626523,0.40778363,0.4344058,0.48728853,0.49152464
0.43193504,0.43253163,0.4236654,0.5185368,0.51058793
0.4324763,0.4221081,0.41609472,0.53450084,0.47974187
0.42516914,0.4114717,0.41958213,0.5559475,0.48760796
0.42138025,0.4068947,0.41298163,0.54426646,0.47832793
0.43139377,0.44222182,0.42984074,0.56450194,0.5207121
0.44790256,0.4787262,0.4681952,0.55487055,0.51711655
0.46414074,0.48167187,0.4876847,0.555044,0.5518493
0.5014885,0.45481482,0.4727915,0.5321106,0.52422976
0.46116373,0.45203692,0.4754491,0.48828706,0.4838605
0.37916103,0.37350655,0.39238125,0.46829703,0.4333175
0.28768605,0.29929936,0.30953914,0.44251123,0.33586285
0.21515562,0.2205942,0.23187701,0.42909622,0.2557882
0.1729364,0.17686494,0.18145216,0.4196819,0.20348981
0.14451963,0.16672118,0.16092,0.40191263,0.19484782
0.13937753,0.14091507,0.13721965,0.39316747,0.20667626
0.1428958,0.15036182,0.1480463,0.38282096,0.18242702
0.16508795,0.17667535,0.16370451,0.37472546,0.21336678
0.2397835,0.23962624,0.2214029,0.3753782,0.26108733
0.36048713,0.36667657,0.35736018,0.37294793,0.38728648
0.41705006,0.43060863,0.4351031,0.3637552,0.4284801
0.43870094,0.42799875,0.43052956,0.35586527,0.43973535
0.4451962,0.44295418,0.45208687,0.3972894,0.4881425
0.4600812,0.42989963,0.45075178,0.42469794,0.5001626
0.46062246,0.43112415,0.45920044,0.46159306,0.49813473
0.4579161,0.44748276,0.44862783,0.50724894,0.4967453
0.455751,0.4429605,0.4425534,0.52528465,0.48124337
0.44303113,0.42893186,0.44123936,0.5540111,0.4927317
0.43572396,0.4250302,0.4281523,0.5554491,0.4800418
0.4316644,0.4500445,0.44337827,0.5514531,0.50686944
0.43870094,0.47493064,0.46135622,0.5392388,0.5176046
0.45737484,0.47599798,0.48192942,0.5419764,0.54448545
0.4917456,0.4643197,0.47054204,0.5151249,0.51888597
0.45953992,0.44709858,0.46593487,0.46905586,0.50782025
0.38105547,0.37894487,0.39638942,0.45318043,0.42769992
0.2849797,0.30368495,0.31407887,0.43226415,0.33358374
0.21299052,0.21988693,0.22746456,0.413786,0.26421112
0.17347768,0.18280399,0.1805693,0.4046719,0.22849052
0.14776725,0.1724851,0.16258585,0.3861,0.20403555
0.14235453,0.15601012,0.14180727,0.37937942,0.1831703
0.14451963,0.1596864,0.15082452,0.37196013,0.19496308
0.16806495,0.18611634,0.16303185,0.36458358,0.21558626
0.2397835,0.2521347,0.22065146,0.3650383,0.25198573
0.3594046,0.38398054,0.34231266,0.36887237,0.35870147
0.42083898,0.43928123,0.43431854,0.3673753,0.42532367
0.43545333,0.43956506,0.43544096,0.36719498,0.44175208
0.43410012,0.44075805,0.44468263,0.38910118,0.48803848
0.42598104,0.42260504,0.43701607,0.4057056,0.49440438
0.4181326,0.40363714,0.4186576,0.43397123,0.5023371
0.408931,0.41047496,0.40564305,0.46585402,0.4799512
0.40324762,0.39973992,0.39286354,0.4889815,0.48102897
0.38890392,0.38255507,0.38835776,0.5052246,0.47991407
0.37645468,0.37917212,0.37437505,0.51914585,0.48123562
0.3797023,0.3898314,0.38217676,0.5210997,0.4927287
0.39458728,0.42254883,0.41902584,0.5183568,0.49164116
0.41975644,0.43334627,0.4410678,0.5193299,0.52202636
0.45142084,0.42770764,0.43870288,0.5036826,0.5085633
0.42354533,0.4117149,0.43217522,0.46603802,0.49610335
0.36671177,0.3543883,0.36718982,0.44386706,0.40069926
0.2901218,0.30186948,0.3111165,0.42659533,0.33959013
0.21759135,0.23034704,0.24068841,0.4174272,0.2595154
0.1729364,0.1810129,0.18245165,0.41143703,0.22159377
0.1496617,0.16300729,0.15882581,0.4035314,0.19316636
0.14018944,0.14782138,0.1461032,0.3936787,0.17449617
0.13179973,0.14212178,0.14310406,0.38999516,0.15892194
0.14424899,0.16827533,0.13729554,0.3776136,0.16801703
0.17537212,0.18449032,0.17940913,0.37277463,0.17926943
0.22841679,0.2505564,0.24009879,0.37388077,0.24488145
0.29824087,0.30746812,0.29223126,0.3685317,0.2811283
0.3661705,0.35084164,0.3461212,0.37208283,0.36322248
0.39594045,0.38504374,0.39709425,0.39464825,0.40487376
0.40108255,0.38099015,0.40444046,0.43462217,0.4286511
0.39133966,0.36690277,0.3970812,0.46650606,0.42502722
0.37672532,0.37352097,0.37833515,0.49483445,0.41933423
0.35886332,0.35520464,0.36072618,0.5250317,0.38558382
0.3480379,0.33279675,0.3422133,0.53560364,0.39211833
0.35020298,0.3436638,0.3417613,0.54373,0.39337182
0.36292288,0.37747246,0.3647718,0.55082893,0.4378426
0.38592693,0.4245114,0.3973158,0.54631186,0.44420683
0.4105548,0.42444292,0.42448103,0.5323907,0.46902424
0.4270636,0.4172237,0.42313284,0.50974214,0.46926463
0.39296347,0.38758707,0.40434706,0.47844604,0.4427994
0.33504736,0.3244446,0.33762848,0.44829887,0.37443173
0.2638701,0.27308992,0.2784409,0.43006468,0.31046292
0.19458728,0.21086097,0.21293639,0.41656247,0.24430496
0.15805142,0.17581223,0.1572497,0.39439723,0.20324743
0.13288227,0.15490013,0.14661387,0.37325478,0.16539203
0.12232747,0.13531011,0.12632594,0.36214578,0.15414661
0.118538566,0.13603418,0.12492162,0.36734283,0.14515336
0.12422192,0.15629229,0.1313079,0.36392683,0.14692263
0.1450609,0.16241883,0.15542763,0.3761692,0.16106921
0.1864682,0.21340305,0.20677389,0.388674,0.18336071
0.24330176,0.26520288,0.25943184,0.40653372,0.23315209
0.31447902,0.30977702,0.3040383,0.4255154,0.3283738
0.3594046,0.34709504,0.3577366,0.46095148,0.3627327
0.3840325,0.359211,0.37630266,0.4938293,0.3919345
0.3962111,0.37076664,0.38548136,0.5277823,0.39298582
0.40270635,0.38877943,0.3878407,0.5798044,0.3920668
0.4,0.39023387,0.39068744,0.61354613,0.36605105
0.39675236,0.38510737,0.38698614,0.6589663,0.3634528
0.40108255,0.3845367,0.3932783,0.7006537,0.36462182
0.4257104,0.43044296,0.41608235,0.68634474,0.4386655
0.4511502,0.4915557,0.46281663,0.67117345,0.43707997
0.4787551,0.47947675,0.47563118,0.6569462,0.4507094
0.4849797,0.47391418,0.4779576,0.62749326,0.44148564
0.43734777,0.4391828,0.44674033,0.5987067,0.41218272
0.35913396,0.35913974,0.37020236,0.5738983,0.3416723
0.2806495,0.2908654,0.28998786,0.56230235,0.28412068
0.21813262,0.21816812,0.22588752,0.5280204,0.21213543
0.17645466,0.18545403,0.1848257,0.50870764,0.18074365
0.15453315,0.17164034,0.16105095,0.4989591,0.1680977
0.15588634,0.15105876,0.15266357,0.49296907,0.18071064
0.15372124,0.16374469,0.17123713,0.48475674,0.15902443
0.17726658,0.19012558,0.17166716,0.48080817,0.19040106
0.24763194,0.24913697,0.2411491,0.48206905,0.239375
0.36075777,0.3898791,0.3649708,0.47692832,0.34446406
0.42002708,0.44539526,0.44278258,0.47205976,0.40244806
0.45006767,0.44113335,0.44796556,0.45818052,0.42724556
0.46657646,0.45836258,0.46919897,0.47661486,0.47283685
0.4811908,0.45978433,0.47536847,0.49342924,0.47947454
0.485521,0.45867303,0.48030618,0.5184936,0.48308927
0.47740188,0.48225236,0.474128,0.53966147,0.4984042
0.46630582,0.46122342,0.45849237,0.5377879,0.47157222
0.44790256,0.43495297,0.4493664,0.5481694,0.47563308
0.4414073,0.42920563,0.43439585,0.5537331,0.47037065
0.44546685,0.46328348,0.45423245,0.5603481,0.50852835
0.46522328,0.49909282,0.48070642,0.5478697,0.5049372
0.48768607,0.5087564,0.5096515,0.5472779,0.5429903
0.5090663,0.49211866,0.49336678,0.52888024,0.50143886
0.455751,0.45382982,0.47966316,0.5003282,0.48167205
0.37564275,0.37548307,0.39000085,0.48275414,0.41489798
0.28633288,0.30276585,0.31293365,0.47109604,0.3250569
0.21326116,0.23383684,0.23285647,0.45481533,0.24900948
0.16806495,0.18825626,0.1779154,0.44870648,0.21033713
0.1480379,0.15904899,0.15333666,0.4369065,0.18235876
0.14046007,0.1458119,0.14591673,0.42429298,0.17144313
0.14154263,0.1529634,0.14395656,0.4279225,0.1669579
0.16184032,0.1889163,0.15977621,0.41978163,0.2027959
0.23355886,0.24056241,0.21795194,0.42979455,0.24517241
0.3548038,0.37502038,0.3424732,0.411018,0.33969057
0.41028416,0.43730757,0.43472517,0.41295052,0.42637998
0.41786197,0.42323843,0.42563224,0.39409703,0.43455398
0.42543977,0.41988522,0.42866036,0.43258893,0.47836035
0.43572396,0.42082483,0.43159115,0.46102884,0.48597145
0.44032475,0.4142422,0.43244007,0.49060977,0.49916846
0.4368065,0.4375836,0.4275992,0.520306,0.48970228
0.43815967,0.4206293,0.4183115,0.5442716,0.47520632
0.42976996,0.4123532,0.4241941,0.5579193,0.47277623
0.42598104,0.41359073,0.41665938,0.5773171,0.47725284
0.4324763,0.4459803,0.43555388,0.57582587,0.50150174
0.4549391,0.48199278,0.46784437,0.5663843,0.50126153
0.4836265,0.49513528,0.49479267,0.5608262,0.53420264
0.50933695,0.48610416,0.48515737,0.5263027,0.51318747
0.46062246,0.45344883,0.4738392,0.49529448,0.49413842
0.3805142,0.36914545,0.38892522,0.46772638,0.41038057
0.2857916,0.29671746,0.3121882,0.45079777,0.34530395
0.2135318,0.22221303,0.22711688,0.4200281,0.25948274
0.16725305,0.1838813,0.17978472,0.40531436,0.218598
0.138295,0.1603748,0.15314837,0.39243624,0.20822492
0.13071719,0.13882798,0.1312575,0.37907922,0.18881072
0.13450609,0.14220557,0.1373337,0.37392288,0.18496028
0.16454668,0.18211256,0.15457292,0.3605412,0.19346656
0.23653586,0.24372168,0.22824962,0.3685966,0.24083957
0.35453317,0.37666756,0.3540724,0.3548645,0.35186696
0.4105548,0.43372312,0.42997187,0.3548761,0.39510763
0.42516914,0.4210305,0.42601925,0.350651,0.43747306
0.43301758,0.42451668,0.44019347,0.3887335,0.48996395
0.42868742,0.42454568,0.44184726,0.42706093,0.47312236
0.44979703,0.39880505,0.42580265,0.46894354,0.49152464
0.4368065,0.44722104,0.4475165,0.50538313,0.51058793
0.44086602,0.4244278,0.41639212,0.5323385,0.47974187
0.42976996,0.41715372,0.43086082,0.54082835,0.48760796
0.4216509,0.4103218,0.41399753,0.5608431,0.47832793
0.42760488,0.44177908,0.42801556,0.5714303,0.5207121
0.44330177,0.47457892,0.46431154,0.57637954,0.51711655
0.47090665,0.48013154,0.48559213,0.5596943,0.5518493
0.5014885,0.4620993,0.48217434,0.53344,0.52422976
0.45737484,0.44988978,0.47127366,0.49877605,0.4838605
0.37943166,0.37003887,0.38897473,0.46439222,0.4333175
0.28389716,0.30072355,0.31219232,0.44879484,0.33586285
0.21488498,0.21769255,0.22501644,0.42234462,0.2557882
0.16589986,0.17781861,0.1826222,0.40837753,0.20348981
0.14424899,0.16134691,0.14881085,0.4002061,0.19484782
0.13748309,0.14005944,0.14227435,0.38351992,0.20667626
0.13667117,0.15079787,0.14470702,0.37292102,0.18242702
0.15832205,0.1737029,0.15256703,0.35841024,0.21336678
0.2308525,0.2347298,0.21410821,0.3659261,0.26108733
0.3594046,0.3586809,0.34408048,0.3572216,0.38728648
0.41596752,0.4309397,0.4417139,0.3531401,0.4284801
0.4316644,0.42684412,0.4269225,0.3532588,0.43973535
0.4351827,0.43659076,0.44452238,0.3792867,0.4881425
0.44167796,0.4208894,0.44089818,0.41824782,0.5001626
0.4392422,0.41370356,0.4413395,0.45672637,0.49813473
0.42868742,0.43071562,0.42685634,0.49222472,0.4967453
0.42949933,0.41429698,0.41169962,0.51961803,0.48124337
0.42354533,0.40910172,0.41810888,0.5420065,0.4927317
0.42354533,0.40826774,0.4117311,0.55334395,0.4800418
0.42625168,0.4416532,0.4336765,0.55393696,0.50686944
0.44303113,0.47318113,0.45795292,0.5595145,0.5176046
0.47983763,0.4824006,0.4882133,0.5573001,0.54448545
0.50717187,0.48588032,0.49253348,0.53290284,0.51888597
0.46197563,0.45442906,0.4742641,0.4919066,0.50782025
0.382138,0.37667572,0.39273885,0.45697683,0.42769992
0.28849798,0.30167845,0.31285885,0.43786418,0.33358374
0.21190798,0.2197747,0.22982989,0.4207249,0.26421112
0.16995941,0.18043041,0.17468363,0.41189378,0.22849052
0.16102841,0.16710456,0.15749924,0.40413222,0.20403555
0.15480378,0.16361955,0.16608578,0.39646447,0.1831703
0.15507442,0.16357775,0.15840119,0.3934022,0.19496308
0.17699593,0.18993735,0.17445417,0.3789442,0.21558626
0.24682003,0.25257605,0.23821522,0.38026977,0.25198573
0.36400542,0.38668072,0.3612616,0.3760771,0.35870147
0.41759133,0.44016108,0.43576926,0.3766266,0.42532367
0.43410012,0.42942923,0.431767,0.37120366,0.44175208
0.44330177,0.43653864,0.44675714,0.39551172,0.48803848
0.45385656,0.43188006,0.44966614,0.44076043,0.49440438
0.45683357,0.4276228,0.45172578,0.5040765,0.5023371
0.4549391,0.4525995,0.445875,0.57815444,0.4799512
0.46116373,0.45023853,0.4403096,0.6434523,0.48102897
0.4541272,0.44856423,0.45119542,0.6556231,0.47991407
0.4473613,0.44582593,0.44033724,0.6765863,0.48123562
0.44790256,0.46552646,0.45375907,0.6619536,0.4927287
0.45358592,0.4924119,0.48120344,0.64579666,0.49164116
0.46495265,0.48250642,0.49288747,0.6263833,0.52202636
0.48525032,0.46406716,0.46917567,0.56535685,0.5085633
0.44979703,0.43555754,0.45240265,0.45388937,0.49610335
0.3894452,0.37597084,0.386711,0.4104761,0.40069926
0.31150204,0.31807652,0.33025664,0.39106095,0.33959013
0.23924223,0.246339,0.25985536,0.3767205,0.2595154
0.1856563,0.1964001,0.20464571,0.3659377,0.22159377
0.16021651,0.17730252,0.16839835,0.36031976,0.19316636
0.14776725,0.15810585,0.15739277,0.35797763,0.17449617
0.14073072,0.1503711,0.15120059,0.355927,0.15892194
0.1488498,0.17946082,0.15385164,0.3495531,0.16801703
0.17645466,0.18942901,0.18896778,0.34363043,0.17926943
0.22273342,0.2565963,0.24172717,0.3470723,0.24488145
0.2866035,0.30821508,0.27940154,0.34179628,0.2811283
0.35155615,0.3427754,0.3390423,0.34326887,0.36322248
0.38836265,0.3800599,0.38729006,0.38529107,0.40487376
0.39810556,0.38213426,0.40276867,0.4505864,0.4286511
0.40027064,0.37697878,0.39550865,0.542367,0.42502722
0.3991881,0.4038533,0.38998887,0.6346077,0.41933423
0.39675236,0.39973548,0.3854282,0.69866765,0.38558382
0.39539918,0.39424485,0.3816382,0.7151629,0.39211833
0.40405953,0.39089876,0.38633853,0.7648436,0.39337182
0.42002708,0.4328947,0.4141864,0.7755587,0.4378426
0.44113666,0.4871151,0.44755417,0.7489395,0.44420683
0.45845738,0.46755153,0.47195932,0.71509624,0.46902424
0.4752368,0.45885253,0.46201324,0.6536536,0.46926463
0.43707713,0.43154615,0.4450646,0.53263855,0.4427994
0.37753722,0.36208373,0.37223703,0.44983646,0.37443173
0.30257103,0.30806395,0.3137657,0.42638507,0.31046292
0.23518267,0.23806216,0.24444446,0.40455958,0.24430496
0.18240866,0.20171912,0.19501553,0.39083225,0.20324743
0.15480378,0.16826296,0.16051455,0.38503933,0.16539203
0.14154263,0.14973553,0.15010487,0.37677202,0.15414661
0.138295,0.15220563,0.14551924,0.36870304,0.14515336
0.14073072,0.17070279,0.15322593,0.36451414,0.14692263
0.15751015,0.1753577,0.17503531,0.35650343,0.16106921
0.18971583,0.22761604,0.22561772,0.3589517,0.18336071
0.24465494,0.27240044,0.26293707,0.34612888,0.23315209
0.31474966,0.3123366,0.31037492,0.34634823,0.3283738
0.36427605,0.35254347,0.3644228,0.40087253,0.3627327
0.3872801,0.36648542,0.38844955,0.4575084,0.3919345
0.39864683,0.37874115,0.39409512,0.5447705,0.39298582
0.4097429,0.4017645,0.3942079,0.6373925,0.3920668
0.41677943,0.40844703,0.40161973,0.69036615,0.36605105
0.42192152,0.41249692,0.40626907,0.7391287,0.3634528
0.4359946,0.41529167,0.41571105,0.78466356,0.36462182
0.45872802,0.46854514,0.446481,0.78327835,0.4386655
0.49201623,0.52839637,0.4844246,0.77021873,0.43707997
0.52476317,0.5210755,0.52175057,0.74867225,0.4507094
0.52124494,0.51407117,0.52606416,0.6999012,0.44148564
0.4600812,0.46705788,0.478351,0.5663011,0.41218272
0.3924222,0.37418246,0.38764316,0.50014055,0.3416723
0.3098782,0.31486142,0.3265065,0.4754016,0.28412068
0.2384303,0.23989359,0.24682704,0.45066354,0.21213543
0.19512855,0.20174196,0.19611599,0.43423843,0.18074365
0.16644114,0.18174143,0.17924787,0.4311724,0.1680977
0.16238159,0.1563432,0.16046798,0.4168592,0.18071064
0.16048715,0.16639298,0.17362282,0.4138983,0.15902443
0.1843031,0.19594824,0.17644696,0.40796492,0.19040106
0.25629228,0.2516114,0.24023154,0.3996559,0.239375
0.37997293,0.39677146,0.38085112,0.40267345,0.34446406
0.43653587,0.46387732,0.4805764,0.39476272,0.40244806
0.461705,0.45652354,0.45418978,0.38900962,0.42724556
0.48335588,0.46859533,0.48231578,0.41240555,0.47283685
0.49959403,0.4763047,0.49562472,0.4591134,0.47947454
0.5047361,0.4761045,0.5023886,0.5283316,0.48308927
0.5074425,0.5031956,0.49623108,0.56240225,0.4984042
0.5104195,0.49610636,0.49509507,0.6301757,0.47157222
0.50554806,0.49087757,0.49821916,0.6853847,0.47563308
0.49986467,0.4857995,0.4928877,0.63705033,0.47037065
0.5006766,0.5186203,0.5007246,0.6275172,0.50852835
0.5223275,0.5488831,0.52596205,0.6104351,0.5049372
0.5493911,0.5604615,0.56545013,0.5988922,0.5429903
0.54343706,0.5432651,0.5498897,0.5553669,0.50143886
0.48579162,0.4747408,0.5003827,0.520972,0.48167205
0.4,0.3983266,0.42114472,0.49984053,0.41489798
0.3098782,0.3195929,0.33070636,0.4825113,0.3250569
0.23572396,0.2484984,0.25272515,0.4663467,0.24900948
0.18619756,0.20086485,0.20024177,0.45170683,0.21033713
0.16752368,0.17385732,0.168793,0.4468886,0.18235876
0.15480378,0.16021712,0.16846518,0.43822157,0.17144313
0.15696888,0.1628909,0.15760918,0.43796903,0.1669579
0.17916103,0.19903572,0.1830336,0.43099886,0.2027959
0.25142083,0.2557034,0.24822435,0.42735928,0.24517241
0.37564275,0.39205858,0.3653071,0.42726088,0.33969057
0.44113666,0.4588531,0.45132297,0.4199797,0.42637998
0.45548037,0.4488812,0.4598663,0.41668832,0.43455398
0.47117728,0.45376885,0.46616927,0.4256943,0.47836035
0.4811908,0.46365237,0.47788832,0.4533877,0.48597145
0.48254398,0.4505494,0.47651595,0.48546702,0.49916846
0.47171855,0.47396448,0.46843988,0.5058352,0.48970228
0.4692828,0.44977975,0.4502338,0.5341134,0.47520632
0.45548037,0.43930098,0.45362926,0.56023365,0.47277623
0.45060894,0.43581632,0.43629247,0.5597584,0.47725284
0.45737484,0.4694323,0.4567324,0.5666827,0.50150174
0.48416778,0.5067805,0.49097514,0.5686325,0.50126153
0.5274696,0.5234467,0.5277447,0.56266916,0.53420264
0.52990526,0.5269547,0.52626425,0.5418277,0.51318747
0.47334236,0.4643873,0.48317254,0.52409804,0.49413842
0.397023,0.38478357,0.40309197,0.5144985,0.41038057
0.30473614,0.3112106,0.3313511,0.5006348,0.34530395
0.23031123,0.23869672,0.24589467,0.493112,0.25948274
0.18592693,0.19464807,0.19455767,0.48051432,0.218598
0.16671178,0.17379107,0.17287031,0.47369716,0.1950879
0.1556157,0.16153558,0.16561396,0.47039896,0.18450554
0.15696888,0.1633814,0.15851869,0.4683683,0.22474918
0.17699593,0.18153559,0.1779664,0.46500736,0.22898456
0.24627875,0.2528519,0.23297718,0.46031937,0.28908893
0.36968878,0.37979543,0.35820857,0.45800936,0.40239322
0.43788904,0.44633195,0.44779736,0.45786506,0.4507563
0.455751,0.4429288,0.45298824,0.45451584,0.4532618
0.4700947,0.4423166,0.4658202,0.45852748,0.4845839
0.47902572,0.44319007,0.47510183,0.46838745,0.47468847
0.47983763,0.43618572,0.47398576,0.4816582,0.4709741
0.47307172,0.462225,0.4657335,0.48695016,0.47492796
0.47063598,0.44401696,0.4548164,0.4936585,0.47201633
0.46035182,0.4373926,0.45554036,0.5102922,0.46761405
0.45764548,0.43287876,0.44602698,0.51429605,0.4706024
0.4625169,0.47862554,0.46614218,0.52166617,0.4850521
0.48741543,0.5142981,0.49521,0.5310811,0.53372353
0.51989174,0.51972854,0.53112024,0.530671,0.5958701
0.5171854,0.49102047,0.5163833,0.5275316,0.5668642
0.46630582,0.44403282,0.47038138,0.5147679,0.48839784
0.3916103,0.37571302,0.40017748,0.51253164,0.4156556
0.30284166,0.31347156,0.3253699,0.50927126,0.33048946
0.2338295,0.23434584,0.24537915,0.5027406,0.22799225
0.18998647,0.18460208,0.20136689,0.49416986,0.22014514
0.16887686,0.180049,0.17605464,0.4895889,0.1944665
0.15751015,0.16510676,0.16655873,0.48627016,0.19581671
0.16021651,0.16692342,0.16195415,0.48539487,0.20793666
0.18132612,0.19193608,0.18384673,0.4857011,0.23398042
0.25602165,0.25564528,0.2390745,0.48375547,0.29895192
0.3780785,0.38183308,0.36683857,0.48033816,0.44898087
0.43951285,0.44860974,0.4500231,0.47903022,0.48284525
0.44925576,0.4422561,0.4532941,0.4781148,0.4491238
0.455751,0.44040683,0.45729458,0.4783562,0.4757452
0.45439783,0.42985457,0.45960245,0.4821207,0.47887224
0.44871446,0.41043708,0.44785416,0.49441138,0.46928918
0.44005412,0.42793977,0.43503666,0.50464046,0.46108532
0.4419486,0.41420814,0.42328718,0.5073916,0.46118838
0.43193504,0.4095428,0.43056613,0.53088796,0.4633209
0.42868742,0.4140752,0.41696984,0.5463403,0.4599868
0.43328822,0.44896853,0.43786004,0.559356,0.48661774
0.45060894,0.49003124,0.46703017,0.56297183,0.5375137
0.49120432,0.49230707,0.4912644,0.5526551,0.58941144
0.508525,0.47763532,0.49530086,0.5286216,0.5408429
0.46522328,0.43915462,0.47136894,0.48907453,0.48934358
0.39783493,0.37578106,0.40059668,0.46845552,0.41532987
0.30500677,0.31431147,0.33442616,0.4572473,0.3101931
0.23599459,0.24262303,0.24388881,0.44583094,0.24868691
0.18511502,0.19112611,0.20193017,0.43421137,0.22272238
0.16589986,0.17659724,0.1654751,0.4282596,0.19930802
0.15020297,0.16171822,0.16383038,0.42467052,0.18338948
0.15372124,0.1600803,0.14905614,0.42206687,0.22509024
0.17320703,0.18302076,0.17280693,0.42163774,0.25358638
0.24330176,0.2472566,0.22189765,0.41921332,0.2890845
0.35967523,0.37345356,0.3530418,0.41402113,0.42266786
0.4173207,0.42650992,0.43765712,0.41540775,0.48940897
0.44303113,0.42958888,0.42927313,0.41226196,0.46051466
0.45223275,0.43419918,0.45711905,0.43014473,0.47285384
0.4473613,0.4228536,0.4566274,0.44759038,0.46738398
0.43978348,0.40150523,0.44152957,0.47765884,0.47075242
0.4308525,0.4198796,0.42798445,0.5099757,0.4481824
0.42543977,0.40871543,0.41660893,0.5340605,0.46055728
0.41001353,0.4004173,0.41162103,0.54840684,0.44962108
0.40216509,0.39398658,0.39462692,0.5625943,0.46037418
0.4127199,0.42350897,0.40913105,0.57718444,0.47423548
0.42976996,0.46882904,0.45038906,0.5946482,0.514168
0.46630582,0.46862087,0.4710635,0.5675429,0.55469006
0.4700947,0.44196168,0.48063967,0.52516735,0.5183509
0.43464142,0.4007499,0.4342888,0.4828978,0.4693023
0.3788904,0.35083035,0.37916481,0.4636533,0.39423984
0.30500677,0.30903116,0.32188168,0.45303288,0.31461155
0.2338295,0.2342039,0.25211138,0.4431466,0.25359738
0.18078485,0.18289572,0.19612013,0.4325261,0.22171505
0.15696888,0.15985867,0.16007566,0.42505768,0.1763102
0.1466847,0.15208542,0.15359639,0.42358515,0.17543711
0.14397834,0.14413458,0.14951518,0.42206326,0.20209171
0.15047361,0.16020241,0.15567295,0.4157729,0.20658581
0.1767253,0.1893219,0.18310538,0.4150211,0.21905538
0.22733423,0.24919546,0.24409717,0.41488892,0.30725074
0.2933694,0.2949825,0.29207006,0.41937757,0.33294222
0.36129904,0.34863576,0.34408545,0.41807422,0.37181836
0.405954,0.3796226,0.39517847,0.44033492,0.40122396
0.42354533,0.38068873,0.41891354,0.4578241,0.41129702
0.4265223,0.3769487,0.42094088,0.46824282,0.41315746
0.42110962,0.39645514,0.4140469,0.48251912,0.40985346
0.41082543,0.3712114,0.40432447,0.500057,0.3882131
0.4037889,0.3635407,0.39335924,0.5096539,0.35988092
0.40351826,0.38469267,0.39574957,0.5206338,0.3916372
0.4173207,0.4184811,0.4131525,0.5247416,0.43122417
0.44546685,0.47469738,0.44995108,0.5370805,0.44976395
0.46305817,0.48111588,0.47958773,0.5357708,0.5043907
0.44086602,0.42726028,0.46003532,0.5258602,0.487042
0.40487143,0.36461973,0.3990276,0.51589936,0.43124348
0.34993234,0.32569575,0.35370082,0.5114163,0.36352095
0.28010824,0.2856443,0.29223278,0.5063356,0.2966184
0.22002706,0.22209394,0.22673208,0.50114095,0.25810033
0.17104195,0.17843455,0.18707506,0.50143254,0.21897441
0.14776725,0.14911388,0.15204878,0.49887922,0.15981476
0.1331529,0.14235091,0.14675577,0.49561608,0.16003704
0.12584573,0.13910803,0.13699408,0.4900297,0.18208078
0.12746955,0.1380217,0.14024104,0.48125204,0.18476252
0.14939107,0.15965326,0.1652357,0.47321692,0.1973683
0.18673883,0.20847383,0.2158486,0.46653375,0.2645587
0.2435724,0.2499657,0.2539234,0.4580846,0.30129594
0.31231394,0.30932063,0.30712515,0.4539835,0.32938498
0.35317996,0.33941877,0.35659084,0.45616904,0.37561947
0.36292288,0.34520385,0.37087035,0.47083214,0.4005156
0.35805142,0.33906248,0.36138853,0.48669004,0.39684567
0.35128552,0.33984798,0.34632483,0.5070994,0.37370354
0.3377537,0.3193496,0.3376313,0.517298,0.36758912
0.32909337,0.30973938,0.3226015,0.5310894,0.3501588
0.33558863,0.32219583,0.32513562,0.540004,0.35617125
0.36129904,0.37355557,0.35449082,0.5394479,0.4208671
0.405954,0.4289022,0.40199274,0.53869104,0.45005155
0.44898513,0.44809294,0.4436873,0.5303153,0.48511028
0.44790256,0.42151916,0.45247602,0.509158,0.48436087
0.41407308,0.37726703,0.41416776,0.4860729,0.42645812
0.34830853,0.32842243,0.36166573,0.45668057,0.34180963
0.270636,0.27852112,0.28433883,0.4327634,0.2740408
0.20514208,0.20921323,0.21445741,0.42038488,0.21923463
0.16102841,0.17066926,0.16778909,0.41611803,0.200858
0.14370771,0.14752841,0.14217745,0.41076684,0.16017744
0.13883626,0.13275813,0.1431536,0.40171385,0.16518177
0.14316644,0.14290029,0.14582412,0.3946675,0.19335645
0.16860622,0.16797726,0.16170692,0.39466742,0.21486466
0.24627875,0.23412922,0.22144923,0.39330792,0.27513906
0.37834913,0.37361047,0.3649417,0.39058632,0.41104424
0.43815967,0.44430158,0.47859704,0.3907914,0.4559812
0.4427605,0.44636667,0.44749212,0.39050138,0.43892217
0.44411367,0.42748767,0.45477065,0.3954529,0.46767056
0.44627875,0.41698706,0.4500468,0.417763,0.46099085
0.44546685,0.40432063,0.4457093,0.4569527,0.45424378
0.43788904,0.42337728,0.43774927,0.4970052,0.46274424
0.43707713,0.40785885,0.42482704,0.52043617,0.45151722
0.43193504,0.40023652,0.42983678,0.53615963,0.4459257
0.43112314,0.4097032,0.42814678,0.54762924,0.45031565
0.43410012,0.45078832,0.44710073,0.54969645,0.47737688
0.45737484,0.48508692,0.46969628,0.5441152,0.5289683
0.5087957,0.50318587,0.50119483,0.53889537,0.58487415
0.5171854,0.48787886,0.5172533,0.5156021,0.5302096
0.46116373,0.43210033,0.48025054,0.47797492,0.46697462
0.38105547,0.3630165,0.39446276,0.45292065,0.39983612
0.28958052,0.3023861,0.3137899,0.43158287,0.2980837
0.21488498,0.2261633,0.23021445,0.4144028,0.23252738
0.17185386,0.16888753,0.17704338,0.4072255,0.2028126
0.1594046,0.15566006,0.1571322,0.3994489,0.16958705
0.1488498,0.14661892,0.16089067,0.3867069,0.15365754
0.1526387,0.14704213,0.14894177,0.38321254,0.20825835
0.17537212,0.1779566,0.17704695,0.38639188,0.2418227
0.24709067,0.24362956,0.24226816,0.39222884,0.28170463
0.37320703,0.3744788,0.37305856,0.39482987,0.400842
0.4414073,0.44339007,0.44836056,0.40862954,0.4792205
0.4579161,0.44045398,0.45528325,0.41102937,0.45754623
0.47198918,0.43675637,0.46615887,0.42196375,0.46557957
0.4828146,0.44526106,0.4764189,0.4611515,0.45933956
0.4803789,0.43541682,0.4781911,0.5019003,0.4699331
0.47090665,0.46073964,0.46549273,0.5455873,0.45567495
0.47198918,0.44090244,0.45267132,0.58060265,0.45510066
0.45899865,0.4397655,0.46094263,0.586941,0.44992864
0.44898513,0.4367892,0.44326413,0.5828241,0.45667547
0.4571042,0.4710911,0.45640594,0.6070569,0.47655284
0.47713125,0.51399267,0.49841952,0.6151577,0.52193266
0.51962113,0.5145346,0.51933193,0.59014297,0.57512784
0.51799726,0.4979462,0.5207129,0.5649538,0.5334899
0.46982408,0.437736,0.4689615,0.517424,0.47293204
0.39350474,0.3728915,0.40450555,0.51031744,0.39425504
0.29905277,0.31071985,0.32713032,0.4939531,0.31159967
0.23328823,0.23141149,0.2390094,0.4943781,0.24738058
0.18403247,0.18199416,0.20408337,0.48906973,0.2130645
0.16833559,0.17612764,0.16682866,0.49206832,0.1950879
0.15696888,0.1657147,0.16921143,0.48984614,0.18450554
0.15426251,0.16650519,0.15995848,0.48051235,0.22474918
0.17916103,0.18063423,0.1719973,0.48059255,0.22898456
0.25520974,0.25440127,0.24101444,0.4794869,0.28908893
0.3848444,0.38905847,0.36772168,0.49703184,0.40239322
0.45006767,0.46132487,0.461949,0.5101956,0.4507563
0.45872802,0.45274672,0.46086344,0.5055262,0.4532618
0.4684709,0.44408554,0.46501485,0.5042813,0.4845839
0.48064953,0.44230646,0.47193792,0.50566506,0.47468847
0.4820027,0.44228393,0.47587118,0.5318037,0.4709741
0.4787551,0.4666216,0.4674985,0.5345197,0.47492796
0.47253045,0.45797235,0.46137607,0.5864428,0.47201633
0.45385656,0.4479156,0.45433426,0.60537523,0.46761405
0.45087957,0.43446368,0.4355268,0.6265317,0.4706024
0.45250338,0.47872704,0.46355504,0.6250577,0.4850521
0.46901217,0.5112704,0.4838162,0.614234,0.53372353
0.5150203,0.5070606,0.51283693,0.5698023,0.5958701
0.51231396,0.49406153,0.51823103,0.54801536,0.5668642
0.46522328,0.4404794,0.46533477,0.51007456,0.48839784
0.3932341,0.37697053,0.40226704,0.4933311,0.4156556
0.3001353,0.31317112,0.32914364,0.48683816,0.33048946
0.22868742,0.23171595,0.24134661,0.46793583,0.22799225
0.18376184,0.17954412,0.19536309,0.47785446,0.22014514
0.16562922,0.17452581,0.16934627,0.47163013,0.1944665
0.15399188,0.16274329,0.16473953,0.460397,0.19581671
0.15399188,0.16382307,0.15592286,0.43497843,0.20793666
0.17753722,0.18536943,0.17384933,0.4217983,0.23398042
0.24979702,0.25159875,0.2352617,0.4098439,0.29895192
0.37320703,0.37638244,0.3564914,0.41610086,0.44898087
0.42760488,0.44386578,0.44811124,0.41106674,0.48284525
0.43491206,0.42827278,0.43739223,0.40638626,0.4491238
0.43058187,0.42486453,0.4446466,0.4177323,0.4757452
0.43788904,0.4034372,0.4340253,0.44085875,0.47887224
0.43870094,0.3967643,0.43584827,0.46659216,0.46928918
0.4338295,0.41581935,0.427471,0.4746907,0.46108532
0.43410012,0.4070223,0.41684023,0.50686306,0.46118838
0.4216509,0.39948297,0.42028284,0.51420057,0.4633209
0.4121786,0.40251097,0.40610513,0.53034145,0.4599868
0.42462787,0.43358168,0.4184492,0.53254986,0.48661774
0.45548037,0.480299,0.4656129,0.54316545,0.5375137
0.50392425,0.4983722,0.4983514,0.52902424,0.58941144
0.5047361,0.4910093,0.50676227,0.51180154,0.5408429
0.46441138,0.42863747,0.46008068,0.4855046,0.48934358
0.3902571,0.37458074,0.4026116,0.46333784,0.41532987
0.30202976,0.30549455,0.32105345,0.46821183,0.3101931
0.23247632,0.2385297,0.24310918,0.4425837,0.24868691
0.18484439,0.18736173,0.19808109,0.44014463,0.22272238
0.16184032,0.17591172,0.16656093,0.44046274,0.19930802
0.15290934,0.15876025,0.1574095,0.43506765,0.18338948
0.15399188,0.16112539,0.15719232,0.41147384,0.22509024
0.17320703,0.1840671,0.17166112,0.3894935,0.25358638
0.24303113,0.2481328,0.22582017,0.38484347,0.2890845
0.36508796,0.3721453,0.3575631,0.3850407,0.42266786
0.43112314,0.43251443,0.4437759,0.38193858,0.48940897
0.44573748,0.44206023,0.4438752,0.3731608,0.46051466
0.4443843,0.43479228,0.45585644,0.38694546,0.47285384
0.44303113,0.4133673,0.44936544,0.42124885,0.46738398
0.44113666,0.40075785,0.44061723,0.45295802,0.47075242
0.43274695,0.42080474,0.432196,0.4829389,0.4481824
0.42679295,0.406827,0.41796052,0.5049443,0.46055728
0.4135318,0.39582348,0.4126593,0.5136443,0.44962108
0.40622464,0.39343315,0.4002059,0.51608443,0.46037418
0.40784845,0.42177638,0.4149428,0.5228306,0.47423548
0.42949933,0.4588904,0.4429357,0.53618443,0.514168
0.48010826,0.46674556,0.47687972,0.50877744,0.55469006
0.47767252,0.45361382,0.4922437,0.49674192,0.5183509
0.44005412,0.4017533,0.43698636,0.46506792,0.4693023
0.38240865,0.35613173,0.38441747,0.43555948,0.39423984
0.3060893,0.31052122,0.32455796,0.4247769,0.31461155
0.23545332,0.23570956,0.2516425,0.41254818,0.25359738
0.18376184,0.18569769,0.19808981,0.39823973,0.22171505
0.15778078,0.16346973,0.1631183,0.3952164,0.1763102
0.14479026,0.15426159,0.1525386,0.3962611,0.17543711
0.14397834,0.14460415,0.14551543,0.3889076,0.20209171
0.15236807,0.15858397,0.15679626,0.38039827,0.20658581
0.1826793,0.19249125,0.18697087,0.37250468,0.21905538
0.23112313,0.25464588,0.25662872,0.3715114,0.30725074
0.29986468,0.298913,0.29472512,0.3752736,0.33294222
0.36725304,0.35575628,0.35072201,0.36508313,0.37181836
0.41082543,0.38223422,0.40026063,0.3797612,0.40122396
0.42219216,0.38301787,0.42451152,0.4024096,0.41129702
0.41380244,0.37615466,0.41879946,0.41951084,0.41315746
0.3948579,0.38271874,0.39878315,0.44110814,0.40985346
0.36806494,0.34637293,0.3753103,0.46770537,0.3882131
0.3437077,0.32053256,0.34659308,0.48788247,0.35988092
0.33829498,0.33157283,0.3308714,0.5008781,0.3916372
0.35290933,0.36014894,0.35113233,0.51763594,0.43122417
0.38917455,0.41066867,0.39277184,0.5229712,0.44976395
0.44384304,0.44146496,0.43742007,0.50733805,0.5043907
0.44221923,0.42309397,0.4589761,0.49214807,0.487042
0.40405953,0.36974037,0.40614706,0.4637716,0.43124348
0.35426253,0.3247527,0.35364315,0.44286707,0.36352095
0.2968877,0.28849575,0.3012386,0.4189238,0.2966184
0.22949933,0.23509392,0.2486846,0.412336,0.25810033
0.18484439,0.1884599,0.18842556,0.4092228,0.21897441
0.16102841,0.15904342,0.1658031,0.40129757,0.15981476
0.14776725,0.15319957,0.15614943,0.40113154,0.16003704
0.14993234,0.15162587,0.14815734,0.3967405,0.18208078
0.15669824,0.15343565,0.16506952,0.39274335,0.18476252
0.17889039,0.18630394,0.18319948,0.3888073,0.1973683
0.21786198,0.23608944,0.23520285,0.38543865,0.2645587
0.28146145,0.27745444,0.2873056,0.39352727,0.30129594
0.34857917,0.34228244,0.34071937,0.39123648,0.32938498
0.3788904,0.36657596,0.38780886,0.39886674,0.37561947
0.37401894,0.35962808,0.39067832,0.41769812,0.4005156
0.35696888,0.34377426,0.3691223,0.44536608,0.39684567
0.33991882,0.3354272,0.3442552,0.48176908,0.37370354
0.32313937,0.30942458,0.32588112,0.49494204,0.36758912
0.3179973,0.30028814,0.31046218,0.5102296,0.3501588
0.31962112,0.31895557,0.3183161,0.52080166,0.35617125
0.34533152,0.3645488,0.3354466,0.5296966,0.4208671
0.39052776,0.41865167,0.39133954,0.5225835,0.45005155
0.45385656,0.4421224,0.43517318,0.51019204,0.48511028
0.44979703,0.4377835,0.4694869,0.47288617,0.48436087
0.40568337,0.37997216,0.410752,0.4291181,0.42645812
0.33991882,0.32135248,0.35222048,0.4090682,0.34180963
0.27009472,0.27418616,0.2795755,0.39768133,0.2740408
0.20514208,0.21297154,0.21635525,0.38469395,0.21923463
0.16698241,0.173607,0.16641591,0.38722834,0.200858
0.15453315,0.15343873,0.14993815,0.3786633,0.16017744
0.1496617,0.14235392,0.15397239,0.37694308,0.16518177
0.1458728,0.15057956,0.15405731,0.3701071,0.19335645
0.16373478,0.17045817,0.15738979,0.36412263,0.21486466
0.2240866,0.23125184,0.21079692,0.3633116,0.27513906
0.32341,0.3533833,0.32768172,0.3587162,0.41104424
0.3983762,0.39461133,0.41466224,0.36149228,0.4559812
0.44411367,0.42329752,0.4280978,0.35790944,0.43892217
0.45899865,0.43903637,0.46105337,0.36579147,0.46767056
0.46414074,0.4302199,0.45989212,0.40197617,0.46099085
0.45818675,0.41671234,0.45789167,0.43225473,0.45424378
0.44384304,0.43105322,0.44498694,0.49037555,0.46274424
0.43788904,0.4077533,0.42758647,0.51364654,0.45151722
0.42814615,0.3973516,0.43039507,0.5267112,0.4459257
0.42273343,0.40342534,0.42406285,0.5227395,0.45031565
0.4338295,0.43867588,0.4391049,0.53275913,0.47737688
0.47171855,0.48554716,0.47678307,0.5299568,0.5289683
0.5255751,0.5154735,0.512038,0.5279921,0.58487415
0.5074425,0.50291437,0.5228295,0.49912825,0.5302096
0.4503383,0.41553852,0.45475245,0.46437088,0.46697462
0.38078484,0.35315773,0.38801458,0.43379378,0.39983612
0.28958052,0.30477482,0.31937808,0.41232002,0.2980837
0.22165088,0.22840597,0.22655226,0.39746687,0.23252738
0.17889039,0.1730998,0.18748449,0.3884356,0.2028126
0.15994588,0.16368264,0.16288844,0.37633455,0.16958705
0.14749661,0.1463018,0.15534462,0.3569213,0.15365754
0.1331529,0.14529118,0.14748885,0.35782772,0.20825835
0.1594046,0.16585007,0.14134833,0.3441074,0.2418227
0.2338295,0.23050141,0.22859126,0.3459408,0.28170463
0.36373478,0.36475828,0.35579604,0.35356477,0.400842
0.42760488,0.4364459,0.45454898,0.366942,0.4792205
0.43734777,0.4364852,0.44256917,0.3718584,0.45754623
0.44248986,0.42307723,0.44605207,0.40677017,0.46557957
0.44790256,0.420402,0.44677365,0.4655624,0.45933956
0.4519621,0.41189647,0.44377458,0.5129016,0.4699331
0.45060894,0.44219634,0.44117415,0.56729794,0.45567495
0.45169148,0.43774778,0.43582752,0.6389512,0.45510066
0.44465494,0.43558016,0.43920234,0.6636488,0.44992864
0.43815967,0.43435365,0.43313283,0.6702646,0.45667547
0.44384304,0.46954128,0.44563866,0.6539787,0.47655284
0.46711773,0.5085924,0.48177803,0.6679621,0.52193266
0.52449256,0.5127249,0.50892925,0.642869,0.57512784
0.5150203,0.5058583,0.5255834,0.5945671,0.5334899
0.45953992,0.4359199,0.4630233,0.56295943,0.47293204
0.38673884,0.36891988,0.394466,0.5433533,0.39425504
0.2960758,0.31239167,0.3219412,0.5302924,0.31159967
0.22273342,0.23342295,0.23688774,0.5268761,0.24738058
0.1797023,0.17782012,0.18785429,0.50776064,0.2130645
0.15994588,0.1754168,0.1657063,0.49767914,0.1950879
0.14830853,0.16157232,0.15728308,0.48423234,0.18450554
0.14857917,0.16356273,0.15041487,0.4903547,0.22474918
0.16995941,0.17865033,0.17093255,0.49762318,0.22898456
0.24248984,0.25379246,0.23253496,0.49199563,0.28908893
0.3686062,0.37850356,0.36105472,0.49364176,0.40239322
0.42895806,0.44809008,0.44589514,0.49664137,0.4507563
0.44546685,0.43831193,0.44128615,0.49573517,0.4532618
0.46224627,0.43611968,0.4570716,0.5079764,0.4845839
0.4820027,0.44372123,0.46964085,0.5443152,0.47468847
0.48525032,0.45824838,0.4814757,0.6061436,0.4709741
0.4849797,0.4887961,0.47198534,0.6684071,0.47492796
0.48606226,0.47970706,0.46873933,0.68625975,0.47201633
0.47848445,0.47424096,0.471299,0.72659063,0.46761405
0.47198918,0.46850133,0.46414694,0.74099255,0.4706024
0.4752368,0.5038113,0.47693953,0.7363186,0.4850521
0.49959403,0.5377368,0.5092825,0.72706556,0.53372353
0.55372125,0.53956306,0.54295105,0.69865334,0.5958701
0.5404601,0.53996706,0.5501512,0.6434325,0.5668642
0.49147496,0.47234833,0.4841368,0.6233474,0.48839784
0.4156969,0.41288105,0.4269399,0.6147605,0.4156556
0.32151556,0.3446024,0.34649998,0.60180736,0.33048946
0.24898511,0.25638783,0.25909948,0.58404505,0.22799225
0.20351827,0.20713073,0.21482092,0.5751689,0.22014514
0.17916103,0.20011209,0.18822818,0.56736666,0.1944665
0.16779432,0.18691908,0.17484611,0.5651578,0.19581671
0.16887686,0.18658923,0.17346065,0.5534421,0.20793666
0.19133964,0.20950067,0.19257134,0.53654176,0.23398042
0.26224628,0.27268505,0.2543343,0.53615856,0.29895192
0.3962111,0.3937272,0.37656942,0.5406139,0.44898087
0.46495265,0.47282106,0.4766149,0.5396701,0.48284525
0.48903924,0.47365642,0.47674003,0.53365433,0.4491238
0.5023004,0.4852177,0.49974063,0.5438949,0.4757452
0.5207037,0.48223153,0.50644016,0.5614495,0.47887224
0.52476317,0.48240736,0.5172333,0.5848359,0.46928918
0.520433,0.5126138,0.51002496,0.604037,0.46108532
0.5225981,0.49528182,0.5008629,0.61618114,0.46118838
0.5133965,0.49041077,0.5077227,0.6483818,0.4633209
0.50933695,0.48786068,0.4954198,0.65258443,0.4599868
0.51312584,0.525867,0.51280737,0.66586137,0.48661774
0.5445196,0.56135184,0.5421584,0.6286754,0.5375137
0.5669824,0.57225204,0.5909835,0.6294203,0.58941144
0.5407307,0.5470813,0.5539168,0.62758565,0.5408429
0.4871448,0.46635225,0.48785773,0.5923956,0.48934358
0.4121786,0.40492794,0.4224629,0.5807903,0.41532987
0.32665765,0.3363529,0.34437525,0.5793649,0.3101931
0.25277403,0.2704886,0.27099884,0.548944,0.24868691
0.2,0.2138716,0.21754213,0.54582876,0.22272238
0.1856563,0.19159701,0.18150981,0.53384113,0.19930802
0.17320703,0.18062973,0.19080986,0.5263969,0.18338948
0.16941813,0.18020079,0.1771701,0.5194261,0.22509024
0.1864682,0.2014856,0.19224739,0.51560915,0.25358638
0.2541272,0.2585673,0.24982522,0.50207615,0.2890845
0.37672532,0.38999775,0.3594548,0.499088,0.42266786
0.4376184,0.451069,0.4522528,0.49741685,0.48940897
0.46197563,0.44982743,0.45396027,0.4938231,0.46051466
0.47253045,0.4565212,0.47420624,0.50100213,0.47285384
0.4828146,0.44518942,0.47623572,0.51199937,0.46738398
0.4849797,0.4387319,0.47726047,0.5224606,0.47075242
0.47117728,0.46861702,0.4704931,0.5456289,0.4481824
0.46441138,0.45056728,0.44818354,0.59418696,0.46055728
0.44898513,0.44304872,0.4472574,0.6148553,0.44962108
0.43301758,0.43464628,0.43060648,0.62979627,0.46037418
0.42814615,0.45795506,0.43321472,0.64229524,0.47423548
0.44221923,0.48642802,0.4618469,0.6282524,0.514168
0.48254398,0.48416156,0.48464966,0.613981,0.55469006
0.46820027,0.45637035,0.48534015,0.5633803,0.5183509
0.42733425,0.40011686,0.4247812,0.5353105,0.4693023
0.36968878,0.352453,0.3742434,0.5136211,0.39423984
0.2985115,0.3077587,0.31617096,0.5157325,0.31461155
0.22949933,0.23553021,0.25056353,0.51162374,0.25359738
0.17726658,0.18388732,0.19595106,0.50281286,0.22171505
0.15290934,0.16068648,0.15963492,0.5014074,0.1763102
0.13775373,0.1520809,0.15046197,0.49524695,0.17543711
0.13342355,0.13772143,0.13764712,0.48775133,0.20209171
0.1420839,0.15225413,0.14570096,0.47481975,0.20658581
0.17131259,0.18283662,0.17552009,0.47156912,0.21905538
0.22571042,0.245424,0.23048966,0.47113642,0.30725074
0.29120433,0.29618913,0.2851958,0.47205558,0.33294222
0.34830853,0.3468843,0.3382889,0.46798906,0.37181836
0.38457376,0.36766723,0.37795344,0.47290567,0.40122396
0.39945874,0.3643396,0.39678767,0.48397264,0.41129702
0.39756426,0.36006656,0.39605308,0.49243268,0.41315746
0.3916103,0.37125063,0.38257068,0.50989926,0.40985346
0.3805142,0.34796974,0.37474734,0.5336261,0.3882131
0.36671177,0.3380116,0.36244568,0.54733574,0.35988092
0.36129904,0.35288522,0.35454175,0.5592834,0.3916372
0.37104195,0.38016558,0.37060755,0.56582034,0.43122417
0.4051421,0.42722583,0.40573117,0.56220305,0.44976395
0.44411367,0.45139062,0.44474292,0.55447197,0.5043907
0.42002708,0.41705686,0.44493732,0.5298149,0.487042
0.38376185,0.3449692,0.37447563,0.5135472,0.43124348
0.33396482,0.30836305,0.336762,0.4933217,0.36352095
0.2722598,0.27440917,0.28194132,0.47888055,0.2966184
0.20622464,0.21769781,0.22390181,0.46996763,0.25810033
0.16184032,0.16433468,0.16977845,0.45794126,0.21897441
0.13504736,0.14136484,0.14609672,0.45305938,0.15981476
0.12232747,0.13309652,0.13133813,0.4457228,0.16003704
0.11935047,0.12965792,0.12685527,0.43413964,0.18208078
0.12232747,0.13370807,0.13510455,0.42779467,0.18476252
0.14235453,0.15624799,0.15460105,0.4220662,0.1973683
0.18240866,0.20181447,0.20444116,0.41853267,0.2645587
0.23572396,0.24453981,0.25104645,0.41517004,0.30129594
0.30473614,0.29861194,0.29547334,0.40908653,0.32938498
0.3518268,0.32791662,0.35052347,0.40945914,0.37561947
0.3669824,0.34183598,0.37211323,0.41665086,0.4005156
0.36752367,0.34001946,0.36770394,0.42875585,0.39684567
0.3653586,0.34448642,0.35793883,0.44608194,0.37370354
0.35290933,0.3268272,0.3529997,0.45556524,0.36758912
0.34641406,0.31892863,0.33740672,0.46912238,0.3501588
0.3610284,0.3323393,0.34391695,0.4832075,0.35617125
0.40108255,0.39480716,0.3851164,0.48503658,0.4208671
0.45818675,0.47164333,0.44614822,0.46570697,0.45005155
0.4993234,0.49040046,0.49139234,0.465974,0.48511028
0.47334236,0.46284056,0.48918575,0.4596922,0.48436087
0.42625168,0.38818333,0.42367047,0.45896357,0.42645812
0.35074425,0.3332386,0.3690409,0.45141545,0.34180963
0.27550745,0.27749586,0.2812161,0.44567433,0.2740408
0.21109608,0.21102126,0.2189296,0.44165075,0.21923463
0.17131259,0.17250323,0.1741889,0.43283015,0.200858
0.15751015,0.15545854,0.15569858,0.43163428,0.16017744
0.1518268,0.14426856,0.16105282,0.4250747,0.16518177
0.15426251,0.15154082,0.16070755,0.4200443,0.19335645
0.18240866,0.17489861,0.17617893,0.4194185,0.21486466
0.26143438,0.24599344,0.24757376,0.4154689,0.27513906
0.39810556,0.38757783,0.39134306,0.41460556,0.41104424
0.46197563,0.46462,0.49057475,0.41251916,0.4559812
0.46549392,0.46921992,0.47488663,0.41387936,0.43892217
0.4638701,0.45179516,0.47544348,0.41710705,0.46767056
0.46738836,0.43703097,0.4685983,0.42778283,0.46099085
0.45899865,0.42637348,0.46666878,0.43711016,0.45424378
0.44411367,0.43942133,0.4482937,0.4533817,0.46274424
0.43653587,0.41615677,0.42880177,0.46616247,0.45151722
0.42110962,0.40300816,0.4282032,0.4935982,0.4459257
0.4113667,0.4014978,0.4140862,0.5045099,0.45031565
0.43355885,0.43239167,0.42741203,0.5099362,0.47737688
0.48389715,0.49371675,0.4874231,0.49828032,0.5289683
0.53856564,0.5281136,0.52795833,0.4840364,0.58487415
0.51772666,0.5117276,0.5369064,0.46380302,0.5302096
0.47253045,0.42751026,0.47138593,0.45001826,0.46697462
0.3948579,0.38005006,0.41614008,0.44093275,0.39983612
0.30338296,0.3172118,0.32672483,0.42771938,0.2980837
0.22895806,0.23999003,0.24235936,0.42628205,0.23252738
0.1856563,0.18001339,0.19122969,0.42366385,0.2028126
0.16887686,0.16928047,0.16904536,0.42450193,0.16958705
0.15805142,0.15777777,0.16588327,0.41931528,0.15365754
0.15832205,0.15552805,0.1572314,0.4112987,0.20825835
0.17889039,0.1818169,0.17734423,0.407315,0.2418227
0.24113667,0.24915558,0.24045162,0.4017963,0.28170463
0.37483084,0.37006402,0.3657375,0.39690766,0.400842
0.43978348,0.4471386,0.4664101,0.39232153,0.4792205
0.44709066,0.44199258,0.4469356,0.392401,0.45754623
0.45385656,0.4295898,0.45531654,0.40050372,0.46557957
0.46576455,0.43190807,0.45881718,0.42534345,0.45933956
0.46792963,0.42645085,0.4634727,0.4423845,0.4699331
0.46197563,0.4498548,0.45618767,0.4572733,0.45567495
0.46359947,0.4307307,0.44559607,0.46859413,0.45510066
0.4503383,0.42818794,0.45262897,0.48071596,0.44992864
0.4519621,0.42735162,0.43572766,0.49185875,0.45667547
0.4744249,0.47351623,0.4689625,0.49851462,0.47655284
0.5171854,0.5319826,0.51694,0.5031456,0.52193266
0.54533154,0.54642254,0.5543514,0.4973154,0.57512784
0.5158322,0.51026976,0.5291117,0.4832048,0.5334899
0.46576455,0.42552677,0.46089303,0.47232726,0.47293204
0.38700947,0.36976326,0.4012671,0.46708426,0.39425504
0.2925575,0.3031936,0.3152013,0.45569757,0.31159967
0.21894452,0.22550671,0.23104396,0.45279905,0.24738058
0.17699593,0.17202729,0.18449415,0.44903544,0.2130645
0.15615697,0.17006804,0.16418819,0.4476713,0.1950879
0.14560217,0.15612304,0.15293398,0.44516858,0.18450554
0.1480379,0.15804109,0.1490709,0.44469228,0.22474918
0.17347768,0.17666017,0.17263423,0.44199538,0.22898456
0.24546684,0.25165707,0.24370007,0.44168362,0.28908893
0.37861976,0.37818468,0.36909592,0.43665487,0.40239322
0.44925576,0.45600852,0.45604697,0.43162483,0.4507563
0.4633288,0.45024595,0.4622472,0.42742592,0.4532618
0.4760487,0.4472926,0.47136205,0.4324422,0.4845839
0.48525032,0.44742867,0.48103574,0.44392338,0.47468847
0.47848445,0.44410974,0.48051745,0.4487955,0.4709741
0.467659,0.45964184,0.46247116,0.45836213,0.47492796
0.46982408,0.44125408,0.44953585,0.46251538,0.47201633
0.45953992,0.43894953,0.4591411,0.46529567,0.46761405
0.46657646,0.4328044,0.4454463,0.473972,0.4706024
0.48741543,0.4899732,0.4845224,0.47805968,0.4850521
0.52584577,0.5409935,0.5239197,0.47992525,0.53372353
0.55020297,0.5514116,0.5602408,0.47693062,0.5958701
0.517456,0.5107938,0.5330935,0.47336486,0.5668642
0.46630582,0.43631893,0.46297097,0.4686806,0.48839784
0.38782138,0.37847537,0.40259033,0.46756187,0.4156556
0.30094722,0.3098896,0.31817812,0.46523786,0.33048946
0.22922869,0.23428673,0.24548194,0.45700487,0.22799225
0.18484439,0.18237388,0.19661015,0.452354,0.22014514
0.16535859,0.17700627,0.17151187,0.44660392,0.1944665
0.15345061,0.16408712,0.1657756,0.44570535,0.19581671
0.1526387,0.16534701,0.1580381,0.44483447,0.20793666
0.17916103,0.18720022,0.17714371,0.44175294,0.23398042
0.25142083,0.25555012,0.2525356,0.4422819,0.29895192
0.38592693,0.37927356,0.37019998,0.44161302,0.44898087
0.46143436,0.45785198,0.4621139,0.4431715,0.48284525
0.47577807,0.46264228,0.4748658,0.44334552,0.4491238
0.49120432,0.4615775,0.4810982,0.4446954,0.4757452
0.5044655,0.46121216,0.49386573,0.45087656,0.47887224
0.5074425,0.45305595,0.49808148,0.44870326,0.46928918
0.49661705,0.4848717,0.4927163,0.4536762,0.46108532
0.49147496,0.46040025,0.47610226,0.451637,0.46118838
0.47983763,0.44951576,0.4767815,0.46498218,0.4633209
0.4752368,0.44924372,0.46710998,0.46988553,0.4599868
0.49201623,0.4862464,0.48534107,0.47124538,0.48661774
0.52584577,0.5399016,0.5325699,0.4713097,0.5375137
0.54479027,0.5485388,0.55877984,0.4677977,0.58941144
0.5152909,0.51301444,0.5271107,0.46548316,0.5408429
0.46711773,0.43457732,0.46403158,0.4596485,0.48934358
0.38863328,0.38057175,0.40672648,0.459816,0.41532987
0.30121785,0.3095082,0.32178482,0.4576867,0.3101931
0.23815967,0.24504164,0.24709648,0.4543055,0.24868691
0.19377537,0.19775204,0.21049349,0.4508982,0.22272238
0.17347768,0.18474692,0.17971629,0.4462698,0.19930802
0.16021651,0.16991727,0.17314126,0.44635287,0.18338948
0.16075778,0.16864061,0.16524598,0.44525814,0.22509024
0.18457375,0.19194137,0.1872073,0.44168812,0.25358638
0.25520974,0.25804016,0.25096533,0.43929505,0.2890845
0.38105547,0.3886508,0.36112118,0.434697,0.42266786
0.45439783,0.45209274,0.4544511,0.43632317,0.48940897
0.47225982,0.46344456,0.4702705,0.43691558,0.46051466
0.479567,0.45882976,0.47834262,0.43748477,0.47285384
0.4863329,0.4498262,0.47956765,0.44281897,0.46738398
0.48741543,0.43912196,0.47806638,0.44928405,0.47075242
0.4728011,0.46653068,0.47173163,0.4530672,0.4481824
0.46305817,0.4422122,0.4496788,0.4543345,0.46055728
0.45087957,0.43079087,0.4461165,0.46497947,0.44962108
0.44167796,0.4290988,0.43852133,0.47303373,0.46037418
0.4495264,0.45852503,0.44986543,0.47531137,0.47423548
0.4787551,0.5015461,0.4902913,0.47525665,0.514168
0.5001353,0.5062213,0.51528174,0.47172785,0.55469006
0.47713125,0.46253252,0.48882377,0.47036278,0.5183509
0.44682002,0.40231645,0.43177706,0.46330467,0.4693023
0.39188093,0.36883718,0.39675266,0.4565032,0.39423984
0.31637347,0.3230921,0.33647937,0.44833824,0.31461155
0.24573748,0.24662888,0.26613873,0.45088574,0.25359738
0.19485791,0.19714278,0.21118505,0.4428308,0.22171505
0.1594046,0.17421645,0.17680195,0.44196498,0.1763102
0.14343707,0.15719397,0.15013324,0.43760902,0.17543711
0.1391069,0.14275515,0.14610794,0.43581066,0.20209171
0.1480379,0.15616924,0.15304232,0.42590216,0.20658581
0.17916103,0.19043286,0.18364978,0.423492,0.21905538
0.23626523,0.25235766,0.24802871,0.41310963,0.30725074
0.2976996,0.3063218,0.3009032,0.41064066,0.33294222
0.34857917,0.35954162,0.34238273,0.40782988,0.37181836
0.3677943,0.36911196,0.37836853,0.409334,0.40122396
0.36752367,0.35327393,0.3784632,0.44998035,0.41129702
0.36508796,0.33820343,0.3646387,0.484632,0.41315746
0.35588634,0.34608042,0.35541824,0.5053638,0.40985346
0.3361299,0.32171285,0.34103745,0.5211911,0.3882131
0.31962112,0.29654673,0.3166501,0.52048516,0.35988092
0.3225981,0.3178385,0.30931047,0.52542007,0.3916372
0.3428958,0.34982628,0.33784023,0.51991725,0.43122417
0.38294992,0.40318012,0.38085213,0.49991068,0.44976395
0.42976996,0.4376049,0.42489576,0.48528406,0.5043907
0.4051421,0.40433943,0.44068772,0.4663656,0.487042
0.36968878,0.33491558,0.36684513,0.4510316,0.43124348
0.32205683,0.2981071,0.32520267,0.43691075,0.36352095
0.26332882,0.2639938,0.27097058,0.43443832,0.2966184
0.20730717,0.21182495,0.21635093,0.43630528,0.25810033
0.16589986,0.16786738,0.17496714,0.42479807,0.21897441
0.14424899,0.1454127,0.14805068,0.4222781,0.15981476
0.12882273,0.1378284,0.14143133,0.42057323,0.16003704
0.12611638,0.1359174,0.13059337,0.40741384,0.18208078
0.12909336,0.13843776,0.1400092,0.39350894,0.18476252
0.1488498,0.1618355,0.15742902,0.38014907,0.1973683
0.18782137,0.20700356,0.20597753,0.36912167,0.2645587
0.2435724,0.24752341,0.25335994,0.36740655,0.30129594
0.3098782,0.3025935,0.29887033,0.36534864,0.32938498
0.3572395,0.32959735,0.352314,0.36077237,0.37561947
0.37780786,0.34431392,0.3769953,0.40564448,0.4005156
0.38240865,0.34863886,0.3813033,0.44288158,0.39684567
0.38105547,0.3579316,0.37493414,0.4621469,0.37370354
0.3645467,0.33665633,0.36957625,0.4820052,0.36758912
0.3504736,0.32460612,0.34925365,0.49039325,0.3501588
0.3572395,0.33400404,0.34840208,0.5075567,0.35617125
0.3856563,0.39088798,0.38206473,0.5065223,0.4208671
0.43464142,0.45408994,0.42660433,0.5086424,0.45005155
0.4909337,0.4702633,0.4669685,0.4930909,0.48511028
0.4684709,0.46038207,0.4872507,0.4793384,0.48436087
0.41975644,0.3850476,0.41637656,0.4627914,0.42645812
0.34641406,0.3289761,0.36466253,0.44940868,0.34180963
0.2684709,0.2755618,0.2806057,0.451956,0.2740408
0.20541272,0.20716229,0.21129824,0.4522375,0.21923463
0.16617051,0.1697196,0.1692238,0.44340602,0.200858
0.14857917,0.15270191,0.14890131,0.4303882,0.16017744
0.14046007,0.13669701,0.14692545,0.43784675,0.16518177
0.14451963,0.14332101,0.14645214,0.43319845,0.19335645
0.17050068,0.16944419,0.16699007,0.4290854,0.21486466
0.24790257,0.23560245,0.23205405,0.4263201,0.27513906
0.38457376,0.37528962,0.374359,0.41480964,0.41104424
0.45006767,0.45169714,0.48064393,0.4139738,0.4559812
0.45277402,0.45962068,0.46544164,0.40436473,0.43892217
0.45764548,0.4388975,0.46326476,0.42331603,0.46767056
0.46414074,0.4325469,0.46396202,0.4456526,0.46099085
0.45304465,0.4233419,0.46260214,0.4733538,0.45424378
0.43464142,0.43236792,0.4388714,0.48484665,0.46274424
0.42814615,0.40597868,0.4159775,0.4967987,0.45151722
0.4127199,0.39347425,0.41932595,0.52076316,0.4459257
0.40947226,0.39218125,0.40425238,0.5258503,0.45031565
0.42976996,0.43031043,0.42940933,0.51511323,0.47737688
0.48146144,0.48811325,0.47942793,0.5164648,0.5289683
0.5326116,0.5260573,0.530662,0.49656352,0.58487415
0.5098782,0.507161,0.5288475,0.45983294,0.5302096
0.46495265,0.41885632,0.4614939,0.43607965,0.46697462
0.38673884,0.37245232,0.40927342,0.417516,0.39983612
0.30284166,0.3105632,0.31801924,0.41438752,0.2980837
0.23112313,0.23988786,0.24647327,0.401711,0.23252738
0.18890393,0.18239939,0.19421892,0.39864185,0.2028126
0.16562922,0.17145148,0.17236038,0.39549908,0.16958705
0.15345061,0.15439646,0.15960532,0.39798805,0.15365754
0.15399188,0.15201889,0.15459718,0.39825642,0.20825835
0.18105549,0.17947492,0.17429057,0.4000777,0.2418227
0.255751,0.25052944,0.2476544,0.40322983,0.28170463
0.38700947,0.38295877,0.38792092,0.40043378,0.400842
0.45737484,0.4565211,0.46813595,0.40251255,0.4792205
0.46278754,0.45399082,0.46560335,0.39661807,0.45754623
0.4714479,0.4383058,0.46800578,0.40858153,0.46557957
0.46359947,0.44437426,0.47498715,0.42328867,0.45933956
0.4600812,0.4184466,0.45478684,0.45233613,0.4699331
0.4495264,0.43858135,0.44825366,0.4650282,0.45567495
0.4405954,0.4161956,0.43393895,0.4934208,0.45510066
0.4343708,0.40524012,0.42659438,0.5220661,0.44992864
0.42814615,0.4142355,0.4282943,0.5340804,0.45667547
0.43626523,0.45040464,0.43735904,0.5416697,0.47655284
0.49418133,0.49139872,0.4785877,0.5268009,0.52193266
0.538295,0.53381777,0.5479888,0.5125748,0.57512784
0.5152909,0.5085832,0.52521294,0.4770845,0.5334899
0.46657646,0.42569807,0.46529806,0.46066257,0.47293204
0.38998646,0.3687726,0.4054578,0.4624507,0.39425504
0.30121785,0.30292612,0.32076317,0.44010764,0.31159967
0.22841679,0.23176125,0.24191006,0.43000013,0.24738058
0.18538566,0.17530042,0.19156729,0.42880553,0.2130645
0.16373478,0.17317447,0.16937181,0.4209692,0.1950879
0.15128551,0.15740392,0.15905358,0.42559338,0.18450554
0.15345061,0.15985882,0.15232565,0.40719724,0.22474918
0.17943166,0.17906797,0.17429955,0.4070861,0.22898456
0.25087956,0.25472748,0.2420104,0.41142657,0.28908893
0.38024357,0.38327083,0.37455446,0.40867907,0.40239322
0.4533153,0.45416993,0.4610412,0.41864446,0.4507563
0.461705,0.45245013,0.4636119,0.4201265,0.4532618
0.46820027,0.44231695,0.46685165,0.42908722,0.4845839
0.47469553,0.43938363,0.47045952,0.43705967,0.47468847
0.46657646,0.43061292,0.47066215,0.45112607,0.4709741
0.4592693,0.45004687,0.4517265,0.4721842,0.47492796
0.4592693,0.4339603,0.4439492,0.4947325,0.47201633
0.44492558,0.4287888,0.4483986,0.5087708,0.46761405
0.44465494,0.4218809,0.42947847,0.5199709,0.4706024
0.4728011,0.46742317,0.45908636,0.5342978,0.4850521
0.5182679,0.53031254,0.5207847,0.5239496,0.53372353
0.52963465,0.551443,0.55372465,0.5122076,0.5958701
0.5052774,0.48925817,0.5102357,0.50303984,0.5668642
0.46305817,0.42743328,0.45820135,0.4862408,0.48839784
0.38836265,0.37583685,0.40322518,0.48163062,0.4156556
0.29878214,0.3105223,0.3191281,0.4588296,0.33048946
0.2278755,0.23234789,0.24031122,0.4589823,0.22799225
0.18755074,0.17961949,0.19407392,0.45168948,0.22014514
0.16427605,0.17868741,0.17511956,0.4424154,0.1944665
0.15290934,0.16243471,0.16001092,0.43483907,0.19581671
0.15588634,0.16414218,0.15770693,0.4121651,0.20793666
0.1826793,0.19022192,0.18145691,0.4011948,0.23398042
0.255751,0.25813583,0.25031334,0.39584646,0.29895192
0.3948579,0.38106588,0.37332055,0.39328417,0.44898087
0.46224627,0.46478844,0.4726922,0.39546144,0.48284525
0.46359947,0.46185458,0.46942568,0.3923583,0.4491238
0.46657646,0.44691372,0.46692273,0.396568,0.4757452
0.45358592,0.43567598,0.46868554,0.40643725,0.47887224
0.4427605,0.4056445,0.44395816,0.4223772,0.46928918
0.42868742,0.4164534,0.42986864,0.4546216,0.46108532
0.4284168,0.4018428,0.41256797,0.47052932,0.46118838
0.41975644,0.39688948,0.4188361,0.4851409,0.4633209
0.41677943,0.40297258,0.4088471,0.48899403,0.4599868
0.43112314,0.4398987,0.42982227,0.50176746,0.48661774
0.47253045,0.49007794,0.47271255,0.49954095,0.5375137
0.51962113,0.5127702,0.512101,0.48584852,0.58941144
0.5052774,0.49761713,0.5161394,0.47919396,0.5408429
0.4752368,0.42894226,0.46012843,0.45713693,0.48934358
0.4075778,0.38876706,0.42053235,0.4450026,0.41532987
0.31691474,0.31956702,0.33970618,0.42607057,0.3101931
0.2443843,0.25289696,0.25491393,0.42153075,0.24868691
0.20595399,0.19849592,0.20815808,0.4191129,0.22272238
0.17916103,0.19089222,0.1923374,0.41519302,0.19930802
0.16806495,0.17227465,0.17025602,0.40991497,0.18338948
0.16995941,0.17255677,0.17177373,0.40588015,0.22509024
0.19377537,0.19991887,0.18935141,0.4043387,0.25358638
0.27117726,0.26279414,0.24849308,0.40098122,0.2890845
0.4046008,0.40128103,0.39647967,0.3999241,0.42266786
0.46657646,0.46958563,0.48401445,0.39843464,0.48940897
0.46792963,0.46466756,0.4662407,0.39473474,0.46051466
0.46224627,0.44880402,0.4719412,0.39677534,0.47285384
0.4495264,0.4299849,0.46273595,0.41145933,0.46738398
0.43653587,0.4047376,0.44391343,0.42247894,0.47075242
0.4216509,0.41916278,0.42604235,0.45723262,0.4481824
0.4143437,0.40199804,0.4085581,0.47151202,0.46055728
0.39945874,0.39265126,0.40340948,0.48294634,0.44962108
0.40108255,0.38716307,0.386859,0.48705673,0.46037418
0.41867387,0.4250926,0.41638154,0.4907561,0.47423548
0.44005412,0.4777736,0.45905542,0.4908304,0.514168
0.44790256,0.47906923,0.4795257,0.4761025,0.55469006
0.42300406,0.42459103,0.4505788,0.46257988,0.5183509
0.40703654,0.3627805,0.3897466,0.44143182,0.4693023
0.3602165,0.341272,0.3693453,0.43322515,0.39423984
0.29309878,0.3042229,0.30667862,0.42971468,0.31461155
0.2308525,0.23228729,0.24502037,0.41950375,0.25359738
0.1902571,0.19010921,0.20032765,0.41306996,0.22171505
0.16860622,0.17628762,0.17552926,0.41094047,0.20761982
0.15669824,0.16457964,0.16546343,0.40565008,0.22090772
0.15453315,0.15972069,0.1596138,0.4022038,0.26694667
0.16454668,0.16855313,0.1680809,0.40367258,0.2764651
0.19188093,0.20592101,0.1993151,0.40143973,0.27485174
0.2443843,0.24383757,0.2513057,0.40645748,0.37053862
0.31366712,0.30446774,0.29691267,0.40526703,0.40006697
0.3729364,0.3744564,0.35424235,0.407737,0.41331154
0.4181326,0.388178,0.39572588,0.4099606,0.4514433
0.43978348,0.40608197,0.4265801,0.42397413,0.4696896
0.4473613,0.41448683,0.4338656,0.43270585,0.43872744
0.4405954,0.435429,0.43332502,0.4385166,0.42736757
0.43193504,0.4095695,0.42168713,0.44522586,0.41371447
0.4270636,0.41424698,0.41683426,0.44593656,0.4090398
0.43058187,0.42184502,0.42310232,0.44984868,0.43205702
0.45439783,0.4730557,0.44383338,0.44941786,0.48662764
0.48849797,0.5181403,0.4831764,0.45060417,0.533731
0.49418133,0.49619958,0.5006837,0.44643673,0.5440254
0.45818675,0.4784663,0.47057417,0.44253913,0.5379726
0.42354533,0.41640276,0.4111997,0.43858624,0.49543786
0.3686062,0.37192148,0.3733023,0.43686104,0.41805118
0.30311233,0.31355232,0.3085983,0.43880352,0.3522786
0.2414073,0.24347144,0.25224435,0.43618762,0.29715472
0.20433018,0.2028669,0.20694557,0.4321612,0.27876455
0.17266576,0.18017045,0.19135775,0.43134058,0.20961866
0.16238159,0.16156675,0.16473043,0.42891288,0.20083204
0.16265224,0.15663531,0.17263766,0.4241602,0.24137
0.17564276,0.16836841,0.18831383,0.42294517,0.24316584
0.20811908,0.2034825,0.22600979,0.4207566,0.25753728
0.26874155,0.25244123,0.2795483,0.423702,0.3395145
0.34316644,0.3277762,0.33730066,0.4238173,0.38010916
0.41380244,0.40815982,0.39715517,0.4253883,0.40470898
0.4519621,0.43133318,0.44541007,0.42656845,0.43018204
0.46901217,0.44541356,0.46021754,0.43408737,0.45279318
0.47577807,0.44787216,0.46197298,0.4391161,0.42727762
0.46278754,0.46422213,0.46061617,0.4390897,0.4107502
0.4451962,0.43579704,0.4390821,0.44180498,0.41788527
0.4308525,0.42822218,0.4256013,0.44201428,0.39963174
0.43626523,0.42829007,0.4222659,0.44646427,0.42279553
0.47171855,0.4941615,0.4542057,0.44498724,0.48890126
0.51258457,0.5553094,0.51258725,0.4443546,0.55175084
0.4909337,0.5236399,0.53111833,0.44184875,0.54010695
0.4443843,0.48402417,0.46423304,0.4400705,0.54448664
0.40568337,0.415954,0.40428638,0.43793434,0.499376
0.33829498,0.35780334,0.3585767,0.43655634,0.41589135
0.2654939,0.29005915,0.2771283,0.43520254,0.3386617
0.21596752,0.21512464,0.21643944,0.43266487,0.25404662
0.18673883,0.19172007,0.19165258,0.43250638,0.24905396
0.17212449,0.18286082,0.17687874,0.42857894,0.22038643
0.16562922,0.17282669,0.17409922,0.42500776,0.20956327
0.17131259,0.17954326,0.17831638,0.4214837,0.25528076
0.20351827,0.20101497,0.20610629,0.4211029,0.26839384
0.28525034,0.29139718,0.27637896,0.4226573,0.3262933
0.40324762,0.40820816,0.37692767,0.42265987,0.49467242
0.44330177,0.47388193,0.470796,0.42265695,0.52213156
0.44763193,0.46895465,0.45687813,0.422827,0.5105163
0.44790256,0.45534313,0.45203516,0.43117395,0.52544844
0.4473613,0.44920588,0.44471312,0.4396961,0.4954179
0.44411367,0.44354576,0.43643314,0.4520932,0.4902081
0.42598104,0.4549402,0.42713386,0.45879316,0.47943985
0.42381597,0.42537,0.40208095,0.4692874,0.47545654
0.42083898,0.42370623,0.41640833,0.47348812,0.4782251
0.4392422,0.42711842,0.4201815,0.47597954,0.50117314
0.48660353,0.4937132,0.4734014,0.47222528,0.5375106
0.5599459,0.5640997,0.5296761,0.456046,0.6138882
0.5510149,0.5875941,0.5683435,0.43595996,0.6425316
0.51935047,0.5275301,0.5055928,0.43369776,0.5844434
0.47631934,0.47142518,0.4681215,0.42339516,0.51340485
0.39350474,0.41339937,0.41327888,0.41745484,0.47098494
0.31096077,0.3251564,0.31814694,0.4175246,0.36132884
0.2473613,0.25333703,0.25739494,0.41006854,0.2677883
0.20974289,0.21462539,0.21465108,0.4095487,0.2501369
0.19133964,0.19601904,0.19523387,0.39794362,0.23996061
0.18619756,0.18597487,0.19021225,0.39154512,0.22546762
0.18971583,0.19983532,0.19708832,0.38511437,0.2799585
0.2202977,0.21567304,0.22167397,0.38739556,0.30374208
0.2993234,0.30791456,0.30788252,0.39097235,0.34031326
0.41975644,0.4187239,0.4220208,0.39467967,0.49711704
0.46305817,0.47992837,0.47069186,0.39735404,0.5458464
0.47090665,0.4675336,0.4729524,0.39644375,0.5135029
0.46630582,0.4654554,0.47921655,0.4145083,0.5222127
0.47225982,0.45973855,0.46849036,0.4264438,0.4981469
0.46305817,0.4560979,0.47068697,0.4434061,0.50111896
0.4503383,0.46460408,0.4505669,0.47602066,0.47808808
0.4503383,0.4395832,0.4363864,0.49538192,0.4773739
0.44086602,0.4509852,0.44464648,0.50273323,0.48313063
0.44979703,0.44856313,0.43254697,0.51028836,0.4986205
0.5023004,0.50864357,0.47377098,0.50796986,0.5265583
0.5480379,0.5850985,0.5557761,0.49134612,0.6086106
0.5355886,0.5702683,0.5547626,0.4687901,0.6382318
0.5106901,0.5182385,0.5055387,0.45713183,0.57578325
0.46711773,0.4680714,0.46533674,0.42972893,0.53170544
0.38511503,0.40040076,0.40112358,0.39934117,0.4642257
0.29878214,0.30994663,0.31028467,0.3891257,0.36902767
0.23491204,0.23404592,0.24183486,0.3713986,0.27591947
0.19675237,0.20056614,0.20174824,0.36191434,0.26476425
0.17537212,0.18157166,0.18171579,0.34324837,0.24462712
0.16562922,0.17333415,0.17023005,0.33487642,0.2308773
0.16725305,0.17918319,0.17049296,0.32662964,0.30067658
0.19431664,0.19249243,0.19263054,0.33491772,0.29176202
0.26143438,0.27419952,0.26830465,0.3506974,0.34716132
0.38863328,0.37791565,0.37157172,0.36672652,0.46936268
0.44303113,0.45996976,0.45663294,0.3748192,0.5214952
0.45142084,0.45441237,0.45426643,0.37632877,0.529243
0.45060894,0.45551395,0.4586209,0.40567082,0.5425793
0.44871446,0.4478412,0.4533313,0.43935284,0.50350493
0.44032475,0.44632334,0.44336691,0.45219806,0.5162766
0.42381597,0.44718277,0.42815682,0.49552867,0.48933375
0.41948578,0.4277082,0.4070289,0.5230201,0.49980944
0.41109607,0.4258195,0.41027224,0.5285368,0.4834044
0.41407308,0.41905966,0.40382385,0.5282224,0.5231706
0.46711773,0.4731208,0.43364558,0.5140902,0.52388626
0.538295,0.55179864,0.5233809,0.49380964,0.6154805
0.532341,0.56800777,0.5553962,0.47676387,0.65560114
0.49905276,0.5111428,0.5001277,0.4678546,0.6282814
0.4495264,0.46302193,0.4501071,0.4452512,0.5421534
0.37023005,0.3895362,0.38246503,0.42903483,0.47876048
0.2811908,0.3024131,0.29778993,0.41831014,0.38753378
0.22435723,0.22436808,0.22302523,0.40851277,0.28282577
0.1864682,0.1951953,0.19580664,0.39952964,0.2723563
0.16075778,0.17628258,0.17119592,0.39885104,0.23786423
0.14939107,0.16627723,0.15289502,0.39777285,0.22593042
0.1526387,0.15883934,0.15486023,0.39350757,0.27572453
0.18159676,0.17797202,0.17771946,0.3864617,0.27444717
0.2630582,0.26440448,0.25511083,0.38186258,0.35209033
0.39566982,0.36893797,0.39541095,0.3878154,0.51487535
0.45764548,0.458632,0.46182206,0.3933534,0.5369192
0.46495265,0.4642257,0.46598697,0.39554486,0.5221267
0.4638701,0.4595626,0.46949273,0.4019982,0.5366509
0.46441138,0.4500321,0.46490127,0.4140585,0.5102188
0.46549392,0.4411259,0.4593596,0.42732638,0.49815202
0.45439783,0.45213225,0.4557852,0.44838277,0.4836272
0.46035182,0.43887338,0.43860197,0.47121242,0.48644137
0.45737484,0.44854867,0.455778,0.48141,0.4757529
0.47171855,0.45299327,0.45110703,0.48871946,0.50794894
0.5209743,0.51590675,0.49815804,0.48333547,0.54211605
0.5610284,0.5876315,0.56933385,0.47667113,0.6205735
0.5488498,0.5712618,0.5649216,0.47056785,0.6470689
0.5090663,0.5225955,0.516498,0.47310477,0.5950314
0.46441138,0.45819688,0.45525753,0.463354,0.5229095
0.38782138,0.3998477,0.4007314,0.4537382,0.47774786
0.2985115,0.3117619,0.31741947,0.44935215,0.36535895
0.24465494,0.24253117,0.2417583,0.4388558,0.28645065
0.20405954,0.21342017,0.22023194,0.43040305,0.25657764
0.18105549,0.19255541,0.18855779,0.42616987,0.24438277
0.17131259,0.18174468,0.1788125,0.42096877,0.23493144
0.17212449,0.18095842,0.18315394,0.419312,0.28920355
0.194046,0.1982319,0.20355645,0.41657686,0.31160027
0.26332882,0.27404726,0.27310523,0.41456687,0.3349532
0.38105547,0.3792529,0.3757441,0.4125547,0.4998886
0.43897158,0.45396227,0.4430105,0.41376728,0.5448986
0.461705,0.4567707,0.45552182,0.4147471,0.5176755
0.4760487,0.46486306,0.4720949,0.4165428,0.53149146
0.4849797,0.47158244,0.48020512,0.4219607,0.4986689
0.48010826,0.4700268,0.48011565,0.42922086,0.49131608
0.4684709,0.47685605,0.46522567,0.43392596,0.47447956
0.46414074,0.45985264,0.45140928,0.44018924,0.48371172
0.4562923,0.46525696,0.4527651,0.4430077,0.46811324
0.4633288,0.4601847,0.44800472,0.4448424,0.49337608
0.52341,0.51288843,0.48308796,0.4396097,0.5183403
0.561299,0.59959847,0.57701725,0.4339521,0.5906344
0.54316646,0.5691986,0.55985385,0.43054545,0.6176529
0.51096076,0.5159993,0.51264274,0.43383983,0.5599863
0.47713125,0.47081465,0.46225923,0.43299115,0.51648736
0.4165088,0.4195047,0.41769472,0.4325494,0.4458648
0.347226,0.34987092,0.3513891,0.4292774,0.35837114
0.2841678,0.28017285,0.29645568,0.42859268,0.28441662
0.24086604,0.24803005,0.24837498,0.42759597,0.25829047
0.21786198,0.21773621,0.22297478,0.4261015,0.20761982
0.2067659,0.20607033,0.21625713,0.42537257,0.22090772
0.20460081,0.20219675,0.2152233,0.42644548,0.26694667
0.22002706,0.21180484,0.23042046,0.4241063,0.2764651
0.25439784,0.2625475,0.278905,0.4209901,0.27485174
0.3098782,0.30440903,0.32843325,0.42029786,0.37053862
0.3677943,0.36701256,0.36128414,0.42159316,0.40006697
0.41596752,0.425591,0.4087939,0.42238405,0.41331154
0.42787552,0.43362495,0.44114095,0.4316838,0.4514433
0.4232747,0.42163405,0.43354294,0.4394469,0.4696896
0.40947226,0.41022313,0.4168113,0.44689134,0.43872744
0.38592693,0.40910804,0.3960043,0.45449206,0.42736757
0.36968878,0.3763286,0.36696815,0.4566861,0.41371447
0.36752367,0.37307394,0.35598058,0.46134633,0.4090398
0.38376185,0.38572845,0.3670376,0.46208695,0.43205702
0.45656294,0.44990918,0.4067617,0.46169925,0.48662764
0.5185386,0.5511874,0.51538324,0.4551879,0.533731
0.49499324,0.53435296,0.52447,0.44273138,0.5440254
0.45818675,0.47577503,0.46628147,0.44091448,0.5379726
0.4240866,0.4239744,0.419933,0.44206807,0.49543786
0.37997293,0.37517995,0.369699,0.44095638,0.41805118
0.30121785,0.32681638,0.32216775,0.4386964,0.3522786
0.24492557,0.24681975,0.23787463,0.43819332,0.29715472
0.20351827,0.21229225,0.20946896,0.43865588,0.27876455
0.17780785,0.18406422,0.18260269,0.43567538,0.20961866
0.16373478,0.16944386,0.16746573,0.43457413,0.20083204
0.16156968,0.16169871,0.16484603,0.4335217,0.24137
0.16644114,0.16947699,0.17742293,0.43118495,0.24316584
0.18755074,0.1958327,0.2041006,0.425794,0.25753728
0.22976996,0.23299655,0.25809303,0.42243496,0.3395145
0.28876862,0.2898172,0.29585707,0.41937584,0.38010916
0.34912044,0.35571128,0.34175155,0.41669267,0.40470898
0.3797023,0.37355822,0.3845495,0.42235243,0.43018204
0.3864682,0.38448057,0.393564,0.42901313,0.45279318
0.38971582,0.38149345,0.3868555,0.44037557,0.42727762
0.3745602,0.39182195,0.3844504,0.46190134,0.4107502
0.35886332,0.3614728,0.36065683,0.47295225,0.41788527
0.3564276,0.35596764,0.3487816,0.48501408,0.39963174
0.37483084,0.3681181,0.3617408,0.4853011,0.42279553
0.4495264,0.44876498,0.40319625,0.4782692,0.48890126
0.5217862,0.5477682,0.50567,0.46685806,0.55175084
0.5017591,0.53466463,0.5242863,0.43524534,0.54010695
0.46711773,0.48189998,0.46144134,0.42072034,0.54448664
0.41840324,0.4316513,0.42912555,0.40947053,0.499376
0.34397835,0.35939896,0.35688502,0.40168312,0.41589135
0.27117726,0.29083747,0.27128208,0.39781678,0.3386617
0.2202977,0.21470845,0.21734272,0.40023404,0.25404662
0.18700947,0.19372499,0.18874884,0.40591606,0.24905396
0.16860622,0.17851436,0.1703434,0.40281683,0.22038643
0.16211095,0.16574027,0.16592143,0.4034025,0.20956327
0.16535859,0.17040685,0.1708668,0.40374285,0.25528076
0.19458728,0.19344983,0.18941903,0.40873992,0.26839384
0.27767253,0.27585524,0.2633066,0.4095737,0.3262933
0.40405953,0.3958077,0.40098405,0.4114508,0.49467242
0.45466846,0.47041205,0.47623265,0.41035473,0.52213156
0.46359947,0.47426516,0.4677311,0.41114658,0.5105163
0.4633288,0.46130556,0.4727012,0.4220574,0.52544844
0.4638701,0.45432913,0.46607062,0.4329708,0.4954179
0.45520973,0.4489968,0.46057564,0.44810888,0.4902081
0.44086602,0.45739934,0.4429611,0.4801831,0.47943985
0.4343708,0.4320481,0.4262635,0.5003266,0.47545654
0.42543977,0.43195796,0.42846042,0.50196505,0.4782251
0.42787552,0.43219483,0.4252348,0.50814277,0.50117314
0.48822734,0.48054177,0.45495868,0.50515896,0.5375106
0.5518268,0.5730322,0.55163753,0.4892076,0.6138882
0.5404601,0.5776635,0.5552192,0.45193347,0.6425316
0.50717187,0.5172891,0.5069681,0.43405503,0.5844434
0.46711773,0.46149606,0.46149212,0.41308367,0.51340485
0.39458728,0.40351456,0.4073652,0.39990526,0.47098494
0.3150203,0.32857764,0.32576033,0.3905228,0.36132884
0.25006765,0.2573448,0.2601977,0.3892817,0.2677883
0.21190798,0.21597263,0.21420214,0.3890342,0.2501369
0.18782137,0.19568396,0.19617368,0.38664937,0.23996061
0.17483085,0.17837903,0.18139805,0.38691765,0.22546762
0.18132612,0.18529491,0.17910056,0.38176996,0.2799585
0.20568335,0.20507513,0.21363907,0.3884987,0.30374208
0.26711774,0.29251784,0.27854487,0.38876575,0.34031326
0.36211097,0.3859377,0.38111353,0.3886722,0.49711704
0.41948578,0.43225253,0.41886604,0.38742435,0.5458464
0.4435724,0.4398905,0.4437214,0.38855892,0.5135029
0.44303113,0.44672456,0.45653802,0.40601867,0.5222127
0.44384304,0.4420159,0.44570357,0.42831472,0.4981469
0.4316644,0.4339715,0.4398657,0.46727118,0.50111896
0.42273343,0.4391166,0.41849846,0.49716958,0.47808808
0.4156969,0.41918802,0.4100885,0.51826346,0.4773739
0.41380244,0.41997182,0.40430045,0.52476823,0.48313063
0.42138025,0.4236833,0.41189113,0.525825,0.4986205
0.479567,0.48036975,0.44154465,0.5253854,0.5265583
0.5480379,0.5668741,0.5377665,0.5073317,0.6086106
0.5307172,0.5713646,0.5589454,0.4666448,0.6382318
0.49580514,0.5116252,0.49455905,0.4464545,0.57578325
0.4503383,0.45217842,0.45020872,0.40336555,0.53170544
0.37239513,0.38477215,0.38592407,0.38064423,0.4642257
0.28200272,0.29994833,0.2987569,0.3764027,0.36902767
0.22002706,0.22007117,0.2210971,0.3699198,0.27591947
0.18457375,0.18706317,0.18758516,0.36846256,0.26476425
0.16156968,0.17060791,0.17060469,0.38149354,0.24462712
0.15020297,0.16064057,0.1547269,0.3936108,0.2308773
0.1518268,0.16076028,0.15545584,0.38914004,0.30067658
0.17889039,0.17718008,0.17675827,0.39611208,0.29176202
0.2541272,0.2567354,0.25135323,0.39430043,0.34716132
0.37347767,0.36560756,0.3791119,0.39286828,0.46936268
0.43058187,0.44381237,0.44171077,0.3983588,0.5214952
0.44113666,0.4471916,0.44678193,0.4079001,0.529243
0.4481732,0.44393948,0.45010945,0.4269132,0.5425793
0.45520973,0.44381034,0.45362675,0.45349452,0.50350493
0.4549391,0.44917902,0.45286402,0.4730269,0.5162766
0.45060894,0.45789605,0.44519794,0.4860582,0.48933375
0.4473613,0.44826236,0.43764398,0.49220917,0.49980944
0.4384303,0.4481235,0.43708944,0.50528884,0.4834044
0.45548037,0.444103,0.43175876,0.5121675,0.5231706
0.50554806,0.51063657,0.4848915,0.51214004,0.52388626
0.5458728,0.58572876,0.55097866,0.4906107,0.6154805
0.5285521,0.5635558,0.5493765,0.47116774,0.65560114
0.49797022,0.5009385,0.49695235,0.4528804,0.6282814
0.46414074,0.46158937,0.45030022,0.43546984,0.5421534
0.38592693,0.40521422,0.4039396,0.4229777,0.47876048
0.30392423,0.31601396,0.31183785,0.41875035,0.38753378
0.24303113,0.24269013,0.2502603,0.4074014,0.28282577
0.20568335,0.21048304,0.21347816,0.40157932,0.2723563
0.19079837,0.19382161,0.19229883,0.39582282,0.23786423
0.18592693,0.18959391,0.19321838,0.3990113,0.22593042
0.19431664,0.19571048,0.19832449,0.4006847,0.27572453
0.22192152,0.22048861,0.23112728,0.40193442,0.27444717
0.30392423,0.3040499,0.30018708,0.39800873,0.35209033
0.4270636,0.41341853,0.41261306,0.39879793,0.51487535
0.4660352,0.4865411,0.48051697,0.40033042,0.5369192
0.46982408,0.47729886,0.47300494,0.4056847,0.5221267
0.46738836,0.47230688,0.4768594,0.41563082,0.5366509
0.46441138,0.46060383,0.46905273,0.42911404,0.5102188
0.45683357,0.4464764,0.45874873,0.43659824,0.49815202
0.44384304,0.44805616,0.44460794,0.44427007,0.4836272
0.44492558,0.4362303,0.42738506,0.45017734,0.48644137
0.44627875,0.43764853,0.43778536,0.4610025,0.4757529
0.45981055,0.4488997,0.4436,0.46544498,0.50794894
0.52990526,0.5116315,0.48215282,0.46664855,0.54211605
0.5818674,0.6028526,0.5867067,0.4595918,0.6205735
0.5718539,0.59385395,0.577558,0.45220256,0.6470689
0.5445196,0.55020857,0.539105,0.4474155,0.5950314
0.5033829,0.4957364,0.49383456,0.4444924,0.5229095
0.42949933,0.4368556,0.43399018,0.44297603,0.47774786
0.34424898,0.3483473,0.35403454,0.43925503,0.36535895
0.28362653,0.27872282,0.28302547,0.4349436,0.28645065
0.24600811,0.24712063,0.24968272,0.42820913,0.25657764
0.22246279,0.23189542,0.23021671,0.41852003,0.24438277
0.21136671,0.2131342,0.2166356,0.41661823,0.23493144
0.21082544,0.21861666,0.21950792,0.41758478,0.28920355
0.23924223,0.23893246,0.23933877,0.41780603,0.31160027
0.31447902,0.31706706,0.32003903,0.40923974,0.3349532
0.43870094,0.43682367,0.43166718,0.4066775,0.4998886
0.49526387,0.50115126,0.49261028,0.40361214,0.5448986
0.50554806,0.5010261,0.5035727,0.40619808,0.5176755
0.5001353,0.5048788,0.5104276,0.41254187,0.53149146
0.49499324,0.49420613,0.500052,0.4289206,0.4986689
0.48930988,0.4797949,0.49014875,0.4374466,0.49131608
0.48389715,0.4900334,0.48020458,0.44449672,0.47447956
0.4760487,0.47931895,0.47364113,0.44820765,0.48371172
0.4700947,0.48057455,0.46382245,0.45447776,0.46811324
0.47821382,0.4835201,0.46435416,0.4528104,0.49337608
0.5399188,0.5346883,0.49476367,0.45516017,0.5183403
0.5870095,0.62671465,0.59228677,0.45013702,0.5906344
0.56914747,0.59959084,0.5842687,0.44246545,0.6176529
0.5377537,0.54782754,0.5390852,0.43729872,0.5599863
0.5066306,0.5020605,0.49013448,0.4331801,0.51648736
0.44925576,0.45237613,0.4452771,0.4340651,0.4458648
0.37834913,0.38237172,0.37980086,0.43073192,0.35837114
0.3188092,0.31009343,0.31964236,0.43034634,0.28441662
0.2730717,0.2831069,0.28022563,0.4216749,0.25829047
0.24627875,0.2514453,0.24857225,0.41888517,0.20761982
0.23518267,0.23569286,0.23821123,0.41776904,0.22090772
0.22814615,0.23458558,0.24212173,0.41691306,0.26694667
0.24303113,0.2398569,0.24592876,0.41261512,0.2764651
0.2790257,0.29192796,0.29899147,0.41500175,0.27485174
0.33125845,0.33431107,0.3542602,0.41687554,0.37053862
0.38782138,0.39120638,0.37524027,0.41855177,0.40006697
0.4384303,0.44857833,0.42446193,0.4179625,0.41331154
0.45304465,0.45769188,0.4617732,0.4287071,0.4514433
0.45602164,0.45238307,0.45815706,0.43954062,0.4696896
0.44925576,0.4429857,0.45266765,0.44816786,0.43872744
0.4292287,0.4534518,0.43813884,0.45724204,0.42736757
0.41407308,0.4159518,0.4101537,0.46289447,0.41371447
0.41542625,0.4147458,0.39953944,0.46896666,0.4090398
0.43707713,0.4318286,0.4145854,0.4687279,0.43205702
0.5120433,0.49867606,0.4564302,0.46828339,0.48662764
0.56346416,0.61030126,0.56192523,0.4595385,0.533731
0.5480379,0.57614225,0.554692,0.44947246,0.5440254
0.5166441,0.52466047,0.5173318,0.43905628,0.5379726
0.4887686,0.48192957,0.47337207,0.43177503,0.49543786
0.43301758,0.44053602,0.42962843,0.42733127,0.41805118
0.36806494,0.37192822,0.36086607,0.4255793,0.3522786
0.3142084,0.30952227,0.30701876,0.4244938,0.29715472
0.27388364,0.28707296,0.27224255,0.42071944,0.27876455
0.25277403,0.24722528,0.24738945,0.41934708,0.20961866
0.24113667,0.2366092,0.24437064,0.41888916,0.20083204
0.24032477,0.23266953,0.24282171,0.41570386,0.24137
0.24952638,0.24659115,0.26003903,0.4104699,0.24316584
0.27604872,0.28391805,0.29292768,0.41460449,0.25753728
0.31339648,0.3198226,0.33930153,0.413323,0.3395145
0.36941814,0.3704528,0.3594206,0.4146202,0.38010916
0.4338295,0.43507776,0.4134742,0.41168123,0.40470898
0.4700947,0.459166,0.46481276,0.42924166,0.43018204
0.47415426,0.46832556,0.4802099,0.43963835,0.45279318
0.4700947,0.4607712,0.4681512,0.4486713,0.42727762
0.46062246,0.468168,0.45890325,0.45693892,0.4107502
0.44871446,0.44559896,0.4474131,0.46471804,0.41788527
0.4473613,0.4448942,0.4365202,0.47264573,0.39963174
0.46874154,0.46021378,0.4472155,0.47460034,0.42279553
0.5404601,0.5366372,0.4894218,0.47400284,0.48890126
0.57699597,0.64963883,0.5817387,0.4691039,0.55175084
0.5491204,0.58213633,0.55598044,0.46215728,0.54010695
0.51799726,0.5336433,0.5154382,0.45539188,0.54448664
0.47090665,0.48084682,0.4781763,0.4469947,0.499376
0.39188093,0.41464388,0.40567118,0.43716854,0.41589135
0.31610283,0.3269063,0.31551605,0.4309975,0.3386617
0.26116374,0.25958085,0.2584045,0.4205295,0.25404662
0.22192152,0.23719656,0.22438246,0.41683125,0.24905396
0.20351827,0.20932442,0.19935293,0.41266423,0.22038643
0.19675237,0.19524103,0.19858062,0.40891868,0.20956327
0.20054127,0.20609482,0.2031696,0.4052093,0.25528076
0.23247632,0.2234453,0.22698767,0.40166163,0.26839384
0.31447902,0.31510878,0.3053199,0.40047544,0.3262933
0.44573748,0.43491024,0.41947755,0.39861903,0.49467242
0.50257105,0.5097453,0.51482856,0.39728802,0.52213156
0.5171854,0.51839316,0.5147324,0.40119684,0.5105163
0.53315294,0.51955014,0.52152956,0.4080671,0.52544844
0.5512855,0.5304293,0.5333453,0.41462427,0.4954179
0.5534506,0.53398603,0.5457446,0.42054296,0.4902081
0.5491204,0.55259573,0.5369301,0.4260009,0.47943985
0.5445196,0.53165036,0.53147906,0.42962617,0.47545654
0.5404601,0.5334582,0.53142965,0.43463954,0.4782251
0.5488498,0.53851354,0.5351183,0.43895963,0.50117314
0.58836263,0.59733653,0.56451654,0.44123504,0.5375106
0.6105548,0.6658633,0.6203018,0.440695,0.6138882
0.5889039,0.6188129,0.60019684,0.4416854,0.6425316
0.54830855,0.5672246,0.5522853,0.44187728,0.5844434
0.50554806,0.50550324,0.4916951,0.4427444,0.51340485
0.4240866,0.44987407,0.44220316,0.4411925,0.47098494
0.34262517,0.36026806,0.3515591,0.4435973,0.36132884
0.27280107,0.28682277,0.2895825,0.44311544,0.2677883
0.23058186,0.23937273,0.23741554,0.4413175,0.2501369
0.21705006,0.21488889,0.21660891,0.44244313,0.23996061
0.20514208,0.21020076,0.22243841,0.44081008,0.22546762
0.21299052,0.21985623,0.21277666,0.4397373,0.2799585
0.24573748,0.23911655,0.25472265,0.4329597,0.30374208
0.32503384,0.33568895,0.32585117,0.42463288,0.34031326
0.45737484,0.44880176,0.41870695,0.4235966,0.49711704
0.49797022,0.52753675,0.5193395,0.42413342,0.5458464
0.49905276,0.50488764,0.50108445,0.42376608,0.5135029
0.5031123,0.50336677,0.5036985,0.42410618,0.5222127
0.50419486,0.50451976,0.5030854,0.42767525,0.4981469
0.49607578,0.4969654,0.4948107,0.42508328,0.50111896
0.48985115,0.50449455,0.47843552,0.42841184,0.47808808
0.49066305,0.487719,0.47246647,0.4259376,0.4773739
0.49228686,0.49427152,0.4775222,0.42902848,0.48313063
0.5150203,0.50414455,0.48372853,0.42930314,0.4986205
0.58755076,0.5787465,0.53477544,0.42916983,0.5265583
0.6516915,0.6766251,0.63238317,0.42353457,0.6086106
0.6433018,0.6652506,0.6435455,0.42223865,0.6382318
0.6124492,0.6242598,0.59657794,0.42163455,0.57578325
0.5797023,0.56295425,0.55054456,0.421503,0.53170544
0.5087957,0.51253515,0.50717705,0.4201518,0.4642257
0.42002708,0.41985622,0.4266714,0.4224327,0.36902767
0.35615698,0.3427748,0.3499613,0.4251505,0.27591947
0.3217862,0.3025892,0.31708628,0.4273368,0.26476425
0.3014885,0.29770362,0.30664384,0.42930943,0.24462712
0.29418132,0.28564632,0.29577777,0.43317395,0.2308773
0.29715833,0.2936513,0.30560532,0.43687564,0.30067658
0.32530448,0.32899037,0.33078298,0.43460375,0.29176202
0.4037889,0.3988375,0.40216133,0.43361622,0.34716132
0.5339648,0.52180684,0.51007724,0.43493608,0.46936268
0.57483083,0.60229737,0.5744409,0.4385799,0.5214952
0.56589985,0.57238233,0.56893045,0.44332334,0.529243
0.5496617,0.5709241,0.5657922,0.44967285,0.5425793
0.54154265,0.5561435,0.54793286,0.46049646,0.50350493
0.529364,0.5391636,0.5392082,0.4634926,0.5162766
0.51799726,0.5411885,0.5211867,0.4667839,0.48933375
0.5142084,0.52374077,0.50833595,0.46914575,0.49980944
0.5074425,0.52832276,0.50663584,0.47097373,0.4834044
0.52530444,0.52967346,0.4978691,0.46825874,0.5231706
0.59810555,0.60072786,0.54329515,0.4647208,0.52388626
0.6473613,0.6998222,0.64489424,0.4542425,0.6154805
0.6405954,0.67177194,0.6347842,0.4443712,0.65560114
0.62219214,0.63273567,0.6093606,0.4399028,0.6282814
0.58619756,0.588332,0.5758929,0.43443105,0.5421534
0.5074425,0.534671,0.51090646,0.43295217,0.47876048
0.41840324,0.43033388,0.4164613,0.43008596,0.38753378
0.3518268,0.35034484,0.34633064,0.43199834,0.28282577
0.3044655,0.31091595,0.30698887,0.43155444,0.2723563
0.27929634,0.28148296,0.2740302,0.4277365,0.23786423
0.27090663,0.26349044,0.26654547,0.42692584,0.22593042
0.27496618,0.27594736,0.27418357,0.42675346,0.27572453
0.30500677,0.29299307,0.29711393,0.42502302,0.27444717
0.38322058,0.37402695,0.37364873,0.42284703,0.35209033
0.51096076,0.49310857,0.4971093,0.4225324,0.51487535
0.5583221,0.57313687,0.55978775,0.41921923,0.5369192
0.5526387,0.5686275,0.55062854,0.4223091,0.5221267
0.54181325,0.5570954,0.5507541,0.42899734,0.5366509
0.52801085,0.54483074,0.53981394,0.4444818,0.5102188
0.5201624,0.5188848,0.52185947,0.4529359,0.49815202
0.5133965,0.52986455,0.51232743,0.46657318,0.4836272
0.5104195,0.51261854,0.5036026,0.47074738,0.48644137
0.50960755,0.5113171,0.50032127,0.4669156,0.4757529
0.5261164,0.5214983,0.5024463,0.46427095,0.50794894
0.58782136,0.58801347,0.5382002,0.4600793,0.54211605
0.6313938,0.67541486,0.625603,0.45234194,0.6205735
0.62354535,0.647009,0.6218981,0.43856546,0.6470689
0.59972936,0.6158067,0.5923258,0.4328565,0.5950314
0.5677943,0.5568874,0.5479818,0.42658803,0.5229095
0.49986467,0.5076712,0.4955462,0.42229047,0.47774786
0.41515562,0.41978604,0.41537774,0.4198038,0.36535895
0.35507444,0.3389056,0.34317625,0.41949815,0.28645065
0.31231394,0.31506076,0.31308493,0.41962847,0.25657764
0.29066306,0.29217082,0.28583926,0.41640264,0.24438277
0.28281462,0.27233636,0.28217587,0.4158272,0.23493144
0.2866035,0.28201914,0.2885333,0.4160555,0.28920355
0.31718537,0.31172162,0.3104777,0.4138902,0.31160027
0.39756426,0.39191496,0.3832365,0.41211155,0.3349532
0.5225981,0.519106,0.49674135,0.4107293,0.4998886
0.56941813,0.5830095,0.5655628,0.408606,0.5448986
0.56725305,0.57305765,0.56235725,0.41018182,0.5176755
0.56887686,0.5662504,0.56319046,0.41671208,0.53149146
0.5661705,0.5730926,0.5670824,0.42731705,0.4986689
0.5599459,0.55155003,0.5595639,0.43533218,0.49131608
0.5437077,0.56735766,0.54823685,0.44835347,0.47447956
0.5399188,0.5391419,0.5263648,0.453369,0.48371172
0.5369418,0.5442976,0.53035146,0.45723948,0.46811324
0.55047363,0.5512712,0.52655226,0.4602357,0.49337608
0.614885,0.614375,0.5604751,0.45972213,0.5183403
0.6443843,0.70801866,0.653836,0.45470282,0.5906344
0.6230041,0.65776485,0.62427837,0.44542304,0.6176529
0.59675235,0.61298174,0.5887289,0.4433968,0.5599863
0.57266575,0.5653338,0.54748356,0.4427253,0.51648736
0.5155616,0.52535856,0.5092444,0.44160345,0.4458648
0.4451962,0.44507974,0.43821713,0.43942937,0.35837114
0.38294992,0.38064483,0.38097405,0.43780863,0.28441662
0.33748308,0.33817503,0.33802658,0.43742275,0.25829047
0.31231394,0.31266245,0.31047824,0.43434325,0.20761982
0.29986468,0.30600542,0.30359605,0.42567816,0.22090772
0.2993234,0.30387813,0.30344155,0.433267,0.26694667
0.3104195,0.31589207,0.3205092,0.43039596,0.2764651
0.3437077,0.36454174,0.3537811,0.4279286,0.27485174
0.3983762,0.4118783,0.40312502,0.4263205,0.37053862
0.45737484,0.46316892,0.43532667,0.42846265,0.40006697
0.511502,0.51380765,0.48760393,0.43369418,0.41331154
0.5404601,0.53168315,0.5317198,0.44521448,0.4514433
0.5377537,0.553795,0.5442036,0.45341796,0.4696896
0.5225981,0.5248691,0.52535796,0.46286362,0.43872744
0.5074425,0.5308934,0.5045185,0.4679489,0.42736757
0.485521,0.49669486,0.4907194,0.46962753,0.41371447
0.4714479,0.49026173,0.4637058,0.47330967,0.4090398
0.47740188,0.48548752,0.45903093,0.48022267,0.43205702
0.5404601,0.53891075,0.48395187,0.47739354,0.48662764
0.5686062,0.6409077,0.57992816,0.4694857,0.533731
0.5407307,0.58120096,0.55035496,0.4614056,0.5440254
0.5033829,0.52901924,0.5159723,0.45619,0.5379726
0.46738836,0.47867453,0.46495187,0.45266154,0.49543786
0.41542625,0.4291327,0.41156885,0.44263294,0.41805118
0.34695536,0.36212862,0.35253143,0.43306613,0.3522786
0.28795668,0.29818952,0.28763154,0.42116347,0.29715472
0.2435724,0.26823163,0.2471182,0.41507083,0.27876455
0.2135318,0.22713065,0.21798725,0.40783334,0.20961866
0.2,0.20573558,0.19937153,0.3899743,0.20083204
0.19485791,0.1990847,0.20004411,0.39334485,0.24137
0.20351827,0.20601359,0.20564915,0.38853952,0.24316584
0.22679296,0.23522067,0.23565686,0.38669354,0.25753728
0.26928282,0.2750532,0.27621555,0.3844163,0.3395145
0.32341,0.32908732,0.32133132,0.3911566,0.38010916
0.38457376,0.39045632,0.36865547,0.399549,0.40470898
0.41244927,0.41139582,0.414483,0.41315857,0.43018204
0.4156969,0.41615847,0.41756058,0.43410176,0.45279318
0.40811908,0.40788203,0.40775007,0.44215438,0.42727762
0.40270635,0.40985945,0.39375144,0.45475343,0.4107502
0.38673884,0.3915953,0.38874924,0.47039148,0.41788527
0.38024357,0.38082728,0.36889648,0.4675043,0.39963174
0.40135318,0.3922423,0.3772277,0.47165176,0.42279553
0.4917456,0.47562715,0.42486304,0.46776292,0.48890126
0.54316646,0.6027369,0.5433053,0.43337524,0.55175084
0.5223275,0.55139005,0.52334267,0.4132191,0.54010695
0.48335588,0.5095189,0.4836729,0.4066669,0.54448664
0.43951285,0.44789937,0.4369063,0.4102876,0.499376
0.36373478,0.38169146,0.37766945,0.40940106,0.41589135
0.29120433,0.3056628,0.28877166,0.40888178,0.3386617
0.2384303,0.23481008,0.23446685,0.406519,0.25404662
0.20189445,0.21073307,0.2035747,0.40214837,0.24905396
0.18700947,0.19091704,0.18220778,0.3984648,0.22038643
0.17916103,0.17792481,0.18628511,0.39502785,0.20956327
0.18457375,0.18662392,0.18537568,0.3985244,0.25528076
0.21136671,0.20508984,0.20936264,0.3946811,0.26839384
0.28985116,0.291649,0.27519047,0.39971468,0.3262933
0.41948578,0.4085239,0.40320668,0.40408027,0.49467242
0.4909337,0.48285502,0.49152339,0.4099202,0.52213156
0.5104195,0.50198495,0.50526655,0.43757334,0.5105163
0.5209743,0.50142765,0.5139656,0.44240457,0.52544844
0.52503383,0.5053017,0.5199757,0.4719628,0.4954179
0.51285523,0.49851003,0.5172366,0.491271,0.4902081
0.49797022,0.50310886,0.4960729,0.51182437,0.47943985
0.4895805,0.47803116,0.48133716,0.5308862,0.47545654
0.47848445,0.4777332,0.48115247,0.53885794,0.4782251
0.48470905,0.48072484,0.47613323,0.538724,0.50117314
0.5361299,0.53645766,0.5127857,0.5381592,0.5375106
0.56373477,0.6208054,0.583661,0.5119641,0.6138882
0.54830855,0.5785372,0.55447364,0.4878399,0.6425316
0.5188092,0.5295912,0.5201023,0.46651357,0.5844434
0.4728011,0.4738156,0.4725086,0.4528926,0.51340485
0.39675236,0.41417775,0.41113108,0.44640094,0.47098494
0.31718537,0.33282477,0.32976788,0.44318798,0.36132884
0.2443843,0.26195428,0.26493514,0.4412082,0.2677883
0.19458728,0.21125376,0.20573859,0.43243238,0.2501369
0.16887686,0.18276404,0.17484109,0.42355746,0.23996061
0.15426251,0.16674015,0.16376776,0.4062134,0.22546762
0.15534507,0.16718477,0.15518473,0.41502917,0.2799585
0.18024357,0.1882883,0.18015103,0.41129115,0.30374208
0.25223276,0.26636207,0.24960624,0.4038568,0.34031326
0.37428957,0.37390485,0.36809766,0.40677473,0.49711704
0.42868742,0.44885707,0.4473956,0.410049,0.5458464
0.4392422,0.44668248,0.44169283,0.42341197,0.5135029
0.44573748,0.44020778,0.44785136,0.4239337,0.5222127
0.4465494,0.44554308,0.44831675,0.4510537,0.4981469
0.44384304,0.43537027,0.4390458,0.4667507,0.50111896
0.4376184,0.44993594,0.43059963,0.48236182,0.47808808
0.42787552,0.43186855,0.42171887,0.49007928,0.4773739
0.4232747,0.4297323,0.41145122,0.49226272,0.48313063
0.43328822,0.43085453,0.41781664,0.4892084,0.4986205
0.50040597,0.4913614,0.45097476,0.48886397,0.5265583
0.55723953,0.586093,0.5555701,0.47491834,0.6086106
0.5526387,0.57407546,0.5617994,0.45735657,0.6382318
0.52530444,0.5358775,0.52508134,0.45335683,0.57578325
0.48687416,0.47935316,0.4760364,0.43008736,0.53170544
0.4127199,0.41734838,0.42203435,0.4262544,0.4642257
0.329364,0.3327664,0.33905303,0.4185588,0.36902767
0.26495263,0.25634134,0.2692111,0.41060364,0.27591947
0.2202977,0.22133163,0.22969602,0.40632454,0.26476425
0.19756427,0.19865257,0.20342539,0.4111608,0.24462712
0.18700947,0.19091827,0.19608566,0.41072646,0.2308773
0.202977,0.1969365,0.19541173,0.41834515,0.30067658
0.22760487,0.22706102,0.24114981,0.41813758,0.29176202
0.29418132,0.30534303,0.29565188,0.41145456,0.34716132
0.39458728,0.41149276,0.41136402,0.4119077,0.46936268
0.4633288,0.46434116,0.4480266,0.40989375,0.5214952
0.5017591,0.47640342,0.48371896,0.40996748,0.529243
0.52476317,0.50328183,0.51408184,0.4151094,0.5425793
0.5512855,0.52190936,0.5290628,0.4256154,0.50350493
0.5686062,0.5337343,0.5498756,0.43009043,0.5162766
0.5715832,0.56259286,0.55858934,0.43549177,0.48933375
0.57780784,0.5504731,0.5546887,0.43191916,0.49980944
0.5753721,0.56359994,0.5674932,0.4362237,0.4834044
0.56725305,0.5675602,0.5655433,0.43935993,0.5231706
0.5991881,0.611671,0.57093275,0.43920907,0.52388626
0.5921516,0.67337507,0.6398598,0.4390798,0.6154805
0.55723953,0.5987643,0.5854186,0.43728,0.65560114
0.49364007,0.53788155,0.5369119,0.43966857,0.6282814
0.4343708,0.46176255,0.4412769,0.43651178,0.5421534
0.35453317,0.3901993,0.37317535,0.43800452,0.47876048
0.2857916,0.30525282,0.29199046,0.43690613,0.38753378
0.21326116,0.24537635,0.24504422,0.43544033,0.28282577
0.17023005,0.19909048,0.18019204,0.43337333,0.2723563
0.1496617,0.1694057,0.15951899,0.43546107,0.23786423
0.13640054,0.16927424,0.15173113,0.4342112,0.22593042
0.13071719,0.15537457,0.14452681,0.4399474,0.27572453
0.13694182,0.1667736,0.16633771,0.43989423,0.27444717
0.16373478,0.21992107,0.20587206,0.43554455,0.35209033
0.20541272,0.26129165,0.24005927,0.4355392,0.51487535
0.25385657,0.279738,0.2694543,0.43449038,0.5369192
0.31366712,0.3146454,0.30328184,0.43361318,0.5221267
0.3623816,0.36023495,0.34913486,0.44103897,0.5366509
0.3916103,0.3824747,0.37938347,0.44658783,0.5102188
0.41082543,0.39703885,0.38951355,0.45093298,0.49815202
0.39269283,0.40775988,0.39946482,0.45252797,0.4836272
0.35886332,0.3917499,0.36262232,0.44675735,0.48644137
0.33802435,0.34089994,0.33220717,0.44999227,0.4757529
0.32801083,0.32225862,0.3341214,0.4496277,0.50794894
0.36129904,0.36140078,0.34629828,0.4424078,0.54211605
0.3759134,0.42818153,0.40832275,0.44054064,0.6205735
0.3753721,0.40620244,0.3823138,0.43499228,0.6470689
0.37320703,0.38329446,0.36128965,0.43460014,0.5950314
0.36562923,0.3486561,0.34550774,0.43410853,0.5229095
0.33585927,0.32917923,0.33051968,0.43269598,0.47774786
0.29201624,0.2867085,0.2967004,0.4335268,0.36535895
0.25358593,0.24923128,0.2566389,0.4322799,0.28645065
0.22598106,0.21842101,0.23317598,0.42850527,0.25657764
0.20947225,0.20397693,0.21869116,0.43193975,0.24438277
0.20514208,0.19893143,0.21079497,0.4297326,0.23493144
0.20866035,0.20052448,0.21677098,0.43007374,0.28920355
0.22625169,0.22179897,0.22945656,0.42977327,0.31160027
0.26332882,0.2952217,0.26118258,0.42901832,0.3349532
0.3255751,0.3568769,0.30917636,0.42947292,0.4998886
0.36941814,0.39062768,0.37395316,0.42883205,0.5448986
0.4156969,0.422293,0.39447784,0.42496172,0.5176755
0.44979703,0.44432938,0.43826395,0.4290901,0.53149146
0.45223275,0.45935315,0.45641008,0.43358076,0.4986689
0.45656294,0.44695505,0.43952566,0.44161475,0.49131608
0.45142084,0.45885906,0.44156426,0.44669008,0.47447956
0.4503383,0.44680303,0.4313408,0.44989064,0.48371172
0.43410012,0.448716,0.43877518,0.45935705,0.46811324
0.4533153,0.43958467,0.42070177,0.45865265,0.49337608
0.52665764,0.5039372,0.47963494,0.4559932,0.5183403
0.56400543,0.60887617,0.5616443,0.45357856,0.5906344
0.5529093,0.5727008,0.54732203,0.4478567,0.6176529
0.5393775,0.534598,0.52333355,0.4453204,0.5599863
0.5117727,0.5051458,0.5022592,0.44286138,0.51648736
0.46414074,0.45721453,0.45584923,0.43970364,0.4458648
0.40216509,0.3971569,0.40211514,0.43717277,0.35837114
0.34343708,0.3313228,0.34493262,0.4325207,0.28441662
0.2947226,0.29992956,0.30046254,0.42871282,0.25829047
0.2722598,0.26567852,0.26650372,0.42720395,0.20761982
0.26143438,0.25902176,0.26770914,0.4245767,0.22090772
0.26062247,0.25929147,0.26783383,0.42485148,0.26694667
0.2714479,0.2663432,0.28508404,0.4264604,0.2764651
0.30257103,0.31614155,0.32215518,0.4278742,0.27485174
0.35426253,0.35367218,0.3691678,0.43002027,0.37053862
0.4143437,0.41427732,0.40414637,0.43611094,0.40006697
0.47063598,0.48832488,0.45750916,0.44034734,0.41331154
0.49228686,0.50325346,0.49858075,0.44892222,0.4514433
0.49282816,0.50835025,0.4976219,0.45399967,0.4696896
0.48254398,0.48145264,0.487409,0.4694166,0.43872744
0.467659,0.4902854,0.46947286,0.47186318,0.42736757
0.45845738,0.45457166,0.4518489,0.47423193,0.41371447
0.45385656,0.46256855,0.44580013,0.47733808,0.4090398
0.47253045,0.4662931,0.4477702,0.47840515,0.43205702
0.5542625,0.53484404,0.49009407,0.4783339,0.48662764
0.594046,0.65359455,0.60176456,0.47541305,0.533731
0.58322054,0.6033052,0.5718491,0.47072014,0.5440254
0.5564276,0.5664916,0.56396115,0.46776006,0.5379726
0.5304465,0.52374494,0.51578987,0.46390328,0.49543786
0.4752368,0.4839527,0.47185057,0.4591715,0.41805118
0.4075778,0.40930367,0.4009475,0.45618233,0.3522786
0.34235454,0.34487772,0.34056842,0.45109305,0.29715472
0.2925575,0.31205225,0.29105508,0.4506765,0.27876455
0.26251692,0.26084214,0.2606988,0.45387796,0.20961866
0.24167794,0.2421295,0.24844633,0.4481162,0.20083204
0.23112313,0.2294576,0.23652773,0.44749403,0.24137
0.2346414,0.23734324,0.24288927,0.44104645,0.24316584
0.25520974,0.26655048,0.2729427,0.43252176,0.25753728
0.2841678,0.3006867,0.3202474,0.42390114,0.3395145
0.3377537,0.3429322,0.33734977,0.41259944,0.38010916
0.4075778,0.40672886,0.38929236,0.4099253,0.40470898
0.45548037,0.4379624,0.44742805,0.41977525,0.43018204
0.47198918,0.45893162,0.47232124,0.42598245,0.45279318
0.4744249,0.4603982,0.47263142,0.44715145,0.42727762
0.46224627,0.47582626,0.46642366,0.45424825,0.4107502
0.44763193,0.4480796,0.44711423,0.46238753,0.41788527
0.44167796,0.44333124,0.433191,0.45703506,0.39963174
0.46414074,0.45288515,0.4361432,0.45797077,0.42279553
0.5428958,0.53307366,0.4816515,0.44657993,0.48890126
0.56941813,0.65421206,0.5838344,0.43009704,0.55175084
0.54993236,0.5715322,0.54306465,0.41512045,0.54010695
0.51285523,0.53925824,0.53546005,0.40429148,0.54448664
0.46657646,0.4748984,0.47653285,0.40017462,0.499376
0.388092,0.4108968,0.40595794,0.39009812,0.41589135
0.30933693,0.32342663,0.31192538,0.38531047,0.3386617
0.24682003,0.25237864,0.24660406,0.38535002,0.25404662
0.20811908,0.21968953,0.20433927,0.3949036,0.24905396
0.18782137,0.18284023,0.18602459,0.40918204,0.27388558
0.18159676,0.17890732,0.18004434,0.4130633,0.27200937
0.18159676,0.1868599,0.18604015,0.41941303,0.32256988
0.20974289,0.19147068,0.20009246,0.41622546,0.35311505
0.28470907,0.28540605,0.27328146,0.418971,0.39760262
0.41163734,0.38272804,0.39473522,0.4210064,0.56381124
0.46738836,0.48020613,0.49094886,0.42015943,0.6004834
0.4752368,0.50305164,0.4834884,0.42065898,0.6007054
0.47550744,0.48634815,0.483949,0.41623148,0.6203358
0.48930988,0.48349223,0.47773853,0.42342976,0.5818696
0.48092017,0.49392098,0.48811907,0.43202952,0.576088
0.473613,0.4898438,0.46477163,0.4605004,0.55997205
0.47469553,0.47798702,0.4583442,0.4750183,0.5633143
0.47171855,0.47883368,0.46641645,0.4664847,0.5519828
0.48146144,0.48215643,0.4660164,0.45951882,0.5919578
0.55507445,0.5476199,0.4999293,0.44758597,0.62688816
0.6108254,0.6446527,0.6066953,0.4292445,0.71868205
0.60866034,0.612154,0.59904635,0.42119157,0.725057
0.5813261,0.59162974,0.57298154,0.40949264,0.66763073
0.5464141,0.5393014,0.5245747,0.4103881,0.605766
0.473613,0.48286587,0.4770211,0.40769112,0.5565259
0.39133966,0.3926483,0.39385206,0.4040588,0.44713628
0.32476318,0.31468207,0.32667392,0.40600348,0.36314464
0.28389716,0.2765743,0.28393564,0.40665323,0.3395732
0.26359946,0.24682026,0.2650612,0.4083652,0.30684116
0.25764546,0.23516263,0.26053375,0.4074418,0.29235464
0.26441136,0.25723338,0.26883936,0.40786543,0.34574145
0.2917456,0.27771577,0.29898584,0.40582094,0.36406296
0.37780786,0.3761697,0.36931723,0.40658474,0.41241872
0.5120433,0.49742228,0.49814248,0.40737393,0.55782694
0.55886334,0.57575274,0.5584935,0.41242307,0.6125393
0.5594046,0.56911016,0.5557904,0.41604495,0.58962905
0.55507445,0.5632212,0.5612006,0.4198617,0.60993993
0.55047363,0.56267667,0.55550945,0.43182623,0.5695316
0.5374831,0.54902756,0.5446666,0.447019,0.56507814
0.53125846,0.54951215,0.5253669,0.4646295,0.56909853
0.5399188,0.5356715,0.52167994,0.47395185,0.54449695
0.53856564,0.55575347,0.536231,0.4741808,0.55198854
0.55913395,0.56138,0.5276918,0.4717374,0.56813014
0.637889,0.64145726,0.5788854,0.46719953,0.6212246
0.6790257,0.741081,0.68482375,0.46085408,0.7127352
0.6690122,0.68216836,0.6588309,0.45563224,0.72494954
0.6384303,0.66282386,0.6348302,0.45581445,0.66125005
0.5962111,0.60575134,0.582305,0.45704886,0.6108285
0.5169147,0.5363632,0.52023023,0.456943,0.5563716
0.4181326,0.43372187,0.42925358,0.45775542,0.43845028
0.3458728,0.33929133,0.34094033,0.4583495,0.35057145
0.3060893,0.30209658,0.30137557,0.45818403,0.33455873
0.27713126,0.281007,0.28621754,0.4594202,0.29237095
0.25953993,0.26245722,0.2641841,0.45707566,0.3012974
0.2571042,0.2680002,0.26240423,0.45595923,0.3662138
0.28200272,0.2818241,0.28464383,0.45430964,0.3760965
0.3504736,0.3677706,0.35812044,0.45416775,0.42026842
0.46143436,0.47180963,0.46553776,0.4520153,0.56368124
0.52476317,0.53708506,0.5124901,0.4471688,0.60940397
0.5420839,0.548418,0.5377381,0.44385204,0.6096524
0.5393775,0.5592612,0.54854393,0.44206622,0.63392705
0.544249,0.55122447,0.540434,0.4429509,0.5837781
0.54560214,0.5510255,0.54339486,0.4489675,0.5913517
0.53802437,0.5620284,0.53880304,0.4506976,0.5601506
0.5328823,0.54875636,0.52503866,0.4504664,0.5809842
0.5236806,0.5518461,0.5200242,0.45197713,0.5545681
0.5374831,0.54558396,0.50985485,0.45261303,0.6041122
0.5972936,0.6182269,0.54837644,0.44944692,0.60101736
0.62895805,0.6949156,0.6302835,0.44680068,0.719488
0.61840326,0.63650876,0.6193519,0.44247872,0.73443365
0.5840325,0.61700964,0.59403837,0.44264463,0.6944053
0.5437077,0.5595112,0.53035307,0.44090864,0.6237105
0.4668471,0.4953914,0.4737044,0.443669,0.56424534
0.3780785,0.39047164,0.3841342,0.44300616,0.45565248
0.3090663,0.30751753,0.31018603,0.43802968,0.3524158
0.2684709,0.27628598,0.26744273,0.43551022,0.34391683
0.24194857,0.24185866,0.24740179,0.4284473,0.28552338
0.23626523,0.2228855,0.23109524,0.42671406,0.2887574
0.24113667,0.23603499,0.2457601,0.42683193,0.33858034
0.27090663,0.26232284,0.26773635,0.42458978,0.35639125
0.35101488,0.34966034,0.33705387,0.42637613,0.41887528
0.49201623,0.46239358,0.4527756,0.42397523,0.58421046
0.5361299,0.5579985,0.5545848,0.4210202,0.61181664
0.5345061,0.55141467,0.530173,0.41266933,0.61218125
0.5326116,0.5463294,0.53535295,0.41762,0.63153833
0.53640056,0.5375112,0.53251016,0.4227986,0.5947857
0.5288227,0.53071725,0.53187716,0.42838758,0.58210826
0.5142084,0.5370674,0.5140369,0.42842758,0.56434596
0.51231396,0.517326,0.49562645,0.42619976,0.57190055
0.5136671,0.5163239,0.5011727,0.42666814,0.54855853
0.53667116,0.52480257,0.505516,0.42971864,0.5946912
0.6092016,0.6088215,0.55283874,0.42735547,0.6313592
0.6571042,0.70085996,0.64963245,0.42038503,0.72320825
0.6519621,0.66502196,0.64338934,0.41613704,0.7290981
0.62895805,0.64908546,0.6129259,0.41438997,0.677622
0.5953992,0.59249777,0.5711137,0.41078186,0.60782796
0.5242219,0.54045457,0.52061856,0.41776347,0.5636286
0.44221923,0.44410235,0.43782252,0.41925934,0.45250213
0.37483084,0.3669216,0.37221694,0.4213044,0.37454882
0.33125845,0.33380336,0.32922697,0.42685568,0.34229428
0.30771312,0.30325755,0.30695742,0.42376032,0.31066722
0.29824087,0.2922654,0.3006281,0.42966354,0.29444063
0.3036536,0.30445635,0.3061141,0.43776497,0.35097742
0.3328823,0.32978082,0.33425024,0.44181755,0.37095147
0.41380244,0.41906506,0.4048303,0.44963825,0.3992797
0.5464141,0.5386987,0.5219113,0.4522946,0.56388927
0.5962111,0.6179177,0.58915854,0.45651767,0.6114646
0.59296346,0.61377406,0.589411,0.45608178,0.5840307
0.5813261,0.6062385,0.590504,0.4669332,0.61296415
0.5696888,0.59293497,0.5778473,0.47737482,0.568002
0.5529093,0.56778413,0.56277126,0.48422652,0.558738
0.5377537,0.56499374,0.540671,0.48394892,0.56566805
0.5355886,0.5467293,0.5262947,0.48562923,0.54646206
0.535318,0.55537057,0.5291432,0.48605344,0.5322545
0.55047363,0.5632912,0.52780026,0.48856395,0.5545847
0.61921513,0.6282233,0.5597918,0.48631582,0.6130066
0.63924223,0.7159982,0.6609646,0.4791693,0.68906206
0.6159675,0.64081395,0.6175714,0.47447452,0.70478964
0.5867388,0.6133337,0.5937301,0.46982697,0.6393797
0.55534506,0.5682841,0.54130554,0.4633199,0.5882757
0.49824086,0.5102712,0.4909817,0.46224752,0.5334116
0.4202977,0.43150586,0.42421463,0.4529504,0.42045832
0.34235454,0.34663892,0.35209975,0.442169,0.34848827
0.28768605,0.3036804,0.29052544,0.4428586,0.3290869
0.2571042,0.26666263,0.2589383,0.42798722,0.28382558
0.23897158,0.24364361,0.24499454,0.4196728,0.30269754
0.23058186,0.23923771,0.235619,0.42045215,0.34280992
0.23653586,0.23645084,0.24163388,0.41346467,0.36052978
0.26576453,0.27221704,0.27633053,0.40925807,0.3444553
0.31935048,0.30774677,0.33793387,0.40920287,0.44415957
0.38294992,0.37485266,0.36872256,0.40715882,0.47709018
0.44790256,0.45401698,0.42121693,0.40489575,0.50298375
0.4947226,0.4848535,0.47472343,0.41205993,0.51786965
0.5139378,0.51268363,0.50587696,0.4229865,0.5474368
0.51474965,0.5151764,0.5103083,0.43130726,0.50486904
0.5069012,0.5243059,0.50125945,0.4353343,0.48922312
0.4925575,0.50121343,0.49045175,0.43876556,0.4946218
0.485521,0.5007463,0.47356164,0.44286287,0.48746055
0.49499324,0.50453746,0.47508696,0.44540223,0.5147693
0.56075776,0.55730635,0.5000795,0.44458362,0.54720485
0.58836263,0.654237,0.5959936,0.44236472,0.6171188
0.5599459,0.58080435,0.56841564,0.44253278,0.60858536
0.5201624,0.55123305,0.53576964,0.43874493,0.6082003
0.4836265,0.4989199,0.47770667,0.43845057,0.5823003
0.42625168,0.44844714,0.42343116,0.43917868,0.49143904
0.3610284,0.37652314,0.3561784,0.4395641,0.4155499
0.29824087,0.29715168,0.30110228,0.43717057,0.37124467
0.25087956,0.2609949,0.25495017,0.43585593,0.360721
0.22462788,0.22171871,0.22673894,0.43348825,0.26338416
0.21515562,0.2007229,0.21778572,0.43158227,0.27463794
0.21569689,0.20424768,0.221559,0.42881963,0.3187225
0.22868742,0.21330957,0.23718551,0.42727724,0.33232915
0.25304466,0.25382856,0.27651346,0.42193872,0.33656693
0.2993234,0.28728664,0.31316268,0.422331,0.40239382
0.35967523,0.3554843,0.3554725,0.42065933,0.4469688
0.43220568,0.44477126,0.40944475,0.41772413,0.50978327
0.47469553,0.4786741,0.46669334,0.4133044,0.51198965
0.47794315,0.49515337,0.48483998,0.41424054,0.5293785
0.46874154,0.47474778,0.46691164,0.41717628,0.5119598
0.4562923,0.4788652,0.45093518,0.41934,0.4835282
0.45953992,0.45274323,0.4374086,0.42175415,0.5053817
0.46820027,0.4692351,0.4511268,0.4246222,0.4707768
0.49688768,0.49160308,0.46490037,0.42611668,0.5244892
0.6043302,0.5705995,0.5166982,0.4232213,0.5705905
0.6741543,0.7196356,0.65695053,0.4200195,0.6552755
0.66441137,0.66735166,0.6430869,0.42313612,0.6298401
0.6384303,0.6481659,0.6166509,0.42455313,0.6297555
0.6008119,0.60514367,0.5804507,0.43160883,0.57770646
0.5225981,0.54965335,0.5229339,0.4398266,0.5041034
0.44709066,0.4487731,0.43066558,0.44950023,0.4160998
0.38619757,0.36862683,0.37604105,0.4558719,0.34496948
0.33991882,0.34890005,0.33737457,0.4635975,0.32705212
0.32286873,0.30946848,0.31031018,0.47120288,0.27388558
0.31907985,0.3054099,0.31927782,0.47866544,0.27200937
0.32611638,0.32632867,0.3265506,0.48257783,0.32256988
0.35778078,0.348377,0.35199884,0.4881002,0.35311505
0.4316644,0.44518894,0.42630458,0.4896274,0.39760262
0.56752366,0.5515299,0.5391659,0.4945246,0.56381124
0.62192154,0.6445396,0.6305866,0.49655202,0.6004834
0.62354535,0.6566817,0.6119652,0.49818417,0.6007054
0.61867386,0.64616024,0.62339604,0.49725357,0.6203358
0.6143437,0.63450944,0.61515594,0.50281155,0.5818696
0.6073072,0.61405146,0.61139524,0.5041059,0.576088
0.59648174,0.62733173,0.6000091,0.50404763,0.55997205
0.59458727,0.60509425,0.5886847,0.50504494,0.5633143
0.5953992,0.6147963,0.5915524,0.50963485,0.5519828
0.6189445,0.61909944,0.5927875,0.5095233,0.5919578
0.69228685,0.7050515,0.63650835,0.5074302,0.62688816
0.73342353,0.7996333,0.7262819,0.50105536,0.71868205
0.72124493,0.7403946,0.70823056,0.49590588,0.725057
0.68985116,0.71703005,0.68481123,0.49103346,0.66763073
0.64546686,0.6578929,0.63614815,0.48595145,0.605766
0.56075776,0.5951463,0.5671462,0.48215547,0.5565259
0.46116373,0.48473078,0.46695963,0.47679645,0.44713628
0.3780785,0.39139873,0.38046512,0.4723063,0.36314464
0.329364,0.33482057,0.32315964,0.46123457,0.3395732
0.3074425,0.30053765,0.30341822,0.4538611,0.30684116
0.29066306,0.28778797,0.29915565,0.44391504,0.29235464
0.2866035,0.2939893,0.28763846,0.43507951,0.34574145
0.31069013,0.30721596,0.30966064,0.43233103,0.36406296
0.38322058,0.39877275,0.3816063,0.42814633,0.41241872
0.49959403,0.5097665,0.49687576,0.42991632,0.55782694
0.5580514,0.5711279,0.5525325,0.42579794,0.6125393
0.5699594,0.5802924,0.5658698,0.42847922,0.58962905
0.5799729,0.58275276,0.5748086,0.43357748,0.60993993
0.5889039,0.5958128,0.5840732,0.44396216,0.5695316
0.5921516,0.584867,0.5868994,0.45643196,0.56507814
0.5837618,0.6106358,0.58248854,0.4593461,0.56909853
0.58294994,0.58237815,0.5680337,0.4574844,0.54449695
0.582138,0.5910868,0.57160115,0.45510408,0.55198854
0.6054127,0.59953165,0.56958157,0.45328167,0.56813014
0.6652233,0.6879156,0.613207,0.449536,0.6212246
0.6909337,0.7590391,0.6844354,0.44525987,0.7127352
0.66278756,0.68511784,0.6736553,0.4425929,0.72494954
0.6175913,0.65517515,0.62895584,0.4369567,0.66125005
0.5545331,0.5862272,0.5575778,0.43542325,0.6108285
0.46278754,0.4951728,0.47218573,0.43108743,0.5563716
0.3669824,0.38675562,0.37493095,0.4293797,0.43845028
0.3001353,0.29613876,0.29793134,0.42829555,0.35057145
0.25358593,0.26226273,0.2626044,0.42893636,0.33455873
0.22733423,0.23483917,0.23221625,0.42821467,0.29237095
0.21894452,0.21647312,0.21861424,0.42418122,0.3012974
0.21677943,0.22833881,0.2260546,0.42395252,0.3662138
0.24248984,0.23738962,0.24055256,0.4226122,0.3760965
0.31772667,0.32456174,0.31506243,0.42305213,0.42026842
0.43653587,0.434021,0.42410147,0.4231078,0.56368124
0.5014885,0.5154649,0.49514395,0.42117542,0.60940397
0.51231396,0.53005415,0.515021,0.42098063,0.6096524
0.52313936,0.5282304,0.517622,0.4228643,0.63392705
0.5345061,0.5365588,0.5272763,0.42435625,0.5837781
0.5428958,0.54032695,0.5306732,0.42768687,0.5913517
0.541272,0.55767494,0.531714,0.42879367,0.5601506
0.54343706,0.54576516,0.5239985,0.43051535,0.5809842
0.53667116,0.55720085,0.5295403,0.4287119,0.5545681
0.5496617,0.5525946,0.5204648,0.429573,0.6041122
0.6037889,0.623232,0.55995536,0.42887366,0.60101736
0.63572395,0.69081515,0.6338615,0.42651463,0.719488
0.6194858,0.63777053,0.62587017,0.42856318,0.73443365
0.58240867,0.6114367,0.58018285,0.43002307,0.6944053
0.53477675,0.55581415,0.5199397,0.4317031,0.6237105
0.4495264,0.48444062,0.4614218,0.43111333,0.56424534
0.3564276,0.37660015,0.36974725,0.43085003,0.45565248
0.28173208,0.2909609,0.29429704,0.42888415,0.3524158
0.23220569,0.25864154,0.24367887,0.43039244,0.34391683
0.202977,0.20457442,0.21410084,0.4314339,0.28552338
0.19594046,0.19547583,0.19791754,0.4298923,0.2887574
0.20162381,0.19697785,0.20516403,0.43163455,0.33858034
0.22733423,0.22190759,0.22931106,0.43003416,0.35639125
0.30121785,0.30689827,0.2979791,0.42978448,0.41887528
0.4292287,0.40254346,0.41507947,0.4317651,0.58421046
0.48903924,0.50412,0.49472803,0.4340501,0.61181664
0.49607578,0.51592386,0.4978885,0.43227658,0.61218125
0.49580514,0.5095705,0.50358313,0.43240952,0.63153833
0.5044655,0.5069263,0.49993137,0.432072,0.5947857
0.50581867,0.5016185,0.5035693,0.43468016,0.58210826
0.5031123,0.51455945,0.49501604,0.43467733,0.56434596
0.5014885,0.5069964,0.48794937,0.436621,0.57190055
0.5017591,0.5018228,0.48624295,0.43468797,0.54855853
0.5209743,0.50636905,0.4920951,0.43357694,0.5946912
0.58836263,0.5859687,0.53418463,0.4336971,0.6313592
0.63058186,0.66993815,0.6297643,0.4288084,0.72320825
0.62138027,0.63225436,0.62424093,0.42584613,0.7290981
0.59512854,0.6126194,0.5897837,0.42782325,0.677622
0.55886334,0.5561114,0.53926504,0.4277286,0.60782796
0.48173207,0.49974552,0.4866458,0.4289554,0.5636286
0.38673884,0.3945006,0.39936972,0.42697755,0.45250213
0.3142084,0.30662346,0.3171005,0.42579022,0.37454882
0.26576453,0.27187183,0.2737224,0.42693943,0.34229428
0.24005413,0.22805794,0.24603644,0.42755705,0.31066722
0.22760487,0.22565596,0.2365791,0.42582437,0.29444063
0.22652233,0.22690403,0.23483567,0.4258121,0.35097742
0.2549391,0.24352999,0.25160724,0.42645842,0.37095147
0.329364,0.3297227,0.33003628,0.42763343,0.3992797
0.45845738,0.43890953,0.4490243,0.43034762,0.56388927
0.5150203,0.5273658,0.5213151,0.4341869,0.6114646
0.5239513,0.5373412,0.51740783,0.4337116,0.5840307
0.5274696,0.5337411,0.53164387,0.43583715,0.61296415
0.5274696,0.53537905,0.53273755,0.43802136,0.568002
0.52503383,0.52680933,0.52567357,0.44335115,0.558738
0.51258457,0.53167915,0.51667655,0.44792244,0.56566805
0.508525,0.51832503,0.49757323,0.45395264,0.54646206
0.5090663,0.5212301,0.49802652,0.4517227,0.5322545
0.52638704,0.52635515,0.50205016,0.45211658,0.5545847
0.591069,0.59529877,0.5374728,0.44882622,0.6130066
0.6240866,0.67741066,0.63149107,0.4447218,0.68906206
0.60622466,0.6198997,0.6168222,0.44150215,0.70478964
0.5837618,0.5949128,0.5857857,0.44049892,0.6393797
0.544249,0.5595407,0.5377175,0.43687588,0.5882757
0.4879567,0.49004364,0.47372234,0.43740612,0.5334116
0.41461435,0.41503003,0.4157973,0.43504608,0.42045832
0.34506088,0.3340206,0.35107958,0.43249398,0.34848827
0.2857916,0.30215043,0.29899064,0.43189174,0.3290869
0.25277403,0.2547992,0.25537235,0.4294785,0.28382558
0.24221921,0.23252678,0.24352433,0.42944756,0.30269754
0.23924223,0.23814836,0.24997993,0.42587334,0.34280992
0.2503383,0.24204762,0.25899494,0.42714676,0.36052978
0.28092015,0.28683227,0.30162662,0.42803812,0.3444553
0.34018946,0.32426986,0.35750747,0.42487812,0.44415957
0.4051421,0.39568928,0.3924081,0.42905718,0.47709018
0.47036535,0.4757067,0.44353294,0.42873976,0.50298375
0.49959403,0.5038192,0.4983171,0.43248358,0.51786965
0.50392425,0.51411504,0.50744045,0.43450484,0.5474368
0.49499324,0.50386536,0.499078,0.4385955,0.50486904
0.47929636,0.50324917,0.48138034,0.44346663,0.48922312
0.46576455,0.4755234,0.46274853,0.44956917,0.4946218
0.45520973,0.4768152,0.45043513,0.44997993,0.48746055
0.473613,0.47884548,0.44367534,0.4529988,0.5147693
0.55047363,0.54143965,0.4885844,0.44948682,0.54720485
0.5872801,0.64958227,0.59441465,0.4469723,0.6171188
0.56752366,0.58642715,0.5721993,0.44423547,0.60858536
0.53315294,0.5600474,0.5483957,0.44271687,0.6082003
0.50392425,0.5131556,0.4908134,0.43557346,0.5823003
0.45087957,0.46582508,0.44555497,0.43534642,0.49143904
0.38592693,0.39915162,0.3802302,0.43393072,0.4155499
0.31935048,0.3213677,0.32199726,0.43169907,0.37124467
0.2663058,0.28404868,0.2693969,0.43114534,0.360721
0.23707713,0.23476931,0.23604041,0.42966026,0.26338416
0.22354533,0.21388349,0.22773021,0.42938265,0.27463794
0.21921515,0.21395767,0.22518203,0.43185997,0.3187225
0.22489852,0.21773836,0.23404866,0.4329514,0.33232915
0.24952638,0.2502398,0.26360318,0.43422058,0.33656693
0.2968877,0.28400052,0.31459156,0.43039617,0.40239382
0.35453317,0.35389706,0.35709006,0.43317217,0.4469688
0.4189445,0.43737954,0.40132084,0.43365523,0.50978327
0.45520973,0.46319997,0.4521403,0.4354317,0.51198965
0.45737484,0.47090355,0.46645957,0.43888083,0.5293785
0.4481732,0.45484433,0.4521862,0.44377184,0.5119598
0.44005412,0.4586593,0.4357879,0.44954565,0.4835282
0.4284168,0.43662322,0.42754608,0.45313787,0.5053817
0.42598104,0.43563163,0.4139735,0.45708072,0.4707768
0.44709066,0.45132867,0.42240798,0.45840618,0.5244892
0.5393775,0.5267557,0.4653138,0.4555492,0.5705905
0.6037889,0.651776,0.5924165,0.4497212,0.6552755
0.5864682,0.5971178,0.5875705,0.44250634,0.6298401
0.55318,0.57051396,0.55190027,0.43848488,0.6297555
0.5136671,0.5223664,0.51093113,0.4311935,0.57770646
0.4384303,0.46267205,0.44766578,0.428016,0.5041034
0.35453317,0.3737012,0.35562995,0.4248226,0.4160998
0.28741542,0.2837205,0.28368607,0.41961688,0.34496948
0.24330176,0.24042335,0.24018133,0.41876763,0.32705212
0.22381596,0.21482483,0.21847923,0.4187752,0.27388558
0.21677943,0.209346,0.21856607,0.41788417,0.27200937
0.22165088,0.22121713,0.22135347,0.4230441,0.32256988
0.25466847,0.2361852,0.24368398,0.4215874,0.35311505
0.3391069,0.3390507,0.32245415,0.42073062,0.39760262
0.4752368,0.452668,0.46568933,0.41954204,0.56381124
0.53125846,0.5396605,0.5515584,0.42092767,0.6004834
0.5301759,0.5541427,0.53050286,0.4202146,0.6007054
0.5255751,0.536449,0.5335611,0.4222433,0.6203358
0.5239513,0.5271956,0.52569354,0.43365195,0.5818696
0.51610285,0.5221269,0.5214296,0.4417032,0.576088
0.50635993,0.52624315,0.50660145,0.4497045,0.55997205
0.5017591,0.5117338,0.49484894,0.45573887,0.5633143
0.4930988,0.51125216,0.49410748,0.46139798,0.5519828
0.5087957,0.51032555,0.48639503,0.46141466,0.5919578
0.58998644,0.5837976,0.53182364,0.46078202,0.62688816
0.65304464,0.6916008,0.64522445,0.45296374,0.71868205
0.6487145,0.6620843,0.6397753,0.44151863,0.725057
0.6211096,0.63342595,0.6148893,0.439511,0.66763073
0.5802436,0.5841133,0.5693729,0.43256035,0.605766
0.4955345,0.5208883,0.50554115,0.42799044,0.5565259
0.3983762,0.41720515,0.4052565,0.42558953,0.44713628
0.32584575,0.3246863,0.3237227,0.42348707,0.36314464
0.27956697,0.2829642,0.2811558,0.42332035,0.3395732
0.2525034,0.24780577,0.2560041,0.42805707,0.30684116
0.24032477,0.23115936,0.24293421,0.42898113,0.29235464
0.2405954,0.24499257,0.24561447,0.43066815,0.34574145
0.27009472,0.2580041,0.26728272,0.430407,0.36406296
0.34830853,0.35835785,0.35067984,0.4287778,0.41241872
0.4787551,0.47096094,0.48518395,0.42997682,0.55782694
0.541272,0.5442655,0.53724384,0.4294827,0.6125393
0.5423545,0.5553057,0.5424823,0.42650476,0.58962905
0.5404601,0.5438171,0.54459643,0.43013525,0.60993993
0.541272,0.5462743,0.5426779,0.4378753,0.5695316
0.54018945,0.5379915,0.53917104,0.44375336,0.56507814
0.5301759,0.55154115,0.53228384,0.44904888,0.56909853
0.5301759,0.5306716,0.5166841,0.45553187,0.54449695
0.52313936,0.5414884,0.5221941,0.4601365,0.55198854
0.53883624,0.54278094,0.51193285,0.4606115,0.56813014
0.61001354,0.61899424,0.5548935,0.4620777,0.6212246
0.6470907,0.7100287,0.65430874,0.45792177,0.7127352
0.63410014,0.64831847,0.6340437,0.45012298,0.72494954
0.60324764,0.6261111,0.60859454,0.44859773,0.66125005
0.5615697,0.57244515,0.5502357,0.44262114,0.6108285
0.47929636,0.5000545,0.48807192,0.43930513,0.5563716
0.38105547,0.39657694,0.39350003,0.4359833,0.43845028
0.3023004,0.30227572,0.3087074,0.4341943,0.35057145
0.24790257,0.25846726,0.25671703,0.4323938,0.33455873
0.22002706,0.22197482,0.2219957,0.4327738,0.29237095
0.20622464,0.20717731,0.21176313,0.43330166,0.3012974
0.2067659,0.2155636,0.20808057,0.43179947,0.3662138
0.2346414,0.22516134,0.2288129,0.4311866,0.3760965
0.31393775,0.3172952,0.30498734,0.42879546,0.42026842
0.44167796,0.42800725,0.44154608,0.43130666,0.56368124
0.5098782,0.51931286,0.5073868,0.4298554,0.60940397
0.52286875,0.5323243,0.5155302,0.42658058,0.6096524
0.5288227,0.53205776,0.528033,0.4302256,0.63392705
0.535318,0.5361215,0.53193945,0.4320984,0.5837781
0.5304465,0.5366299,0.5326725,0.4341232,0.5913517
0.51907986,0.539983,0.51776266,0.43636248,0.5601506
0.5133965,0.5235684,0.5030768,0.44174272,0.5809842
0.50040597,0.52694744,0.5000031,0.44359162,0.5545681
0.5104195,0.51557785,0.48503843,0.4445931,0.6041122
0.582138,0.5858267,0.5225062,0.4439105,0.60101736
0.6265223,0.67708397,0.62860835,0.44095662,0.719488
0.6181326,0.63179016,0.6197334,0.43845892,0.73443365
0.59296346,0.6109763,0.5955093,0.4366689,0.6944053
0.5534506,0.56407785,0.5427792,0.43100795,0.6237105
0.47469553,0.4982077,0.48205036,0.43162376,0.56424534
0.38430312,0.39140874,0.391757,0.4321962,0.45565248
0.3014885,0.30758053,0.31626382,0.4294709,0.3524158
0.2414073,0.26536876,0.25365916,0.42924005,0.34391683
0.21569689,0.20753323,0.21529879,0.42792612,0.28552338
0.20433018,0.20220149,0.21252233,0.42605916,0.2887574
0.20487145,0.20471935,0.20820649,0.4257502,0.33858034
0.23599459,0.22551501,0.2257941,0.42232776,0.35639125
0.31853858,0.3177145,0.30655462,0.42256796,0.41887528
0.4503383,0.42743415,0.4482146,0.4229316,0.58421046
0.5139378,0.5228417,0.5200264,0.42306775,0.61181664
0.52503383,0.53318477,0.515095,0.4223618,0.61218125
0.5261164,0.5351615,0.5306504,0.42484516,0.63153833
0.52638704,0.53062344,0.5280214,0.42889622,0.5947857
0.52476317,0.51664305,0.5221721,0.4328761,0.58210826
0.5120433,0.52913254,0.51432985,0.43886814,0.56434596
0.51285523,0.5098404,0.49544394,0.4451891,0.57190055
0.5133965,0.51265013,0.50336856,0.4437872,0.54855853
0.5328823,0.5187161,0.50488454,0.44510534,0.5946912
0.60649526,0.6003683,0.54677916,0.4404192,0.6313592
0.6516915,0.69491696,0.6504699,0.43718815,0.72320825
0.64546686,0.65154546,0.6431258,0.43588555,0.7290981
0.6165088,0.6362181,0.6216388,0.43358058,0.677622
0.58322054,0.57380396,0.5633677,0.42648107,0.60782796
0.5112314,0.52112406,0.51234984,0.42441666,0.5636286
0.41921514,0.42025235,0.42791554,0.42494735,0.45250213
0.34235454,0.33254796,0.34536093,0.4232783,0.37454882
0.29120433,0.2926002,0.29561865,0.42409176,0.34229428
0.26522326,0.2524171,0.26919457,0.42389444,0.31066722
0.2541272,0.24631271,0.26061603,0.42398858,0.29444063
0.25358593,0.2539092,0.26142976,0.42326388,0.35097742
0.2811908,0.2741205,0.28020585,0.42149207,0.37095147
0.3585927,0.36132482,0.35555312,0.41958377,0.3992797
0.49120432,0.4759229,0.4806066,0.41881555,0.56388927
0.5542625,0.55742645,0.55126864,0.4218881,0.6114646
0.5602165,0.5722569,0.55423224,0.42146364,0.5840307
0.5618403,0.56706953,0.5628675,0.42563778,0.61296415
0.55913395,0.5680852,0.563804,0.43402717,0.568002
0.5474966,0.551806,0.5554507,0.43748605,0.558738
0.5274696,0.55294144,0.5355796,0.44470677,0.56566805
0.5207037,0.5311648,0.51203465,0.44953388,0.54646206
0.5112314,0.5373471,0.5116219,0.45026687,0.5322545
0.5239513,0.53184986,0.49893227,0.4507595,0.5545847
0.5972936,0.59841293,0.5352709,0.4481645,0.6130066
0.6443843,0.6931113,0.6434646,0.44384566,0.68906206
0.6351827,0.6502014,0.6369409,0.44080326,0.70478964
0.60703653,0.63093936,0.6138999,0.44002584,0.6393797
0.5786198,0.5849019,0.56105554,0.43532947,0.5882757
0.52151555,0.5306572,0.51400024,0.43242347,0.5334116
0.44763193,0.44977954,0.4439483,0.43147123,0.42045832
0.37483084,0.36685616,0.37894934,0.4313569,0.34848827
0.31935048,0.33071077,0.32340527,0.43177477,0.3290869
0.29039243,0.2907669,0.2881839,0.4272056,0.28382558
0.27848443,0.2754476,0.28026423,0.43040234,0.30269754
0.27334234,0.27670008,0.2814486,0.4289344,0.34280992
0.2849797,0.28034133,0.28889748,0.42560366,0.36052978
0.31935048,0.33011967,0.33309713,0.42372644,0.3444553
0.37916103,0.37442052,0.39801636,0.42306224,0.44415957
0.4503383,0.44116402,0.4280964,0.42799473,0.47709018
0.5069012,0.52552664,0.4849273,0.42637065,0.50298375
0.5336942,0.5418361,0.52725476,0.43248865,0.51786965
0.52503383,0.5548314,0.5385606,0.44424662,0.5474368
0.50635993,0.52572554,0.51455075,0.45220247,0.50486904
0.48660353,0.5172383,0.4908531,0.46393415,0.48922312
0.47171855,0.48606527,0.47128394,0.4687313,0.4946218
0.46874154,0.48822713,0.4574431,0.4726527,0.48746055
0.4925575,0.4979012,0.46262553,0.47163948,0.5147693
0.57483083,0.5687967,0.5077958,0.47228774,0.54720485
0.6189445,0.6811609,0.6191728,0.4643503,0.6171188
0.6024357,0.62641907,0.5991492,0.45910057,0.60858536
0.5718539,0.5988132,0.57758605,0.45710972,0.6082003
0.5445196,0.552495,0.52952296,0.45133588,0.5823003
0.49580514,0.5096791,0.48190644,0.4485559,0.49143904
0.42760488,0.4388792,0.4205944,0.44497252,0.4155499
0.3615697,0.36105207,0.3559571,0.44244516,0.37124467
0.3104195,0.33419594,0.30806175,0.4427928,0.360721
0.2782138,0.28219515,0.27707577,0.4384918,0.26338416
0.2654939,0.25796598,0.26199943,0.43866906,0.27463794
0.25818673,0.2571076,0.26565278,0.43480524,0.3187225
0.2638701,0.26276255,0.26879886,0.4311611,0.33232915
0.2866035,0.2957047,0.30047974,0.42858368,0.33656693
0.3328823,0.32526165,0.348083,0.42569393,0.40239382
0.39783493,0.39241272,0.39002064,0.42715046,0.4469688
0.46955344,0.4836716,0.44087863,0.42062867,0.50978327
0.51285523,0.51170903,0.50007313,0.42322096,0.51198965
0.52530444,0.53384733,0.5207955,0.4347159,0.5293785
0.52476317,0.5198553,0.52059954,0.44329876,0.5119598
0.517456,0.5383028,0.5133866,0.45543692,0.4835282
0.5014885,0.51410484,0.50361747,0.4628261,0.5053817
0.49364007,0.5096005,0.48478013,0.46956652,0.4707768
0.50284165,0.51578355,0.48665333,0.4713721,0.5244892
0.5886333,0.57656604,0.50976723,0.47315538,0.5705905
0.6368065,0.705406,0.636682,0.46776804,0.6552755
0.62543976,0.6299484,0.6085564,0.46164814,0.6298401
0.597023,0.61842394,0.5974971,0.46044144,0.6297555
0.55507445,0.5710754,0.5548306,0.45811895,0.57770646
0.48443842,0.5102338,0.48743153,0.4541898,0.5041034
0.39539918,0.41760212,0.40251654,0.4509404,0.4160998
0.32746956,0.32272902,0.31810227,0.44722682,0.34496948
0.27767253,0.28722835,0.27794877,0.4454204,0.32705212
0.24925575,0.24903971,0.24648376,0.4429308,0.27388558
0.23951286,0.23059845,0.23636968,0.4411147,0.27200937
0.24330176,0.24582851,0.24262646,0.4360705,0.32256988
0.26955345,0.25954437,0.26384485,0.43666846,0.35311505
0.34018946,0.35714072,0.33002847,0.43329817,0.39760262
0.45737484,0.45740604,0.44922796,0.432981,0.56381124
0.52638704,0.53131926,0.5332828,0.43085504,0.6004834
0.5493911,0.564399,0.54217905,0.42860535,0.6007054
0.5548038,0.56757843,0.5577601,0.42852974,0.6203358
0.5493911,0.56408477,0.5553028,0.4315043,0.5818696
0.5393775,0.5511757,0.54214597,0.43795013,0.576088
0.52638704,0.5539835,0.52572006,0.4443902,0.55997205
0.51989174,0.5334898,0.51038295,0.44999418,0.5633143
0.5106901,0.5315346,0.50810903,0.45534322,0.5519828
0.5217862,0.52949953,0.4990658,0.45515302,0.5919578
0.59296346,0.59801614,0.5344243,0.4525024,0.62688816
0.6400541,0.6967279,0.6385051,0.448724,0.71868205
0.63031125,0.6500905,0.6288383,0.44228342,0.725057
0.60108256,0.62362075,0.6055215,0.4415023,0.66763073
0.561299,0.56942594,0.5526949,0.4391643,0.605766
0.485521,0.5077539,0.49242988,0.43680853,0.5565259
0.39296347,0.41307443,0.4024063,0.43612975,0.44713628
0.3112314,0.32170725,0.32050478,0.43534136,0.36314464
0.25358593,0.27036187,0.26079094,0.4345646,0.3395732
0.22571042,0.22165158,0.22503826,0.43181622,0.30684116
0.21082544,0.21149534,0.21813236,0.43246943,0.29235464
0.21136671,0.21928325,0.21087764,0.43092608,0.34574145
0.2376184,0.22934772,0.23137341,0.43275777,0.36406296
0.30473614,0.32576472,0.30240986,0.43319842,0.41241872
0.4181326,0.41976523,0.4230178,0.43483877,0.55782694
0.49661705,0.49349415,0.4904812,0.4368158,0.6125393
0.52530444,0.5276319,0.51268286,0.4341576,0.58962905
0.5399188,0.5325617,0.53201747,0.4377382,0.60993993
0.5474966,0.5466677,0.5418768,0.43728176,0.5695316
0.54154265,0.53988373,0.5424253,0.4414626,0.56507814
0.5290934,0.54824364,0.5269444,0.44189206,0.56909853
0.5236806,0.5248586,0.51198184,0.44506168,0.54449695
0.5182679,0.5304375,0.5107811,0.4472502,0.55198854
0.53315294,0.53354216,0.50749004,0.44844645,0.56813014
0.5905277,0.60744476,0.54479986,0.44584906,0.6212246
0.6240866,0.68288714,0.6254828,0.44446453,0.7127352
0.60784847,0.6246065,0.62037474,0.44024825,0.72494954
0.57591337,0.5986011,0.5867879,0.43838257,0.66125005
0.5369418,0.5472647,0.52765584,0.4380991,0.6108285
0.46738836,0.4787061,0.46949026,0.4359591,0.5563716
0.38186738,0.3870342,0.3906173,0.43367633,0.43845028
0.29878214,0.30190966,0.31541583,0.43259418,0.35057145
0.2338295,0.25010175,0.25081757,0.4324605,0.33455873
0.19945873,0.20196138,0.20639615,0.42949468,0.29237095
0.18322057,0.19026071,0.19235072,0.43095452,0.3012974
0.17618403,0.192523,0.18535744,0.42926443,0.3662138
0.19133964,0.19103524,0.19054912,0.42745847,0.3760965
0.2384303,0.2704099,0.24457161,0.42923263,0.42026842
0.32719892,0.33424532,0.33722645,0.42891023,0.56368124
0.4127199,0.40843126,0.40810078,0.43145752,0.60940397
0.46874154,0.47031885,0.44994667,0.4281615,0.6096524
0.5074425,0.49274057,0.4885772,0.43409705,0.63392705
0.52530444,0.5220098,0.5165453,0.4343163,0.5837781
0.52124494,0.5280474,0.52120143,0.4344669,0.5913517
0.5020298,0.5270914,0.5043927,0.43442225,0.5601506
0.49012178,0.5043296,0.47987473,0.4358526,0.5809842
0.48227334,0.49824953,0.47406843,0.4375447,0.5545681
0.48470905,0.49483246,0.47079515,0.43691087,0.6041122
0.5188092,0.5508825,0.4876204,0.43575302,0.60101736
0.5104195,0.5979444,0.547693,0.4352808,0.719488
0.4625169,0.5074683,0.50901365,0.43498176,0.73443365
0.4181326,0.45645425,0.46645266,0.43141058,0.6944053
0.3991881,0.40314668,0.39137352,0.4333585,0.6237105
0.36292288,0.37668818,0.35752138,0.43276876,0.56424534
0.30852503,0.3160275,0.31395462,0.43236876,0.45565248
0.25087956,0.25745273,0.26392716,0.43154874,0.3524158
0.19188093,0.22561331,0.22013818,0.4304983,0.34391683
0.15778078,0.15630746,0.17057416,0.43289503,0.28552338
0.13667117,0.14245835,0.1551238,0.4336589,0.2887574
0.12882273,0.12861887,0.14117652,0.43510023,0.33858034
0.13558863,0.13209061,0.14701167,0.43355843,0.35639125
0.16833559,0.19270834,0.17407005,0.43843293,0.41887528
0.21461435,0.2357218,0.22519632,0.44078165,0.58421046
0.28633288,0.27207577,0.2670894,0.43565595,0.61181664
0.3526387,0.34533668,0.33626187,0.43538636,0.61218125
0.38917455,0.39168558,0.38093737,0.43366933,0.63153833
0.39512855,0.40514642,0.39403772,0.44370034,0.5947857
0.39594045,0.3908774,0.38276187,0.4588201,0.58210826
0.3661705,0.37989783,0.3808223,0.46341082,0.56434596
0.34073073,0.3603748,0.33881974,0.46580383,0.57190055
0.3225981,0.32127312,0.3241285,0.4669378,0.54855853
0.33044654,0.31089893,0.31753206,0.45952168,0.5946912
0.38105547,0.36731523,0.35199365,0.45206138,0.6313592
0.40838972,0.4511301,0.42019042,0.4431794,0.72320825
0.39377537,0.42364213,0.4112094,0.4321128,0.7290981
0.3797023,0.38363624,0.38343352,0.42722052,0.677622
0.36211097,0.34674275,0.36377048,0.4250299,0.60782796
0.32530448,0.31881437,0.32864127,0.4232089,0.5636286
0.26955345,0.2720932,0.280603,0.42098328,0.45250213
0.21542625,0.21391866,0.22481504,0.41827184,0.37454882
0.17050068,0.16758247,0.18271247,0.4169931,0.34229428
0.14776725,0.12596682,0.1523845,0.4176429,0.31066722
0.13667117,0.13334207,0.14699,0.41628143,0.29444063
0.1391069,0.12872265,0.14365102,0.41661805,0.35097742
0.15778078,0.13444763,0.1592038,0.415582,0.37095147
0.1991881,0.2087886,0.20003982,0.41786456,0.3992797
0.26522326,0.26062766,0.2651538,0.4207873,0.56388927
0.32395127,0.308928,0.33172247,0.4163391,0.6114646
0.37266576,0.3783133,0.3649262,0.41837248,0.5840307
0.41244927,0.39521518,0.3984663,0.4174729,0.61296415
0.42760488,0.4201009,0.42327383,0.4290032,0.568002
0.42435724,0.42644733,0.42286116,0.4437313,0.558738
0.4067659,0.4199528,0.40778372,0.4571057,0.56566805
0.3907984,0.4044474,0.3869558,0.4670752,0.54646206
0.38755074,0.3894952,0.37868983,0.475853,0.5322545
0.4051421,0.38598645,0.3929337,0.47316766,0.5545847
0.48254398,0.45235106,0.43378523,0.47385955,0.6130066
0.54343706,0.5544679,0.5353719,0.45517108,0.68906206
0.5304465,0.53458315,0.541118,0.43398827,0.70478964
0.50121784,0.5035272,0.49866682,0.4234513,0.6393797
0.467659,0.46402484,0.4612187,0.4231503,0.5882757
0.40784845,0.4126265,0.41162992,0.4270726,0.5334116
0.33585927,0.3376419,0.3402413,0.41585135,0.42045832
0.26955345,0.26099163,0.27672005,0.41273972,0.34848827
0.21840325,0.22348401,0.22765116,0.41505793,0.3290869
0.191069,0.17525281,0.1953695,0.41096976,0.28382558
0.17807849,0.16725397,0.1879031,0.41601002,0.30269754
0.17347768,0.16654864,0.18570589,0.41372433,0.34280992
0.1826793,0.16110271,0.19596626,0.41422486,0.36052978
0.20920162,0.20559981,0.240187,0.41426834,0.3444553
0.25385657,0.23985657,0.30244756,0.41428006,0.44415957
0.3142084,0.3014975,0.32536125,0.41577774,0.47709018
0.37050068,0.39292103,0.37252724,0.4177783,0.50298375
0.40866035,0.41072902,0.4095238,0.4200554,0.51786965
0.41975644,0.4246319,0.4275931,0.43546584,0.5474368
0.41921514,0.4141485,0.4213125,0.44918618,0.50486904
0.40189445,0.4201867,0.410804,0.45978472,0.48922312
0.38105547,0.39233264,0.385707,0.47739002,0.4946218
0.36671177,0.3827549,0.36681026,0.48399153,0.48746055
0.38078484,0.3767618,0.3629722,0.48241833,0.5147693
0.45764548,0.4441927,0.4061616,0.4810926,0.54720485
0.5150203,0.5406726,0.5188686,0.4659584,0.6171188
0.5031123,0.5164919,0.51934123,0.4464769,0.60858536
0.473613,0.47802487,0.4885946,0.4319547,0.6082003
0.4419486,0.4443203,0.44364297,0.42924163,0.5823003
0.38755074,0.40095657,0.38849518,0.4272248,0.49143904
0.3179973,0.3338944,0.32320416,0.4195447,0.4155499
0.255751,0.24555096,0.25894713,0.41768992,0.37124467
0.20243572,0.20424914,0.21404529,0.4256262,0.360721
0.17104195,0.16629352,0.17479166,0.418953,0.26338416
0.15372124,0.15003595,0.16146065,0.42413375,0.27463794
0.14830853,0.1455729,0.1538496,0.4171653,0.3187225
0.15345061,0.13962373,0.16071297,0.41753215,0.33232915
0.17699593,0.17330764,0.1896222,0.41441774,0.33656693
0.21407308,0.20783465,0.25247717,0.41119266,0.40239382
0.27415428,0.26347452,0.28986022,0.40633848,0.4469688
0.34451962,0.3450541,0.33613908,0.40794736,0.50978327
0.40405953,0.37865028,0.3904057,0.40785652,0.51198965
0.43410012,0.4259743,0.42666838,0.42041385,0.5293785
0.43572396,0.43186837,0.43865737,0.43067428,0.5119598
0.43274695,0.4370797,0.4241982,0.4408388,0.4835282
0.42381597,0.41470355,0.419415,0.46604285,0.5053817
0.41840324,0.41499847,0.41094947,0.47697905,0.4707768
0.43031123,0.42758697,0.41607085,0.4699343,0.5244892
0.51096076,0.49730986,0.45076728,0.46235493,0.5705905
0.56346416,0.6063006,0.56884015,0.44808117,0.6552755
0.54722595,0.5504552,0.55426216,0.4305929,0.6298401
0.51231396,0.52548194,0.52235115,0.42384416,0.6297555
0.4728011,0.47418115,0.47420362,0.4190994,0.57770646
0.40866035,0.41519797,0.41301072,0.40775508,0.5041034
0.33477673,0.34143728,0.33820787,0.40184096,0.4160998
0.27956697,0.25768048,0.27371305,0.40173227,0.34496948
0.23274696,0.22654201,0.24221155,0.40794027,0.32705212
0.21109608,0.19642223,0.20914485,0.41020072,0.27388558
0.20351827,0.19170496,0.20934542,0.41412577,0.27200937
0.21136671,0.20241378,0.21299037,0.4172762,0.32256988
0.2397835,0.22193953,0.2387281,0.4163137,0.35311505
0.30554804,0.31842974,0.3058624,0.4169873,0.39760262
0.41001353,0.40788645,0.4132949,0.41431978,0.56381124
0.47631934,0.48162222,0.48049465,0.41160744,0.6004834
0.5117727,0.5189905,0.50292236,0.41469848,0.6007054
0.5358593,0.5280152,0.52821136,0.4163455,0.6203358
0.54479027,0.54248613,0.5421535,0.4232006,0.5818696
0.5437077,0.5377875,0.5383057,0.4309583,0.576088
0.5274696,0.54497224,0.529599,0.4364125,0.55997205
0.520433,0.5199938,0.50677484,0.44526908,0.5633143
0.5220568,0.5210725,0.50963,0.4466456,0.5519828
0.53640056,0.5338379,0.5205603,0.44460702,0.5919578
0.6121786,0.60319364,0.55340433,0.44525263,0.62688816
0.68362653,0.7069563,0.66493595,0.4412364,0.71868205
0.67496616,0.6892411,0.6745816,0.4333429,0.725057
0.6419486,0.65525645,0.63376206,0.4335568,0.66763073
0.60135317,0.601215,0.5885469,0.43266845,0.605766
0.532341,0.5404366,0.5306312,0.42758474,0.5565259
0.44600812,0.45118785,0.45223233,0.42763728,0.44713628
0.37672532,0.36682642,0.37450773,0.4264326,0.36314464
0.32801083,0.32727864,0.3300515,0.42818013,0.3395732
0.30419487,0.29025352,0.30264294,0.4272614,0.30684116
0.29445195,0.280572,0.2998322,0.42759538,0.29235464
0.2909337,0.2966065,0.30415344,0.43226767,0.34574145
0.31177267,0.31213427,0.31810108,0.43081936,0.36406296
0.37564275,0.40361798,0.38494807,0.43232688,0.41241872
0.4728011,0.50225496,0.48260456,0.43297866,0.55782694
0.5399188,0.553329,0.5241976,0.4333828,0.6125393
0.57077134,0.58295125,0.56235206,0.44012928,0.58962905
0.58294994,0.5962516,0.5821618,0.44607657,0.60993993
0.5905277,0.6051517,0.58622754,0.4587041,0.5695316
0.5751015,0.59158057,0.5866367,0.4683423,0.56507814
0.56346416,0.5934311,0.55777514,0.4757005,0.56909853
0.55751014,0.5695063,0.55080473,0.4800121,0.54449695
0.55696887,0.5749693,0.54673004,0.47603685,0.55198854
0.5753721,0.58479726,0.5498032,0.47470132,0.56813014
0.6414073,0.6624146,0.5852399,0.47754106,0.6212246
0.70419484,0.7489349,0.67695546,0.4738692,0.7127352
0.69364005,0.7199372,0.6973851,0.46757397,0.72494954
0.6654939,0.6919767,0.6523084,0.4631874,0.66125005
0.63031125,0.6421405,0.61289644,0.46492907,0.6108285
0.56400543,0.57742774,0.5573565,0.4635094,0.5563716
0.47631934,0.49431887,0.47732863,0.44545594,0.43845028
0.40649527,0.407497,0.3974979,0.45014766,0.35057145
0.36211097,0.36551028,0.35520232,0.45546737,0.33455873
0.33667117,0.34132484,0.33410907,0.45594066,0.29237095
0.3255751,0.32964432,0.3240725,0.45674023,0.3012974
0.3285521,0.33878088,0.3286693,0.46180996,0.3662138
0.35290933,0.3615171,0.35415778,0.46286276,0.3760965
0.41299054,0.44244352,0.41268355,0.45849767,0.42026842
0.50040597,0.54003865,0.49747276,0.45887294,0.56368124
0.5669824,0.58506304,0.5437286,0.4583845,0.60940397
0.6040595,0.61121464,0.5871377,0.45948544,0.6096524
0.61326116,0.63572055,0.61260384,0.46526703,0.63392705
0.6121786,0.6361089,0.61144227,0.47316757,0.5837781
0.6005413,0.6153506,0.60308933,0.48112777,0.5913517
0.58755076,0.6193354,0.585724,0.48782954,0.5601506
0.57428956,0.59787476,0.5728121,0.49271712,0.5809842
0.56346416,0.5944444,0.5584047,0.4921045,0.5545681
0.5686062,0.5934186,0.55002797,0.49615958,0.6041122
0.63058186,0.6554951,0.56957304,0.4941294,0.60101736
0.67875504,0.7405572,0.6674279,0.48765975,0.719488
0.64627874,0.7030231,0.666263,0.48096904,0.73443365
0.5956698,0.65073556,0.6072804,0.47164562,0.6944053
0.5534506,0.58825254,0.54692817,0.469596,0.6237105
0.5033829,0.52608883,0.488773,0.46845764,0.56424534
0.45683357,0.45060173,0.43457875,0.44692016,0.45565248
0.41515562,0.40588132,0.40497532,0.44025704,0.3524158
